class,left_elbow_angle,right_elbow_angle,left_shoulder_swing_angle,right_shoulder_swing_angle
good_form,73.39937291906996,100.77359149757342,25.679646727513465,29.892208457180082
good_form,78.86306154545909,103.25156466205496,25.760168522664483,29.07806138120699
good_form,79.74823354935398,107.462169928604,27.704327393977973,29.16083650143193
good_form,84.14656242052939,112.40367471887009,27.96800604790808,28.792458661820405
good_form,87.62593833350485,115.58608803583466,27.92063487070392,28.672990987887957
good_form,91.60072880518652,118.89769977493538,28.920298533015906,28.58312271944725
good_form,94.74356830747195,121.85085414250236,28.908102328734216,28.034736146245592
good_form,95.36780761438047,124.07898826765665,28.945683090950173,27.513789180965965
good_form,98.94769792722781,126.37795233078268,29.274434477667622,27.202043239055044
good_form,103.17301880622017,126.51767933011803,29.783878602776454,25.89549473149656
good_form,109.15460130373157,127.1921119776087,30.128870844765192,24.868717333093063
good_form,113.66404954785136,130.23974261938943,29.813888960263778,24.38990676759127
good_form,118.25203473165101,135.4067112515944,29.70161799484084,24.430775910821392
good_form,122.05104855247379,137.40094907665352,28.21244893317347,24.20689110811721
good_form,126.06083573687005,140.5755781206862,27.189917988427624,23.898554840254835
good_form,129.3524022278094,144.68180559063725,26.560219948654876,23.87486746547597
good_form,133.71292183302202,145.37410585858564,25.559346765484268,23.70577208407084
good_form,137.97045929930655,147.31271955360575,25.765516189792898,23.135790534392374
good_form,141.23390489781346,149.16937265434686,25.041463512896826,22.7437978980524
good_form,143.8870471811739,149.82856345689063,24.818739588367375,22.148511056372122
good_form,147.0785877276004,151.1218069999448,24.528273212907635,21.81147191807069
good_form,148.71935686290675,152.5707065210073,24.557931656808663,21.64134098160993
good_form,148.65086521496212,153.1738886273023,24.83034969911302,20.971786998848945
good_form,148.98294700343726,153.68013170998023,26.212019563155273,20.288190874073297
good_form,151.13689659049055,153.3703692441214,26.494995193818472,19.331891421050813
good_form,152.7382542224359,154.24168028298556,26.745023868687003,18.72779817644304
good_form,153.5553850460337,154.59326956717183,26.86190425703245,18.15368959453205
good_form,155.4749728196332,155.17781975164667,27.104838790095048,18.20809474497502
good_form,156.99563373526615,156.13986386002128,27.587692082441198,18.29489998542883
good_form,157.51896794577613,156.25986945052793,27.824047410588335,18.125094569809992
good_form,158.58258360019596,156.79866743895656,28.085227041267892,17.861802485979695
good_form,158.9425181642285,156.83793681136592,28.215378054957483,17.86301521609056
good_form,158.32844018572166,157.36955057160932,28.176557224271203,18.216042264312932
good_form,157.89066256922837,157.73480377854855,28.13804792573584,18.236386279611615
good_form,156.78454232906648,155.0852639641944,28.416472206422792,16.68428925559993
good_form,157.44605285821464,152.6589326409431,28.05674681134676,15.580438722592774
good_form,158.67334910764134,150.97839406561522,27.20563110109013,14.834562070839647
good_form,155.1332650806677,149.9049773139345,26.76721275044811,14.77489743908095
good_form,150.92229482295843,143.1068655367459,26.669333771146313,12.805079110217363
good_form,147.11952908469635,135.2570070514666,26.962415778704308,10.9399134662481
good_form,141.6932680459517,130.96990811139366,27.607312160998386,10.278694174707104
good_form,133.90151332836314,126.50473790373977,29.09394855643926,11.621886730745114
good_form,125.55338875790073,123.43214173288294,31.079676892919547,13.244880700790645
good_form,114.95451231775152,120.07656993464289,32.029368453362636,14.719905672464186
good_form,103.09828109103756,118.55623220080926,33.497197073213734,17.978781836162042
good_form,96.25759213889529,117.87421353553634,34.09379332237042,20.396957525441888
good_form,89.93581555522672,116.32599558613063,33.31150374447281,21.75379194750832
good_form,82.57962426528621,115.35296979408903,31.65107358618984,25.16443440958767
good_form,77.09559022989174,113.74087656500757,31.580340720111796,26.43682556090694
good_form,76.89841701172587,108.83073532525702,28.849780434440607,25.30854268031421
good_form,76.75850947228646,105.70090950124494,27.668893221254468,25.136847077298686
good_form,76.23556836703392,103.74952108524808,26.390567410159473,25.088524322205703
good_form,78.62068343566874,101.30448928828008,23.483145287037065,27.030486502450096
good_form,76.28466086648413,98.46745275150788,23.760868626258745,29.978458097522058
good_form,71.65345385617637,93.74207887552986,24.123209196447092,29.401045214886697
good_form,69.47987084872612,89.45574879581547,24.220803828027808,30.711784612573727
good_form,67.11878452083253,91.38185479668063,24.793779771412108,32.436249712450554
good_form,63.11375446114167,92.03736395016846,26.453157128682466,32.441007655984954
good_form,59.810928215599525,87.7069661294223,27.317671485423887,32.05872518225249
good_form,56.28479733814798,86.07824519390499,28.216885355755334,33.47601169967628
good_form,54.94610067006131,89.8929962736532,28.510404677977277,38.3551855913758
good_form,53.02508672742603,95.02130586810927,29.298706833967934,42.027519487093755
good_form,50.28945496478342,94.0896601142926,29.94374033991649,40.862623626977204
good_form,49.6140331510647,89.09164540313255,29.94772156266776,38.896963937737894
good_form,49.48741877269506,84.48937846911204,30.772086463255487,34.13203550765452
good_form,51.65289553927788,84.67369508174022,30.633175621511132,30.981019491158076
good_form,53.47042338778316,85.63810481557064,29.132243801969086,29.24961712995693
good_form,55.15249892824424,85.74372708356987,27.918158283277016,26.65323905498266
good_form,58.85045952704501,88.43177400263028,28.01285540116451,26.28099286983383
good_form,62.48647943275917,88.02478332665109,29.42696961451034,22.73413903541946
good_form,65.96845173613842,93.20871379477454,29.635887654517223,23.417704092945336
good_form,71.31968241546849,97.03780956898031,29.48064315801339,22.98862959648689
good_form,72.33778697576248,98.48573747531097,30.508488651738908,22.773825059813426
good_form,73.19215812416758,102.045608307368,31.370013968661027,22.44122395340398
good_form,73.88054532962212,105.24638586809098,32.90900284675698,23.587197849973958
good_form,76.41242168350732,109.43450754067294,33.14857077647695,23.850102997418155
good_form,79.13746915947121,114.62801886077492,33.054335246153315,24.46371221783568
good_form,84.70952457494019,118.98786749271062,33.340461607749866,25.42909917100145
good_form,90.93035254692461,122.57145627330343,33.51035727114155,25.408420038345003
good_form,90.55311659446505,124.343666764168,36.15602379283795,25.077828390612844
good_form,94.56840908875182,126.16212036347906,36.28998469012904,23.961767653258462
good_form,100.39397734529655,125.79821778745554,35.808693449927446,22.726537630810103
good_form,106.47909122681187,128.403678198263,35.8591676946289,22.24042590597032
good_form,117.29076201831236,127.73454769072089,32.06419848587041,19.22733130176676
good_form,121.74779269163713,131.59786584206662,30.967546580657352,19.54559596707357
good_form,128.20430058419143,136.80693018100047,29.375915573850694,19.860011662134927
good_form,131.3303146001493,137.97288791957183,29.34097302392511,19.466206698204964
good_form,133.78269269806356,140.64909068229517,29.752528595667297,19.52489985228431
good_form,136.49352349297854,144.62051796968743,29.63971246611448,20.57407820855313
good_form,138.77852878089314,146.01141906552644,29.516154946132914,20.73567569708435
good_form,138.43676661269734,148.73656021442469,29.92188271384015,21.277717360089618
good_form,140.3652783950931,150.08832171247923,30.204590645873136,21.20034920937908
good_form,143.66400045634214,150.41837001683615,30.341664745017958,21.069235735413354
good_form,146.67608937409747,150.3887841501593,30.355996150384122,20.717838022611794
good_form,149.41278168438905,151.19465325995813,30.636022194671227,20.614725978959
good_form,149.46814579108,152.37305224408846,31.451639927035494,20.686879487450152
good_form,148.99650971586965,152.5422091482591,32.39755931404893,20.595476022622055
good_form,151.64344069057006,153.5345347236098,32.461723507659464,20.822865658153535
good_form,153.9964368537253,155.96586216280681,31.84131716050909,21.760105265958227
good_form,154.06936819324991,158.34119736059765,31.84086245434011,22.8004104324732
good_form,155.4833638996056,158.80534566344028,31.331246269605263,22.80466509639832
good_form,157.39930062464984,158.84717794176626,30.568575278354814,22.4418028383861
good_form,158.57143799060526,159.08216973240394,30.200228545464928,22.310282744284404
good_form,159.19307332090156,158.91823156700335,30.118991927517392,22.016751467318446
good_form,159.26736868685393,158.69322873616332,30.056510120759928,21.794183984676277
good_form,159.2520569131541,158.62631774297776,29.901271259404524,21.816404722974006
good_form,159.20375002161626,158.5477349589595,29.869389190060392,21.786945821536253
good_form,157.75616918567232,158.23800076093667,30.29998223564272,21.718789952565714
good_form,154.71831267306243,158.74647750072026,31.20996584847709,22.10962635784419
good_form,153.08502159921989,159.0911338913905,31.518352455186058,22.4738295084772
good_form,150.34066033484157,158.90329586992922,31.627596238300885,22.433124588338753
good_form,145.93826555687554,157.39189691498217,31.682717290216157,22.094870120240355
good_form,138.5538782147367,155.61706071040587,31.96605147234423,22.048760414370346
good_form,135.60730851409642,153.87882394646084,31.90930498166013,22.265907840798942
good_form,131.45590817796273,149.29255261050525,31.313606984021693,22.50349653061254
good_form,127.12162786667446,143.33197118634052,30.50517753079441,22.549189468610084
good_form,124.19473100795565,136.47572308843323,30.533014286898407,22.5756998997656
good_form,119.2809672508339,132.65386854017652,31.007930391108484,22.344390949689444
good_form,111.44671809183961,128.8299092171164,31.088582351310254,22.089098630845843
good_form,102.88844508180864,125.11511059330027,31.84950671011067,22.53557265703931
good_form,96.82761609896215,121.69287111280622,33.15797935315561,23.55279591828951
good_form,92.64324567197025,119.7528943760673,33.09153707413262,24.997469628086016
good_form,88.32839720349074,115.84307466198652,32.51455637169838,24.57978137722135
good_form,82.2683479481118,111.7866929681372,32.24514833291315,23.82644792707825
good_form,78.68697551205832,109.6519139605031,32.225124807418716,25.450043378477066
good_form,76.52218341100689,106.29253306013513,32.36303185482151,25.878170805674305
good_form,73.26098386423273,105.156944898661,32.3182485007251,26.962326388411554
good_form,71.16008560743552,103.8174516242885,32.391045406041954,27.573296699617
good_form,70.73757186350326,104.35513359617984,31.76490748668059,29.217915052759537
good_form,69.88802724325993,100.305040027588,31.644256533392262,30.129826331803436
good_form,66.2797008705937,99.06411101265824,31.411558639673572,31.32378131006664
good_form,64.05024937780995,98.26090591265114,29.008730523355723,31.29588047553308
good_form,60.586666759672994,97.11199979777984,29.462379879245237,32.233040005233136
good_form,57.83695615201125,97.40065078219169,30.369865637963134,32.767359737117054
good_form,56.049998627788064,96.06163994058643,31.13860134138748,32.66718728475459
good_form,53.505368031971294,94.00973914901604,32.75367698096159,32.279264224853634
good_form,51.00792251363941,91.90844728138164,33.23370433895976,32.59113427965305
good_form,50.25936585351431,90.14647425655563,33.970834773197105,33.00968309740356
good_form,49.599370426695856,90.28192061955079,34.187844522152204,33.95739032825411
good_form,48.33460416717432,89.68241100258443,34.69019821455132,33.815235418100414
good_form,48.015432248630155,89.16321941860951,34.3826088871974,32.51589515511937
good_form,49.52119326816043,91.60648644931481,34.109865990391576,33.97760908914654
good_form,51.43082470190891,93.69863063434778,33.1948417948628,33.855485962145885
good_form,57.13883107821962,95.00216466587753,33.89722510691325,33.90503423231359
good_form,59.47649577664212,93.77253063018856,36.276625734513246,31.334707415340834
good_form,63.47905208759451,93.97582496435778,36.29617398340242,28.11312366070362
good_form,66.08973032627715,95.51702085032896,35.91296220117979,27.260868630550938
good_form,68.14250699534013,98.79370566705099,35.748048301315514,27.34627950770127
good_form,69.44863122430907,102.51851371366094,35.31953574803549,26.26021082296552
good_form,72.02777416058387,104.62031311585542,34.89198039974322,26.974681254521315
good_form,77.48901242204323,110.16661219091759,34.760658409248784,27.371983983939852
good_form,80.71686838658542,114.67672765686339,34.68972929700208,27.53910390447035
good_form,86.69089738226228,118.52629530941894,33.62631921995625,27.22235703756592
good_form,90.41679205625758,122.29053030296527,33.30446387776553,27.944600813304753
good_form,93.23137093531909,124.7317188969003,33.43559337335025,27.490004430611787
good_form,96.99488874618697,124.40161624064086,33.1076251038214,25.06880537442762
good_form,103.7091667595426,127.35071718677787,31.71793731582773,24.025890098887622
good_form,110.97349437144663,128.53542673033294,30.37435485290123,22.388910361126005
good_form,115.889167863133,131.3023442865505,30.033683743884474,21.78404357431252
good_form,121.0402743151709,133.04891918044822,28.51010908421229,20.84396891217118
good_form,124.18524803849883,136.87147399402102,28.035919824559087,21.09642816710587
good_form,129.57478731134705,139.6671925654732,27.20925081621038,21.11583676696543
good_form,134.80366877075332,141.60030752829957,26.90219636351127,20.596453278777613
good_form,139.7649063407949,140.38110577245052,26.311181851698237,17.817731291987002
good_form,142.55049761151855,140.4145868864926,25.95633884435128,16.26370766921343
good_form,143.99292802661597,141.81607488307355,25.850233566032134,15.190425571680173
good_form,146.40708890124395,143.20101423845483,25.81467838026055,14.722090301236664
good_form,148.21423878331905,145.86685868147305,25.65305150808174,14.647161122523439
good_form,150.92282930176404,147.09826705321038,25.52677677837561,14.492991870362436
good_form,153.69656653031416,148.37874830997245,25.56379462238187,14.392140145323586
good_form,155.90365944851683,149.13369989409298,25.832965316640685,14.133634788132026
good_form,157.1900084895372,148.74307082877868,25.942465783296118,13.712755025521766
good_form,156.61170414801612,147.70424794074307,26.540010809556804,13.308013851127988
good_form,157.5224245364281,147.19010057731572,26.72763266919998,12.893976647432854
good_form,158.21899193595914,146.9009814750732,26.637493077767598,12.495310735760848
good_form,160.10199317553025,147.54969285338157,26.89829580653184,12.352762765056093
good_form,160.00866065297677,148.7570230050597,27.115336611477044,12.319394305447627
good_form,159.3210099368292,148.61717930209446,27.462984826146652,12.09820644294611
good_form,159.02214119966743,147.96220824777834,27.622358578272074,11.72761247034958
good_form,157.96187048959897,147.0683624696943,27.67894598644766,11.570000381887857
good_form,156.6391940305681,147.11619962733437,27.81739188348121,11.638706770910096
good_form,154.63587987367757,145.7761149709168,28.592370128805964,11.722637458870814
good_form,153.3333961556569,145.3451752112481,28.654272932117944,11.544924305762216
good_form,152.99279993742198,146.2142098479828,28.4602972217367,12.116755297108286
good_form,152.22080232845747,146.78180548403716,28.004389280432832,12.558850870937345
good_form,150.43351202528646,146.47579492678835,27.09769830856402,13.055436850433665
good_form,148.11346682489634,144.65764679490346,26.021082712009456,13.313770805225552
good_form,144.61790077639168,139.58593678673364,25.678294122575362,13.681060716547071
good_form,140.59709431327914,139.07031720699916,24.835228254879148,15.241079612106285
good_form,137.7157026351897,136.2099156916667,23.940387177424384,16.43067262600277
good_form,134.39145947890185,132.28630543342183,23.517758918817343,17.611608790712964
good_form,131.42254033769308,129.32564831222837,23.2649664034386,18.33884081753495
good_form,124.14231112400543,125.83084198039316,23.95070511474991,19.259245109002993
good_form,109.47285519010137,122.22673338172459,27.31329173898476,20.641068215513013
good_form,103.76278597692863,119.88657380927563,28.221356323347397,22.026568898898322
good_form,97.66725862302076,118.04640102800516,28.596990019551388,24.45918698284027
good_form,91.67263129151507,115.99954980442399,28.402261647636998,27.307008482780205
good_form,86.3482208759674,116.48047210226753,27.706437431993777,29.625448672351226
good_form,86.95654975078503,109.13433566431897,26.17801290920259,28.97743963539641
good_form,85.08413687816837,105.87880744447514,25.303332870460604,29.648376973721312
good_form,81.54370274457045,102.08419599134656,25.026089990673473,29.711145272959115
good_form,78.09916690581757,103.67147030311227,24.376868290027748,31.480303461902203
good_form,72.95866949098748,99.55913517872503,24.829962611960944,32.672599247628156
good_form,70.6028479979677,97.83213149476414,24.672572744756646,32.835958188671945
good_form,64.68126186569555,98.08091576406957,25.040824468704194,33.92420549560362
good_form,63.02393137171496,93.24948031317341,25.072983881351202,33.76037192049059
good_form,61.380946135762656,13.73604841746744,26.221867084562795,33.5473120280077
good_form,57.364557532861525,81.2517844718208,27.915607465627446,33.582209747456005
good_form,54.06773369783116,91.79882150369151,28.675278858380338,34.34512848678835
good_form,51.48753678444047,91.34080453049145,29.93521113333052,34.041057035455744
good_form,49.45703148463843,92.86928101747385,30.79742114784236,34.26309197784243
good_form,48.40689210375977,92.75504408164056,31.56552876228341,34.05508619897228
good_form,47.43940828412312,93.8840887579607,32.098662954578685,34.112032885731345
good_form,48.680324958066166,93.56043503913274,31.527324970876773,33.967606369894106
good_form,49.72371108751471,93.82214966402478,31.50310038709894,33.728577913352154
good_form,52.54516410865635,95.32274812468906,31.14003235531987,33.456514257193774
good_form,55.75801542688702,99.29257306780346,29.82421640643505,33.73353841038989
good_form,58.56752151603813,99.56036294458566,29.679392461137617,32.46979897553834
good_form,66.6077081568992,102.70889500466676,27.78523181550465,32.582724445650385
good_form,74.82961910412648,105.37658226287228,27.057871857551405,30.454125087753056
good_form,78.19291671344676,108.07544908695178,27.07946406778231,29.017067551916384
good_form,79.31242620895976,109.86604795037293,27.17651863849287,27.64548442362168
good_form,79.61924211660185,111.50065453521992,28.37473382307551,26.616943509291136
good_form,85.15333788497031,112.96730261023896,28.229027550057715,24.72578841589943
good_form,88.5460782552617,117.5458709674906,27.60668360544477,24.019570569680713
good_form,93.55102249807959,121.88933074395007,27.597908161733887,24.2035703629169
good_form,96.82627472462582,124.76451195827718,27.81944537186859,24.402320892685005
good_form,99.06296775310693,126.42293451826515,29.073634087751113,23.320392082507862
good_form,103.01234668366362,126.24006767558612,29.32665869148896,21.14478086654224
good_form,107.35774120688444,130.47643410273102,28.874389322698416,21.150480150236667
good_form,112.83711401818414,130.08859246526598,28.965707000989624,20.30415806502214
good_form,118.14178777523841,132.99295512887448,28.42924004134076,20.238966892848612
good_form,121.8764661474157,136.55139694317904,27.934727416210396,20.07391437005506
good_form,127.02004560420897,140.72528083500467,26.661494781720318,20.457409281738403
good_form,132.44533491024663,143.59129434850885,25.12551888184086,20.33899523952151
good_form,135.48366429502218,146.04982114854295,25.23885632779275,20.190738406377317
good_form,138.37008627217648,147.71478113658395,25.337240326480075,19.83908341528566
good_form,139.76322091743515,149.03681554591654,25.506794042008412,18.748022808032736
good_form,141.571277222713,149.60689957622978,25.926356779334018,17.65335809552196
good_form,141.60889300620667,149.3272719992658,25.967049962618347,16.84340197796237
good_form,141.44023976297035,149.55330782244124,26.386147343925664,16.138638341776982
good_form,141.95245168923935,152.03847961176265,26.53124393073252,15.878464093865421
good_form,141.20356721388933,150.94793397142507,27.130893610866213,15.337629309381589
good_form,142.69202786001043,149.85470349978107,27.43093479470435,14.638519601554682
good_form,144.19678082920808,150.81183163313779,27.665046041778638,14.308763879513387
good_form,144.38766070317934,150.52586245510523,27.851947361025143,14.033283326342973
good_form,145.64270911615847,150.9383585864849,28.160931835949942,14.232006233586716
good_form,93.00071360715397,108.19678052202258,20.463690224994902,29.07387639227242
good_form,91.3256565015079,107.83431112553417,22.43904060893307,32.58948649973749
good_form,90.7285515104295,102.61279154232129,28.566292807529297,34.02385852823888
good_form,87.15385476963448,99.05841149072798,31.717410069220904,40.89041468690099
good_form,87.70564569590387,87.1144792519305,33.27352123108523,43.75954985937077
good_form,85.452294868266,80.52622760585122,34.66254214783506,42.316137047153774
good_form,81.93943970823153,72.77768189841356,44.04298671158302,42.35874438947503
good_form,82.47917093886718,67.54318318457865,41.593728348187625,42.049385044227414
good_form,79.87677075022191,60.730804596137496,40.20484323464878,41.11592323372242
good_form,71.218437303254,57.54605610260349,37.89734245084728,40.06071020115861
good_form,67.19357421470772,58.198535557370484,37.742479412823506,38.73771162877188
good_form,63.61604814421726,58.77942291013653,37.03292043024933,38.165670758100845
good_form,62.15129059730739,58.7117338003153,36.988924871647804,38.59680609267633
good_form,61.68868070116939,58.82673363982087,36.23502447016553,39.80135934276335
good_form,61.85949356842394,63.08831753842769,35.324359053148186,40.86168622923479
good_form,67.98797499076343,69.58694449637915,35.51854825249999,41.37521010602793
good_form,76.56557200725453,79.89002128562265,35.28532901324741,40.0782626591117
good_form,84.22264729033316,92.68124179794818,34.61010630886172,36.308634239503654
good_form,86.83225089859707,101.78094135756244,31.767270069198148,32.768405503591346
good_form,87.44830024065183,108.84530217146674,29.76144401343781,33.25973536684458
good_form,93.5998965321565,111.25488520298916,29.507658027267837,32.838878390219364
good_form,99.8832088923199,110.45421789982498,29.52796133676368,32.398893314427774
good_form,108.86790862973305,115.0469238157678,28.712020598345365,30.248348501821464
good_form,113.86019381659425,108.38330025690169,27.420481627667346,27.54948726807796
good_form,121.14622423219915,119.28016226996257,28.190837734990733,27.829586388486653
good_form,132.38750456656982,126.97975429905975,29.505751126338428,28.921081761735206
good_form,146.5437430314411,133.52278589055948,30.7878700083275,29.702774432952573
good_form,153.07740671621963,146.389411957232,30.683448425501595,31.79165142938325
good_form,158.08866246348995,154.30000445621553,31.26361525441423,33.343066062958734
good_form,160.59829978490646,161.59030598495457,30.676096089000403,34.841718849481914
good_form,160.9613734050127,165.96511283890118,29.709244586004733,35.66739545675001
good_form,162.07628561976998,170.57547626314098,29.160400353824084,35.99465358508629
good_form,164.22783222372195,170.01097886211966,29.058027959003834,35.4962147960409
good_form,165.8328805958594,171.29122969971283,28.68334570723387,35.43644085463976
good_form,166.97976696869605,172.5439114790193,28.63221075190403,35.09349858904183
good_form,167.2287513134813,172.76900770322194,28.233535892683122,34.597873620510704
good_form,167.53240439550862,173.443654949029,27.99085371836245,34.25906467627119
good_form,166.6372051852179,173.26664888033,27.781729493936396,34.022404180870076
good_form,165.96387467050093,173.1569394970268,27.594142787703163,33.62725976042482
good_form,165.1998897803944,172.72079118960195,27.42965178850605,33.46142454336444
good_form,165.6529002418752,171.36341660885697,27.797433605875632,32.763293175880236
good_form,165.74329528263516,170.48918041891065,27.879020838239438,32.253962595797454
good_form,165.82374086296625,169.8393758672304,28.082811366287274,32.00326808798347
good_form,165.41048064806049,169.36149712233217,28.160771665016988,31.952697840527414
good_form,164.9780854960176,168.8124832114612,28.17732772618131,31.88098810477798
good_form,164.6774457983695,168.41564975841592,28.222141616781858,31.87736998147357
good_form,164.15434547358473,167.20788453116927,28.216296466800596,31.480914965114486
good_form,163.70508815194864,165.37466573865072,28.066125986896584,30.798060541204258
good_form,163.38010009612037,164.44434556772373,27.992155473505104,30.434022268071732
good_form,163.19738036518547,164.31855195356303,27.920162125015988,30.310174845217166
good_form,163.02759332135153,163.4090537599756,27.90194869520399,29.82168858668753
good_form,162.95032313102539,162.74154308091224,27.82548898338398,29.53463527714116
good_form,163.35488279470437,161.65215430579346,27.82404922294306,29.11039711266208
good_form,163.76114920316328,160.790191746525,27.77487300135167,28.811816304838054
good_form,164.8039523552329,160.87965545714238,28.12980500695259,29.091938870139433
good_form,165.24333697723694,161.27066090902565,28.04570709963298,29.703960702113772
good_form,164.51261272495984,160.2034569992922,27.72355504246162,29.97763855238487
good_form,163.46968400364563,159.11350341451683,27.50501958763122,30.412504224840134
good_form,161.73928047941786,158.03273941189116,27.090504836930617,30.88881840442185
good_form,160.56035374875015,156.1186589484844,26.985372062931226,31.188697103626676
good_form,161.46502925820155,155.13242667846177,27.450641240435914,31.758365349443913
good_form,161.46095642848124,155.20080033503226,28.139720700250695,32.4018885585566
good_form,160.37639386670952,153.1004776868453,29.198968478402655,32.59677889561114
good_form,158.74500625710598,149.3482108408049,29.55173980392974,31.458173853030253
good_form,151.41288603317878,146.6885012451856,30.157257445940967,31.74538148664217
good_form,134.50216260271122,142.04428150400295,28.37454804026363,31.620808710806728
good_form,117.04910054792856,139.07992029440922,28.57490617652484,32.90140652124223
good_form,113.50020489199044,127.38428826424106,30.295074070945617,32.92258971016684
good_form,100.28268470545694,117.16890953296186,30.172650060897865,33.204720026528776
good_form,90.87304658783191,111.06470721853756,29.714112586651133,33.33838647096142
good_form,73.7948201132069,107.30003516726144,31.769252438940367,34.785634412887575
good_form,65.6560511842336,97.78113975387853,31.559832890538015,34.300917351477544
good_form,64.00157145164786,88.08532432775944,32.18275878383112,35.10358721413337
good_form,56.15991002939296,75.2269665365282,33.35760926748569,40.7426845693235
good_form,48.941070517067146,72.73287168794599,34.71431225368756,43.85792790363724
good_form,43.79299225438669,74.71372932622513,36.830998638617295,47.49400133183103
good_form,39.61537544066762,73.18338045936538,37.98942586396233,46.554589202353235
good_form,39.46163506849811,70.2930839175971,38.168356197199195,47.48934855287057
good_form,30.088888633481638,70.30809964598322,39.21065680029131,47.79307044981488
good_form,30.54351720965537,77.77245016198606,39.15258813190328,49.16921481332904
good_form,32.79156069273294,75.41949315307849,38.82483049878746,48.52060436026525
good_form,41.4368010442709,77.98699572734893,38.98731854581793,48.418279635582984
good_form,54.56406474642718,79.50743971682488,38.69267358108956,48.4120178175671
good_form,35.35801570980222,77.19310946919414,38.579836234227706,50.578180228007454
good_form,53.63563044048543,96.63694699435253,38.258960816142086,38.72657756300248
good_form,59.71998720586883,110.64498563304446,36.86486936065723,38.412878896089545
good_form,77.63811853911925,121.11347313657609,34.5079768191154,36.49842233686858
good_form,98.13089920678033,127.92767329434102,33.87775625098739,37.917008466784985
good_form,103.65039744562264,125.61550311562317,32.90220666955061,35.64939277513416
good_form,114.96486220398776,140.1858106974292,33.129959488045195,40.18385823977364
good_form,122.34673615660938,149.53918679296356,32.51101621300735,38.11474687798769
good_form,123.97210944929306,154.40126466368358,31.514755612284674,36.18896813226481
good_form,135.86592270053967,157.4164469996818,32.975048119941206,34.906513701323654
good_form,143.34788055799493,161.07047881797882,32.33633091055236,34.70150699682725
good_form,148.30343647329408,163.57271528143036,31.573009850554836,34.88047940203526
good_form,152.3111119076732,167.1651851767963,31.353602149970445,34.36289970036146
good_form,156.19154403382683,168.7806969941099,31.119021362363046,33.384341644332885
good_form,157.93476891389713,167.32121432734058,30.331894431381972,31.701277754199154
good_form,158.87290626238152,165.70134631909403,29.728547165710335,30.921705117052603
good_form,159.72350775299793,164.94951866925987,29.276878299498296,30.61245176229511
good_form,160.95074327428338,164.12147349965053,28.768567020848728,30.315924292689235
good_form,161.6941519769647,163.93853586343482,28.422715870431354,29.945943566262823
good_form,161.88390209938692,164.20892043556037,28.059439773838296,29.624875291643114
good_form,163.43175542964832,164.33204875709282,28.30062300019919,29.611326558673202
good_form,163.67213898457427,164.067982313791,28.136522573643795,29.59811980702537
good_form,164.109279338802,163.5109286769713,27.95489661210379,29.473722228832216
good_form,164.29942194733886,163.6524436438956,27.901306932595126,29.56510002238704
good_form,164.05388609757705,163.21925228919363,27.886279804764087,29.511590119660735
good_form,163.83390522469847,162.14515327913017,27.388856356206798,29.266260970311507
good_form,163.66936839493042,161.45031342711755,27.27033592312574,29.048327536900274
good_form,164.20450486115044,160.89975435922148,27.174242665688666,28.87138132000305
good_form,164.26899061550063,160.81387169248956,27.157479885347833,28.92579938851582
good_form,164.36221340543906,160.37116834972298,27.23866382403951,29.048951800934937
good_form,163.97050675904416,160.20387785738274,27.273545053241286,29.022151404448568
good_form,163.83856355305204,159.90837957100754,27.352025496058285,28.967702018886325
good_form,163.88336442212685,159.11726822775296,27.56235054785358,28.919393654599617
good_form,164.11247013442238,158.7777623893293,27.659506298154486,28.868523621126936
good_form,163.6960499255445,158.60857357285784,27.714682972021144,28.788680573144337
good_form,163.0877065769313,158.699420050417,27.885266366409038,28.887801229972656
good_form,161.69236502787257,159.17702851876737,27.410907584357776,29.729741505741057
good_form,160.2695106534938,158.08017637693644,27.326740140353937,30.47050178819492
good_form,159.40431642817913,158.82201470615078,27.813097023482182,31.723167408987567
good_form,159.16967900365188,157.77435817866723,28.922427224056236,32.68168450160235
good_form,159.21826628087794,156.4711506785323,29.775131871940925,32.991804538398995
good_form,154.15682009042652,155.66608948911616,29.438082193996543,32.689853409943225
good_form,147.4362252568313,154.59679375568618,30.253300881090244,32.40881485933406
good_form,139.74125494708858,154.13876479848545,31.152440981309983,33.641163520074834
good_form,129.65311258539836,158.96437835449584,31.555758914517043,37.49502314368967
good_form,123.66631034205567,148.87036306217897,31.544225150133947,37.9283280883553
good_form,117.19705983646207,118.49116755377892,34.196327301838735,27.669738832053262
good_form,109.8830482659354,115.37756895758133,35.035468055732274,29.16779433683473
good_form,91.38202482534797,115.19747239538682,35.12120370438539,35.52457050842271
good_form,82.98810877848318,114.49371118339096,35.92736245137244,38.52343670257442
good_form,67.08828220671536,105.25650478445365,39.10157644832367,41.631170070802725
good_form,63.59251946569351,93.89133662850494,39.94487308451323,44.36259853392495
good_form,58.00006358047568,83.11669693889831,42.327387638642925,43.102102566311224
good_form,46.764755422920445,73.53422403659035,42.915168914473355,42.787068927981956
good_form,41.7354051533189,73.36228967072334,43.31836620924349,48.75223713229093
good_form,41.79287669291621,71.40973119221603,45.48358132905794,52.12781478359283
good_form,39.749944044434386,19.039503053439034,46.08566966416716,52.42687828402863
good_form,43.08604696163621,37.02548851088542,46.90881385661323,50.917973782842
good_form,46.63185852135325,38.7235547308724,47.07684831966156,51.05450588135672
good_form,55.973500044598254,43.17728841956859,50.76524755765329,51.489875757730275
good_form,46.1065756028179,19.016670927562167,48.99375538300147,51.50580869922763
good_form,45.647273450410175,35.814270048528265,48.15488275829985,49.97557232854356
good_form,45.05830183964553,50.93360068770807,46.892154304964535,49.450128331955725
good_form,42.4205319015709,60.96732408214289,45.23293038769282,53.80825552932512
good_form,44.76160581109049,53.56838174279857,43.05541430835613,56.53789422551434
good_form,46.614839773818865,60.26856157096821,42.546453018833994,55.65032334838425
good_form,51.61838358489179,65.19028299825277,42.67730545155276,55.30203382495885
good_form,57.72651660479259,94.9934600545643,41.58475108964405,46.10431286892421
good_form,58.98544492986373,100.38564731105224,38.87103193194407,41.15388872803025
good_form,77.64358191225412,113.19553581186395,36.17323171043954,41.514744717667995
good_form,87.30184168723875,124.83999031389354,33.95668865559092,40.78491607477073
good_form,94.01754463403542,126.89321176437818,30.861970229944642,38.99357260629451
good_form,96.2008700135164,124.51491716874568,29.76777437252072,36.95380016094717
good_form,101.35632614553218,130.48656834674367,27.9269732910238,35.6348566463165
good_form,107.56140950615124,138.22332190041652,28.26626636353889,35.57722651334552
good_form,110.97541781825858,149.57867062406564,26.544783803311677,37.98801120317118
good_form,114.73576534585632,158.4936743356778,27.01860069585525,39.68093702975324
good_form,125.15807293310701,163.49948954038993,27.957463535982097,39.227315673056296
good_form,134.5967796003626,165.45118406498113,28.641796981768252,38.213012812536064
good_form,147.28533346438212,169.10972555797,30.854026349137673,38.31490912508611
good_form,154.10890479192872,169.6486491185352,31.56564696304952,37.819744068715366
good_form,159.6781707565366,170.22652909258363,33.09558232952512,37.3530085113008
good_form,164.73128149469608,168.7818588245182,33.308046867583215,36.60478690070666
good_form,166.7848873027801,169.95340151711108,32.22244746161928,36.344293026569446
good_form,167.51199718437584,169.99868259017634,30.795167122034073,35.55836126713588
good_form,166.45283457577267,170.18947738221692,29.560081978104552,35.038176909884136
good_form,166.7200369839271,171.1391040090964,29.22526740737267,34.72125784408982
good_form,168.0660359987611,171.66481356774386,28.78421915997832,34.07797749006406
good_form,168.13005852660805,171.90559507460517,28.447364483391446,34.00042497824227
good_form,168.33715702949914,171.48211884038722,28.099209212763533,33.93958880407805
good_form,168.53506746760573,170.9855619214618,27.796281499753373,33.873051412250234
good_form,168.22258029877707,170.20459835962356,27.37511664438397,33.87860292686335
good_form,168.14448073103657,169.60543449453831,27.248161843699265,34.0064945744306
good_form,168.48487896132605,169.4600298177614,27.367724718471717,34.08623392017635
good_form,168.5377692932122,169.3786132433918,27.220140268497115,34.17674217402016
good_form,168.52237512728465,169.2732797448587,27.060599625632612,34.20051595190542
good_form,168.4057159008269,169.11760319566275,26.884370833563114,34.257804640409596
good_form,167.88789675476312,169.21680782004685,26.653104204475166,34.24275751424253
good_form,168.13697070322985,168.9923490984168,26.659184045521386,34.257673821765195
good_form,168.15006260736052,168.9581065372212,26.530276300061555,34.24132504668429
good_form,167.95733652387335,168.9498880420183,26.37766488706338,34.39653315807139
good_form,167.57003023464503,169.31011764130076,26.296262992137592,34.88364279058574
good_form,169.29255686570534,170.35155175582614,26.924708251512193,35.83020343813633
good_form,170.24037813488908,169.54059481747623,27.318538860028653,37.324029151996605
good_form,170.32824622009235,170.43843423420046,27.982826426068154,38.57246912498153
good_form,169.1025881804162,168.5962576290199,29.417897759344513,38.4089600686361
good_form,171.26521815342932,165.61435910345617,30.63532512831681,38.47529311123861
good_form,170.66811602011595,162.8129183214806,31.17212402599523,39.16189337857531
good_form,166.48519596056508,161.52963648241138,31.14684532715742,39.44287665871585
good_form,159.5793121980304,156.42715306113794,30.621241807495686,39.15204528857613
good_form,145.99703103468602,152.52902666630342,29.653162538873936,41.43799760070583
good_form,126.05512507314636,140.31165866780424,28.767545900524727,41.24043748914596
good_form,113.3409861078524,132.03510042644126,29.28572303023418,41.53907358744068
good_form,102.281385985099,118.89566082185732,29.558811910685204,38.11020403255749
good_form,90.87849371543491,112.95225293277949,28.678213341125588,38.57600800406422
good_form,81.06321431232433,99.99170090701783,29.75468891072912,39.67690632379501
good_form,70.52639811808163,92.19366872764532,30.226109822079113,39.515865404606394
good_form,63.552948027184605,79.85804013263422,30.468676951151274,40.70024239467422
good_form,58.023048462319856,78.59768484343293,32.20716754200811,42.2446709248538
good_form,52.7492935733547,69.4107497514863,33.25980014152382,43.54355280551669
good_form,53.50927258450079,75.85952454579012,36.15571883450366,45.316279173385865
good_form,47.133268549531785,68.23573880547671,36.48907862580397,46.90515260232164
good_form,52.546142826880136,62.13680884796479,36.46986062232885,48.00710987366953
good_form,51.2201947305523,54.20796516171386,36.8435301414899,48.67037515148498
good_form,49.852497204259826,48.8519386347024,36.54430612661113,48.39612581800436
good_form,43.915091061784295,45.451408771927106,37.58297902857394,48.9946595387257
good_form,40.272681370376404,46.539354164122855,38.614991507164056,48.81134763363824
good_form,34.95231400201455,59.48206049618342,39.75958570932184,46.81438436290204
good_form,32.03193721482695,58.62632085091063,39.62169905509634,44.3727213432449
good_form,28.769250929116602,71.81110989110154,38.86574050339684,41.57068748795273
good_form,29.643975255916075,77.53438379868435,38.4828422121067,40.559105382924024
good_form,41.38564108867596,88.11096544804502,37.606282884020665,34.0244386774533
good_form,68.17101286226342,94.2907092863143,37.05709374652915,34.59466159840854
good_form,106.3396654364937,105.68299043012253,37.56751041114514,31.47650045678459
good_form,117.35449361482034,115.99633338786259,36.39676883902759,31.59361458191236
good_form,117.76882820126139,123.60294038039004,34.985548434545784,33.1535304083709
good_form,119.84684430317499,133.05475784820973,34.77977455972015,33.27291731403214
good_form,127.97028487110418,143.38404121244662,34.47125648091712,33.77068335037654
good_form,135.40868729244306,152.81000811039792,33.55441997004786,34.14475875473769
good_form,146.14141118750283,159.46549589946966,33.426478414761334,35.72937537892263
good_form,155.93547485625302,166.21880432446645,34.6145130019171,36.68491902132316
good_form,161.07560942210344,168.07376582427275,34.48426566364118,37.308868075152766
good_form,163.32399990704715,168.9841765221833,33.185567275965234,37.102299893682435
good_form,166.94979775125694,170.1551413266286,33.48214537507355,36.78858427431979
good_form,173.66231710008216,171.6849747558667,35.494132031894864,36.775293326436525
good_form,176.41740887586226,171.42558747528,35.54293450942485,36.67940701389971
good_form,176.24876912831468,170.8687404522947,34.50861164616848,35.85446407720705
good_form,177.10789272296827,171.02610871658968,33.66479223516208,34.82175516452573
good_form,175.29579883416937,168.5733548798075,32.40681701046524,33.477678095746015
good_form,173.0068830859274,167.7221261837702,31.786739888641254,32.76598079657797
good_form,172.26808733367957,168.35791800351262,31.777408859349478,33.13102813418561
good_form,171.70180988820445,167.60106042288427,31.68115390527429,33.33915564011791
good_form,171.41760190000488,167.36412122767751,31.568469128863722,33.96945721507761
good_form,170.46875502778687,166.05051239759933,31.96471887327462,34.29906635175884
good_form,169.18822494661975,165.52716872895368,32.182417895695835,33.82484274952352
good_form,168.13202944485386,162.96581282605717,32.28806614516816,33.89601729345842
good_form,166.80185294059288,161.85994519744713,32.27023894391776,34.926446340433706
good_form,169.30326826812552,162.6341445355405,34.4038196163276,36.04100737209369
good_form,169.69679012138133,162.7619658530056,35.21693834555056,36.73114131968501
good_form,169.15055860694198,162.94160396607933,35.24953717426464,37.22759745947536
good_form,170.89535277846417,162.24270489179267,36.414188270893014,37.00855902226045
good_form,141.66283760865517,159.5065265793414,32.106442598862245,23.876903234277467
good_form,170.7977376991994,164.3656398019725,26.085168525236895,24.177925871306744
good_form,172.7125443798022,167.26874150534908,22.455689427643343,24.029578499847368
good_form,179.59309305857278,166.34144765909377,22.315439070033175,23.632557529523567
good_form,175.08849683824877,164.28938406475945,21.780327637187735,23.037827413963594
good_form,176.35673186761375,163.85231884387596,21.42268211736407,23.004270545252854
good_form,177.78666562415572,161.91831529415848,21.272524535683353,22.518383554369972
good_form,175.41414540441104,161.52602612852692,20.19760350970857,22.493019852921286
good_form,172.58515727117884,161.2809111983244,19.824947917169233,22.68160618472947
good_form,167.99999046967403,161.27168150744322,19.060383729996293,22.8221411805084
good_form,165.97324511454056,161.2713855722424,19.225406053096652,22.932458824451803
good_form,164.17387049980405,161.4300723652307,19.358591598136595,23.11519818246179
good_form,164.3761123229623,161.76432296878838,19.383704627751413,23.291311272171686
good_form,161.56326987510536,161.41908840976362,19.055876036371323,23.418801070946582
good_form,160.76302738993866,161.92261649553348,18.736871093803387,23.97548963671889
good_form,162.90518184911875,159.8523816949697,19.030730744453553,23.74337131449477
good_form,162.462507749065,156.3159093132663,18.56382637679004,23.658741386219997
good_form,162.8016820148879,153.28364528225165,19.432156064477514,24.325353546157277
good_form,165.37330444607855,151.31799870984116,20.611437587479667,24.99913698885709
good_form,139.0432348177435,139.52311945286272,20.76249357977156,24.524013377578637
good_form,164.3037268002498,129.9575225481664,27.52263775096345,24.58096029653682
good_form,153.90072865496754,122.6439240037954,27.560632699241708,24.57687961090485
good_form,111.05096048488015,104.58490068587287,27.4084794527803,23.7400397215779
good_form,8.347257359132314,90.94305135144461,26.455936115402555,22.433854753000738
good_form,31.41738657364655,87.03238199301306,26.384819796364056,24.15389562629402
good_form,6.062171534253101,89.4433493660663,27.367751340841615,26.724382830418516
good_form,16.512069067934043,91.84376871486377,28.01998057367596,34.05888096058457
good_form,18.304845481146277,76.98305835821363,28.266707391316928,33.80718464808997
good_form,36.39238400560484,60.188480127925,28.52152615342671,33.93653970907014
good_form,22.333357565540627,57.057739534104485,29.669278130147514,34.354418255795416
good_form,6.128620067670463,52.98688090673191,29.96362532151434,34.94076659133263
good_form,5.483758469952312,45.71898687084637,31.635467340268303,37.61165179167187
good_form,6.637389098051603,45.07715032659301,32.12089132008889,38.938477562091215
good_form,8.104281660068287,44.8582524388525,33.08515743881876,38.81246341272073
good_form,8.60092395099072,42.880247551224684,35.18869517394115,38.96784008191347
good_form,8.748628698692965,42.939263919629866,35.70862368725989,39.14123181102822
good_form,8.873483471533506,41.72682964966011,36.475383526096465,40.59338225169019
good_form,9.004355953355676,43.68306640240389,36.30591403470808,40.99712123333286
good_form,8.378705838780595,44.20875921980442,36.10602608830176,41.3278322714001
good_form,7.850204633938566,44.2892913354407,35.560625331587396,41.18667843726208
good_form,8.448468662274937,48.67671414421083,36.16347453978276,39.06567048225432
good_form,5.881407037933261,57.801213536666296,35.68749255875271,38.66614690176652
good_form,31.046312029238926,58.59720507187653,32.794854488921246,37.17485002490677
good_form,46.69886037762903,26.209600451358973,30.51657998012288,37.819655020282156
good_form,51.802924409674326,11.962600875079573,27.58965840652566,39.46985852673114
good_form,50.88997425488191,13.662938889517386,21.96514994197227,34.3571770922985
good_form,89.90957576378034,99.29288024322922,22.1773719852781,29.023979515756874
good_form,111.98464647625353,102.84554306096533,24.151921606724112,19.714909418544092
good_form,126.01546786493529,120.2669693220935,24.84514007772599,21.80314268261258
good_form,143.18883116023312,131.36717485931788,24.691563746477254,21.99451012527153
good_form,158.24845714961606,140.89006680405214,22.74753872496442,22.48200040058844
good_form,163.62577931102678,151.06024392902313,22.358751563817,22.82733475656298
good_form,174.76476597586864,159.32538219123109,24.41624793788408,24.90488094956955
good_form,178.55666229647693,170.03767270826074,25.68898027455051,28.025682123271874
good_form,171.94623732409073,174.63708570874212,26.82164712540321,28.524951432769008
good_form,165.72486379893667,176.2363826119877,28.038627405047727,28.343164695331488
good_form,164.55660315904953,179.21652938788455,28.33660039893997,28.695164405355722
good_form,162.4068369268713,177.34395106649671,28.525331467994924,29.679986539308228
good_form,160.2261690836355,173.8992063725486,28.647686218883088,30.768790588399963
good_form,154.99994600168463,171.2559033813337,29.153678392972896,31.698495550883003
good_form,152.96420866396252,171.25024273847114,29.87435046503588,31.438019259899338
good_form,152.60909386390946,172.09222213940993,30.664401190531354,31.12010373992626
good_form,153.26243031850615,172.50491887491495,30.933378992199675,31.302612911637286
good_form,153.1166981044579,173.9307821216772,31.15328817593464,31.20258937045106
good_form,154.79819305270993,174.64173732621023,30.401087829612386,31.391731586424026
good_form,154.66316000482144,176.2964580458556,30.50715581010426,31.497877929277564
good_form,154.16305820407763,179.37295083631065,30.304636912383213,30.574509209615933
good_form,160.87121666086597,172.061336561389,26.843221604472202,29.578281304988568
good_form,168.64335347199955,153.93540589690366,24.185826267057607,27.754965847294635
good_form,151.59264478962135,135.3232924653256,26.21801288205754,26.35968971371768
good_form,126.48364897158095,124.71618332007151,28.196319433595797,26.43453772856509
good_form,71.37828460683227,104.66909823899277,27.428957565846968,24.75603282783369
good_form,52.619820731723394,81.27316274104997,23.154989596152205,26.78342487420202
good_form,53.94484747089486,58.08869590951167,23.25948608307248,30.903551428712152
good_form,52.78126058871614,29.826159704343304,24.965188690637746,36.08024786098801
good_form,47.251726474784675,7.746647222351828,26.599526262721636,39.87137176145683
good_form,42.082297578486546,19.61851064972894,27.559030636114773,39.2177164262888
good_form,26.044510151776418,25.417476052941822,29.748773720089883,37.801592579218394
good_form,16.91841217046448,35.28670160805131,31.232474943976992,37.24242196712597
good_form,0.017705634171632862,46.793768613209615,32.12909080401376,36.99987094875074
good_form,4.900971593192147,45.65684905584949,33.17138350581607,37.82780350708264
good_form,6.219958354643571,43.5042833890783,33.2866773187525,37.46919101314541
good_form,7.212321130219149,43.170502141508045,33.511113235874795,37.42393098199148
good_form,10.638419978304684,42.84153159650133,34.02153773802694,37.29595382922812
good_form,14.962287306729495,42.994250621332576,34.69618496360023,37.31940645162342
good_form,14.972530517611471,36.617443569483775,33.242762119465034,36.15372822250074
good_form,34.32552850841679,43.36855932245351,27.95680690816077,33.396365225943704
good_form,50.090895433892115,40.31559007237148,24.67423613266258,34.42416310426112
good_form,51.41193074886085,26.708372288169436,24.512519535326792,35.555830295979575
good_form,28.771320527453156,42.34154105420808,24.862510561529888,41.997309358126714
good_form,66.0075030451647,44.30781753394858,23.085142277808643,40.562353103496164
good_form,90.04081648656182,54.21217612845077,22.308627209029808,36.98867473211421
good_form,111.35391528816876,132.93136082318256,21.92451874390303,31.194267192428146
good_form,130.83652731375042,121.88213454318185,22.02796810204537,28.559046462860856
good_form,145.70743854782063,129.0291495412759,20.73830460461733,27.838876000848707
good_form,160.4671019684862,144.14145668478798,22.26640632742237,27.869765268081583
good_form,179.1536532484266,150.83867365942385,27.384410555008277,26.2966960047643
good_form,165.70199775897947,162.3558138443829,29.79378666444785,27.990676624157043
good_form,158.42508176370876,166.30819540171046,31.099684757997434,28.514528979705762
good_form,154.51182916402772,170.82595524433762,31.751821528169483,28.58669956500889
good_form,154.4246736241296,172.0018933364137,31.65927952328207,28.481546641386373
good_form,154.9034001561274,173.04236177934237,31.560949053415705,28.35561190612307
good_form,155.55575480287544,174.70971690599941,31.474462456254052,28.329533885992834
good_form,155.80343278215747,176.05727303178762,31.527557791524092,28.439000965142817
good_form,157.3929652912478,176.42023321308562,30.80644502869711,28.359456525448017
good_form,158.81488467425598,176.63295207370973,30.069106745709213,28.32626249481259
good_form,159.38221176981617,176.51043114299728,29.76196951996268,28.25846860473359
good_form,159.41675779772743,177.38538660977395,29.793439259131826,28.216590744588235
good_form,159.63799854710837,178.830267436038,29.781786722813347,28.029525148620213
good_form,159.82750005104606,179.13875461593094,29.731623396540577,27.961267749583012
good_form,159.26542678475224,179.76697751402386,29.96527862802084,27.915021447558992
good_form,159.10850199290107,178.8210833391093,29.892600387692934,28.2074086323652
good_form,158.94538155911144,178.78280416432676,29.876636037277237,28.37409159825298
good_form,158.16713191317282,179.53048694654086,29.86921479700816,28.17063845033776
good_form,158.16512369789615,177.84993645275927,29.81602418217143,27.740670875774263
good_form,157.6163497567355,171.24534377480418,30.08217397880815,27.089994433256276
good_form,156.77438304642766,163.67001637297625,29.806294476238556,26.286895390503663
good_form,176.85792176514468,133.0124298127517,22.510813697958,18.878474607331857
good_form,178.88753012251323,119.74678787632189,22.066527949662838,19.939174322048576
good_form,142.5257458230739,109.23608560194236,22.320117381528565,20.907130399586148
good_form,109.59315477123491,98.53216780949667,27.222808183571395,20.79696862472692
good_form,64.17465347931609,92.30428193960948,27.307708050230872,25.569193792024226
good_form,17.783511619900047,80.5527358685979,27.324835020407278,29.982288215001102
good_form,13.314895448461357,77.42301603584743,28.280967550711015,32.94780048888435
good_form,10.34554635404861,65.96095483761532,29.185592143519976,35.70778572625326
good_form,32.48199570545108,27.380053065289264,29.43775507187927,35.11756567794755
good_form,27.03715353299504,35.53900656691178,30.425127114250724,33.671731777055385
good_form,17.239265859825178,38.818740647893726,32.333330428066006,33.30134436035014
good_form,13.275336776622645,38.96610267523652,34.65710995111751,32.497700964361194
good_form,4.6846310507941125,39.053335214493316,36.02767969939473,32.37695589505946
good_form,1.5998011724233823,39.07639795517902,36.54634190806722,32.253997453592866
good_form,0.9757515295420579,38.25343567330951,37.382084345298914,32.140378852514
good_form,2.3197813607689257,36.714787427614375,37.288058002559495,31.933381224828494
good_form,6.759717540261893,34.577581821358145,37.1400289253448,31.56311495366382
good_form,38.60204215696491,36.81238236174222,33.91648129526569,31.280349683525674
good_form,50.4999714708348,46.670957492884874,28.10602613102185,32.053668892089256
good_form,60.852813984832395,27.354923591384637,25.683707898218163,36.99162139262534
good_form,69.09749207089166,41.70968316416817,21.599307742168364,36.973850809331424
good_form,85.23300185497072,63.156426911379846,26.502020128574742,35.91737417948897
good_form,147.91727741309552,164.68292212745789,28.90017572208881,27.743341204783917
good_form,152.7941359378258,137.272159715297,28.84051901591144,26.009476323495793
good_form,151.3157642180885,124.46820620772351,29.259248748430394,21.591818941993957
good_form,151.24049940075017,140.49696155269496,29.359274441982077,22.664018374378564
good_form,152.78959489817777,147.9735353325058,30.480952789435985,22.629366977956437
good_form,153.99578885656473,155.94205923588876,30.83232382300901,23.71507812279315
good_form,154.304054675464,161.7388798649052,30.752303605778256,24.400273682061535
good_form,154.71993697435582,165.60947869780284,30.88212403137905,25.258484424049048
good_form,155.24212984757142,173.1033442623059,30.89068202419126,26.5771414865275
good_form,156.69687309679622,179.57905450391905,30.569455445447105,28.725112446991137
good_form,157.20982613268146,178.2871346881181,30.586904094202016,28.896368656541853
good_form,158.02104413139725,175.94274300769467,30.435600693488364,29.3243534697804
good_form,158.38979349287862,174.66520273605946,30.41189233260815,29.39902553086285
good_form,159.07304469136963,174.52334176454704,30.215358974765998,28.916418116873928
good_form,158.87227067056142,174.69280310925018,29.99629519765867,28.756015480697048
good_form,159.58901109382668,173.93721990111666,29.7570861683692,29.037078880157683
good_form,160.06183758918283,174.2353204447376,29.597100810245273,28.87110008590109
good_form,159.68441009642441,175.19563923846795,29.83756045786037,28.800759179682284
good_form,159.67887614787358,176.79266551288097,29.729338365125795,28.723865607685273
good_form,159.27809084620037,178.16190375487292,29.885936423109086,28.617356318370817
good_form,158.61638909064214,179.3846783391252,29.850512090351494,28.58884764826414
good_form,158.79537496244197,178.52166117931492,29.489131936726974,28.619475551811096
good_form,159.37378087293746,175.0269314337518,29.250775074620304,28.733619990892656
good_form,158.09962842713455,174.91690499263032,29.36777098679632,29.679702606534303
good_form,155.03464422970754,167.75706862979447,28.866665006825944,29.272632986632257
good_form,165.60033504494947,146.91948394426174,24.826381117538133,25.556140374700398
good_form,177.01852087565314,142.5191715283725,22.705998198062936,26.95206257256712
good_form,178.51441708380872,127.79833541317487,23.018138657622156,26.841371279746728
good_form,93.97650313211261,115.42217339811938,28.82307679471478,27.30394172783472
good_form,33.56879723631381,112.28310625695784,28.899951460049962,30.957817207264284
good_form,25.56487677039859,89.70936839015154,29.314057812065005,34.157897458058606
good_form,46.251367127749845,60.85367111591385,29.935701512494514,35.588375047432336
good_form,45.99765874794356,31.76429875378751,30.877955240971055,38.34473388278922
good_form,52.761658320000585,7.0778597852693705,27.561247272408462,37.698504391913225
good_form,48.295647944739834,13.48154702274618,27.856208625462227,35.3650675073422
good_form,37.82497357265063,30.99756990485806,28.501321360040954,34.44937557341207
good_form,14.375262631764327,38.73057661577837,29.065885964528423,34.47619435056778
good_form,5.874568286470487,36.793638899666135,30.18241697034173,34.17492202359447
good_form,3.3747925056631303,34.63724547110117,31.618201301082788,34.109476153007435
good_form,0.05427220545511099,34.14481878391372,32.734452297959514,34.22574043179824
good_form,1.3956856353053664,38.62508000734748,33.76748144003482,32.12669187012608
good_form,0.5218930839510308,42.548066533026805,33.693513500021005,30.236746235089093
good_form,7.655947201157017,45.40728328509915,33.071018015220936,27.362824842568653
good_form,21.206556958949346,46.80742573839728,32.11479914629026,26.944447605082736
good_form,40.8460421255431,24.093677067169715,27.190792997549366,27.514912132449
good_form,65.90430465022699,47.84386610743741,26.333273007058533,33.6128999656086
good_form,70.47855973540167,55.06041063852161,25.330341607679678,33.5390311070958
good_form,77.05995201588064,65.96056807114492,28.690018690974785,33.31713429124536
good_form,88.67481248226534,79.80085199204662,35.46632531026842,31.976889547428186
good_form,116.09624658114481,150.12023195696585,33.95968890851224,23.964891717109992
good_form,127.86215034185003,166.36059602386317,32.87880975188047,24.37608716977275
good_form,147.25092063995885,139.83306348624805,30.182941099602154,20.428216692882675
good_form,145.96095920363865,135.5626845155048,29.20052029840681,16.92630433631621
good_form,152.84621796930108,139.96287313370652,28.75410740472769,16.54778992498078
good_form,156.3683108679894,150.5857285817301,29.27156051031029,17.761921295533938
good_form,157.79257669061343,157.32718324793305,29.201618267472604,18.800780218818197
good_form,153.76625515399172,160.47588577480533,28.860914159020457,19.504008842081806
good_form,153.8846555013158,162.41432623163993,28.690362764196696,19.951465269002153
good_form,154.3674083619422,163.56394081237954,28.392865487654483,20.55588906357796
good_form,155.29867795115834,166.55591036010242,28.63491970470854,21.57112491475606
good_form,156.48902926253263,166.76228896069003,28.388287417329177,21.75336177602164
good_form,157.1616248156227,168.0112480939553,28.348674921393627,22.087759340986395
good_form,159.34348106258918,167.69851383273792,28.24333454881489,22.16744495796436
good_form,160.37323985925667,168.2626614488442,28.231415791068358,22.474766828620094
good_form,160.90908711417802,168.93777529535265,28.24520745738401,22.67573413122235
good_form,161.39314765689915,170.23296731205852,28.246516036301124,22.989689538556263
good_form,161.4828478246335,170.7334139751321,28.265656337038887,23.131064750376083
good_form,162.6908401286513,171.11466264487026,27.84350632276935,23.208631389622074
good_form,163.2874083264567,171.21597117951399,27.384342259147495,23.33125435884875
good_form,163.38933654752398,171.48433693209682,27.04800289307951,23.494305939676487
good_form,163.2566153727334,172.1447892170142,26.98552798708633,23.991430394088866
good_form,161.9455368052626,171.29883174927102,26.97298646949174,24.028569530445363
good_form,159.45547168194307,169.02850772140894,26.564142902445706,23.61409906088958
good_form,158.205859816495,165.5985100854022,26.09363043928074,22.811066819887603
good_form,159.2356788220172,162.43633705841984,26.404835781858715,22.749185560919425
good_form,161.78878793675705,156.20090712821437,26.433447168196448,22.41421952324268
good_form,162.7444092989603,144.96567244955625,25.625483518947174,21.141142240641027
good_form,178.34130924725116,137.35755966504237,21.053547237197826,19.15823580908068
good_form,168.64925831112222,122.05229009894916,19.829617205412397,19.55900028269212
good_form,134.2952275580195,98.28739544039416,20.35716715157646,18.403159075740813
good_form,90.53649229221381,97.2266272399791,20.797820342366936,26.383015775375394
good_form,32.459038227046214,91.18392782751111,23.596074795403272,28.23788241003413
good_form,34.06055372664305,31.897337071650085,24.000321975068392,31.470111009507868
good_form,32.83835198887155,32.28020034873678,24.59673104614182,34.21191749663817
good_form,24.68173615095874,19.132648560541416,24.999331968060414,33.7917623186713
good_form,42.413817908730856,15.549381406584104,25.094754931022663,32.86000218819889
good_form,38.25852564671093,19.514709770396234,27.033627840317763,33.73262075519677
good_form,30.944358916055997,14.894599809787307,28.831000829724594,34.14298289116439
good_form,23.298673600915283,21.145042252678603,30.88770822145652,34.69195392210878
good_form,16.05057572180208,20.279816417180605,31.897054474587595,34.767396902461826
good_form,11.850525550698086,21.49122525333488,33.529388944573256,34.598926618541604
good_form,8.376290964253164,21.49527081839402,34.12585574158727,34.5044728625425
good_form,9.021236840360357,26.546902374422054,34.36998745504716,34.224686496166875
good_form,17.056777490529047,31.077630173583753,34.383685372228214,33.17632652641643
good_form,40.912092786454934,17.18792577332555,32.108284273579464,32.24974858418545
good_form,40.723419027725946,24.066826294760485,29.221012472900895,33.109369928311494
good_form,60.20047475843681,24.849993640216873,26.10000351800748,32.92564712716279
good_form,70.94076802797647,44.13584870402063,22.645404071256014,32.037466007609154
good_form,81.01610577125213,86.24508498212488,20.752022073430837,27.226344207002285
good_form,88.01295419121345,103.32529332557625,22.30813340604875,24.729323183533484
good_form,151.75721599095456,116.4072911671627,21.938806185135935,24.51785779170077
good_form,159.65157423553245,121.45276004879767,21.52575029418553,23.748919966828826
good_form,179.14202742993456,136.10224953860592,22.593522913069823,23.966685663243062
good_form,166.43618878875782,135.06403735454182,23.327402902900577,19.977327756875003
good_form,162.23494181935573,144.80503582872035,25.033957048672058,19.55874226795479
good_form,157.86667851279248,153.0317360080604,28.623507084433907,21.04321748213475
good_form,158.926299959752,160.70621676716,30.19434648497646,22.80238265796632
good_form,156.94900003789667,167.16242953380495,32.03894514434048,24.63281871794763
good_form,154.66848309028978,170.43418919107827,32.759353991103616,25.279281018975826
good_form,153.55028989255047,174.1555215099731,32.73631531073383,26.539361096616393
good_form,153.45223809229262,178.93960096651514,32.694320387632324,27.68366337787711
good_form,154.32728759436102,179.07646945736215,32.44227587439026,27.84002365676374
good_form,79.79217205406468,106.87901854395128,41.613859257997994,3.7974518315510877
good_form,79.68938369490917,106.24993536749776,41.3054077735669,3.612855399170397
good_form,79.0978400810476,105.89043000578766,42.16236214911379,3.601981931575676
good_form,78.80802176832515,105.51077498730143,42.33208182305389,3.718831412682116
good_form,79.3756147109026,105.58229994853718,42.14286179868653,4.150996346822863
good_form,79.90193425287009,105.9376230973597,42.11246468817789,5.726033982301999
good_form,80.68944090498132,104.91895342566212,41.583212106776394,5.697726076277326
good_form,81.02323435934255,102.89794936161138,41.24579212615921,4.69262688448221
good_form,81.46417980913401,101.85985729483946,41.18883056073823,3.764301614854734
good_form,81.74697803182386,100.6863018880245,41.275438414693625,2.139081724767714
good_form,82.53490316826185,99.62552385626452,41.30373585932637,0.9446030049504315
good_form,82.73598086452989,98.85989012738986,41.27760034578385,0.24506459374663103
good_form,82.70535137140098,97.95639009698874,41.38339597462536,0.6001752755439892
good_form,82.85204714363113,96.80662961725704,41.27898471837546,1.7275476277356219
good_form,83.1987732226388,95.94812314624943,41.13211739083313,2.4863864189570464
good_form,83.16401910952521,95.89533462026793,41.21536414112727,2.663531998713933
good_form,83.03050289735648,96.03296002229422,41.39890040237832,2.744955436764921
good_form,82.81871705684853,96.10130666531967,41.46858122976602,2.8395996534148265
good_form,82.421457471726,95.69480323449716,41.49965849893774,3.0812188440788897
good_form,82.16868768385768,94.94946572736177,41.664283617217365,3.7569925017088472
good_form,82.0027228000609,94.49553879978811,41.65542596434477,3.955292834334967
good_form,80.65632134716395,93.87906125971239,41.818546287075094,4.514294205141
good_form,80.44499710335396,93.71010261999498,42.17674489104669,4.225138659614691
good_form,78.15928717194777,93.37526895174199,42.19721703062902,3.8920125847736453
good_form,76.70585357476949,92.29685398081477,40.98543842268296,3.944207575185659
good_form,74.5371700156852,92.24977590434736,41.016549783307845,2.789194960633946
good_form,71.54109021609509,93.24139143221373,40.98137034524677,0.31157887448670224
good_form,71.63990137742957,92.71158918920571,39.63956934222419,1.6531110242905809
good_form,72.3121676953536,96.68412315729685,37.598749602238364,7.813828380933095
good_form,67.70516040946144,97.59924534945885,37.29294410003368,12.891839488881464
good_form,64.55734554791401,95.4100942666203,37.01875530169151,12.981063426556695
good_form,62.72163665025444,95.3023987390265,36.14280420073857,15.948304707859656
good_form,60.11558903332519,94.7082854730974,35.13704449870261,18.936783226830766
good_form,56.88885933524029,98.39945838009285,34.05212956387483,27.16073432547948
good_form,54.742422460463814,103.73043357310914,33.748180668071406,33.831177895600234
good_form,54.70108954887229,103.26000252364254,33.789853954567576,35.35433486927714
good_form,51.756488748265824,105.43436697541992,34.19713966142287,37.91253583017399
good_form,48.98017903440115,110.30101354460935,34.23893566873981,43.8321898943113
good_form,46.38159461199261,111.24615209764058,34.289201587464426,42.30165924152391
good_form,44.84729523066989,111.46417103558055,34.095463679316154,44.59794562781132
good_form,44.322086864933425,109.38716930649068,33.993394042351866,44.266764742020136
good_form,43.516418887864646,105.26883478486059,34.22893117799423,38.99984343985246
good_form,43.503122174631976,103.42596384697389,34.54432580501501,37.29353449196901
good_form,43.632249523576114,102.8073654308875,34.85954082255433,36.457664690138685
good_form,43.837976211131526,103.14293692257178,35.299630727599364,35.905164984190556
good_form,44.96879971471415,108.57376301781858,35.28395829307379,38.296620752599445
good_form,48.845107233986994,106.9512936179931,35.068506272089586,37.08312095067769
good_form,53.208677029195044,107.33777920231822,35.64297766365553,35.840293816660804
good_form,55.82209634872669,107.07892535030027,36.54876993240297,33.64925838834589
good_form,57.76039886856224,99.01632838045451,36.839890936443396,20.437707556810466
good_form,59.44024564669967,96.11107121549365,37.721963725844546,16.699184115600577
good_form,63.691282815247405,94.90468434527632,37.59671493104992,13.10524803958054
good_form,68.83833681816641,97.28601601576035,36.53015119531517,12.695043070004623
good_form,74.67420852209733,100.05088036952732,36.59205683895902,11.882153583776473
good_form,77.19476243291331,100.60885224058676,36.6227050305829,10.423519783413337
good_form,80.79339991209451,100.30995881144469,36.23745676589332,7.571943027101975
good_form,84.27905081095014,104.07421861891893,34.83156907714803,6.972959138666225
good_form,87.50564869974767,104.73670346977713,34.31727560193877,6.582203580124109
good_form,89.36208924786229,103.46663232042397,33.21446827265816,5.044849406702087
good_form,90.39679649536436,101.8532368317139,32.218439243741784,2.627061872656621
good_form,90.94714975488654,99.52708024734744,32.44238446029741,1.576861803979031
good_form,91.60535085464659,100.01855633957706,32.291693162501794,3.1964956696256497
good_form,92.78955657204818,101.09848850665719,32.74269375059634,4.253079130267482
good_form,93.69071773488497,99.87543493038174,33.46686269975425,6.046579395364832
good_form,94.70890588834612,99.28034826127998,34.11786359217572,7.2748400997434635
good_form,95.34105320753122,100.16729143160256,34.54900831268493,7.385453181780222
good_form,95.48955904760538,100.3560812636029,35.10217794599097,7.726384632535629
good_form,94.24746641387634,99.82271601995234,36.23975102465144,7.988541584730456
good_form,93.33340532113749,99.92657870186298,36.89720980627456,8.270570196161419
good_form,92.45921293216571,100.17843607270942,37.443477965699714,8.200349616383194
good_form,91.89543136787921,99.46731551786394,37.69242650001298,8.119111671270849
good_form,89.88819803517293,97.82652423280314,37.713483095161216,7.916997569770201
good_form,86.2728083657151,97.25105786405373,37.46549860456686,5.253238116056821
good_form,83.79697693843809,104.18867376474108,37.721359738823715,3.156228319486263
good_form,80.45111214982836,106.00389819373387,37.688479247976474,6.684510886926973
good_form,76.79697786978079,100.8439728871171,37.861454807372546,6.898327977392116
good_form,74.34193420818116,98.18978106355814,38.086984047803284,7.883652661991217
good_form,69.54348756921642,97.66810550474958,37.93887501806533,12.139342525515902
good_form,67.9401829189871,95.00982532079112,36.61853185834846,12.855637218919604
good_form,65.53856109690986,96.30176292373324,35.07976229154395,16.13129054368552
good_form,62.35969809282986,99.73729412607587,33.63968262376509,20.34567096445632
good_form,59.698704693240366,109.90865278657725,33.217315011207965,33.87577798748943
good_form,57.42409997843063,119.1540488813103,33.22406767749275,41.66798295747983
good_form,56.53660667992987,116.17490057382247,33.62073230645397,40.16260464240497
good_form,54.37683160992911,121.15629406624004,34.35351327758688,45.14443377636616
good_form,51.00805795820817,125.56610677755829,34.71735004676987,53.312700771975315
good_form,49.215942203804275,129.60116825020137,34.946397753800746,67.51391597556332
good_form,47.857219574207306,130.1064836464716,34.93719344501105,64.05999633331102
good_form,46.92990777918823,122.87368240842775,35.13537128498172,59.87174178028547
good_form,47.15753089005992,121.30840083977706,35.195299030639376,58.413911017646356
good_form,47.08510049158002,119.40042076654639,35.36868230660461,54.8119527098833
good_form,47.89533416380288,118.71549332742474,36.1605475663001,47.757077842116985
good_form,48.45991378369977,113.57445643923764,37.253559407164204,39.78098582043041
good_form,49.747603926339245,113.7914451993676,37.41851400986223,38.49269191294277
good_form,51.69593286562322,111.95904432573538,36.93075253790619,34.59375179727183
good_form,56.39451677052963,100.55924400863796,35.52466099204365,21.131398827734575
good_form,61.81130150982141,95.4332861025966,34.90680964345932,15.863796364818135
good_form,67.71288137340396,94.64048407465104,34.4932314744161,13.804018731808359
good_form,73.97935665571501,100.13378284484054,34.76814125578494,13.705266829965575
good_form,80.37366261882158,101.20112128215793,33.69876212419591,10.203586308524244
good_form,83.87093084166975,102.61943573838721,33.79667421724153,8.808062161265008
good_form,87.19059655543577,107.0360928135764,33.75306787560805,9.167437228210087
good_form,89.6285698660405,105.26247364315401,33.71260541037248,5.832487461623588
good_form,93.79535807363726,102.8349924594088,32.182861177681595,2.2034280188101394
good_form,94.93572312020717,100.32568476525364,31.81714961344481,2.4327420570265352
good_form,97.79874567313556,98.92538569717709,31.59401860850622,5.596175212321285
good_form,100.21561678124647,100.87447313847372,31.734667640530816,5.442978580300597
good_form,102.02442760996024,102.56259211367421,32.698717012088096,6.050640862031427
good_form,103.46542556879973,103.51727998286395,33.53372536801521,7.23876783342347
good_form,105.37656538656225,105.88704469811103,33.57054060171829,7.591023793428942
good_form,107.10123054639783,106.30870389740417,33.968591879400726,8.27578937683947
good_form,108.22173769890418,105.2363500650165,34.56012641641434,9.369901259284344
good_form,108.13038085487685,104.74545889451457,34.98714868178831,9.423697989105218
good_form,107.46177977316029,104.76323704272147,35.467987767293884,9.432700466776247
good_form,106.03328457308831,105.050892758387,35.9380025873952,9.025612342704921
good_form,105.72935124500256,105.09530223297125,35.829170307021904,8.785202399607508
good_form,104.48519921433493,105.55223472282853,35.88753696558682,8.590965092205932
good_form,102.02731601895397,104.91859103855631,35.59957277207718,8.71448903096454
good_form,99.24655631055805,102.64809253585537,35.2072489941019,9.042972306045089
good_form,93.486438638408,99.63218568132396,34.69795255650071,8.393454708541713
good_form,90.4148122466853,97.55948809919204,34.04077053734682,6.520586941415195
good_form,88.96846891696589,97.04940506333236,34.71649555754739,3.088642015730207
good_form,84.7770723072374,97.5757262638142,34.57593676801868,0.7656534435315463
good_form,80.58966295668267,96.03594398251659,35.02591297378991,1.7964636130666334
good_form,74.63152037140162,97.52427182498717,36.742682123065556,8.419657213447994
good_form,70.62517706629583,96.15537007354362,36.9483750749766,10.129109572712387
good_form,67.1520658189752,93.35994615921705,36.413051650025395,11.006297617181374
good_form,63.43934224365397,95.22756183602087,35.38627184294236,14.588576598654448
good_form,60.08327075193269,98.34765369391434,34.28566567975223,20.387483891046212
good_form,57.606982261828165,108.19716250158544,34.46888799396427,34.198493871646434
good_form,56.95926228873604,114.39878549143646,34.06219309908971,39.53258501517911
good_form,56.2258300423022,116.02102692949617,33.959882044337306,41.732741913048535
good_form,54.25269314166912,118.20527483002734,34.00984578588965,42.05332221691646
good_form,53.03822285371229,123.96238383939844,34.09970042751637,52.22358076227122
good_form,51.299286013654275,129.33900329748045,34.376591890432984,59.06097228260105
good_form,50.380136557254055,132.78000165162598,34.819260323271855,64.72770944901674
good_form,48.48853758930669,135.5575561225824,36.34219935583039,73.0287094114284
good_form,48.192608531041174,140.08385807833,36.829532438109005,72.66454538316043
good_form,49.0595901751706,141.7049954870554,36.81287533267616,63.85538017663334
good_form,49.619147056885915,118.81526239493928,36.9496052455857,43.505898712747786
good_form,51.17567190191077,112.65104615238958,36.571151564329774,38.579040305820484
good_form,53.14575327712281,106.45357945187388,36.46585544017027,31.54275002649208
good_form,56.92111063747381,93.88560225503376,35.85445123145987,15.647341878653014
good_form,63.64667683970482,90.11098514442563,33.66600249127677,11.823080154148311
good_form,69.0063133295063,91.88455141764781,33.47846250377824,11.00226806436803
good_form,74.98919928918576,94.16956835888709,32.421001098409626,8.140736835099057
good_form,80.24018693409351,97.08163740176384,32.76050967557419,6.420285072303221
good_form,82.92572964421169,98.97799426459058,32.847274866507405,6.558959003650238
good_form,87.5943265476808,101.48553589178806,32.455158615828225,3.5827941503526675
good_form,91.05759256651675,100.63501236766513,32.055448128932504,1.3878494536086692
good_form,93.49162092272371,99.4524830834348,31.930517486107718,0.4513861734008587
good_form,95.4710019132599,100.9630962610347,32.25835209525771,2.113264849357193
good_form,99.07098954622012,103.06628487550597,31.26024740952882,2.741744406826004
good_form,102.40420814666192,102.67811874486137,30.841027073627647,4.894882719144957
good_form,107.26962896398709,105.42881890840704,30.229227648907568,5.65684018734293
good_form,110.86540275967386,106.50114834089871,30.15435930779106,5.835055617742604
good_form,112.7633213966038,106.51928050679467,30.610306239828052,6.665229971487127
good_form,113.87786929323252,107.69436750738151,31.143468559284212,7.423149085659748
good_form,112.91906058929598,107.40853692873642,32.33071484565496,8.137187373122968
good_form,110.97812761922515,106.91520256827863,33.96262013665234,9.082788806438165
good_form,109.34864252076031,106.62226610380506,35.02157499308973,9.410524427733053
good_form,108.45069344810616,106.0515045171291,35.5086464427129,9.42833318507374
good_form,106.91698434340773,105.77182917635537,35.860533170834515,9.47445706472706
good_form,106.28737357760448,105.45185519368835,36.01128682785037,9.37692087725666
good_form,102.87876673537102,103.83435779084681,36.04973900571637,8.732212045401067
good_form,99.7958990364109,101.94898774411217,35.61369721118197,8.531871737932892
good_form,94.38902559366483,100.58173456845844,35.3001526974989,7.145721782764369
good_form,90.10914275995793,98.641539091646,34.895965245014786,4.08861245237133
good_form,87.64885951389579,96.82732798972518,34.5480297977208,2.274413950623972
good_form,83.16150654917914,100.19075133501298,34.902194909656046,2.3276462255804717
good_form,79.53810568351753,99.39935058078999,35.79474509247505,5.657369888317544
good_form,75.0567508674078,96.39014156788325,37.28444593839669,6.983972814155491
good_form,70.61342760820799,93.88404909033741,37.125073464965574,8.403626588291461
good_form,69.42701950871515,92.58344030095363,35.328837796713835,11.519226336688138
good_form,66.60083049178613,94.2622181598704,33.99522020845532,15.74931793569842
good_form,63.988588810842515,98.7382335148606,31.927277631028115,20.957763363188853
good_form,62.604691243185385,103.80550529906265,31.087128156476044,26.725398533838092
good_form,60.852552013706266,108.47985265010614,30.928696855955984,37.47904743960652
good_form,59.095995880158576,113.555498083946,31.161849714832965,41.751783620193564
good_form,57.033183965380374,112.82954941939126,32.92200243968039,40.87830454465661
good_form,56.79885316781002,112.62367910191034,33.21677710546662,41.05692262462305
good_form,56.390247159220195,117.39545457871577,33.21777629306411,44.51051380439734
good_form,56.07120885059606,114.02206958012151,33.58495149495918,42.406335988453364
good_form,56.85763842872591,110.20452464388316,33.66361933296563,38.12112396436565
good_form,57.18144617787099,111.36548101678603,33.871805244974354,38.120818958022
good_form,56.351188536775624,105.9543055611536,34.735346897706684,35.252461862218546
good_form,56.34123965523843,99.69649260732085,34.414817592755654,31.067122740950627
good_form,58.25686619259829,90.94746515676378,34.6606635361593,16.831578637448043
good_form,63.44002714768809,88.99724538824752,34.5185478392868,12.919228639612689
good_form,68.21061846452048,92.27495374742922,34.46347400700418,12.824243285949475
good_form,71.92111781148455,94.85871208768671,35.349031454152666,10.485655964145602
good_form,74.44432902088039,98.34577186485457,36.42898955651384,8.734819451091315
good_form,78.4028480436159,98.9691993216299,35.21464933800788,5.535088167316555
good_form,80.62151189801182,99.35440486258824,35.46781296092886,2.808506319828512
good_form,82.54298537588335,102.30888633477889,35.957707007612655,2.689666301375546
good_form,85.84956905661659,101.75199725789372,35.73590234465362,0.06023116419871168
good_form,88.65787411925061,104.57939282743061,34.219840336735416,0.41585367448767546
good_form,90.90434893329348,104.63744555849274,34.03322477179788,1.409569507864167
good_form,95.22098166807393,106.24914233810554,32.96173321589106,1.481122398387609
good_form,98.94595299320065,107.86119003592273,31.677130913653695,2.6845778679690393
good_form,102.32177182206311,106.85293207227323,31.2959218389915,4.800661979044182
good_form,106.75344689037686,108.40009268197034,30.825584073450937,6.122753445749811
good_form,110.94262427590053,108.71744676864864,30.92472730868068,6.8237799455705375
good_form,112.6995534630536,110.2005572262766,31.330421964910073,6.8692136778950506
good_form,113.38729661260109,110.93280862704424,31.790831090988302,6.809772927632574
good_form,112.2744118924694,110.72693007708912,32.70743246653495,7.070674709167767
good_form,110.08249449796031,109.99510208916215,34.23349906603467,7.576712556560175
good_form,108.90935521882989,109.25587142552146,34.804191853378434,7.767446220897859
good_form,108.57950378460097,109.36685479484206,34.89599692049051,7.88713909095944
good_form,107.33633749505609,109.22667361640953,34.98656182716103,7.658613929201613
good_form,107.30371897166481,109.7582699704113,34.75347497001033,7.106164388236723
good_form,103.34719699790753,110.63696264002081,34.4616073216411,5.855643688465057
good_form,99.96860867213633,109.35742977744886,33.696863361268576,4.815254398381705
good_form,95.42371786061045,106.70627601468132,32.69732024462691,4.755511083150126
good_form,91.95988051334609,104.98351509517425,30.8940134916217,3.6895013487431503
good_form,90.2602714221702,102.68549594533778,30.126413606476305,1.1056181024778238
good_form,87.7726179448087,99.75484116019356,29.36037761500884,0.08859286821826205
good_form,86.02505652079822,99.01067152526531,29.66248188311942,2.0265063796088083
good_form,82.54071523771233,98.57113188778851,30.609234913906757,4.908336712832007
good_form,80.65247407889524,96.27488905843222,30.439337761805145,5.345485682041181
good_form,76.54572385711027,92.58957822664478,30.215365441830567,6.601029855851942
good_form,73.35194374933232,92.85238521176932,30.367563315700473,11.050685824381413
good_form,70.6252121728757,92.0406101667177,30.30247991771896,12.48785855665599
good_form,67.0997135399759,94.05055710505972,30.335625535688802,15.661724943401591
good_form,62.787635851465446,98.81784236465087,30.166417937144786,22.15210437322837
good_form,61.25438074396831,102.75565434016323,29.93575268892563,30.62975058147605
good_form,60.1073741691297,102.41667030183815,30.53711411635995,30.588332284120515
good_form,58.899866619193354,104.84537453094815,30.59432781303844,31.860819249920326
good_form,57.63509568576941,98.02652631291404,30.781233184174788,28.454642722566867
good_form,57.82835576314316,97.72819286673871,30.85263899655394,27.827601586141412
good_form,57.7803929935029,98.2933142172584,31.04735795308375,27.724982142299858
good_form,57.325622197108885,100.33522231589431,31.318438062329793,28.900895989989063
good_form,57.67662437397952,101.67777577768125,31.364769488806495,29.625202784800123
good_form,58.29762701571344,105.88512214920091,31.4236490382882,34.01654097251074
good_form,59.127957481802454,103.71601798754193,31.148491659626046,32.75273911014836
good_form,61.033361388408196,92.1158596735773,30.884445276852265,20.395700535427448
good_form,64.49135042746228,88.08612926325927,30.64548251357588,13.925903792309537
good_form,67.20007769561118,88.03373461139006,31.2261554984036,11.115390485320875
good_form,1.9951585265353233,58.38489454308918,38.32481062054798,34.976127818494724
good_form,13.472752867041335,42.32047197249715,38.836971547768115,36.54218747452969
good_form,38.46732033599961,30.24019523940629,39.30607495781637,38.66197560913393
good_form,161.49550915215602,152.56688892891128,39.457468973234455,39.192992753962194
good_form,165.48514871775515,176.21417144835942,40.34557387049674,40.207801353155475
good_form,166.9363022328063,176.66555327629027,40.528587839493234,41.53537259195524
good_form,165.46093336024555,176.2399147309398,40.266743003942246,41.41647586538113
good_form,165.7751561999476,176.34219452275218,39.419931410487386,41.003845811596264
good_form,166.0512253139301,176.7601860169323,38.98881188759877,40.68545827831374
good_form,167.79540558963006,178.63893192200484,38.069298275107606,40.27721366800865
good_form,169.7995011185468,178.15929854605645,37.40362560249657,39.83331866712908
good_form,171.83437291504993,179.50051344053574,36.54922397395402,39.16251597891009
good_form,173.82874244291267,178.854613334236,36.01940795547357,38.70577420850572
good_form,175.2252036282102,177.6195476253237,35.45805992433838,38.46331049474565
good_form,176.71009869641946,177.0561352959226,35.07811643937598,38.21555554633864
good_form,179.7612964177386,175.94081265619096,34.65624075480789,37.842858630293186
good_form,177.75049723825921,174.43231929444036,34.538067916169595,37.488221869345715
good_form,175.78948110975648,172.81891764533393,34.43305811555785,37.17791365138408
good_form,174.7267531734846,171.78791970910072,34.428061212838635,37.13328388154427
good_form,174.14535150766753,170.7912440623801,34.44140321453943,37.12344058479394
good_form,174.03286627957448,170.28971618923916,34.51900607509164,37.29530470466282
good_form,174.0662083919057,170.328677541291,34.583729281485894,37.403749619810306
good_form,174.1300349561459,170.56396259336896,34.604660294513835,37.4233379651421
good_form,174.05221350415022,170.7131437077105,34.58015740058806,37.42679050603543
good_form,173.95146970514386,171.02428840791993,34.56941890186858,37.42587551257823
good_form,173.85865931005995,171.27549982911938,34.38851912178191,37.37847341244018
good_form,173.88718620652696,171.57246463298898,34.23335600450601,37.4074391022553
good_form,176.51885603022453,171.64035277103073,34.62513491192933,37.6332381230161
good_form,177.62444181051418,171.92656102159597,35.121320012817655,37.94681814106343
good_form,178.16909637965202,169.93017316156508,35.533674860032825,38.13207746066757
good_form,176.09949680721382,168.7949115516987,36.182556681404584,38.55586484575566
good_form,171.46868530679868,164.47339071302994,36.472754368150206,38.56435009824399
good_form,161.9149663245239,156.7913889665018,36.54199420941268,38.51765971976801
good_form,158.73452705122634,148.13934759054823,37.590098296920665,38.85739183634549
good_form,158.57991489371668,127.71101595215018,37.6840323177303,38.50929414672319
good_form,172.0335240606549,97.73818443537539,37.86403568740397,37.48084157046776
good_form,172.81849691901394,49.54875802690674,38.08254341862957,35.51426754511413
good_form,18.332671615314634,29.449202746332713,37.70318933441295,35.498737706400114
good_form,8.529414020458958,20.835197960976526,37.347550683065364,36.25121858004678
good_form,3.1472331501260946,14.479308823111255,37.58700818957606,37.915525538379875
good_form,1.7061190458439228,11.4641992230824,38.85986173408685,39.680507286472874
good_form,1.1517128439275834,9.946734073744548,39.50123667150219,40.67926320830021
good_form,1.9275711026424236,9.730294122804636,39.988476882115926,41.193520368133846
good_form,3.8435818731221842,8.200423051040987,40.38845932536728,42.141487650170916
good_form,4.7836376141333545,7.906029562849049,40.86928321842199,42.465482436658114
good_form,4.864582352696191,7.7911669455199934,41.6139827542438,42.528671688140044
good_form,4.621142521632091,6.9361961665092995,41.757180639948494,42.61475850453359
good_form,3.6845439869740417,8.571559560122683,41.75166679101523,42.50225104472633
good_form,4.2402211214767815,10.880877972310646,41.77975827502282,42.27944061915072
good_form,4.076072785831353,12.847660021680225,40.98587693078322,40.803071081798976
good_form,10.206382716191435,18.758090841007164,39.57404700982508,39.015637208112395
good_form,16.24937531589731,30.23501111956497,40.35700469965236,38.53507268450054
good_form,60.23211629555196,73.70193003244934,41.82519945390158,39.504710182713005
good_form,166.88526344403198,122.25417166268542,41.44989687608179,39.95329848558509
good_form,163.66333925350816,147.9149451136238,41.25945561944769,40.05740399330603
good_form,173.75796238456087,161.69246128510403,39.52405904094931,39.62455406993491
good_form,174.99091917701915,165.99942417696715,38.09405570256527,38.89003125853744
good_form,175.7274232285847,167.23289050889605,36.983273724386045,38.78852156372426
good_form,177.04929753126137,167.24876748150476,36.3828292693417,38.16365025935413
good_form,175.34803905585744,167.81842886173587,36.56301325184319,37.71846668324398
good_form,171.21070582750116,166.2233841705525,36.04773514112943,37.496055266381916
good_form,167.9523875126172,166.24019499103443,35.43717281466192,37.80565138331846
good_form,164.85314751520238,165.8856837550826,34.693457365617775,37.86759489771005
good_form,162.0164538668107,165.0623763013522,34.46484957772617,37.82190993092666
good_form,161.34958222918448,164.2318499398176,34.47566188329117,37.85649337947924
good_form,161.3447459985638,163.8905225172237,34.834206251939,38.480717756094016
good_form,160.7295600372852,164.1128052058517,35.03465583562293,39.10330900114822
good_form,160.57157260205477,164.60655424159725,35.19644749227943,39.39499508463469
good_form,160.46459922022026,164.85924895044113,35.29484994341246,39.615638326614096
good_form,160.62013688648938,165.29031699710484,35.404135695475404,39.7326937991562
good_form,161.07578198991558,165.38395322451177,35.5568984209766,39.69689458367516
good_form,161.19583868659132,165.48087538161946,35.58354262906381,39.66025509830946
good_form,161.16931180794285,165.3782491722755,35.51395686264977,39.58343180568684
good_form,161.43494337066699,165.8377693542062,35.37815615507019,39.53537671144837
good_form,161.77147006154135,166.1970336883944,34.825892348991616,38.977761354235135
good_form,162.8659614341144,167.24386018886767,34.44950594199605,38.428118512506835
good_form,163.18671345443138,168.15629292770348,34.300158750696376,37.026026864449975
good_form,165.03230251316273,167.9494407550867,34.47254210355744,35.54281513139018
good_form,167.1010916546712,167.5068194652448,34.24650976842565,34.545182271820046
good_form,168.21539328589643,168.0082778671326,34.469919035324885,34.333483437197025
good_form,167.19704226589886,167.2076500809099,34.35682702177726,34.8332009063164
good_form,163.55164665096686,162.907478477312,34.48593763303239,34.808936527581835
good_form,157.75710929667312,156.51529620828572,34.231320304245244,34.97583599846435
good_form,146.21842430904272,142.92152506526267,36.04412198659392,34.25536919043439
good_form,138.51624623452733,120.82761455107283,37.193045284590774,33.927475423274174
good_form,114.52566998533307,96.378179749191,36.72901377782335,33.590666172766824
good_form,96.92252813441235,62.0432836773312,36.08095609428761,32.274649191200254
good_form,76.08775703351156,34.279309494485446,33.41806854871241,31.884655749249283
good_form,52.629458328679846,23.6756400624598,32.6581010654955,32.77836254967553
good_form,37.5153267315515,17.56691201403087,32.96821738387967,33.74555562435506
good_form,25.172371402631683,14.684266715776836,33.85260487958943,34.36700450721807
good_form,21.756203034780697,12.439119730778676,34.50313083702498,35.34470107926141
good_form,20.33628549166692,10.968192867110748,35.045025735317154,36.1377165158564
good_form,18.735899542529715,11.046156733337279,35.50784762672998,36.52491198187141
good_form,17.292369397171342,10.915881260341688,35.84315734714567,37.01799937730854
good_form,16.894990438251828,10.078229270397022,36.12209585542224,37.41501802249636
good_form,15.906783770909005,9.88978164657652,36.26234423684839,37.344919257028664
good_form,16.053829737342173,9.779178454720821,36.30946778364106,37.35429716683412
good_form,17.507510897400852,9.685175330542505,36.38450677032804,37.20628848717514
good_form,20.339215496186092,10.42944651718875,35.915238866225856,36.96798464398357
good_form,32.10246408829956,9.553447865977914,33.02740604438192,36.19247446659399
good_form,48.931447549877255,15.019142923172177,31.20081372287707,35.1022274356346
good_form,64.02558599147483,33.38888759194291,31.367760597409852,34.794093056052326
good_form,84.45583567366967,83.17284686660444,34.05739986888515,36.03743343289119
good_form,121.4850006270632,139.02891136117714,35.12098308862782,36.79055067448942
good_form,138.8309053160969,157.5835102677137,35.407204809533084,36.87403825300817
good_form,157.32609082670547,166.92056396113824,35.76853188595018,36.844300757777475
good_form,160.94007497155673,171.41804665263723,35.43468056912997,36.98866129922061
good_form,163.85435991474523,174.30195810855696,34.500461230112286,36.73650794278671
good_form,166.21192963176304,175.6061214972061,33.78467794280019,36.11400350070876
good_form,167.44005593306082,176.17269346528042,33.28618783793651,35.52169419607729
good_form,166.76788078074787,175.9247250705905,32.72168359924242,35.13557838825963
good_form,167.40275976081506,176.31656757236772,32.615351250724444,34.95195937079125
good_form,167.31855837840763,176.69256524539327,32.36955433036694,34.82143295170645
good_form,167.02285823139468,176.01577599557413,31.79716186455467,34.5975811782534
good_form,165.83159950049472,175.54847171220166,31.345029703202037,34.39965165110856
good_form,165.0738515184309,174.97094927936493,30.978210112923946,34.201594400737704
good_form,164.8588872420405,174.78400043481844,30.799394965501865,34.10522202749314
good_form,164.9085021648717,175.1314731525504,30.707414933710236,34.031122919647366
good_form,164.9107105640449,175.32469424463574,30.718452301716113,34.08721708991045
good_form,165.2131501271418,175.43944162012838,30.623120243829362,34.11709323675045
good_form,165.38002853974473,175.47770241608154,30.628274720821075,34.112056692250526
good_form,165.80933478836212,176.11350037074456,30.5598280063704,34.13045506496425
good_form,165.7380694050424,176.81826504451428,30.63208981983945,34.164322355738555
good_form,166.20067776760956,177.84270992106448,30.7842861661088,34.146524981283584
good_form,166.9850436545949,178.32606380598202,31.314156095078708,34.30516223441047
good_form,168.39850306795282,178.5037256605494,31.884793756853565,34.628321189454915
good_form,168.54725172573742,179.16305548677866,32.362501386083615,35.03353046085212
good_form,168.69880021478272,178.49736013136354,32.76414008671512,35.865974072203684
good_form,167.1293190347389,176.5234073894552,33.188940502902604,36.68822343644914
good_form,163.25281086687062,179.18298703360728,33.87944968698974,37.30053220435305
good_form,157.98021889370847,175.45424013205405,34.812256916216434,36.92930954515754
good_form,150.6036364368689,164.03772590513032,36.331316068369745,36.152068703481405
good_form,140.32685629791223,148.00486796881032,38.55821184557157,34.629370275678774
good_form,147.6735602410294,127.7296635479972,38.40873410083605,34.63219697056864
good_form,91.37347620762309,111.62853643374831,36.984432587947296,33.87226257045155
good_form,32.15941304110236,82.51045461366719,34.46264034224132,32.61541010237315
good_form,20.282974594244624,41.853795771185936,34.65192676376053,33.38311171406809
good_form,17.658655195387244,26.260695431758613,35.45714452647919,34.85816827953172
good_form,13.387315077470769,20.26448473577486,36.42689817665149,35.666456643783164
good_form,10.504315517685308,17.39722689896341,36.693062676437854,36.900136445920786
good_form,9.846541609380408,15.537725321948328,37.008882996524704,38.064648855813026
good_form,8.892460560375875,14.382816448958103,37.327137830333434,38.77619062249431
good_form,7.40676586836456,14.205341072336315,37.488081626043936,39.26122378421526
good_form,6.873745763965715,13.641539780582756,37.680982104199,39.59596595275455
good_form,8.146695261434445,12.640099987021648,37.70414281120817,39.48835033008951
good_form,10.569635241055039,12.248430004420987,37.38687350446195,39.528625448820165
good_form,17.827312892320474,8.963808332482472,35.54914474303965,39.42181290726455
good_form,24.87106587088141,9.926271157385914,35.2126370229547,37.95060867241305
good_form,44.07143988094533,26.164199792400073,36.91561575715025,36.0371421844025
good_form,123.50356485553793,78.77986306851771,38.38890591900662,37.59082155489987
good_form,156.65792588163387,179.35053649147062,39.00632010310251,37.53600291999502
good_form,174.66147549064752,179.51381811140322,39.971208979033534,37.97067180905207
good_form,176.64080742925222,178.38605377649037,39.06999041284349,38.41580284377045
good_form,177.5090674286662,174.23759195844076,37.15505267867917,38.018265504344775
good_form,178.28183271346228,173.39643059973648,35.89254265636375,37.460325230580594
good_form,177.63375527251463,173.4596134706754,34.76674630755539,37.1574821901367
good_form,178.67384139326367,174.83874757461155,34.54271573567464,36.87941834524156
good_form,177.2605162748602,176.7051314098246,33.66491110397238,36.00110074688313
good_form,176.13733205847558,179.3950469945408,32.94028938161844,34.98468738024433
good_form,174.94904849622057,178.44816558099214,32.310723417257805,34.386880016778456
good_form,174.40292603826285,176.20949977929445,31.806492514070637,33.70808004321335
good_form,173.8569373471179,174.020293073808,31.40195797350871,32.910726475399024
good_form,172.81815101281228,173.17144796747675,31.259053395155938,32.39387182696237
good_form,171.18006284008354,172.19733217118193,31.15205147726055,32.05943572082625
good_form,170.59911483778026,171.65588488748963,31.145093137976975,31.938336603804014
good_form,170.48272817848314,171.4752109653003,31.080471590637842,31.966026394941505
good_form,170.21897823284274,171.14544239021853,31.06039421860966,31.91435091758225
good_form,169.86939784187595,170.9534287428598,31.219348219076046,31.976905814779194
good_form,169.99321510794178,170.91991566923028,31.329090947166282,32.08402576348589
good_form,170.36415539403268,171.19593898162321,31.492601146034463,32.21746299894435
good_form,170.5739508494472,171.17943384848328,31.64595080014809,32.31681424937192
good_form,170.532890268726,171.55528452563004,31.623992696037575,32.512885919561015
good_form,170.2935526195254,172.3590119004991,31.55590702714756,32.877496363556126
good_form,170.59830832812125,172.71497922332512,31.893003484660866,33.44404322648744
good_form,170.87239135432986,174.20663244688964,32.323405161103594,33.84474903363635
good_form,172.90884432331887,175.31976288829586,33.05163274889263,34.44148621697719
good_form,176.1989812634389,176.73315686667428,33.92333887923617,34.7838680919431
good_form,177.55122365915415,177.91521545629334,34.50150928310264,35.052699497502054
good_form,177.01438250584215,178.16122025524112,34.63652414879718,35.437229290385105
good_form,177.4426564556673,172.44085409869624,35.45987063026302,36.00893070944156
good_form,170.9854539640615,166.33519610128928,36.845535307987475,35.78588490449982
good_form,162.84081511415096,152.22758186354585,38.49651424289025,34.845415119331115
good_form,159.8032632192161,133.39684032913232,38.429983622423556,34.30170919028023
good_form,126.81947392769895,114.8191574438165,38.28227071885574,34.35192676211442
good_form,128.17748887943856,92.68786846492925,37.37698191417786,33.67070258950694
good_form,69.40485474974201,62.764755948723895,36.596085578249095,33.21246599372292
good_form,30.801844453372276,37.703263779822606,34.76048661344928,33.314808572413575
good_form,18.15561416080359,23.994239589936207,35.71432539115457,34.25745663618494
good_form,8.524931360322327,17.775359405776868,36.90712299493637,35.05345768461706
good_form,6.137364926345287,13.597283247776216,37.986229478095716,36.16963757443885
good_form,4.200211233391851,10.79133932742848,38.50092369431697,37.453641052294536
good_form,5.35721483622935,10.067352326123414,39.17232116040958,38.050845126250934
good_form,5.5569375218888695,8.914841642119958,39.661393923996194,38.69508140324579
good_form,4.1890377093846975,8.530280380269424,39.891220701097886,38.69862739597732
good_form,4.731740935944201,10.215129028221217,39.59229186041764,38.09192632191524
good_form,7.991733196217394,14.695600164147265,39.3665074453268,35.27483632022176
good_form,20.837146289859167,28.019796227813334,39.454068026602,32.98241364429671
good_form,51.54568606397877,55.27256003517854,39.15692514540179,31.501454082592986
good_form,69.44411142930358,109.17709228808287,39.74160894558279,32.86872064019584
good_form,146.32280225119936,143.8823670821051,39.05648112531013,33.710868424812666
good_form,165.90643271142574,161.68745120050121,37.1617084239234,34.68453245025412
good_form,173.45904368281762,170.5739368193631,35.991537101975055,35.17858319118079
good_form,176.39103877829334,172.14805361788797,35.112273910101955,35.186645198673226
good_form,176.66012115744402,174.55320484315476,34.305031945674806,35.240647853283264
good_form,176.53693761716775,174.80435631820094,33.41855755873248,35.16331758492799
good_form,174.60686145582397,174.09068804363844,32.513548739881806,34.74982757884878
good_form,172.57114139920483,173.10369224677413,32.00604180312979,34.3882851164368
good_form,170.15648893980784,171.76064195840993,31.486293180122978,33.8822754059929
good_form,167.94779891988588,170.6857417620077,31.076870413481426,33.508241006301816
good_form,166.11918922437152,169.9759348657597,31.22422444493463,33.46326308865
good_form,165.0393362510433,169.3768946950809,31.72984200577072,33.392470750910405
good_form,85.02008794832035,94.95469296865588,24.514991729316854,29.172991753023027
good_form,117.5987126136257,111.37373679643304,29.524503072130276,30.371897801594876
good_form,140.96142007755947,127.05182926734304,31.366763629626593,30.984022660659914
good_form,158.99316259851668,143.1336403055564,32.7974600076684,31.4157637225178
good_form,166.92627524144075,152.38266137475648,33.476686994395926,32.013130784428284
good_form,175.14061024375482,154.86771779081715,35.135897104174845,31.22952395739715
good_form,177.7364538938354,157.87128841756734,35.01770372203102,30.959007294769545
good_form,179.85264765754357,159.2662214945325,34.62404437959843,29.963540361954205
good_form,179.63695108175614,161.2877376075591,33.54608511666916,29.346045403623094
good_form,179.66777003598818,160.54473650740934,32.9673520878113,27.98968699922323
good_form,179.64080306372944,162.15780599427487,31.945926528118516,27.4651606622264
good_form,175.43054966867697,163.2713405116376,29.40219194542459,26.80989529068256
good_form,174.1001831675065,163.72595372134853,28.428065383369326,26.74304365351978
good_form,173.65543422217314,164.86174648703343,28.229356497885796,26.50144515288544
good_form,172.64151030274058,166.072659057344,27.567078723678986,26.114826949369913
good_form,171.67019187283572,166.87523421121398,27.202568321806947,26.048613952355623
good_form,170.9997280736974,167.20007483777107,26.72199117126319,26.009201371608714
good_form,170.19857159660057,167.0756551887656,26.51423085613587,26.05760314790781
good_form,170.05120628766514,166.04452761482065,26.670245123974265,26.202559902860003
good_form,173.13174920573906,165.64662463659462,28.288377303547026,26.186971731214694
good_form,172.05991458593104,164.55850720156855,28.297219723748427,26.163625754527892
good_form,173.93069626150225,161.6785755329139,29.83675714363515,26.33146359332933
good_form,175.1069513355316,156.7408565475502,31.936993613396755,26.328924652381087
good_form,176.30091698165825,152.66772517136135,35.8422456853393,26.862963734506376
good_form,172.9264257289316,149.54491024851123,36.767628026449046,27.389023912762802
good_form,163.51802648775805,141.6702928206227,36.59362118609308,27.686588114602653
good_form,150.3248927082776,129.98502356102634,35.80685296748109,26.799766924779355
good_form,128.33080265958606,118.12731719759242,34.51498321347746,27.487462066118272
good_form,97.14927141015959,102.03000015799813,33.96139350707802,29.366360367342043
good_form,79.25401449336556,87.18491215838458,32.18489020442213,29.442850492868153
good_form,63.172357213705894,71.34530525217438,31.265616363109213,29.841232344957564
good_form,47.1043754783122,55.872929835394686,31.5001022636714,31.435388048669264
good_form,36.241674497430736,45.92843923937276,31.45105492188311,34.406728040854325
good_form,21.994527630064795,39.11107711264068,31.359172793496658,35.00545631695219
good_form,14.322124644541251,34.31264631035449,31.662261028445226,35.54093677295432
good_form,14.498576148771164,29.176884152777802,32.09409126185857,35.143816651439586
good_form,13.17535054888961,26.502172080192693,33.013839813669776,34.81712814567623
good_form,14.988062765874075,23.305691762204113,33.51857568149368,35.845028028720876
good_form,16.904323924762238,20.40811363681464,33.87471268651006,38.02742925483945
good_form,19.375970875213444,19.38164641087554,33.41397054474581,38.57562432395544
good_form,20.18789306263906,19.731342852417683,32.652662546165054,38.11948200032761
good_form,21.03826256267909,19.138162185577873,31.63877657442147,37.832670171709836
good_form,20.855420142106425,19.559313302397825,31.39069339577213,37.33810827397897
good_form,20.64057997906656,21.1724345343569,31.057330580847456,37.2736301435418
good_form,18.979924790101073,25.246257294358685,30.144027829666456,36.37590194625565
good_form,20.29219523156592,31.399122049076606,29.36132620593076,34.663250784603285
good_form,21.560921254895145,38.3950141921115,28.72833854742095,34.841670423620876
good_form,24.693228557702763,46.498247680662075,28.504412859221134,34.26308383484689
good_form,30.704581603090055,57.66675915734631,28.841112384197235,33.02440849481338
good_form,42.1071650312915,68.81605477608264,29.47452713319893,32.86017000229723
good_form,56.502166160655015,83.66391036300585,30.335360565612437,31.285287229500153
good_form,75.64973825952404,99.19395188153584,31.74788577959967,27.029502879639697
good_form,89.39327288264691,108.73182582168258,33.35777655846521,26.409328195903033
good_form,117.22153765890056,117.12536235432054,35.49225114292441,26.0096695540753
good_form,143.29809826582394,123.90910718835855,34.761407898313735,26.03751917178506
good_form,155.10182298574088,130.9194275924356,34.817391704617016,26.23507148809349
good_form,168.67157287605747,136.7833934235239,36.08841479145838,25.713688249443685
good_form,175.49414381049684,140.8116274393695,36.43548899888715,26.223479001953322
good_form,177.7068607991627,144.49364709352187,35.823108120170204,26.3053175497832
good_form,179.0808750440329,147.87022585194066,35.46483167594011,26.12939429271914
good_form,175.69430055144977,149.9124023326807,35.4886264816552,26.100258796348943
good_form,174.6697275793943,151.91303068614042,33.84793934623249,25.994396444184922
good_form,174.83530156308285,154.20946108256496,32.9025480447097,25.61855519321203
good_form,179.39558855939734,155.251819447515,29.878549130434166,25.265273843734917
good_form,173.84196807971588,156.1570687677662,26.34653192910987,25.15038286381366
good_form,172.39563341833767,157.3795554266337,25.31787771937355,25.299142513462243
good_form,171.36727109528167,159.21163991395431,24.851540920966706,25.657989974379447
good_form,169.98118984172578,160.59791187159914,24.390829456985056,26.122994895267023
good_form,169.78281924981928,161.78849377231938,24.53618812995111,26.55921571078306
good_form,170.11592593703517,162.5753784763479,24.632641088308816,26.851323715121524
good_form,170.1226990253847,162.49891519152143,24.746774540640356,26.86906977127884
good_form,170.74499350739066,162.3889430276054,25.17750209106701,26.850548087693404
good_form,171.21960156086726,162.46779319737558,25.64809367542169,26.855983703516483
good_form,173.27652190015985,162.52847006843004,26.64156229574542,26.754827199507766
good_form,174.79299570420534,160.35885891640706,27.658179009008375,27.009942362585498
good_form,179.74621190453198,158.18259847133228,30.990695042303,27.27243338062521
good_form,178.0076662759356,155.22519360106602,33.84321878107045,27.430588774068266
good_form,178.75243194265164,152.7344902143477,34.579533754205286,27.981401585927173
good_form,176.10962189987004,151.0650496749765,35.444296834050164,28.837670315255163
good_form,169.0049133968504,145.31876481025924,35.825141440108524,29.01697624999853
good_form,161.78147340105562,135.38346206355962,36.299740847752005,29.319043177730023
good_form,154.7587674228372,121.54661070827405,39.26047966738954,28.576646969891762
good_form,136.3569006341966,105.15433379040246,40.31394604243297,28.324974253216496
good_form,99.76844274585346,90.97593315246448,39.59394458534337,28.01552931150731
good_form,70.08647447084536,75.61143130418418,38.25148008875635,28.848718317189842
good_form,46.07729024515492,61.02129681139593,37.161387736949195,30.41825703048472
good_form,30.87053905669799,51.2231903709232,35.935067861377995,31.339648628070652
good_form,22.67582126729102,40.54328161464907,34.75476906285372,32.84700236458203
good_form,16.22648225992754,36.76995790309823,33.99525992811539,33.18374148887655
good_form,12.16414697930995,33.29778661517733,33.58013065952623,34.890944499779565
good_form,13.713258303750498,29.50451565162773,34.31148293937195,37.36186290078557
good_form,15.453834686784692,28.28439104595679,34.820881713780544,38.18697332615346
good_form,17.156367404502753,27.647423506785486,35.28882645257756,38.18031399047257
good_form,18.432620989919798,26.97469575850708,34.87236003950603,38.132516545989034
good_form,18.94628312445517,25.843015075585786,34.7045865653593,39.12322374069412
good_form,19.169518128170914,25.81901090767462,35.5565526230325,39.659342536030515
good_form,19.41884584588839,26.20525909788272,35.80818393668521,40.17128225256058
good_form,20.44907120616394,25.78149280276351,35.7072229084553,41.04606250283616
good_form,21.0582446345171,25.691446306465448,35.14382040427466,40.77157009975355
good_form,20.332136110279187,25.939683433499837,34.964219553591334,40.82667765437755
good_form,18.31451178615716,27.908854216343418,33.9944856469236,40.473110978966176
good_form,18.281469134369456,28.985506662834215,33.971454549734574,39.847925570987734
good_form,17.91711502461762,31.36501814494671,33.573760120930665,39.377268588755875
good_form,18.077265261325422,35.83269183994602,32.59250260746128,38.12419054080439
good_form,22.879760760721094,41.82203584894694,31.821448922164112,36.85201589235664
good_form,29.933582904296284,47.84563716046969,30.039202099085106,36.8054527420265
good_form,35.97688986704211,52.288139911823656,30.124573929742223,36.08323289412438
good_form,42.29932671840818,59.69297328415178,30.658670587972093,34.716966030450365
good_form,60.597645210988965,73.11528759959168,31.87055355859237,32.80185949339131
good_form,68.5375712479234,87.12702204247898,31.427057290464557,32.32923866450422
good_form,84.95620964542948,101.285312650972,31.399269296558867,32.045901355576895
good_form,95.03093501250835,112.52243513380813,32.91256274918612,31.495893792980496
good_form,127.62257732981126,125.84155524000298,37.49213149734228,31.35399949766322
good_form,148.00262916923373,133.32189192543635,38.07417818794076,31.194265779944462
good_form,159.79619240035993,141.63584351698447,36.98255015938898,30.771203777300016
good_form,163.86871401183413,147.4207273671799,35.993883533784754,30.502434933682213
good_form,166.08985576979958,150.42632361217468,35.15317221842962,30.02862440231683
good_form,172.9155734593344,154.44930715567082,34.96305278192595,29.765253988562858
good_form,173.09009772758188,156.66860177082344,32.587028991429236,29.22965814854704
good_form,172.33278824182597,156.77936255185662,29.969167253583777,28.22397832883053
good_form,174.7666756464824,155.82844305260494,29.598919508678303,26.894680620084607
good_form,175.8659785403544,156.3977420583983,28.57828375669824,26.373366975477115
good_form,174.5877472276699,157.2146102339285,27.04536834679659,26.23241790405132
good_form,172.9846163114227,157.62735553957765,25.909856637402466,26.08779743568277
good_form,173.536013221734,157.9215995462351,25.780928036277324,25.97469653243622
good_form,173.6705373116446,157.85767906329912,25.726911835246487,25.838849077076585
good_form,173.65538662855673,157.729973568617,25.875577125396774,25.79077051610856
good_form,173.52831279723554,157.76845017429204,25.931401063528114,25.83732734426125
good_form,173.4789696564354,157.61085453903038,26.038685892910284,25.73266657156336
good_form,173.30598125232666,157.5057485070652,26.26063006597869,25.85480295037853
good_form,172.85061925245367,157.43928064334412,26.37675896734182,25.875848860229997
good_form,171.65700090043683,156.3597123326787,26.606561137739597,26.07665959269166
good_form,172.38427898618005,153.9723223609722,27.87384479711226,26.37313853611761
good_form,169.22422805045431,150.9571062945138,28.236350714626447,26.492150399794063
good_form,163.8169513223234,147.49203377253605,29.79112424966205,26.702257300954283
good_form,163.04569215063717,142.58410281190257,32.500288188212565,26.677917411057013
good_form,153.8478269603484,134.98227808421484,33.7462372615934,26.82695671270668
good_form,145.6859357775592,120.257688451371,35.545053187385555,25.752451711585408
good_form,136.28857097441704,106.36738910089412,38.3493842358895,25.416958075171955
good_form,108.81654719437125,93.76183942868835,37.04935541888215,26.869402298442655
good_form,86.55514387628892,77.79193913096509,34.0903502354114,27.880034111619395
good_form,67.24868683443181,66.71558214425583,32.68183088959228,28.655267240489945
good_form,51.15905588732179,56.23754437632037,31.987649675384922,31.016556757431363
good_form,37.898735510787304,46.60938748416508,30.36750433057249,33.45840540474544
good_form,22.82921585640205,40.96363692914682,30.382044623093456,33.87571766433611
good_form,14.236631680559764,37.22467399970515,30.175205568240038,33.73415348849962
good_form,12.515408149030547,35.03078034839828,30.658442633826187,33.772260241074065
good_form,14.32754313233324,31.2491009553113,31.289892751754575,34.47251834865096
good_form,13.056652363576491,27.661901152334252,31.914251331215244,34.99941252339585
good_form,13.7419711449074,27.15053869578573,32.52322108924401,35.38294491749495
good_form,14.456651275365472,26.765405806332492,32.46372441454272,35.95459506703022
good_form,14.70652623532441,27.180160980436348,32.42691276372712,35.99875050566105
good_form,14.6288727620501,27.020856226808586,32.6033302945904,36.33691026186803
good_form,14.23938276691844,27.205040388473893,32.88879330726784,36.501601632691525
good_form,13.75180280774065,27.904075469100086,32.7660208379041,36.52417087780088
good_form,13.805295025841144,29.53373942132143,32.794026876006555,36.42246357594959
good_form,17.68470516225242,31.219142725742323,32.17453229371582,35.5518473671569
good_form,23.46187824065807,35.928976646389856,31.455076298722172,34.20530803733208
good_form,33.043996880143425,42.158374600707575,31.346260973490214,33.98652036562129
good_form,43.986216825489635,53.73869134678658,32.405026232761905,32.20887946670998
good_form,89.4524116387143,73.10308007303868,47.02780419712048,31.285448509503045
good_form,130.59801433072366,95.3763688363881,50.50086996519262,31.162731735098163
good_form,153.9463847199447,115.70457828787355,48.235510957084145,30.84796522735267
good_form,159.22615663490416,135.88432188191922,43.01202581913823,31.412958907061803
good_form,161.63736609503417,150.49502625468205,39.40688153489239,32.102755118730975
good_form,161.87123279481372,160.8153398315308,36.70937651370767,32.664652873585155
good_form,165.02527228778092,166.25759675466026,35.68921105171935,32.626088120412945
good_form,168.45676898013744,170.02886845600185,35.21359136921051,32.33385561878672
good_form,169.05443627331573,170.87908792497453,34.06630241719211,31.575561187420977
good_form,167.28858870604597,171.50535684532926,31.918797528797104,31.32549119390765
good_form,167.47737224615796,172.26733236736246,30.453272098662577,31.140164846518747
good_form,168.6361279049671,173.9362715230602,29.542975905113845,31.38603764918216
good_form,170.01959937923573,174.76590664132698,28.880142182432344,31.67176128076697
good_form,170.63414360023793,175.2205566730344,28.663851106378328,31.829330294037668
good_form,170.1764860989831,174.7081939330638,28.445321298595953,31.65282070785216
good_form,170.18682840963515,173.9142607615628,28.65094064745258,31.76512066254969
good_form,170.06908102872234,173.45233040025917,28.63093334140498,31.933713672866073
good_form,170.42160795867082,173.36048259247548,28.4779020183078,31.98937557129532
good_form,170.49346430793804,173.41828152592487,28.318744681353145,32.064496444170246
good_form,170.23769000507664,173.51305299840092,27.8123718270399,32.16583744957643
good_form,170.26213688824632,173.5866283280466,27.61116182568019,32.21987606508608
good_form,170.44514419497582,173.87668761534533,27.54252274670627,32.214576168574595
good_form,170.92544922287814,175.44873225044458,27.55641406031699,32.11721405623905
good_form,171.3991013478901,176.67960096127914,27.566835502056705,32.09864144180726
good_form,171.567710600212,178.89051769568073,27.570291610484183,32.138093092320375
good_form,172.05257166365251,179.42410810367872,27.513237525626298,32.07010070719359
good_form,172.34320787500783,179.95764967057775,27.540066016398033,32.07416355122401
good_form,173.08764489569577,178.31106897973436,27.498251462703443,32.04921767583197
good_form,174.11379081297002,176.88265660909656,27.580125643584896,31.93086385516784
good_form,176.3473082305011,175.7572362978411,27.512166312874225,31.925814174652245
good_form,130.31849453168434,131.79915677038636,27.21258700791761,4.0049485654851456
good_form,128.99686811003227,122.84573642627689,27.80581238459494,0.9843226179542497
good_form,124.58146702874794,114.87526885710692,26.81826654410545,1.007480694718074
good_form,117.68064033317982,108.23840401222678,26.63584260243897,2.1622571961772095
good_form,106.82397562573786,103.29792505513977,21.5422038352522,2.1696770072084983
good_form,95.76140811592961,95.09538450536218,14.499534063787655,2.087527615250202
good_form,90.40947123058828,88.42066832483096,13.883904133794848,1.8067798345605017
good_form,86.12941805661298,81.74190639548614,15.281904765263326,1.8781066027717535
good_form,87.31158299402851,76.59983334849167,21.050469256571287,0.8648269678147077
good_form,88.2062947130183,72.67282937155933,29.48877718952379,0.8225323888868525
good_form,84.41048016461919,67.97488161442612,33.88119114977898,0.9352122506298376
good_form,74.21007243605034,62.4550920274922,35.28156823356421,1.599775376094106
good_form,65.22780788943048,57.69732717954498,37.6934267177181,2.4250438974771584
good_form,16.176905116799702,52.66388235176064,35.21994014084766,2.3462770988653467
good_form,10.086725276333,48.60741611094185,32.292495443894175,3.108219951242307
good_form,8.41543718066334,46.83062802577742,33.6748613206315,3.446773462707416
good_form,7.958009369409127,45.80262905535743,32.26220148966966,4.006604944399581
good_form,6.770399103516455,46.09492638843314,31.963510846630534,4.199244953979242
good_form,12.493550912567779,45.57472992155893,31.966249510548042,4.257524845613992
good_form,6.342342877764772,45.52974463661615,32.23647155273935,5.281892845847821
good_form,11.737975952163028,45.224299910865454,32.52077222033888,5.391223250596639
good_form,14.35285467617479,45.11365509573642,32.40728467719005,5.469573361647153
good_form,26.019693155655204,45.90924860629919,32.01805636116667,5.665326749602092
good_form,36.92201385888661,47.153568610073265,32.12118154904793,5.416620586434082
good_form,40.872723216174215,47.707677947279635,31.888664727478844,5.34642574946678
good_form,52.19096480695364,50.90277070932904,32.2472171548991,5.115652172030358
good_form,66.34217418763663,57.75258807054142,34.94383587630593,5.01442503029959
good_form,78.31476416856546,64.12148512335979,36.992240833686985,5.120612889225002
good_form,86.38293709398916,70.18007152575464,34.413318813869495,4.753594142015058
good_form,96.01088602824717,77.11560360677142,32.528273553204414,4.030000442522078
good_form,102.09358232082484,82.78964364717405,27.845307501370876,2.681736028234667
good_form,107.26359527693798,88.97076893621208,24.129528149874076,2.357727896178303
good_form,107.80498904043876,97.82438762457654,20.93321545805599,2.404673414385355
good_form,110.43203986956195,106.71299001561135,21.125315756646845,3.1949845148616576
good_form,112.94456877912043,114.20657386483589,20.974113664631705,2.990482442575522
good_form,124.19131414657458,118.35804151755315,27.204278919805528,2.1009275843247868
good_form,132.6951402253304,124.34283695344922,31.020939784818356,2.16584715205818
good_form,137.0555807242961,130.2539394552673,31.760100490294946,1.9069559679196737
good_form,140.97413908418622,134.20302220732214,32.27692219229096,2.347856088620866
good_form,140.8133827702644,137.60512394114778,31.086280018754685,2.428658255428273
good_form,142.0358434850857,140.7469745386463,30.07830986395472,2.4951282432375703
good_form,144.20162506447667,143.632119851916,29.72536588066319,3.112472266182353
good_form,144.78448248092388,146.24265004706382,28.63780344875683,3.0192514604800254
good_form,145.73498337340737,148.04019219960887,28.221896226833856,3.043982372605527
good_form,145.11157234450891,150.30175082454946,27.41987277218723,3.0630492840061754
good_form,143.0785502333008,150.8087105770214,26.400572357863208,3.122495661723411
good_form,141.39443222305533,150.65257878415983,25.493672337783618,3.113609343209578
good_form,140.6688441845026,149.8963817660124,25.318393268484,3.1324817539165286
good_form,139.39087274355467,149.39790518282206,24.84151165988053,3.0834657829974605
good_form,138.96903125812423,148.6089991164681,24.85959785190846,3.409646592919071
good_form,138.90329756319318,146.60176920820942,24.886101738731295,3.431365671504715
good_form,136.97949151009425,143.83541935602253,25.09608638701694,3.370448724670234
good_form,134.53961851134602,139.29246467950782,25.162804264032747,3.29318099223696
good_form,132.05435473777084,135.14559029824812,25.974649492954285,2.923830098242869
good_form,128.80886150949092,130.3442787506917,25.68099918352757,2.836543213520504
good_form,125.64026997260247,124.34879007910101,26.36618740841995,2.593757261951972
good_form,123.19227786073712,116.79710257236918,26.924284682890814,0.09095793521126531
good_form,115.96695245369308,112.49231757485792,26.022784809155922,0.573572603105689
good_form,108.60505924277797,108.10476481612474,25.104775030882834,0.8108610901468766
good_form,102.14656293668159,105.0013002087573,22.998753403513955,1.0437179604787004
good_form,94.43549277828701,98.75134075129154,18.434670426182702,1.1675172800913443
good_form,90.55298194890695,92.51507064075756,19.225146462398715,1.3545748853375341
good_form,84.51593987652832,88.0384148980926,22.54059021503111,2.430491488168564
good_form,83.76944008388236,83.20537267325138,26.44973140971767,4.771085883745372
good_form,81.43769524955142,79.34301049853117,35.39861672862692,6.150698529247885
good_form,72.68377064056993,74.74076458033686,40.448894301062005,5.86571110675662
good_form,62.12488327858984,65.32424872172803,41.31044309686405,5.207876972720036
good_form,41.14724404256243,57.66225987728521,40.85563196061885,5.265421658374782
good_form,34.67083527660021,50.53697198047725,39.633349979847466,5.162896351136377
good_form,19.941543555926152,47.66154617172632,40.275221880835815,5.373357514502365
good_form,19.65334916741114,46.48462254558191,42.296769331174346,5.53774008491513
good_form,22.58696195319468,45.06390691520629,42.50609798091315,5.472090324267739
good_form,15.904068214639002,45.090973092580754,41.04281689849318,5.310651568438686
good_form,20.02070990313492,45.17861246421092,40.20035693942306,5.23129589403401
good_form,23.808478695276794,45.529389364528434,38.19168635142783,5.12476807317348
good_form,18.198464233557644,46.187557125211846,37.144798030899786,4.876975916419391
good_form,17.567401267881827,46.4435811615317,36.8543390996468,4.409289088763766
good_form,23.97128753485393,47.091002050850484,35.787770940788974,4.354597999158918
good_form,25.994200352734318,47.37564495225017,37.436423952193756,4.651282227668578
good_form,46.94793592105998,50.5869894528561,37.92887227351307,4.833447524680047
good_form,62.94828128467439,57.665209216221946,39.0131555286306,5.212101511741153
good_form,73.31331992257,63.429837998468415,39.92510171913324,5.489661965562571
good_form,83.9268931841332,69.99710285638952,37.077163907944595,5.323831254425248
good_form,91.3120120001763,75.05981420611099,34.730601698340344,5.172292610442373
good_form,98.05023783233325,80.94794445372936,32.91113597574032,5.381668092770903
good_form,100.76383202767725,88.19287785496616,26.223446068409224,4.85071417962469
good_form,106.9433210324079,94.8744199878559,22.569057107625486,4.0544319967217595
good_form,107.81216858629625,102.67684698504364,22.00397625455773,3.4378284348306924
good_form,111.66246140278852,109.3007274850537,23.985892251941383,3.596324957125655
good_form,119.205705667624,116.54738272635446,25.945784092149854,3.7283258854178394
good_form,130.74387767216734,122.15618854644538,31.084155873284114,3.2308872656688172
good_form,135.1858904507259,129.69533940746987,30.59069178671944,3.6199796948085914
good_form,137.27928415119442,133.87763440623715,29.828416897564512,3.2428147885964567
good_form,139.58241571746942,139.8830183428503,29.12380046376389,3.8408731761629036
good_form,140.3671217299766,144.94975210624233,26.851297072829688,4.881311983912791
good_form,141.10404264270323,148.73873357601303,25.925378792632443,5.757509179982433
good_form,143.0282711914341,151.06439875996463,25.489894002706937,5.585244827877437
good_form,144.35693857244286,154.63955223518545,24.95417902716131,5.825675267426155
good_form,144.6352656628294,155.90517743122373,24.501916845071595,5.688736624551036
good_form,145.35849318001857,156.90748419838792,24.31383648176871,5.769228776529294
good_form,145.90513339620006,156.9636243061858,24.279954779700297,5.856350497772023
good_form,145.66239079779763,155.11214523535335,24.307493923120745,5.763438177295929
good_form,144.2653800865864,153.70582698581296,24.2159229974285,5.775052050156735
good_form,143.18356763188964,151.4106090933222,24.288050668612392,5.650125587702159
good_form,142.74778893722024,150.34427039097696,24.484785156508728,5.637862519900694
good_form,141.65672226601183,145.7567097227515,24.76581386205074,6.399238132125494
good_form,138.93170645508724,139.98786550990155,25.132334943748656,5.665193706719254
good_form,136.94301099574218,132.35862628212666,25.699872098181693,5.134114488625582
good_form,135.41498364531108,124.63452012048647,28.005123083296763,3.8243126698994634
good_form,130.80086912491745,116.48646452700754,29.328177264509364,1.6772697176957134
good_form,123.48297952660187,110.34742332139854,29.193777910671255,2.1529420103732244
good_form,118.07191449588412,106.8253039494625,28.667126228879045,2.283766051082104
good_form,107.38621479233719,101.3069707691972,24.033149663221767,2.6111022375274713
good_form,99.73603792138044,97.00066702939513,18.351949615578167,2.5496457828813877
good_form,95.1121418679848,92.89364299264076,19.479553798307812,2.8216711740072884
good_form,96.41551761827843,89.98664365039225,22.24819277118076,3.801230534675334
good_form,97.22385026894412,85.97046957399908,29.65425168156248,5.2654332190591235
good_form,91.54688517130126,82.7894873951871,30.499411026828458,6.581010523176751
good_form,88.20369608919384,76.97967763077426,34.500498619155884,6.410111594694913
good_form,76.90048121342932,71.52397408380624,40.90954414063238,6.294938363182399
good_form,64.23923337876715,63.389490780413944,40.101043558570424,6.384912925817998
good_form,36.951871320878425,58.464197447520434,39.10922627907589,6.365037893364382
good_form,26.096549604325514,54.43366764155909,38.358180224563746,5.758780563904402
good_form,30.912956965187682,49.72016273564627,36.60221682200747,5.345749902780723
good_form,31.644573319541013,48.955375750409544,33.9745161851902,5.555178526080934
good_form,30.42824909775679,47.60675913929193,32.0411205826585,5.489813119580307
good_form,33.19077080976928,46.325978774638266,32.13183119519279,5.383706113891013
good_form,34.60900298632665,46.70903126251275,31.993582645717115,5.383384155127998
good_form,34.39115067347615,47.19182769309233,32.496052381313625,5.383490594815282
good_form,33.54456652090492,47.68107346486585,31.638468542375804,5.291150123765974
good_form,34.936547121663914,47.73531298132206,30.594774833331027,5.196233084298297
good_form,34.73977295030444,48.50580256308019,31.06570110452623,5.245898533863807
good_form,31.058932518318944,48.62224489087791,30.647781792644345,5.051897261623598
good_form,34.61737613996279,48.9246049250929,32.37974508724084,5.086810620277292
good_form,46.05337985402478,52.30459655258244,31.841381711731838,6.197980283995823
good_form,55.07904354337085,57.110027566343355,32.07484584313646,6.3513579032373615
good_form,62.67762420653896,62.28601653774168,33.02673911130205,6.991442904959763
good_form,70.5153528838284,66.80622225130207,33.80790192856985,7.76014517156005
good_form,81.00892869560197,71.5676511766259,32.19057856659509,7.554575705144507
good_form,87.1860727607294,74.90403004904937,31.24870612651673,7.77771612365213
good_form,92.28023637733925,80.21877415730746,30.853771100001428,7.711597391249085
good_form,94.26965453659578,85.36680959694687,29.67143410503196,7.0216710929538095
good_form,101.6766353261449,89.50880461848571,26.135414639039755,5.787476489099316
good_form,101.05682590393286,93.15022947841179,19.469856017225286,5.422989803648238
good_form,105.7726792776421,98.39581712432773,18.958613498394868,4.308807372694308
good_form,106.31200473117917,104.44858589463574,18.524220127760923,4.469833545642962
good_form,112.974805330827,109.68176854063292,23.502703061852785,5.175930128628587
good_form,120.2506586926459,113.8840900032634,26.996863042094922,5.620653369346715
good_form,124.33817545408763,118.54944407614776,28.034070065239792,5.471105442427454
good_form,132.83253432645554,121.36102195210576,31.8185142695596,4.784393894759304
good_form,139.3638197607316,125.17420943209002,32.726523023078414,4.604118835492967
good_form,141.28251938564514,128.33447381093933,33.12553472129508,4.527533250390161
good_form,141.71804587585325,131.4587729023882,32.10293243050472,4.371117085074555
good_form,144.08395453885754,132.96965424468365,31.826385217827678,3.819109960232096
good_form,146.2441049639818,136.31808262841932,31.849645129438652,4.03187961267931
good_form,146.4876490946983,139.35344228862633,31.544319808979324,4.549772661388165
good_form,147.92268735022927,141.61902019446572,31.266916790010075,4.830448578004004
good_form,148.2233582657343,143.65508935604495,30.39975575185037,4.977780009070595
good_form,148.50178592440298,144.89916671186052,29.690940097155707,5.076585051531294
good_form,148.35728840725307,146.9985181145284,28.579660493035878,5.51846981874171
good_form,149.03853545654118,148.32193768332408,28.16634813259542,5.692938015471609
good_form,148.82146583341327,149.01145289831985,27.76230707431897,5.639205217554779
good_form,148.4848049585986,149.01960399843674,27.451196491951016,5.540082045372896
good_form,147.66137761460817,149.17907941486234,27.550727228178413,5.557600239904136
good_form,147.1761278209329,149.50252351256194,27.7231847192723,5.745154347835813
good_form,146.46215564664863,149.40449835437977,27.55667844206682,6.01768760750753
good_form,146.1184561019577,150.31648424604975,27.550589133197217,6.975891538084522
good_form,145.59392001300932,150.799381721104,27.495127960235603,7.669631633230242
good_form,143.44366592699566,150.03557877182718,27.224564115521886,7.8042462303045435
good_form,141.262189709445,147.4006894375577,26.95473907124626,8.006349530950883
good_form,139.59795456368954,144.3453968694888,27.102669303326113,7.991756183304395
good_form,137.6305518395274,139.1071619432426,26.841735322684308,7.345541299022777
good_form,137.0101775901078,133.68447649254182,27.098708767953998,6.951508086988917
good_form,135.94241782745033,127.51019087605039,29.34884633770225,6.3502009934377455
good_form,132.4005907202224,119.95415266186116,30.79616711331351,3.56076919554196
good_form,127.2407092747628,116.68303515575312,30.098728430468476,4.662453253023603
good_form,117.34681803620641,113.38483060844858,28.72528356355112,5.154670158757949
good_form,105.69414702555572,108.69434475237212,24.697077234638243,5.894845747281513
good_form,96.00915805830105,103.93112677663481,20.86039650345196,5.7251417729119725
good_form,92.02499430664001,99.55785980300897,18.41145727687153,5.419681999301329
good_form,88.15055136223488,94.12400436045219,22.333776199556794,5.384840723583492
good_form,84.45200927803373,90.35703859057674,24.721712023498768,5.298536602865948
good_form,87.48862672647617,86.03408324926211,27.742661600120968,5.50718133145377
good_form,84.41904741914962,82.7774184198835,31.127264832351397,6.8710295029998525
good_form,76.4145707650416,78.52672267620872,33.70604698019174,6.511346763406842
good_form,72.85784613153992,72.27975512264774,34.93225159955672,6.7024454613211635
good_form,60.625881521931746,66.92175401509044,33.24561897562744,6.768135445939799
good_form,53.02441504771996,62.20179340501951,32.712990257868285,6.4578050003235035
good_form,31.504887489444325,55.040420311295314,31.931319308000955,5.689658971469639
good_form,26.010780526623638,51.101364620140046,33.86581753824474,5.407239483452345
good_form,16.428299268773856,48.25381657807732,34.042958474661106,5.528187543804504
good_form,13.97269646310709,47.65122637994074,34.34776374854802,5.513839780603385
good_form,18.56679492982007,46.60782578398453,35.62155690796415,5.589919981377583
good_form,20.255993094860344,45.98077505599317,35.75587584113495,5.67745137744921
good_form,26.44924873457213,45.07359117795097,35.110874166205214,5.596093203628021
good_form,30.59584640284929,45.30014376932106,31.207754341611118,5.733332233319825
good_form,38.012349607503005,46.27537740067354,29.420918179923348,5.968719984327906
good_form,39.36810626194981,47.790709421707554,27.893007933795705,6.4227848179555735
good_form,31.724991928395337,48.50444346220459,27.31302475925371,6.412146023376983
good_form,37.253379377018305,47.653303291606406,31.144423674171176,5.838488860157077
good_form,44.58205331523902,51.170944130988694,31.911408008103617,6.032887489208364
good_form,63.36064966234919,58.557185519754675,36.29969373648972,6.249688206155113
good_form,74.46582159055878,66.81731761899043,36.46248344988004,7.83569524933243
good_form,85.07459416780767,73.04703399402348,35.07897366195828,7.67423427927048
good_form,93.25125261282439,80.65556368741385,34.058787310987405,7.602331834088637
good_form,100.63609384792863,88.999157785358,30.66013142106653,7.642594808323696
good_form,107.0241354600289,96.49254439528981,27.00335032188608,5.7412714827352
good_form,106.63536021401134,106.61796913617802,22.79373247678838,4.412828137316916
good_form,107.12398271144947,111.31707840055317,22.90168755605704,2.3158010835102294
good_form,113.82716118828196,116.31062927284658,25.411385281603835,2.0863927353672116
good_form,121.8494213760979,123.1697894337692,28.273810626118777,2.4237518560662785
good_form,127.54500338443867,129.38287614458875,29.124189868336067,2.3119283323614113
good_form,131.46131920046085,132.6541886316091,29.656997271146313,2.1392970883184064
good_form,135.00290693842925,134.8334402078169,29.6213527299413,2.3821686059808442
good_form,138.3065039167537,140.2513416919392,29.465635022233418,3.783378096640968
good_form,141.5637550196064,143.91699782422262,29.14593118205005,4.646664088237995
good_form,143.69858565121845,146.84471095702264,28.921338544881987,4.692188570903014
good_form,145.61447681930977,150.18137853369345,28.605638947884014,4.598063234135445
good_form,145.57903922540225,105.24577925908662,34.81475238073641,25.564027708351254
good_form,115.95142197391785,88.66106637368966,33.12220479484378,23.994588103520627
good_form,62.611107820542955,73.29570130279826,30.34371192446875,23.24832300603307
good_form,25.92357966242142,56.45114405701614,28.521404434039038,24.27137255653057
good_form,16.82908764465893,43.50496714101772,28.66577585703945,26.35945776818658
good_form,11.513059361328525,32.28223438350399,28.990432547841223,29.452507769173145
good_form,2.5490913606383887,25.488065230093294,29.366901364852577,30.987064318754122
good_form,2.13070834835858,21.523060669183796,29.053920010289303,32.42998304339788
good_form,3.1932138852921033,18.94511592951328,29.454865481559096,33.28063738553209
good_form,5.835606429569378,18.63473845840941,29.810122941239694,33.40357919012109
good_form,6.612609972442807,17.78134253679687,30.23200286004513,34.388196987372936
good_form,6.40137328477612,16.70871199787245,30.57742689516028,35.33810384792254
good_form,6.256717476670087,15.558706414473447,30.992148033345295,36.29728248308334
good_form,6.316891354935002,15.122114436413478,31.45380947440603,36.556873382312496
good_form,6.613493783779082,13.91058927449267,31.866114967334354,36.595416001683155
good_form,6.80479085004136,12.913149478348904,32.001771960694775,36.59495543128919
good_form,5.907080544451811,12.69177401687403,31.96304138831593,36.38782006921323
good_form,4.5032769671202715,12.318053138535518,32.345020172489335,35.88335996464875
good_form,3.9468814870930222,12.380598187031376,33.021876232203155,35.48915223219284
good_form,4.409532361541907,12.914794015259192,33.21325004375747,34.98422004050707
good_form,4.858054635067465,13.400980126872136,33.307255609139844,34.20336292795076
good_form,10.509086985716381,12.540963880317511,32.80536334267555,33.020219060484436
good_form,14.57594604931404,13.873145226385873,32.4061924229031,32.60329767714114
good_form,14.966743041464657,16.815016143155287,30.233960093679258,32.35520555194607
good_form,5.482310325514787,26.048292926611733,28.439488297743335,31.60172914391273
good_form,19.41340315843839,47.70359248628634,27.858632831100014,30.57477287126649
good_form,137.82821472295197,90.7307511570938,29.171180894542914,31.259573424423806
good_form,176.56574411163365,134.4679730278803,30.676371070095342,32.06706233252759
good_form,178.58914230250102,156.55277033955056,31.809193855446445,32.23650355024538
good_form,179.87455617419556,166.90629839055063,30.748714361759127,32.09208729118923
good_form,177.45252831437082,170.5562691562923,29.913984156790544,31.034931615972795
good_form,176.3225726598739,173.17952893964235,28.667315706723326,30.61684334407663
good_form,176.3313492584065,174.01130854483708,28.366077997096195,30.119482917146666
good_form,174.9890545844852,173.50860872853934,28.302663450208193,29.258377331710488
good_form,174.40835762304405,173.5614620011426,28.091563669859386,28.617722811882384
good_form,173.26802604292016,173.34236287528512,27.837105468134727,28.146548876540102
good_form,171.26829337728606,173.62700322881636,27.4137670582558,27.80877506917558
good_form,169.51956377826284,173.11810052076638,27.056459935413933,27.80195607189051
good_form,167.17801279204218,172.12295780720092,26.911853449282667,27.769198246976252
good_form,165.31042406368832,171.29084092010444,26.732056002335156,27.535900381506494
good_form,163.13066738071015,169.88542875876186,26.400595030848375,27.41247959928662
good_form,160.70064263643474,169.41772160065102,26.062138106345294,27.39979787652413
good_form,158.63045168371815,168.71091200589942,25.705631811425725,27.21337146758919
good_form,157.10904578271942,167.3581516973407,25.608044077857585,27.059435700941584
good_form,155.37663246821268,166.3272256604722,25.376519789803364,27.09890004662283
good_form,154.0920735246096,165.56100116167607,25.14827674707424,27.051199853910656
good_form,153.43019381974597,164.8911118327838,25.02840794041663,27.09052313495123
good_form,152.83488893490093,164.39767628703157,24.80331317251487,27.047095709102848
good_form,152.65241486152982,164.05689875240694,24.81429026011631,26.98044271084151
good_form,152.27700329246412,163.66910974394207,24.703671243514528,26.97589190676169
good_form,152.0972815396186,163.62186350946968,24.666463865329725,27.08080074255946
good_form,151.9635399092665,163.4916178996479,24.74168437262743,27.084355286486314
good_form,151.8156794794323,163.3637727269283,24.813441508140734,27.24292567183047
good_form,151.26150445971476,163.694630817066,24.84530888702757,27.679296313249395
good_form,150.4878574496544,163.0767839665262,25.21315280872594,27.640033907372484
good_form,149.8735181144971,162.5145610396059,25.689961167467672,27.719314693243852
good_form,149.32438787726508,160.81267064081317,25.959809359054255,27.85155270456327
good_form,149.02018536254383,157.9755620716908,26.525849762324942,28.15270294287741
good_form,147.16374814594036,155.6795519149478,27.82328830765943,28.866827951861374
good_form,145.07228986693605,152.28282213048476,28.744431009965272,29.356208627528833
good_form,140.524538630754,145.86448981935112,28.221548351582587,29.861254687466054
good_form,137.7583457707653,138.0088900218165,29.739067201750885,30.64917102176486
good_form,122.2629039972496,123.27421056076824,29.838824426229642,30.37984414607158
good_form,112.36701947139332,106.7087880463948,30.514310133645818,29.995194268470463
good_form,86.11891738399386,94.31950951319126,29.299857420135805,29.817388301022724
good_form,68.848654796164,81.41714344107277,27.31590478814643,29.451465883655306
good_form,56.388269438610735,68.96865771456325,26.73994943982493,28.79528627275176
good_form,42.921137682695225,61.33115535709434,26.658642478141353,28.669853481905395
good_form,32.88502779300351,54.099161240881905,26.578452693706062,28.705502182656566
good_form,20.978070558705543,47.35866384873729,26.295849728796323,28.26929857101484
good_form,16.084841867191884,39.468832261304335,26.687935720559953,28.366072943260583
good_form,10.021386869881791,35.493462679422144,27.520085753921098,28.902717660025107
good_form,9.85048587554628,31.36791225688449,27.86670857703484,29.38438583848615
good_form,9.763471051890267,29.095538648324723,28.19193619851043,30.296931671541962
good_form,7.977496777030382,26.546834869697452,28.297222492496708,30.889455736775105
good_form,7.228182225094745,25.369628253134703,28.44656210335619,31.454830220823983
good_form,7.086538189648389,24.794726490181713,28.689246639818183,31.630291324405455
good_form,6.32540773429571,24.40223088238867,28.79699987384729,31.829307522160704
good_form,6.292762850622717,24.43028898724037,28.864156807820454,31.90860339855145
good_form,5.9264990732176654,24.57286472354287,29.458564875542617,31.76087583946603
good_form,7.181162652502192,25.67628961558215,29.29351595191592,31.63275762095836
good_form,8.158665877563282,29.86094195622572,29.104589396735598,31.180787093881246
good_form,15.572064286850592,40.57692522636636,28.707027072151604,30.55473695369386
good_form,43.6530752787079,57.70910344590159,28.61714277367051,30.36684653090684
good_form,72.08462736628634,88.6740466308159,28.708558771995815,30.426580714259867
good_form,138.1593786678446,117.38479771050925,30.639739863850636,31.228174189189556
good_form,158.37303017789228,138.84188099097216,31.479725176367516,32.14594253926592
good_form,164.38258493242967,153.1168690424884,32.01480800009287,32.33163554441258
good_form,168.3209407403105,160.3060834049871,31.693946024747547,32.2150006104827
good_form,169.19235071384327,162.91705153718743,31.186621108499804,31.82732045689264
good_form,169.83127630743095,164.92051798478923,30.92229885675305,31.63042493293716
good_form,172.0816288637358,165.31760965294637,31.084171799275595,31.338760367505607
good_form,172.49339993035636,165.76337896877573,31.128284430657718,31.134596186959456
good_form,171.37021439655538,165.85864381775144,31.356525034151442,30.88880827501659
good_form,171.07814628145476,165.70146587293274,31.295120893070457,30.488963215455136
good_form,168.94423949949882,165.42090992730678,31.32106508072045,30.180677060326456
good_form,167.14440480659613,164.6373617297498,30.963917818013563,29.862519957109548
good_form,166.3146932584416,164.91261830565873,30.787630228772706,29.68626556320989
good_form,165.32064385941726,164.50815175629876,30.535708847101002,29.4110651273701
good_form,163.51748294117485,164.23806940005423,29.976944418691613,29.187013529293115
good_form,160.82583794197473,163.72563606313759,28.89613383186349,29.005326295205876
good_form,157.72285327303268,163.15990603712987,27.67020827169889,28.795504226009005
good_form,155.12836037941153,162.01643113695556,26.6448067640107,28.402075166847524
good_form,153.57651718819864,161.27941397710566,26.090755182097265,27.993171147747372
good_form,152.24936500602246,161.02821400030555,25.608747598526566,27.778361356709965
good_form,150.9601256055824,160.80462192333587,25.044938633886282,27.671820929660186
good_form,149.94067151301095,160.638077625113,24.622494820259565,27.54193959748258
good_form,149.09938697188375,160.57959740928118,24.441595871225974,27.45005323077133
good_form,148.7325777083035,160.6047556542479,24.428619602782987,27.417864428366702
good_form,148.6754515308289,160.62090714934772,24.541287022684095,27.41000132780489
good_form,148.7263771063836,160.57281610508528,24.635375276315816,27.28622826751301
good_form,148.99953655776886,160.67519625833413,24.742772037907216,27.29378451133833
good_form,149.11194464282505,160.84479255258717,24.78395334333862,27.359870124451568
good_form,149.43451322972868,160.7889957891743,24.8797419086496,27.504641576707
good_form,150.39471840123318,160.37820435659032,25.32136919675729,27.67022042154764
good_form,151.68012160013873,159.5767665608181,26.136708372430867,27.677457928284557
good_form,153.36666220126898,158.56007527582838,27.018604345707313,27.80502916855613
good_form,153.34420671459264,155.57245972733736,27.652557734434776,27.783010074013642
good_form,153.48729659568528,150.86386912303345,28.311205790551153,28.459791652236564
good_form,151.1978052215141,143.5235828504625,28.515096004306194,28.353643452765922
good_form,148.48302178624317,129.5330427927012,29.47533979168458,28.665554225908462
good_form,147.04862539086605,115.60439462057354,30.887544955422833,29.02328401715045
good_form,109.35480790292748,97.50736227963856,29.163718823356728,27.69917968624909
good_form,61.169162694288225,77.07616560233308,28.494909311787694,26.75440767902607
good_form,30.66099119370684,66.34106645726118,27.83268151517266,26.63855345003877
good_form,13.709125858124823,57.15918281535206,27.130407359692043,26.614202623326108
good_form,7.287776686096103,50.65631916581535,26.574829691962325,27.070166183137182
good_form,4.72414066287334,43.93609911310986,26.53043393232394,27.534166701807635
good_form,5.276361769742414,38.13919234176792,26.679728292672948,29.043045427667984
good_form,5.38215039455109,33.63530448821623,27.70397545729875,30.684006222346422
good_form,1.8230104172168249,29.65651758891944,28.1880935515395,31.516982824142584
good_form,2.234536149298721,27.676859769626937,28.324185641743984,32.09728778311373
good_form,1.8258343357780313,26.284035909383373,27.982921681643692,32.30947421491824
good_form,3.2964947423998603,25.239274198667953,28.081710320210515,32.63295016770758
good_form,3.090118269678488,24.768834990526372,28.31829199804034,32.79841632280638
good_form,2.760264049200949,23.618750358474532,28.304527471120306,32.83154252373069
good_form,2.8096447878885398,23.00472888987563,28.36283723884271,32.93247350028102
good_form,2.741052291709325,22.72052944346341,28.362263130661546,32.921883708803676
good_form,2.717637521758638,22.725273567177396,28.422465885329114,32.92208703334572
good_form,2.8969032639672263,22.91442968075994,28.466129019761393,32.88051760115616
good_form,3.003037873871294,23.04745508507315,28.642475766205717,32.81695869783923
good_form,6.789853475867633,22.719317350735192,27.98867343301318,32.25494461793984
good_form,7.722880842518813,25.273079891600258,27.780773252096697,30.903681543941552
good_form,12.821587678524798,28.533024858685916,27.559004968543615,30.605173962560514
good_form,26.636767397277538,37.2391803824024,26.942933160264307,29.42380099699704
good_form,58.17130780670848,52.798437410906374,27.21583687599946,29.22891647757151
good_form,91.5515547924683,74.6111302608949,29.305891230838203,29.113807383081475
good_form,135.94878174225346,106.91991590102322,30.263240270907563,30.92296048675141
good_form,151.42598224290367,129.24708522252152,30.2640547168256,31.218095854803007
good_form,157.725689141609,147.05505355981225,30.815703211522777,31.067248403837063
good_form,159.47827197524254,154.68336486041088,30.848752009203334,30.946622838159474
good_form,162.356268241386,159.49571870838614,30.476406677556238,30.88096923789637
good_form,162.8474597703705,162.29772961918286,30.426838551391285,30.655206421402173
good_form,165.72032074167643,162.47068236703035,30.6725640964435,30.339594511966627
good_form,166.73405159692422,162.77252384223985,30.946984780620998,30.125536839928163
good_form,165.84380892030836,162.90618944533395,30.90147830619994,29.707041224324016
good_form,163.6366454186236,162.50269469072853,30.6965343115758,29.33548654828335
good_form,161.8185004932482,162.23714570065738,30.584858133902745,29.134160231270933
good_form,160.35695394138727,162.0451312222793,30.546020758459925,28.897562937933042
good_form,159.22539733221157,161.7915601040592,30.436252660641475,28.69522403035186
good_form,158.7303631868573,161.87042192246594,30.50962695508998,28.523778304962228
good_form,157.95199161176097,161.60470383578416,30.33299497590382,28.474133210254656
good_form,156.79863769057957,161.12293380008512,30.01763961839179,28.51978066810419
good_form,155.5423059016022,160.57964981939887,29.64624717893116,28.47839063048725
good_form,154.29041576157644,160.06973306895276,29.126940500608477,28.405380371563965
good_form,153.28833960462657,159.49827558154078,28.608634579829236,28.335448206679285
good_form,152.0504026399955,158.92745613010416,27.88509777096247,28.334468655726297
good_form,151.18987152286667,158.5202830385035,27.323418591434027,28.354930646882288
good_form,150.89115372705382,158.34412373808001,27.036762551833302,28.36539094976802
good_form,150.83008849929158,157.95395670091906,26.937814214333507,28.34635251686457
good_form,150.65304642811486,157.77666975400317,26.7986587518903,28.31464003713109
good_form,150.70555033729605,157.5862880310556,26.793286402237353,28.229217457638086
good_form,150.8369592166636,157.5890193470581,26.804609816743422,28.182048192749217
good_form,151.44234150899928,157.73217335056378,26.860061701368675,28.138095345711694
good_form,152.33843609329682,158.0380205944325,26.95500590887445,28.241413946618085
good_form,153.7739620139921,158.04656870832116,27.178099989695607,28.233751230133244
good_form,156.2259902918731,157.9349076859355,27.693859263766466,28.230382236353773
good_form,159.53039311284087,157.1058685402024,28.685163619278722,28.063226748196335
good_form,160.67211481714887,156.2523216963284,28.983967485964953,27.777985261666473
good_form,160.20921345169992,154.91202844833595,29.09579014259539,27.94835694768491
good_form,160.58837042131805,151.37830556127975,29.24769354693406,28.078215161684717
good_form,156.79186426284537,143.00364921849774,29.33492998672332,28.092405838572635
good_form,152.34586756057485,132.96687264024015,29.31383697346026,28.05510127815895
good_form,146.8382944165012,117.07560371668114,30.68244727619795,28.606540119275977
good_form,116.8308849818294,99.90234333712577,30.42025316910527,27.957573890859905
good_form,92.09385683363611,80.46259763925201,29.698084831112048,27.004085730060346
good_form,70.63877672975414,68.96355255028377,28.569996149975328,26.33168698482585
good_form,57.6167262695328,53.35863624377116,26.46836189870517,26.062331670067557
good_form,39.91332151534788,46.01606045653544,25.842439199276214,25.855782691257552
good_form,31.078020560553828,42.06391389733925,25.68882286075605,25.511995808432083
good_form,22.70081960335669,38.43854486377835,25.54570042321432,25.55333261939049
good_form,18.18993405439141,33.71577624857365,25.518438887510627,26.14748445996281
good_form,13.839038620845704,30.66501169771504,25.708709469290717,27.199955676079174
good_form,12.216915013957221,29.70933238986663,25.86727465768018,28.57620547480829
good_form,10.960634955568665,29.206791562813805,26.29113762560868,29.50849954613647
good_form,9.44308062932698,29.18724353025094,26.688766755704943,30.186400079382224
good_form,8.316903824303527,29.03680555855974,27.167695868691883,30.493609308030138
good_form,7.569968510601771,29.062947081494574,27.64472766083312,30.780299191339896
good_form,7.058352526171747,28.83820474353003,27.763277428080585,31.00708041106819
good_form,7.438462600554671,29.09628684795483,27.70434962659322,31.10566717477811
good_form,7.6943749798603855,29.46745231832009,27.72632454018303,31.021833904297242
good_form,10.329566241812541,31.816260517515726,27.366722753885853,30.122896878533805
good_form,13.766461794348974,34.867702646592825,26.831418221069498,29.297560520462525
good_form,16.607853224183565,43.014285686882516,26.590903164042825,28.589443681110556
good_form,31.15735532197393,57.44047007423016,25.711404021426873,27.2788571233847
good_form,58.77714846109859,74.41687275256228,25.73996560963197,27.1127976649908
good_form,84.7274722884511,98.65356657809399,26.905913456617263,27.93217331308702
good_form,128.93282616011308,118.65366157903256,28.03836278979115,28.83606959522772
good_form,148.94646136820938,139.5180615395664,29.10135062856197,29.74390303953589
good_form,155.73964056690434,152.72819779983303,29.79489313777882,30.525681050069874
good_form,158.273082960173,158.70574830774515,29.53718240571388,30.5476007133789
good_form,160.14343362534046,163.03666927536293,29.275960096003917,30.253694608052097
good_form,163.3318548701397,164.16243038715004,29.216176070088352,30.219568955510546
good_form,165.23239575884912,164.3491147195327,29.880004451371015,29.902665349306748
good_form,165.57314745458334,164.0990539579992,30.10508685779628,29.652717391501035
good_form,83.6403692372565,67.51515890391718,2.802038606375838,39.48562774285796
good_form,83.2671372519176,63.313494155382216,2.962596787732524,38.980101095937435
good_form,80.40577539765789,57.46695684032218,2.90857243800337,37.888428193170405
good_form,77.82821197221242,53.155358000503284,3.4278910328140975,37.536654574428844
good_form,74.7245970086835,51.00649436364456,5.099512612002515,36.085802696947376
good_form,72.93460481033296,46.42975083512718,6.922258592184015,36.36663364650118
good_form,69.56942870073453,43.142457493238325,9.182665102473507,35.55233356154006
good_form,65.29640707339502,39.373758158806595,9.590457424275971,35.104902257554166
good_form,62.975656856760466,35.490351135359,10.339657474900743,34.575621788325314
good_form,61.692573151311535,33.07146518461852,12.098048232622261,35.85720067896452
good_form,60.7330103982068,30.69340057670036,14.21800813781489,36.165057461762316
good_form,59.85035148705048,29.82222553041669,14.698677880066516,36.327795095685985
good_form,59.263461633291136,30.061084319581973,15.751294031537352,35.995969702555044
good_form,58.90634940331962,30.10114592056746,16.38603525128174,36.20763386746997
good_form,59.88827859956134,31.405557106178644,16.842298555956887,36.225058452230705
good_form,61.21201765837748,32.21286482752882,16.25152209192865,36.31249760228553
good_form,62.627731424852605,35.38077093324197,14.25260047585232,35.71741752576485
good_form,64.49425154382406,40.97229559162657,12.492180897251211,35.082480556053376
good_form,67.9104036957403,45.776759231295316,10.76182125146364,35.07340341155841
good_form,79.37370843979986,50.78350232556656,9.713458279705653,36.123130473462666
good_form,85.07356556614855,58.39821224274982,9.599322255449524,36.62603962482444
good_form,90.17896453770148,66.0723530111854,7.934625354200585,37.803436373327024
good_form,95.87580812947421,73.31601449635333,8.722198699912692,37.41644209109763
good_form,102.02735923182122,81.86916896646221,8.782753470668121,37.44742063484505
good_form,105.65142057602628,90.36496459861422,8.792848001720554,37.74695254586653
good_form,112.87624930699334,96.97294635830998,9.247851262699566,37.94070130073342
good_form,117.41041300031405,105.57537154337669,9.723128795280505,37.88457492699327
good_form,121.7361170934135,115.73081876072267,9.938764010223247,36.993966924397476
good_form,125.95031550356713,124.70835964675062,10.036590710840056,36.384726284733816
good_form,129.21825703953598,131.15108292013304,9.879549411723637,35.77936733099323
good_form,132.59603499828583,136.61169836423394,9.814884169343976,34.92577630632832
good_form,134.72395278663598,145.9769247994157,8.994941042170868,33.22385990089164
good_form,137.04016944673992,154.76630968876077,8.632930092698494,31.82517412247631
good_form,139.3540888445035,162.16516725986313,8.09919731102345,31.00508680250523
good_form,140.28651461409595,169.25165186864797,7.060211855987823,30.74059637931015
good_form,142.403739758153,175.30684886168092,6.94805817023043,30.025163084150005
good_form,144.59314975404408,178.532560856836,6.876420445503598,30.142377211248352
good_form,145.6703248347605,177.32376461473257,6.535378235187573,30.365326274892848
good_form,147.16768887098507,175.54635016566235,6.234721393344106,30.477793268866865
good_form,147.78214869922954,176.73665436840366,5.42370166398604,31.375033656944126
good_form,148.1785027584616,177.81923313306422,5.031019878108046,32.36332597288767
good_form,149.05617682323162,177.36634441376827,5.144941713517005,32.368822109957335
good_form,148.95537411317983,177.77034554286308,4.931064783829617,32.440735765664684
good_form,149.28581112043133,178.7253969789626,4.883726232078119,32.673034230693204
good_form,149.36659007404688,179.67406231926708,4.706279816022937,32.81399436285241
good_form,149.83143336420468,179.63852829000467,4.729710682356122,32.66359582437035
good_form,149.10384256213695,179.27918428178765,4.510835373293541,32.894902846968286
good_form,147.76747086612346,174.03515893564878,4.2976025524151575,33.11863071310237
good_form,145.8681201079716,168.09404647307485,4.327396044769558,33.31192614726063
good_form,142.38320053908728,163.216086452998,4.784396651555594,33.490129740110135
good_form,139.5243470038166,159.52076394861066,5.344186878500905,33.59813786647811
good_form,136.3679042991359,152.01915668550544,6.411744487706264,33.96427241311681
good_form,137.44655849895068,145.53084631087359,9.495000329403569,34.34838123077587
good_form,136.1981868022776,140.79575700877672,11.520550034719095,34.92452025640453
good_form,132.99186920458936,134.7513547139578,12.02727062775007,35.41605426109697
good_form,129.01124736685063,126.87941833476758,12.183912158700078,36.228637690421586
good_form,124.11935235715565,122.42197976249336,11.562992405161832,37.13411637830049
good_form,119.6595352693208,114.54734825246796,12.349877925147398,37.76873390867106
good_form,113.15419042964342,103.0062422421088,11.31159413450132,39.2116440377854
good_form,108.36542042716148,95.79504001461055,10.77719176713413,40.199263425962066
good_form,104.42678272125124,86.68005809415449,10.63235144316617,40.249130022203516
good_form,100.0657252237204,80.60232165624595,9.49481831346939,40.61645251926411
good_form,95.48140384795954,73.30061389680864,8.945861591697847,41.76378925081641
good_form,89.20471145134177,66.76044735857968,7.889260147010993,43.12818640226866
good_form,85.18508005937048,61.07089848751226,6.945080133401762,42.71500363873337
good_form,79.83195128333035,54.42791505760718,6.232075973398767,42.39333236102374
good_form,76.00770138108523,50.09945509740279,5.531974948143648,41.9012288241321
good_form,73.83495075444482,46.262740439671205,5.959302011823063,40.8015575892063
good_form,71.32233032684886,43.62040942033229,7.248138462370922,40.444149532767966
good_form,69.27806584176365,40.832896512434914,8.281189176030102,40.22681871410002
good_form,65.77012505434716,37.824943156983956,8.959869418313605,39.5059718578389
good_form,63.431933270119295,33.533570299089966,10.272695337466374,38.997378532409606
good_form,62.527534894355995,29.89054814015165,11.652751989205354,37.41810561727859
good_form,61.88611351361466,26.667194279859142,11.373124633618847,37.86130331148309
good_form,61.5604133523585,25.682111544854635,11.826081460087352,36.81883969740884
good_form,61.41296945283663,24.81051280926635,11.65639289933753,36.84768960527776
good_form,61.762826967424566,22.676445822933704,11.829900824874937,36.87483712374495
good_form,61.67936593500177,21.90456353574423,11.924200050604204,37.16194264230173
good_form,61.01204950264721,21.984055767451203,12.549996127603501,37.129207219350455
good_form,61.907847731499054,22.59461018718474,12.399684329952958,37.624660911074166
good_form,63.41541416939999,23.052239861635833,12.158694043733234,38.08533470507186
good_form,64.77431857316844,25.260755194818554,11.898117653945572,38.235816371944
good_form,65.03560721473816,30.480351202101634,9.433521279729025,38.52688367083706
good_form,70.18194408315364,38.75542953079623,7.985650936786022,38.259495148803445
good_form,73.3021788010362,45.85571044690089,4.725378999376735,38.89607140509876
good_form,82.00401466735327,56.73709566641087,4.093668235093702,38.78599777196533
good_form,89.01892459561421,65.93751010058064,3.136907477835586,39.476381298045496
good_form,96.18485976648641,76.02679591361411,4.069702936773191,38.810354722623565
good_form,101.26196629351442,85.11093438822458,4.8041478528024495,37.995692368453334
good_form,107.01635929425558,91.74139670975318,5.949937066953034,38.114132029190124
good_form,112.83924456844237,98.79181471163848,6.857627846791756,38.571464518446625
good_form,119.44694251988295,107.4892634701901,8.530439694050957,39.25542473025116
good_form,126.09221507230865,116.2136319453234,9.787301556848133,38.57154065272095
good_form,131.71932714082757,121.35021374200895,10.75584942044895,38.316550971131676
good_form,136.32093602435566,128.62904874181038,11.24611283601313,37.765895714237885
good_form,140.43707778662022,135.9994313049259,11.920640602054366,36.98865858332644
good_form,142.88970944719657,142.77079420495403,11.614268087956212,36.25886901213115
good_form,146.72493162293435,149.48308435326902,11.433823266118056,34.22358004813191
good_form,148.8968314736466,155.03421438418863,11.21525046383637,33.01062290486718
good_form,150.41377291893926,163.1604248666585,11.299099081222357,31.961132494978333
good_form,152.65658022188788,168.6413301507627,11.203574542556652,31.60981977303842
good_form,154.89753491441962,173.02657836908796,11.039452644671814,31.286761095216285
good_form,157.7501663987201,177.48426139427855,10.919489859587443,31.336928942139483
good_form,159.19029190566766,179.94095935981616,10.369588097327636,31.30247079629612
good_form,159.41867372027025,177.54554145579348,9.797639809173125,31.44903943839081
good_form,159.9910956147651,175.28941968374784,9.551522968225427,31.443759854046316
good_form,159.89843082844357,173.7534181585095,9.034725549893965,31.47520572066131
good_form,159.6249796478553,173.35910921305276,8.468768574124377,31.45729311869083
good_form,158.78173903967476,174.8701544574682,8.3044741136703,32.051419647394994
good_form,158.37327914864468,176.1538953899883,8.102130230860032,32.43496009502352
good_form,158.54432835592925,176.5356388427505,8.016477931002155,32.5190812499164
good_form,156.708814786227,178.76168159663675,8.092962181971327,32.607009826183315
good_form,154.38346395227182,174.88037010435332,8.16354439668006,32.97332123507894
good_form,151.01823799393057,168.59755301676057,8.246028141414206,33.33966534026728
good_form,147.94856535286604,162.39957111398112,8.387669390660731,33.34409205339865
good_form,142.31133426989902,155.07887223927352,8.504695585257627,33.73172949543007
good_form,139.07907293542192,149.0431431031848,9.07410924676847,34.27326413824043
good_form,135.0603729674133,141.79822042572437,9.094859852297153,34.94534765648025
good_form,129.88898581181326,135.3857337801437,9.071295599090769,35.239363063556326
good_form,126.65565863781909,128.53768116710776,9.344695591823067,35.67967081004567
good_form,121.66110457022542,121.96048992932569,8.956534786053505,36.06293698317747
good_form,115.75299454965156,108.94558837444714,8.624403966379433,36.94411906413112
good_form,108.75345306609637,98.75565430072686,8.134393680006873,38.210229074766374
good_form,104.70176851092229,90.76150413576296,7.9274114628000385,38.333505412271606
good_form,99.47302202749903,83.59930536985962,7.2566280969886305,38.88945102493002
good_form,92.86597488175758,74.3971016171879,4.705966855903412,39.99533908008321
good_form,86.4842759204772,68.18082401336976,3.8898243094388403,40.12733724194146
good_form,83.17038018013298,61.93874341616024,3.870857592914671,39.39150775539634
good_form,78.45017109038248,56.73778506400711,3.938795342365481,38.84087785005635
good_form,73.9040992020297,52.00115791443435,3.599532749798425,38.7243298870503
good_form,70.93282151145836,48.1485278892877,5.4363743893482175,37.775431636715474
good_form,67.82954717651089,45.579111448617404,5.971541996605612,37.42898576360713
good_form,65.43053152814656,42.44398339816879,7.295931441631477,37.231188773351086
good_form,62.3552517170944,39.67757744759308,8.092910310798585,36.88491877858479
good_form,59.9948621023343,37.54076126019974,8.817811036051493,36.277826790754325
good_form,56.85403879359982,35.91728926530304,9.7604700400732,36.20243826831819
good_form,55.49961236768066,32.88095191669441,10.658782946510101,36.13515462976409
good_form,55.31738858047819,30.8283877892471,11.379415170769166,36.1810059948154
good_form,55.73822422424,30.21027633667001,11.637008236083481,36.30221787959056
good_form,56.434793189320864,30.07621009001169,12.01790579377008,36.32376069760349
good_form,56.0424840307932,31.323489482209492,12.255777856332207,36.3447762894647
good_form,56.840889705381294,31.783539272360922,12.086866991333943,36.30739160004585
good_form,57.73546822914036,32.39835403857917,11.453534579170144,36.387312353142136
good_form,59.771523177343596,33.75795989144883,11.213137785144225,36.290624114730015
good_form,67.70502561745685,38.46071428757017,11.01685075317255,36.25663487876942
good_form,74.30961563585679,43.88893615558008,9.49373254243128,36.26973498975751
good_form,80.68634236821424,50.580542648533964,8.30068197359958,37.03248884363575
good_form,88.23006007792307,60.25284039619053,7.7756299355786895,37.374840189391314
good_form,95.24367912979721,68.1409866214931,6.945633656637852,38.37295442803398
good_form,100.94280856760699,77.37835211387805,6.415791634408481,38.49571939464959
good_form,105.49321189065707,85.47907789690493,7.838724578593622,38.49047499153498
good_form,108.64069355465237,91.6453387651707,7.6111037604507095,38.888142391933634
good_form,113.82100510828374,101.82786005296683,7.94047172409104,39.14922026235841
good_form,120.78392372085177,111.70332444378695,8.899662249196426,39.22542254524485
good_form,128.00600793347496,123.37603944451459,9.82253312261484,37.63431210926665
good_form,133.20271816357015,129.41686096054974,10.719321112221184,37.19308619214685
good_form,137.57208694733632,137.2429766161229,11.426995228022339,36.271841833367866
good_form,141.01821145932524,144.33771018011174,12.030468962486552,35.03257298475386
good_form,144.32986750727054,150.0679640512056,12.161427162717496,33.31705930827164
good_form,147.04279930919802,158.63851798004598,11.689863968714532,31.867097125826636
good_form,147.75947627702834,165.552524963928,11.244069382029865,31.23621692271666
good_form,149.8851747349114,169.0892727903915,10.999057338072099,31.067000878666622
good_form,151.04555014713603,171.14945133092692,9.960951159159661,31.228449350617304
good_form,151.44810950508443,174.216446076448,8.61751927392373,31.411175705639742
good_form,151.69545705957322,179.83966056320227,8.406318296410223,31.610065926918626
good_form,152.54382521029993,176.64020152694903,8.091552162153823,31.65898140475801
good_form,154.17882629042657,174.19661768571908,7.744995193821509,31.58552095017102
good_form,155.10387616927818,172.1885377575253,7.413051521832081,31.578456086913718
good_form,155.34829479518348,170.25897144168323,6.855637200592768,31.630639418623726
good_form,155.55964145408353,169.575116591104,6.589546388306118,31.735263873689654
good_form,155.25684082757192,170.10186686295728,6.142432402655256,31.794101003765334
good_form,154.8625341543405,171.4203908664169,6.068106250243825,32.09698255815573
good_form,154.10698932173938,172.55303490538034,6.453808611094156,32.26766390541612
good_form,153.1109041105087,176.6765535460091,6.467100513066651,32.47176588364785
good_form,150.68402300767272,176.02520396451405,6.585767689762761,32.43314063358664
good_form,146.57553543968163,170.3707903721124,6.7773297743152705,32.209441235885656
good_form,142.04804224067016,163.21686231621752,7.404775484646241,32.186468438483594
good_form,137.62574288217604,155.2144082885326,8.50509741466588,32.19875245956656
good_form,135.9337021127416,149.09328657582367,9.54882617599937,32.803179363629475
good_form,132.7477084088273,142.09806148542623,10.223330462676751,33.576020916274665
good_form,127.26814869250387,134.0678973508239,10.482130007972604,34.03548001008914
good_form,122.14464366145488,125.01103790703029,10.715116547048023,34.640458637590044
good_form,116.46069521701551,112.26290688282037,10.214377295739302,35.08444020119747
good_form,111.74185319817151,100.84986415291523,10.132279623058585,37.19347093726273
good_form,107.27415511432356,88.37396381218335,10.564254076184124,37.29857937171443
good_form,101.97637547604315,77.6410778965035,9.700521956308412,38.416930448186
good_form,94.26988658378384,70.91170908826791,7.161449996780385,38.918188547910866
good_form,89.6879041336587,64.70691411202584,7.437212072359948,38.513323667461705
good_form,85.78013014830753,58.78133386626152,6.901691428929843,38.258058770763036
good_form,79.96718174768705,52.98906037204749,6.036117817572289,38.09041117628705
good_form,77.695130561029,49.824291963542976,5.262131553036115,38.02559585608476
good_form,73.34348975237606,47.5042893377843,5.612746209921507,36.54448830229328
good_form,71.53422407747091,46.66796304214909,6.358984032131912,35.86102969421798
good_form,70.39655990909296,45.84293672233648,7.386892344098917,35.47779942312823
good_form,67.7435549586061,43.55209172629545,8.282848459611978,35.33853325625354
good_form,64.86366876493919,41.944385822726375,9.631820732366297,35.1043469549982
good_form,62.622032174653434,41.5410615397738,9.957440021555149,35.21298077763273
good_form,59.043060430678736,39.99251898539204,10.338953291651,36.158741780884704
good_form,56.213900023950444,37.09207702723203,10.372563182251303,36.224992225663364
good_form,54.80941212387021,36.403146256142044,10.276434213122997,36.18891961227763
good_form,54.466994773979316,35.122553049108205,10.268352830717507,36.24918132940209
good_form,53.72251783144733,33.6485260693649,10.266020573363921,36.335303536354296
good_form,53.33375042795075,33.17349225559979,10.29493877590656,36.340869635831304
good_form,67.06514318989456,50.88594091632267,30.334899620336877,31.50708989583305
good_form,53.27316763587885,29.93581253441045,30.750018312276072,32.51449911904439
good_form,41.355943622645185,14.433543127500226,31.009750684674035,33.93273201489897
good_form,31.632651661449835,14.362445103837143,31.786564570731958,35.513262614826985
good_form,26.039614265555485,14.390157290561259,32.8043997066132,37.625382298285025
good_form,23.306822561069136,13.677542754243184,34.206662429104995,39.436855661199324
good_form,17.32452771553051,13.877989278250237,35.478576911463975,40.60971542166607
good_form,13.572186230680632,12.917275738474245,36.293016121672245,41.60022923124836
good_form,11.756866061444555,11.66688359230514,36.80050313163113,42.168996564763724
good_form,10.607536996968049,11.579102942964024,37.32634272681244,42.72244279603864
good_form,9.773354156323316,11.131148173232688,37.760309610063636,42.89157271629408
good_form,10.160653229407764,10.677902849823393,38.17387921387407,42.8561547967151
good_form,10.982061375324724,11.624771570856723,38.42650414918771,42.93001770442331
good_form,11.782253878371849,12.487172956963867,38.602153361180335,42.83423276993347
good_form,16.8740861729697,13.745733754003362,38.40934808202211,42.610995057478654
good_form,22.184614920514015,18.64197849718032,38.043880662601815,42.07042491422409
good_form,30.79632685571793,26.453636441937217,37.38465526747964,41.45370442178105
good_form,39.667005495259566,35.48123837211827,35.14253358196786,39.41624798696339
good_form,51.54335760334309,41.37640911763344,33.998343087480954,36.257588086343524
good_form,72.22138475423522,49.48445225711357,32.765002817120404,33.83326621127807
good_form,95.42271718491122,70.0730655985305,33.436704838164694,34.198855244888435
good_form,119.34659865632295,102.98374577470013,34.443926371512255,34.98221904642217
good_form,132.32918287623036,127.4798402342944,35.287130368877264,36.81553353950817
good_form,142.0265527615615,145.62507414209773,35.47181012651281,37.642645247983275
good_form,149.80624480003814,156.36548277092095,35.784529058022244,37.86625984392174
good_form,155.407560813666,160.04852154105947,34.53129581493885,37.4437094301219
good_form,166.23360325232477,165.0627724031382,30.866736899967968,36.80289848917422
good_form,172.65161624212547,168.48871141526917,28.45767237601169,36.4155223774521
good_form,176.1593919051179,170.35783179457272,27.54502019327426,35.80730635855184
good_form,177.93127538626493,173.3987909302827,27.267670340882965,35.52196690661043
good_form,179.90998375772148,173.21049442059882,27.34150947906249,35.177918977542504
good_form,179.3871847244644,174.328472033642,27.071966601318728,35.07757902688285
good_form,178.40374398214757,177.09609771076728,27.018049607495303,34.901461354739624
good_form,176.6351372292749,178.5248525488932,26.906387849839255,34.83999101709678
good_form,174.66465744436417,179.3944528444492,26.57994270869295,34.808576898982516
good_form,173.3492445109425,178.7950449935735,26.590709363490333,34.75671637234585
good_form,172.7734129844629,178.55140503371467,26.56097468969767,34.72346565788849
good_form,172.20345219813544,178.53349872463033,26.45966096139167,34.72350715760762
good_form,172.5651919762728,178.23495234411618,26.52210584264767,34.7370335429888
good_form,172.7289941513839,178.1178500298841,26.65603479888277,34.6493227173976
good_form,173.2122857688802,178.0023010332622,26.90472578733388,34.680940697758516
good_form,175.7715925197922,177.7277053948739,27.144687564937474,34.7561048964715
good_form,176.14151138102417,175.86907208148088,27.584318128434578,35.12472399986987
good_form,178.67722995400683,174.33252141629853,28.054402300770654,35.18423071766091
good_form,176.43765188138826,172.96830884448175,29.466168541985574,35.31530015450278
good_form,173.5400246079216,168.90756338922608,29.91525497615135,35.79877569970009
good_form,162.43002055484018,163.95555243859104,31.943686090125706,36.87207093675429
good_form,151.93922797454988,159.9174064930393,32.4772746882673,37.87520751926657
good_form,140.08637250647266,138.72430389447686,33.31767918355389,38.063935621293105
good_form,117.20288363440577,104.5951127494559,32.49757730519922,37.38792227381126
good_form,85.31453043992695,68.38644855835767,31.681416137574296,36.09162905897531
good_form,64.62956834643944,52.49619129748688,31.44661078285156,35.7892454701248
good_form,51.096837920411495,33.77665745948259,31.572658372074553,36.145339313690506
good_form,44.538663263334094,28.402906114721574,31.630808383550868,37.494618461649786
good_form,38.99764465995454,22.239934924219792,31.92404597642543,38.24388908707287
good_form,35.261153946134904,19.71212155675213,32.197181677490036,39.31482187127071
good_form,32.67196022259517,19.15748332599665,32.71848496774919,40.99863220719604
good_form,29.335108126567096,20.903923731967684,33.58086934002907,42.31728605631874
good_form,28.663332671117438,20.16177389372997,34.769226933694945,43.047108134916414
good_form,27.829615462773727,20.119364710364625,35.34823921718757,43.53575069582856
good_form,28.16792809403767,21.3643713069587,35.874124554097975,44.06217314226818
good_form,27.532081247087245,23.166667291579092,35.999568887609264,44.05623353613667
good_form,29.66675658993226,24.44074995238236,36.322712108914004,43.44955234894109
good_form,32.066318740114426,27.16348362900142,35.884719255966466,42.97931609438784
good_form,41.78853984748049,36.260976118062956,34.63947662684383,41.633483212174816
good_form,59.14359065860439,46.546568693490165,31.801114603061023,39.96317151924338
good_form,82.26127199877328,58.27054297921814,32.709179467437494,39.48241328837139
good_form,103.54782214151692,69.63987580662491,35.30642417295411,39.37448981975025
good_form,117.74549846770788,86.13631669744791,36.05848747180046,39.600579028147045
good_form,130.53510186750412,105.99266163017333,36.28325389085205,40.66064249964904
good_form,137.30946471026124,121.97074269134171,36.75851603548365,41.2647943483544
good_form,142.34469235316263,135.38432581409705,37.06223910466645,41.104210498733856
good_form,148.45537749047037,142.87107066935235,35.90787555675294,40.8221153546573
good_form,162.90987764225295,149.72292745465245,31.93296187571417,39.93645706497898
good_form,169.6592960578097,155.31482432211817,30.255572482762933,38.94508488180181
good_form,173.95304670997132,159.40152264254942,29.41981524098533,38.39420348615044
good_form,175.16447382476946,163.2886767948979,29.54464994518095,37.48402296583399
good_form,177.30129311884036,168.0249118601759,29.3257745996064,36.66468525970717
good_form,179.93811468391993,173.95206335140102,28.946966435714305,35.77006264969192
good_form,178.10050046673004,176.86936096305126,28.870528563350454,35.52677742649019
good_form,174.90011993989933,179.98803652763758,28.980438094965947,35.59159250080291
good_form,173.43978059906334,178.43627746755942,29.03586111188026,35.95670491659562
good_form,172.70173032370826,177.7509465447727,29.14884822117051,35.961688832395
good_form,173.00887635752753,177.94076807126694,29.154563284989756,36.03236524679136
good_form,173.76350193586467,178.71255819474842,29.2158249286922,36.0082701182194
good_form,173.99505361162943,179.5172629924029,29.2286956845399,36.00974237436947
good_form,175.7941482524973,179.603304602115,29.13227596030869,36.019520026765015
good_form,176.61106218625088,179.82257510066148,29.213299426180683,35.95830462773472
good_form,178.6265282731543,176.90497017594188,29.627258755815014,36.256315952424785
good_form,179.09861450455608,171.59586263151525,29.766995761259334,36.41354450267701
good_form,176.30357390432582,167.66367279550545,30.002892532448634,36.71259242738873
good_form,171.6217608039257,164.95747128061976,30.534553524175177,37.14787863638198
good_form,163.82050605100252,161.8837861894321,32.09364028789085,38.07880542131877
good_form,153.94799003401926,154.77613348992338,34.435061926749526,39.0680855332419
good_form,134.67120224931358,144.33934330480508,37.26384788852572,40.5690143052809
good_form,120.4951590509443,139.85713971128803,39.22512759478527,41.35463923593568
good_form,103.87590254800494,117.01895326840662,39.93820996815847,41.179685876406495
good_form,89.26296239443019,98.95707513958916,38.94533868810314,39.23653882693057
good_form,78.26744301522672,84.06602177099688,37.92203097780301,38.278689663342504
good_form,66.48750847603404,67.8262302423605,36.159474535063616,38.137511795323405
good_form,58.7319732998344,55.229527394143126,35.804817945806874,38.907942965369074
good_form,50.101725257051335,45.028374404617594,36.28869975675552,40.11543091559566
good_form,43.54959232534903,40.60227614227721,36.14290675412793,40.35509629072913
good_form,40.21067499923267,35.694060882616945,36.52195641873368,40.46340136298119
good_form,35.748617160769946,30.99784691775308,37.05821780812085,41.41109463988637
good_form,31.14339468642867,28.631392291668508,37.50659318389888,42.2020648815956
good_form,28.84005497368552,27.239573841046067,38.50496657664525,42.831151317125986
good_form,27.029056828490813,26.28332943605964,39.14563654686383,43.25589694943837
good_form,25.938491654092598,25.948810466538035,39.38104685729397,43.58166666462668
good_form,27.227637990412052,26.689776598234136,39.47189056799494,43.76164417567015
good_form,29.18241859055057,27.840753791054734,39.49285078339104,43.66384977000605
good_form,29.617819906316846,29.86466211064293,39.26125614072623,43.13652190410185
good_form,36.37859389599001,33.83402409531672,38.37196964176239,42.87134777464635
good_form,49.269607746946406,42.792110048987,37.2054218122335,41.412192283539625
good_form,66.97488879867106,53.282618422980875,36.48622769794472,40.64400712671926
good_form,83.9624235458868,65.64665623020545,37.88159545070767,39.89890869790589
good_form,99.62083882226642,82.46669054004076,40.0829518047649,40.8892897887899
good_form,110.18668275444978,106.14214556031776,40.248021949944295,42.17957903532829
good_form,120.92189042231851,119.97810760968103,40.31150680840679,42.76423341082792
good_form,128.97902493542742,131.16466158535775,40.504247548997476,42.82400848329788
good_form,135.08850366824944,142.16831426921505,39.85938057192085,41.943822651123035
good_form,147.30905663104292,149.02072516025336,36.35078444452603,41.61276441756521
good_form,158.93820633024373,155.39945565891847,33.53580205000294,41.00315856238837
good_form,165.0206026022026,157.9649202405557,32.26677132212161,40.5123297179083
good_form,170.59184135238232,161.55954367272753,31.222117413954894,39.68124143031144
good_form,172.8651432226045,165.05349272498384,30.406951042259657,39.075295654019044
good_form,176.4897975650629,168.29430103410976,30.08100662154445,38.6333872988298
good_form,179.67028902967192,170.99423407380993,30.16380950114162,38.39218523542666
good_form,178.1030332182524,174.6726599726422,30.246663666041268,37.98229284938046
good_form,176.37993240536014,178.2305122033152,30.480780603030745,37.63934077551426
good_form,175.113276015997,179.69479574849788,30.61370050301106,37.34348543403401
good_form,175.12618889469258,178.6590304840117,30.831728960836323,36.92055736339848
good_form,175.3318364491577,178.54346467907806,30.97159097095507,36.71143481295466
good_form,175.47296966593183,178.89050697442494,30.965231626920765,36.733642267779366
good_form,176.04422825850622,179.99427556221426,31.00370862730734,36.995695088177634
good_form,176.75466999749898,179.5320221582163,31.131147089929296,36.89520032208126
good_form,178.59351094337433,177.99067269225142,31.10999318505622,37.020874002942556
good_form,176.68124885501226,173.95953848818277,31.40173957730547,37.399230037205704
good_form,172.6941543048744,170.5636322567605,31.58701105668622,37.71306841800024
good_form,166.57007551066786,167.10244187852328,31.715367927741404,38.23784765477564
good_form,156.8381971815889,162.02322936944267,33.19902382630117,38.90966592648269
good_form,147.61844653531662,155.363758644636,34.976962798409986,39.521897665919326
good_form,137.03902434060248,148.71650622684362,36.87149432480868,40.642564744063684
good_form,123.54191835929288,139.03395139118297,37.803797470262815,41.29400425763127
good_form,109.53959857785478,117.94957867070708,38.23659401402638,40.72927927419924
good_form,98.82558171196808,96.55550960966076,38.31185145911733,40.22120236345357
good_form,90.96766844816392,88.53889758442145,38.0144225278892,39.44971081173408
good_form,81.80733245720245,72.91209072450654,36.75662804871628,39.30612251820759
good_form,72.08282339370473,62.38658483143737,36.13531091457904,39.2939485871978
good_form,62.04976945668552,46.73950704250391,35.79853983267692,39.17592141347936
good_form,54.29035450143684,37.39050845130618,35.725705100007005,39.73086485693866
good_form,49.37832929719627,33.42108452149119,35.88843282763998,40.8003397785948
good_form,44.10643754794995,26.53875233628886,35.81317448385804,41.43898046432305
good_form,39.01327955486041,23.71389991894595,36.08443020842132,41.65048463217707
good_form,35.54814783846037,23.002774281848716,36.320214908028674,42.01961359806624
good_form,34.328613266092454,22.59878569526617,36.67121678880899,42.279523201151534
good_form,33.14978223501335,22.56271240207168,38.060039991177845,42.542187232607624
good_form,32.1188914187278,23.1393768700532,38.45710159583028,42.47387868887387
good_form,34.27583782890687,24.04047769942607,38.46505586201874,42.35984134803894
good_form,36.05652376454054,26.04119239142275,38.3101884912063,41.7896050465899
good_form,40.27848680418527,30.961700607301598,37.5516939759392,41.5054930084803
good_form,48.08579159071708,41.29504830594297,36.78705715066236,40.663922278271045
good_form,65.45839404492746,53.33297772708535,35.70637633747777,39.640123365137114
good_form,81.88213256783604,66.2999637886105,35.78306369707079,39.30834842810839
good_form,99.4579476016853,84.86120034494355,37.90844998555761,39.85674645452772
good_form,110.57117292348545,107.85239427472209,38.530570789555405,41.11304727378304
good_form,123.04361672420438,123.05877310974212,38.18276964192139,41.44197335585091
good_form,130.42709637489142,131.12496519154882,38.48322274435408,41.505348296401465
good_form,136.2110118453068,140.52316124843375,38.27614699211977,41.49105170542587
good_form,140.4604786012982,148.445282855641,38.02289413978825,40.78442987340763
good_form,148.92787331547652,152.98375256473605,36.70418897708262,40.07724386292741
good_form,159.18651856289705,155.68632242751437,34.3434287322784,39.868109009380554
good_form,165.97498278019287,158.72305564418156,33.03067153497748,39.08532338106726
good_form,167.57430765176736,161.40137081520226,33.1014857661273,38.55897756772573
good_form,168.93342880021558,164.38944101264477,33.06559191228818,37.76881193409879
good_form,170.818729682718,166.8924312836397,33.01082056200721,37.2218213983639
good_form,172.4960248809605,168.5239789866156,33.079286692705416,36.9041224897802
good_form,174.04459724455336,170.07636603985875,33.147717365031056,36.726920786861534
good_form,174.81876902930202,170.78135056085821,33.239901726853255,36.63659548179784
good_form,175.35545558092963,170.99879702494133,33.281530284095375,36.67659761840758
good_form,174.9729120957988,170.68910413768077,33.41152647048131,36.68843836668756
good_form,174.53382377570773,169.90824968016472,33.519738800597565,36.828201362481984
good_form,174.0515435674837,169.52033636683808,33.383348832885424,36.83941592975879
good_form,174.84467367656885,169.4593330119581,32.52016327552173,36.90440161415757
good_form,173.74374863931592,168.33885132024162,31.684124173498045,36.91216563720797
good_form,168.97216218572078,164.8627143328267,31.587704921828063,37.1241765419388
good_form,164.0262947755725,162.07956120601335,31.857518202301264,37.36584316931658
good_form,156.29228327790824,158.24743111511253,32.583303602694684,38.23554296604905
good_form,145.6025284632532,150.84892416042828,34.542864283345835,38.736994920311844
good_form,137.33327449479677,143.53657277035862,35.60183837243415,40.01746543976593
good_form,123.28966092277153,133.09656014615942,36.49505616273251,40.54399248157204
good_form,113.68624012048909,123.45094197535724,37.113144532393214,40.77830856659908
good_form,102.80901146249806,111.43849024500551,37.241096888491676,40.93850382584485
good_form,94.22279376658861,95.11861518225932,36.85064814507162,38.897892610442746
good_form,83.59762977884111,74.15189558008092,36.5237306789547,38.493711217859364
good_form,74.24744975833647,62.996154183767985,35.33854163502098,38.428434132357914
good_form,66.95354271505106,51.21104707740043,35.388462847133745,39.636081775366335
good_form,58.99266040147115,46.35525418491354,35.5294072720916,39.84189466140671
good_form,52.5338920214683,43.299921051505954,35.925929051757436,40.34070446709948
good_form,47.27182575967223,36.46971986329504,36.202577451119154,40.593836374788125
good_form,42.71139968919123,31.262396667326275,37.63995634812601,40.79155924231243
good_form,36.83480968287014,27.157143877250018,38.1095137769937,41.37607747441061
good_form,34.0054601445222,25.684897259579216,38.79571132428087,41.62041403980342
good_form,30.927549180411326,25.769729495057636,39.57441168464916,41.868352460500645
good_form,29.26238270108977,25.346213843056518,40.14395409134934,42.2788910708833
good_form,26.503577411341002,25.216128386039916,40.48137683931619,42.375244349596564
good_form,27.755159378967793,25.78936304384812,40.71984003625364,42.91974439340855
good_form,29.849463079674578,27.099130877382727,40.74508324243289,42.8693320606381
good_form,30.83281960575985,28.25149015523205,40.57410961386926,42.46628758080899
good_form,39.39751098964384,35.91443425873359,39.6476583357876,41.16989443476554
good_form,53.595598766366365,45.546794237944404,37.61238999281107,40.19544599533231
good_form,66.635642853908,59.86962453167112,37.51727359046232,39.34680894400395
good_form,85.7872147208247,75.30116543439468,38.772864175790836,39.017073446583396
good_form,99.75770741400066,93.58278890466441,39.47611086323541,39.34958983253926
good_form,109.97977940931526,112.45763322509258,39.5118359584181,40.08277856063587
good_form,120.63323231532692,130.10192483369215,39.59822122932557,40.64417726810429
good_form,131.3220227510412,139.6305720600045,39.31580102460753,40.843662802269016
good_form,141.77307860984575,147.51270478753037,37.35107898087317,39.32779696551641
good_form,153.16592632012816,153.63219003353655,33.67584832902612,38.139118680685094
good_form,166.82748873171164,156.56135673087294,30.42109616933142,37.05751035570839
good_form,172.76470741179807,160.57349416793645,29.98250466231751,36.48889301743258
good_form,175.9163476584938,163.35762450336674,29.941354237294345,36.25989581473319
good_form,179.65784621676787,165.0736233457866,30.241185228562475,35.986414209126835
good_form,174.90824228709798,164.50734776498535,30.047379573016638,36.32774181892524
good_form,175.1053823020921,165.5770178860181,30.81893639935371,36.536238772010655
good_form,128.09110418967043,159.1388975521876,33.4039831472805,23.0889551383058
good_form,131.1461710396224,157.33449411287825,32.93326212864652,21.486746850093915
good_form,135.42568741531633,157.8511797795696,33.11238763618245,21.185764777912656
good_form,141.70585946358727,158.37774644361934,32.53573212014197,20.675815196384967
good_form,150.30250560140954,159.0851728706716,32.20002629255188,20.539335304679607
good_form,157.1822715925856,160.8178378627486,32.03570097062212,20.849947709997643
good_form,161.12513654841018,163.11081737997475,32.17860385975582,21.201549227375967
good_form,163.6115444004626,164.04285826067155,32.06186359027603,21.116029349032985
good_form,165.9034799249702,165.1807953657494,31.713760834160574,21.007080015877364
good_form,168.18387959243154,166.7102708900811,31.510889084842912,20.89504176261305
good_form,169.0385975938414,168.00154764439782,31.41121993501079,20.541138752007285
good_form,169.00832940564356,168.64290257927357,31.356547223929194,20.209628625748632
good_form,167.85291059035143,168.80782260524242,31.234695685095286,19.863402976253045
good_form,166.91483384197716,168.70141820219635,31.217731581006483,19.72672960965573
good_form,166.74103758231007,168.3968030030426,31.25048864593161,19.59908967849567
good_form,158.42698249425794,167.69849019763538,31.101789615105613,19.252496781482954
good_form,149.31784313767602,166.45502966210358,30.84660830191143,19.11323724913735
good_form,141.89864873942722,162.2083412661152,30.13376938074611,18.938326897293354
good_form,134.48824640044768,159.62480306267167,30.332650797859436,18.77793902958825
good_form,126.81519598960776,155.754444276051,30.731880591306144,19.19093681413316
good_form,119.20531649009496,151.97735372707885,32.14565709638932,19.235466809044624
good_form,112.22010324652078,146.24575705923004,33.49848518756042,19.828190614503704
good_form,100.00520235612663,141.61705958905586,35.569703479864565,20.809548560700236
good_form,90.40506149573594,129.9997714830639,36.96245502858698,21.420378158716545
good_form,82.10403048819592,122.10236570487626,37.41466710028969,22.801542232614317
good_form,78.5747774509677,120.76822617252591,37.66285340077003,23.33040514778642
good_form,72.96428457870655,102.9760210213629,37.099473898346766,21.57360416014969
good_form,68.21586582035383,89.43372703190349,37.496109356754616,21.31541335439795
good_form,63.82630846079441,80.82545997264988,37.133509990429516,21.1180204144774
good_form,59.33439081301875,61.665771698627054,37.5942059941236,22.75815887492014
good_form,54.929466015732906,56.27169528276678,37.78791160628861,22.798055042105087
good_form,52.32194362046032,49.20274456147139,37.765382810717206,22.95275665105147
good_form,50.13833091484664,46.24760797624367,37.94690839187517,23.05201455158724
good_form,48.19020044365264,42.62474654462066,38.45987441418213,23.88276962828496
good_form,46.811317030438005,39.97753031985375,39.64505249584203,24.490786406639163
good_form,46.5884780993741,39.0238850890756,40.21985740921968,24.60741020467257
good_form,46.62213994124965,40.34309971051976,40.744590774637864,24.686623541736232
good_form,47.20377465331762,41.715052435658876,40.812659998025644,24.40385353611716
good_form,48.3830005215798,42.44429220903303,40.7468522318691,24.23666812134923
good_form,51.06053123737383,44.37075608057492,40.72948240281652,24.342118227201976
good_form,56.64683142630483,57.639085684273056,39.086756053883896,23.92800171065321
good_form,64.23712008907061,81.23051288774555,37.94641321765511,23.93551068188275
good_form,73.7696348266415,106.66052342827892,37.403412790649476,25.53619150432757
good_form,81.98694637102744,117.5357209793952,36.05462594294495,23.355142823361906
good_form,89.69266055624541,127.79528297558667,35.44051508758204,21.209756559635206
good_form,99.01525504999472,141.5186422000086,34.43098745860754,21.289130553339398
good_form,109.16936921179371,141.55746972926562,32.86368463410579,18.91168097884623
good_form,117.84757968678355,145.04134254294542,32.01786733312759,18.614373410345344
good_form,124.12439499428447,148.8136506319066,31.18224635375008,18.77641251515522
good_form,133.15432886565307,151.50180783238002,29.71426217091879,18.92579487559261
good_form,140.19653620552427,156.06216400367256,28.79687842566872,19.42403189485347
good_form,146.30985808545714,156.36784047597993,27.555408777646626,19.03768722162202
good_form,152.23919763832495,157.05441528572052,27.193057192501076,18.93502185413282
good_form,158.17419331744077,158.74888437896377,27.148481245208696,18.64980907940964
good_form,163.16777915852774,160.57229119380844,27.27585157196531,18.641050974522415
good_form,168.18553859167633,162.1379327991411,27.30210807786954,18.631334663957375
good_form,171.8066594509187,163.86325852723746,27.670574263798223,18.16331134038626
good_form,173.37378182063748,164.90085282545027,27.97135167707676,17.800639901504745
good_form,174.9653658404152,164.6439585164042,28.229188541462918,17.17870589897011
good_form,177.4661094697836,164.87095526698525,28.591996223228662,16.65525370978804
good_form,176.8761394696093,164.70385811995865,28.940356820274786,16.041273860045766
good_form,176.64255975381622,164.93477250838455,29.098574314829477,15.762141576263932
good_form,175.2054664218797,165.0277452339886,29.375145905952035,15.554238394161793
good_form,173.8111814115734,164.3697419992183,29.46446341405046,15.252816937745743
good_form,171.85454128848085,162.65183875377875,29.93629605350012,14.475272966131724
good_form,160.77440380712315,162.04166558776893,30.597476357240524,14.295101490325422
good_form,151.7646798629935,161.01370229347165,30.200640273257765,14.41393690819034
good_form,142.91546878456208,158.0088378027515,29.99388154335154,14.344800698934838
good_form,136.25466197034376,154.5070418272976,30.004648612089067,14.71512977182732
good_form,129.48605498857668,151.16506230574151,30.53005469140555,15.931633445678935
good_form,122.70011649976016,145.82361896332935,31.838655098726022,16.476390530183142
good_form,113.37652223860837,140.13576629570042,34.31979041761295,18.188512662726502
good_form,102.27225427576928,133.8941187152519,36.208629873724945,18.961496739038868
good_form,91.45866977587485,125.78112369181898,36.67715757176437,20.120198912416093
good_form,84.8402205175716,118.22253993294862,36.852157262978224,20.689496658272507
good_form,80.72318704139474,112.55815470292427,37.05621742612516,22.94823897132405
good_form,75.00468461627929,102.33455332332558,36.915739175944076,22.472821416615066
good_form,69.98892489964193,89.87841738949164,36.91125815482309,22.67368127761301
good_form,66.23066121168196,83.69559061786454,37.01624978114956,22.774495957552777
good_form,63.31539784932637,69.75372057090797,36.878847072148574,23.05756072384548
good_form,59.85562798404016,57.19806696866311,37.37844421592429,23.164691540541373
good_form,55.77584685704031,52.599593855174355,37.57059888813724,23.45338693987778
good_form,53.25088797969776,41.90335186004689,38.139509462995484,23.275715082907016
good_form,50.75502867281008,38.828925236894136,38.44010317809116,23.78653180558998
good_form,49.30824227693846,38.180250459916124,38.56908259908115,24.373777468170736
good_form,48.77510527406993,37.70410025706657,38.707472704237325,24.7164341432302
good_form,48.915832640707585,37.081838787814796,38.836675078798365,24.77294115315377
good_form,49.29507502313542,37.14539407811489,39.20387067769125,24.605753520856766
good_form,50.42422322449754,38.66156733641594,39.2413237544684,24.483541905084895
good_form,51.59070493731148,40.54752249900631,39.08724864767212,24.387050023199933
good_form,56.25685175068243,55.9738122126493,38.70430233039201,24.795674926816766
good_form,61.68232774947842,77.02266873389965,38.34060933529612,24.566036803770174
good_form,69.98924567680405,99.441620882694,37.83051048720666,24.449218291904455
good_form,75.35637468460129,111.33835510241789,37.98093419978865,24.59604839911822
good_form,81.21830074762005,122.51933366572152,37.91639912297895,24.59921158367381
good_form,88.85316617680121,134.58598748029482,38.22425672118268,24.096937675907565
good_form,95.75908565292804,142.93293131246202,37.391031072240864,23.323980784392287
good_form,103.17783261129887,144.85947623086835,36.83538901430603,22.379961762493988
good_form,109.80137693239598,148.3875593884697,36.22435741268226,21.60446241066322
good_form,117.18684489006094,149.3470354986227,34.24254085862258,20.87154124530796
good_form,125.87742319705629,152.78130638138535,32.53076595183947,20.54102418100839
good_form,133.50922817081397,154.0569432724172,30.98970892804252,20.5203342247271
good_form,141.85023214137712,154.77087414936446,29.123170304220547,19.4934941704983
good_form,149.73429359435968,155.96365940942167,29.10502065809835,19.171441662717346
good_form,154.02499903577123,157.16904385302294,29.545915575242457,18.88733435169841
good_form,163.52515757805475,158.5363170983579,29.764068835619888,18.691170406199227
good_form,167.23603037551058,160.07509853324356,30.11718043971745,18.078846174999256
good_form,170.70446061705113,161.635507996163,30.319752945244844,18.00909811566276
good_form,174.06487286838677,162.64740734367,30.630771555641616,17.95686913190866
good_form,176.73681015155543,163.09211209038688,31.016988757949363,17.887462386547615
good_form,177.69786378453352,162.9534790842496,31.826776892075188,17.715470562047297
good_form,177.58454997761254,162.85017740436226,32.30881313090397,17.567437186558227
good_form,175.5717951496261,162.1709527949899,32.46606080990722,17.22528034871577
good_form,173.13891021482308,161.28814824294588,32.82272833323128,16.69530373211137
good_form,171.97682043625701,161.03864544273813,33.096910140607065,16.36960629644372
good_form,169.22569935173425,160.86348564148852,33.08821938362755,16.359630123519487
good_form,157.1669898969545,160.5747721242645,32.97444949695305,16.315479053699367
good_form,146.7719076176229,159.82320284791103,32.500152441637475,16.345895697253045
good_form,141.8925934315824,159.35536148702502,30.456925798708248,16.349291380531138
good_form,131.9050033586294,156.9563018338775,30.62528749782574,16.390194482121483
good_form,125.65638023818269,153.0307857591418,30.97798709875644,16.981774941083412
good_form,120.03213456164127,147.82798568322318,31.65804269224155,17.25848080966686
good_form,113.36165606774924,141.8913606710148,33.00370892484518,16.324945436224667
good_form,102.33675819452924,144.63916527408225,34.94391106475287,20.079524769428225
good_form,94.8460594717991,140.8718812405585,35.558946710126996,22.85202788048322
good_form,87.8579970567385,128.9070410661689,35.410377148867795,22.080924109288837
good_form,82.35748947456426,119.15989665628868,35.59988233689638,21.453000839904668
good_form,78.42911187644012,112.14487127263033,35.72002806608377,21.428596207527665
good_form,74.49187586607803,98.41591470678077,34.81367437722321,20.907970321022898
good_form,69.87392428788037,87.95473333815434,34.26817862622399,21.209245392684586
good_form,68.64830973609841,79.97222786790081,34.31876196495077,21.37209467728438
good_form,63.935734652539665,68.16573256050428,35.107743252394634,21.394175343699274
good_form,60.36223187850142,57.53363826911503,36.44533776174788,21.88845235763625
good_form,55.92779326336441,51.85367518822643,38.12979873779154,23.211661751377264
good_form,53.31036755575332,46.955430215335525,38.361951340823644,23.261888525822265
good_form,50.88457765039138,44.69553921470953,38.55738606513413,23.67368774290231
good_form,48.891339612250235,43.791315160737106,38.920999383879405,24.29857324850327
good_form,47.47318474951298,43.37223867275531,39.64576959842568,25.29945975504993
good_form,46.270046252444565,44.24899746371392,40.03729685883147,26.047777187848432
good_form,46.79518700242953,44.21629584644001,40.31466684655448,26.559272043210072
good_form,47.93129111788926,45.62512470632121,40.26996110668719,26.498113869777498
good_form,48.59765188666522,43.31106761439894,40.71630163556608,26.290268586952063
good_form,49.52722311067623,45.18968678010049,40.632581553322936,26.29712561266605
good_form,53.12974313938426,60.7820797915442,40.622955537624435,24.27372225685338
good_form,58.310034074164356,81.11912678247026,40.54933323949252,20.943152645243572
good_form,65.344731221559,99.14901663226937,40.7261410357515,16.45929122428814
good_form,71.81887248735501,111.81739177881315,40.82473569216355,16.84494070193468
good_form,77.22174887059339,121.32596203391952,40.61936775442642,17.489077742736622
good_form,84.60982191529342,131.16717508329862,40.15764009728144,17.976636152860276
good_form,92.85820744593542,138.6445983732357,39.63706610156897,18.28253038065559
good_form,100.37490296456457,143.37043313902905,39.23694407507125,18.40236139901884
good_form,105.29860275120211,148.3494090225388,39.089599104769775,18.667938935727037
good_form,109.79651920293682,151.3181448721653,38.94144080640997,18.68558818829397
good_form,112.45191195233545,155.44258044921133,38.641222114339854,18.981748899644224
good_form,118.23542402961448,157.93133877489151,37.80651081272792,19.08260330847403
good_form,124.0218596754766,159.74963010709396,37.06193311728259,18.540212447159593
good_form,130.07650535664436,160.8171606547461,36.48631232041132,18.247385585162522
good_form,136.2772658997781,161.16661246040366,35.78485194730799,17.944080009157584
bad_form,73.64191135449342,83.35032668008294,39.31203049933796,28.152000010039735
bad_form,71.82359070734755,87.86680009416395,36.73648317828541,31.621986031495734
bad_form,73.10338426570257,89.39499470718954,34.23987990396028,33.486779449321304
bad_form,73.2174186989575,89.97632812474276,31.328443294171016,33.390382103086466
bad_form,74.09264685201985,90.50370150755069,31.65039527765076,33.176335238640185
bad_form,75.4349584743707,89.96605856102887,30.97399122932507,32.74404523201387
bad_form,75.80105171669584,92.1563277234264,29.053670246377223,33.01127428835479
bad_form,76.9887342876432,95.66230793419207,28.390144224944372,34.594915165944414
bad_form,81.05913217468999,97.03263255277112,29.36399177653124,34.1603275391254
bad_form,85.26690293124665,97.01647785465845,32.031375014595916,31.833128463460397
bad_form,89.88451548339795,99.35188408890204,35.348149176633314,32.007045683796726
bad_form,91.64439772650337,101.08093491325332,34.3968812781009,32.50546554893744
bad_form,95.9973646827024,105.39748475711578,35.3244138016943,32.595849015622754
bad_form,100.58263056183958,108.74226332667097,35.48846824882388,31.941865686380943
bad_form,105.6072954138317,110.87560369519537,35.15862455228964,30.545224783632385
bad_form,107.02823268313013,112.67286536077079,34.55333867209579,29.065228855623428
bad_form,108.62006793533682,115.25444985386358,33.82482727452338,29.517237224615005
bad_form,108.69944800139977,118.45383774849114,31.65775700675853,29.208907174821448
bad_form,114.35908496096387,121.80588651870056,31.7861988573873,29.291278306327797
bad_form,116.72332069135129,122.65911238648124,31.957385832006032,28.728426430766774
bad_form,120.63965612330391,124.7912349557399,32.95064818684948,28.529983785548282
bad_form,123.71137377729923,127.40581990293722,33.233907808482634,29.097622988226476
bad_form,126.75389007898505,129.93806539580274,33.420408923458076,30.00596214286715
bad_form,127.34015787497466,127.73472262582845,31.62825406969614,28.542024288811074
bad_form,130.0888556095414,127.88747902336519,31.228411476274367,27.926276547696375
bad_form,135.4321172805039,130.53055317413072,31.15732303219736,27.646836346768556
bad_form,139.04390786653184,134.6813539013201,31.34928964768095,27.863939731266033
bad_form,140.43997884329863,137.6966969231805,31.057778483184965,28.16283331976135
bad_form,142.73888544274814,139.8880488820246,30.99578362802866,27.963892089800762
bad_form,148.5540436285056,143.20930201049248,30.90407294033324,27.42257010173649
bad_form,151.87979168159487,144.71517721419494,30.81196872168847,27.154847767373912
bad_form,153.2148330937832,146.80355804875308,30.905594495509956,26.652333795008698
bad_form,153.421957321334,149.06917190779876,31.207253033836505,26.34373712768251
bad_form,153.64665683712985,150.83765932786466,31.32025175101789,25.71653648187823
bad_form,153.12533594349523,152.63914572132074,31.236543379970154,25.442374107894356
bad_form,152.73309755420195,154.06806451231904,31.127480723850642,25.269473220637874
bad_form,152.19090743128973,154.47963249552703,30.893648546176884,24.798220996732486
bad_form,151.3489536939666,153.89841553724602,30.49508466657186,24.00177072564394
bad_form,150.99448253075784,153.03526215572256,30.42108458105683,22.905095718815122
bad_form,150.21203026319043,152.1528172431941,30.138186538256615,22.465807418400328
bad_form,149.5883347922825,151.28267926078286,30.137309083516893,22.460507216599396
bad_form,149.24027971221213,149.09957040339847,30.13765445423741,22.188764581158985
bad_form,148.42022651811155,145.77674503332614,29.949407876753348,22.079898830099015
bad_form,147.36305561735324,143.35363133160715,29.656143844271043,22.541894309349914
bad_form,144.95735691926535,138.59602379658833,29.118437707519963,22.744112505482743
bad_form,140.63917087307237,133.007062065917,28.89098939612099,22.86102443061299
bad_form,137.33716219281266,127.54757155590488,29.07747989713124,23.049654128782617
bad_form,135.11909134516577,123.07465988848946,29.963178202363483,23.345236063092194
bad_form,130.68099935187544,122.36554228983977,30.419211312175005,23.976350571702763
bad_form,125.53769632146438,121.2854035625775,30.33346022654502,24.888289637678728
bad_form,116.13431437179266,117.60744112164136,29.290734385389097,24.559753907948416
bad_form,109.03385087844471,115.41954841973308,29.54768746632178,24.557733020554426
bad_form,105.07793504061716,111.49790512516134,22.999319378950446,24.18358865832627
bad_form,103.03555062890939,120.1189355493442,23.517523439498042,24.59698953567228
bad_form,74.19870024338312,109.21850912253488,24.0294405872977,25.882769401759106
bad_form,94.05270172290173,110.92346813330462,15.751036174978331,23.57068574152902
bad_form,66.48411950796118,96.48944183708075,17.347829813868174,22.744556770356105
bad_form,80.95042655084177,92.34111011744817,30.705587368803943,22.67613428481116
bad_form,79.86258441948875,89.39147069583474,30.84922045773857,22.940216456612326
bad_form,78.67464174120032,87.47272531653071,32.72010922597747,23.815303612775104
bad_form,77.60435122313659,85.67800362947618,31.91702595825565,25.69574609885508
bad_form,70.31750900243478,83.7786718706792,31.435630143231652,26.66470838816233
bad_form,65.61552078708553,84.15127386642565,31.183779807693412,27.92732144230124
bad_form,58.934087641044435,83.43598522577312,30.394778946566195,27.994793776065176
bad_form,54.51120972727771,82.95289368371432,30.49347119234847,27.97965929851722
bad_form,53.00099797688487,83.59165456086924,30.600336994779223,28.354640167583916
bad_form,51.05070925906774,84.32199247885696,30.511367406040662,28.61479014063306
bad_form,51.37311170724776,85.0783267693081,30.313089546157485,28.885721820343544
bad_form,52.78671562216886,85.66927437185132,29.47110872879477,29.894868832929767
bad_form,56.098408695236564,87.11984389543667,28.90483583467152,31.657807522438596
bad_form,56.79255302161004,87.58203805638477,27.525628183510708,32.43456683445934
bad_form,63.7637464839411,87.83870625774328,26.18356068520217,32.70827307547604
bad_form,71.12677891420716,86.93364987701055,28.105749130381184,31.875518455748956
bad_form,76.419928587559,88.2793851785218,29.906995389361313,31.326762657095145
bad_form,84.0067491741764,89.7598173786787,33.398807523646724,30.004744222290416
bad_form,85.98500082917027,92.46038795668085,33.714196971081094,29.03714044042974
bad_form,82.71234653162664,96.43519191747414,27.68621824179937,29.534044099198667
bad_form,81.80139443144154,100.90060648004788,24.709906960611782,29.403538966357086
bad_form,84.04277254028675,104.34482921655204,24.181722384318075,28.162896743807778
bad_form,88.98366389629399,116.79738603928544,24.07356322315343,28.513524431374407
bad_form,91.8532891825754,124.98548870347324,23.298677610955878,28.18054187248703
bad_form,100.92069539899778,123.9062855009779,22.164636764366936,27.733786796279304
bad_form,114.53485236462859,122.20362371201253,21.312186287989036,27.65136229847081
bad_form,117.64505309283021,123.49893583058108,20.019684544158135,28.426404334397063
bad_form,108.88867348502426,124.9627750551918,19.792598445877392,28.418521691362432
bad_form,106.2509430737834,126.17030410023656,19.816980606551326,28.69000369021284
bad_form,108.07326551546842,125.07497751927039,19.771066677084303,28.201129369712728
bad_form,109.67754452716656,126.84298589421383,20.120714764822814,29.081860932455122
bad_form,112.15139861771243,128.602815403785,21.10857952225358,29.345990371938377
bad_form,115.64135276130445,130.3981078649766,22.071214571115366,29.557464946958255
bad_form,122.341803348895,132.22313585679825,24.64735599873022,29.398577388251937
bad_form,125.07166377614018,135.25711199732444,25.56421560375505,29.21720904165044
bad_form,128.19053939239058,138.5085677870501,26.188042413007718,29.331009448734513
bad_form,134.0095864808555,140.11057465828054,26.207518397542398,29.128715661679863
bad_form,138.6358021056636,143.75523530970875,26.853743453899146,28.104871872695217
bad_form,141.66930076642734,146.1341115493071,27.10325818015855,27.52472605711017
bad_form,143.4282575395126,147.76478377578587,27.065679260950223,26.95216108572334
bad_form,148.50074080332516,148.51610781128787,27.942907828547355,25.857403563208365
bad_form,150.7821031545141,149.62239304377204,28.793460405160552,25.336044623491155
bad_form,151.1705210096905,151.00639059242943,28.907506693023866,24.71919274777868
bad_form,152.03670673777728,151.81574902089463,28.37323550711813,23.849917900057225
bad_form,151.42946371492675,152.14274523109268,28.00950905469253,22.866402373295966
bad_form,151.8680827636145,152.09296479821103,27.716781132309627,22.434967380283616
bad_form,153.284568656582,151.53217512710734,27.864271984250763,22.05229996443129
bad_form,152.83090496857974,150.85484008194933,27.75109922660527,21.993603888971997
bad_form,152.14122496766944,149.44579998857301,27.66816456373724,22.043045936312524
bad_form,151.07335655899482,148.47691612071955,27.487125440566313,22.263298301165083
bad_form,149.52942681958103,146.6349754057464,27.304982346313995,22.592869617997373
bad_form,145.83727339221247,143.270361717233,26.982077622943432,22.982041289066483
bad_form,141.8033150902497,139.82305903695521,26.406351384874657,23.746878886502373
bad_form,139.73996809462145,134.20398029633697,25.59482375452745,23.90463573942134
bad_form,135.88344652778537,129.45560496247703,25.698999362576302,23.98441413952299
bad_form,132.93225037109704,125.80655026501265,25.14248217635984,23.8845406546143
bad_form,125.63645965411918,125.4530695419432,23.352907780372757,24.695518916405856
bad_form,118.96636148159297,122.56002508641296,23.107080407499886,24.730259237563615
bad_form,112.37567639276536,119.01208998726736,22.004049047397906,23.845447455702846
bad_form,101.94350940028252,114.376270568813,21.17932216857979,22.851929203999198
bad_form,95.21822136188445,110.8754121753907,20.761096089282127,21.893571505671666
bad_form,85.410078248731,108.81748655462215,20.847011056326775,21.93642442244602
bad_form,135.44742152230955,107.41000730644251,21.11589901631204,22.223090245441114
bad_form,82.76868660523654,101.78516856397967,21.330858972288027,23.48733480059064
bad_form,78.37014816395293,98.48496943740518,22.485990806409674,23.491813960673003
bad_form,75.8980060967453,94.47783254307964,21.82986306385813,22.427442431079474
bad_form,77.20743286945651,90.67386872462714,24.511238537530485,22.163610199184088
bad_form,77.91982980342647,89.12185038227167,25.474236554104518,22.049119720666344
bad_form,74.95788073505983,87.08431672052929,24.781018696830042,23.941317970076266
bad_form,71.79022029301815,85.42412549147605,23.180996864302646,24.615039128719502
bad_form,66.5042810877631,84.61515708961113,21.48460690557359,26.213819739556453
bad_form,56.78786454310272,83.30197107198721,21.861587999069886,26.84013336831233
bad_form,53.59461660887666,82.17656615658578,21.884186984882586,27.449580759143487
bad_form,50.13588105372167,81.10199353970613,22.15645619707226,27.81748250010564
bad_form,49.318810051956376,80.19055158730984,22.1250333227668,27.861206347937255
bad_form,47.03465950343104,78.85182592825393,22.514074126266102,29.124139899251936
bad_form,47.69006060897286,78.15078302297879,23.229504535110465,30.242031823903062
bad_form,47.59536520337362,78.23973424907994,23.66128325238013,30.082158836896294
bad_form,49.41303423223736,78.1370616027009,24.51099919677117,30.38436362525637
bad_form,54.28646351014208,78.44624250628844,26.75681289265699,30.308388202527084
bad_form,55.99822068161226,78.4010593053086,26.51518096617696,30.21788167468074
bad_form,58.903022185841166,79.45521055621298,25.59114007993897,30.26765789418566
bad_form,63.960091108751605,82.37721238808481,26.405169498588133,31.31696705734024
bad_form,66.881822617633,86.55822447899256,26.039552291177955,32.75959945018553
bad_form,71.74304714770572,88.28784070964873,27.34959804569179,33.03319656561651
bad_form,73.4398406039346,90.28669815225392,27.13287882159768,32.85015982894634
bad_form,122.09281998079234,92.70178264950336,17.44131828707435,32.56613984457743
bad_form,89.42559706878014,95.0051854617234,16.93962616959944,32.16128131121904
bad_form,120.24988640342247,95.94017105648237,9.098882505241098,30.406574543292177
bad_form,121.02374002842714,97.62681950443755,9.007037659592743,27.343211629945422
bad_form,126.51955758019025,98.88880461016497,8.997441908585438,27.32870457161225
bad_form,75.01612239596565,102.00101330699172,9.425049676691101,27.524846251033594
bad_form,81.95279831519015,106.42276940425376,18.214981173123558,26.592774834049706
bad_form,90.84634439563166,114.18490340613542,18.14113213597262,25.983650385052307
bad_form,89.10358187910629,115.51420706364834,18.880431859207555,26.49389468406637
bad_form,90.29963888424294,117.85845068326918,20.43145656062417,26.84601116724602
bad_form,106.09321868794626,119.90345782644968,16.635288159123917,27.50218288532452
bad_form,99.70314601899265,121.5383221891218,17.163047841026405,28.160036706887496
bad_form,101.99044349228483,124.2642394325849,18.026449967164393,28.184985121617853
bad_form,109.30599171700904,125.72886268594414,21.152680597319815,28.296045575821438
bad_form,118.69814925026931,126.18122566986077,23.481628918555707,27.96667692827847
bad_form,127.80877637848518,125.36727236714256,27.073870987321047,26.92928635819383
bad_form,130.0636869060528,124.6225793895965,26.5676235030131,25.778046641820904
bad_form,132.2935770312292,127.1882538954905,26.112487675183022,25.66322663792006
bad_form,136.4664626658671,132.13885108458425,26.444418104968406,26.53230133632921
bad_form,140.11163137615918,135.75003308681707,26.8288939447521,26.886637870297218
bad_form,143.88997998022046,138.86685133196153,27.823115657411915,26.70020565620165
bad_form,144.87570768204432,141.78486196393712,26.906528644717394,26.198270893471094
bad_form,146.07414206282,143.56713148154046,26.994994757304994,25.406827971797245
bad_form,144.32100070156332,145.98323553775126,25.68817287234366,24.924053259061612
bad_form,142.8619317155049,148.97716369095338,25.049288278497553,24.21370899892948
bad_form,143.86463793492868,150.28229459309347,24.930523777968695,23.848064591031186
bad_form,144.00304741270142,150.79723925649807,24.49711788727555,23.692138744632118
bad_form,143.97755909942614,151.159375422513,24.471521394201933,23.738452921428877
bad_form,144.15164692318433,149.94798481800706,24.579787833358665,23.64945546082783
bad_form,144.18361914760956,148.91510954797857,24.64217980322248,23.354228022912615
bad_form,144.15652865897027,148.1851158411481,24.605653133068156,23.158879063084704
bad_form,143.72796444916784,147.77604210655477,24.47209244646775,23.52523897231091
bad_form,143.55679733965087,144.27936948990128,24.68826752068532,23.66679956001285
bad_form,139.49534325717676,140.18252003347547,24.99128079479768,23.897866481356594
bad_form,132.43457151666456,134.11042113811624,24.375418127858715,24.176582320781034
bad_form,127.13809659011997,128.5848872882265,23.408491583564416,24.222686105095722
bad_form,124.80677467850023,124.64954143540191,23.569223061076894,24.934025300463233
bad_form,119.38139594133676,122.92243690084422,23.675697903055372,25.493249592523295
bad_form,112.36872989127595,123.56622940358008,21.96383371992387,26.556836782426867
bad_form,77.81972342060229,119.21405714993142,19.109799740147377,26.61666090510239
bad_form,70.85118898617996,113.97545038011137,16.932799036282216,25.93564829123353
bad_form,92.32188025138892,111.27287507946886,8.258565790463646,26.07151629060476
bad_form,89.61203029271255,109.17026498396686,9.159878453697821,24.271879529594013
bad_form,109.84816675968565,102.60756475496896,9.149223770155258,24.268499941277195
bad_form,63.404169843143265,99.09777430066512,12.597439715083976,24.413987351896058
bad_form,69.21714621159045,95.18337438750845,21.170045705815483,25.15218235843877
bad_form,75.62576771485708,92.8787768498714,27.464895569922067,25.12474435622946
bad_form,71.83848098343344,89.77281914261592,26.66884732885909,24.831408105631784
bad_form,66.95299710237215,86.21593359298221,24.914659629746996,25.714528574761502
bad_form,61.75345907384913,86.1751882371122,24.404704630366254,28.201692314103134
bad_form,59.259986965497106,86.53046984578785,24.484373410289866,28.477392334552015
bad_form,57.59397386333616,85.38323724610083,24.649149199133777,28.480720955818203
bad_form,56.43406499851334,82.70293666842278,25.07638770361814,28.473490979259893
bad_form,53.54303456994333,82.3454921328149,25.005327814523675,28.36649356466272
bad_form,54.200757547454096,80.6586705088472,24.131935676943897,28.269920313170502
bad_form,54.65650834769881,79.80967793157873,24.264130562452877,28.18640335086012
bad_form,55.04943994999533,78.65503122488462,24.578004202287524,27.903637764389245
bad_form,55.298546457982624,78.39128147286365,25.895186597638403,28.090343476514995
bad_form,57.580192937295315,78.5660248888255,26.419876379176014,27.857595868569156
bad_form,58.59736966821281,80.26325679772593,25.629563025673345,28.906744668340394
bad_form,59.40248617011495,81.74596422033761,24.78547571580153,28.858353080912956
bad_form,135.4385042064847,148.81505495180915,39.4464404374665,52.3729537814956
bad_form,134.21189959920883,147.28319050094566,38.95441384325719,51.16749922380429
bad_form,133.28579511676182,146.38649397583427,38.42733128531136,50.88031020487611
bad_form,132.44769972444186,145.8674964810041,37.87654330494874,50.8638779339829
bad_form,131.5782244380332,145.42576694257167,37.496061294961635,50.929284684650156
bad_form,131.13960564121567,145.40212569990854,37.345477138117545,51.123024150491275
bad_form,131.01967623088072,145.94352010597112,37.34755496570677,51.55724760478268
bad_form,131.1041356698098,145.97390634532522,37.33504642683509,51.50706967003685
bad_form,131.62247868454992,145.79844076886596,37.229177599274124,51.03248463519218
bad_form,132.0485171413364,146.45315378700104,37.18497169737127,50.72141350149339
bad_form,132.67673831449255,147.11367429658557,36.95805828419264,50.20521400161526
bad_form,133.3048679631589,148.59783115463497,36.32021161600405,49.64595977142872
bad_form,135.18157431729622,149.14596565250798,35.732110499661744,48.59047868172401
bad_form,136.45766307806443,150.5425668961288,34.68805807235043,48.231480672298346
bad_form,138.4064100780402,151.60388897729473,33.95165331285489,47.70504471647233
bad_form,139.28652846041737,152.9235546367045,33.46451661469814,47.05154632723771
bad_form,140.51672489409236,154.49650128623702,33.2906971332028,46.12026612343934
bad_form,140.98390604683703,155.30978687453765,33.11065260457018,44.93566254015233
bad_form,141.61146298563796,156.21295685127333,33.021541567021686,44.200846812738746
bad_form,141.4910617738041,156.69623983193824,32.612780032282686,43.76278988283582
bad_form,141.36141335869632,157.08788087661148,32.5875799742168,43.35494908837744
bad_form,141.1989174790352,157.14391981523013,32.51482197999819,42.94566027360779
bad_form,141.04587489413348,156.92979454901413,32.389876864189304,42.683437612396894
bad_form,140.93298820061193,156.45100376141792,32.34994678808355,42.45419682369278
bad_form,141.04966371170727,156.27984489081604,32.31034859716788,42.427198610766496
bad_form,141.75083437278903,156.54523985110436,32.500349392707435,42.58329380835176
bad_form,142.19914052534577,156.07107758824952,32.8177049684503,42.74299085906679
bad_form,141.5340380747001,155.5633972207352,32.961479981892,42.98419339393478
bad_form,140.91597789894297,154.34501272942228,33.25242429570033,43.51836601597532
bad_form,139.29246755612476,152.64119811585337,33.57261267256461,44.055697581976624
bad_form,136.3227650095321,151.88078032404385,33.846709458499944,45.307660887108575
bad_form,133.8700551121186,150.56532960926714,34.442863034721995,46.97797597584813
bad_form,133.38809326379382,149.56870867339507,35.677166678767634,48.47755439784059
bad_form,133.20968877240293,148.27058309432678,36.92768266213733,50.041967156068225
bad_form,132.82422635542733,147.69226304421514,37.56703721522542,51.5473725297065
bad_form,131.79656171723948,146.9486464335172,37.71883359263447,52.733801927207494
bad_form,130.8378815336399,145.56732067281015,37.82145029165605,53.725994754995725
bad_form,131.1055578666673,144.49628542490836,38.68688355657445,54.801177083302704
bad_form,130.8589538178388,142.5551908761549,39.6145238713184,55.391248103341844
bad_form,129.49585836881207,140.7137634972394,40.50861985835039,55.8723207265472
bad_form,127.66434472952268,137.1803998436685,41.19684209992666,55.72891361903839
bad_form,125.89670917363925,133.60282438945495,41.770671914165305,55.58458886482781
bad_form,125.1824552708982,129.72031734973507,42.263662217703775,55.946408652730355
bad_form,122.77247376751454,127.65563944299942,42.48162001364419,56.03748668205623
bad_form,120.40016912923599,126.00119357580483,43.58860486927837,56.50025895301607
bad_form,118.99138856776442,124.58918570932846,44.097222142150876,56.9288937062993
bad_form,118.12070845792984,121.6805246131386,46.326233778079065,57.082569517934566
bad_form,118.10726227133712,120.38491269133364,47.97106484765957,57.70451863941298
bad_form,115.5733018336414,116.67086435881636,47.48010947479773,57.632806047164706
bad_form,113.93793195978814,112.96116977062223,47.574560556833255,57.48081750364547
bad_form,111.5524430145123,110.92544011686925,48.44694972527031,57.22311122656128
bad_form,109.35966653050974,108.4695146106047,49.47176633351731,57.36208309659836
bad_form,107.68499053138459,103.56971096744142,49.0948601014917,57.74459543152415
bad_form,105.02968715521162,101.0893836086366,48.88038777457231,57.89342656724428
bad_form,100.73903750724487,99.13597377719607,49.65993772206866,58.48706650217846
bad_form,99.30667011752722,98.78376758581159,49.81210854570724,59.094113105482634
bad_form,96.51063250034986,96.32678898995299,50.443198526873495,59.577186268224054
bad_form,93.8964345925507,93.68893217480472,50.73011276329335,59.78221734987895
bad_form,93.2620726765707,90.92126980930874,50.48051146767428,59.79381848667791
bad_form,90.56422428338468,86.85280671930755,49.866968626836474,59.673094973811594
bad_form,87.72822546822816,84.23830503730422,49.645653877226316,59.74948262507112
bad_form,85.60101814427652,80.42222501700117,49.722134996425055,59.50413014640778
bad_form,83.9196226953595,77.24715180772895,49.74964700456392,59.361630545330776
bad_form,82.99408351706785,73.47018297780599,49.52680416826445,59.12622368369525
bad_form,81.46651690343258,71.58398250373916,48.865741509965325,59.16170206665335
bad_form,78.48202944059034,69.62039644279703,48.775863863588974,59.27240753239622
bad_form,74.57704841584183,68.5666431209243,50.26116340383502,59.42059581311671
bad_form,73.61148782703063,66.87958924802744,51.041198022924426,59.675082999611725
bad_form,70.15810046123774,65.75882328777804,51.3282133848772,59.9059666158087
bad_form,68.04466936697199,65.60716896070736,51.66701930030214,60.45602653381146
bad_form,67.45126996416738,65.14917517958928,52.98787455768467,60.894930062081336
bad_form,64.62842512685928,63.97936411385214,53.75337308252298,61.292910866841375
bad_form,62.83747239194339,62.37528599230892,54.579684974692015,61.575203071813284
bad_form,62.1833217160982,61.424430127899285,54.45333754743696,61.72689960166741
bad_form,62.3450906283278,61.9915773830185,54.26015303792014,61.79706917921942
bad_form,62.476346841907244,61.9030575387522,54.679792671592246,61.85197930365499
bad_form,62.77126396377142,61.76611252592262,54.63841348113261,61.8137299736715
bad_form,62.76153202091954,61.43483121166254,54.54386169450187,61.51685342507799
bad_form,62.34255985141406,61.71440668072521,54.387604776173944,61.14186607943356
bad_form,61.312611679052566,61.871496488084595,54.02478806992898,60.85718016907475
bad_form,59.73350742536064,62.120970156249655,53.00093785424082,60.27669505871384
bad_form,63.53942856834993,62.99499949633106,52.113635724906416,59.80897292211625
bad_form,65.41670399409392,64.80925904368513,50.85602249669236,59.630636265643176
bad_form,68.16971216266523,67.06963995399909,49.32381792001795,58.770996795603395
bad_form,70.24078217189336,69.74327853452786,47.6363205012081,57.779861132531764
bad_form,71.92554919813607,72.11651790856969,46.79034801462538,56.57091071979613
bad_form,75.08718717193263,76.25397928186412,46.38411998371491,55.97601902917621
bad_form,78.49873914572727,80.40597880499737,46.73667758735136,55.61274521344601
bad_form,81.73343655357223,84.52815528168878,47.15499967690246,54.44421312188877
bad_form,87.1165906724239,88.07480330943572,47.96324616909825,53.34175590648645
bad_form,90.64821632947564,91.5963271171532,48.656218006686274,52.94130404949783
bad_form,92.73723861074618,94.81467620766536,48.6862231908012,52.539456754586865
bad_form,96.87108127176775,99.54401336417553,48.167260940110964,52.133197309551704
bad_form,97.96762890106403,100.38495187633097,47.13960237146902,51.4979740118622
bad_form,101.30529639991954,104.14483586469528,46.120516331125245,51.08524525469583
bad_form,104.02968336851688,107.49871652245777,45.45585750353858,50.66494621331952
bad_form,104.85564136339431,110.51818062092279,43.838886663122416,50.511563794034224
bad_form,103.82323766081844,112.779128395721,38.940928754594765,50.16793966931114
bad_form,106.42540184232338,114.94208962546377,36.81485988183677,50.03839765905618
bad_form,109.89189262167788,119.85778123159272,36.044672584635784,50.01133714169942
bad_form,113.2225765453727,122.60267488752457,36.68507961764649,50.10918328261112
bad_form,117.11172804960427,126.08104492621217,36.13015257757009,49.99570921451061
bad_form,119.22748867278281,131.49428436595772,37.14238638759215,49.943236152902976
bad_form,121.95452478681209,133.2059539791854,37.88087672051904,49.665222722276084
bad_form,123.883045745651,134.5378225699989,38.18152427145767,49.07819029822453
bad_form,126.20872116954888,137.04489855152238,38.07136366078201,48.80531205947487
bad_form,127.20508674860247,138.14172350485902,37.41812854788612,48.49097051986956
bad_form,128.30950639275045,138.10665980059107,37.26484051404971,48.271603625806684
bad_form,128.08393533895673,139.7051202915397,36.5573170414064,48.37546264973273
bad_form,128.98018041061295,140.89617122115143,36.49469722618351,48.38387669458064
bad_form,130.56837812031264,141.43079560315604,36.502066508335275,48.056056072513606
bad_form,132.45135381782342,143.18427034296687,36.46675884022286,47.839183502872274
bad_form,133.5901733692285,143.88140947120414,36.35602476195157,47.41796490967636
bad_form,134.0580087662558,144.92489147067585,35.85266587969239,46.94461494477822
bad_form,135.38103739838,145.37774142952995,35.06268674328458,46.39212135941539
bad_form,135.95576335336796,146.27884166481164,34.21345628077389,46.12639170817038
bad_form,136.20560906841953,147.39915432193243,33.798442159619654,45.9073053032902
bad_form,137.70486342699581,148.68308475453438,33.611926489090564,45.64204786715522
bad_form,138.47662530699327,149.51355513532275,33.599421287443235,45.349132271048575
bad_form,139.51691179042055,150.862790453077,33.73227908732568,44.90090351980912
bad_form,140.65247293545357,152.95152321395338,33.830671683902196,44.48736350308122
bad_form,141.4642711721889,153.37950924760088,33.839033926536466,43.81717815987694
bad_form,142.23435872960852,154.47516403587522,33.853017770193276,43.351492849471875
bad_form,143.25473281361133,156.2946481689905,33.988107656946056,42.80394714162351
bad_form,144.10593348980285,157.3910505905514,34.036346814961554,42.41037692382319
bad_form,144.98086471453936,158.4147064336589,34.21187387729617,41.913706668124576
bad_form,145.51996306379536,159.42207204069078,34.481671170364734,41.46648135346101
bad_form,146.04137286378287,160.36365811879833,34.52324452674179,41.21900466302222
bad_form,146.913330553844,161.17283797217553,34.59606823087112,41.071490274765594
bad_form,147.74782419781565,161.57007508299012,34.58940580162456,40.71693877447217
bad_form,148.57311147134038,162.45166664803622,34.44894923344257,40.38892018092092
bad_form,148.65524313333256,163.52536439503646,34.15200756241162,40.00586026451808
bad_form,149.44221473890173,164.1369169996607,34.12626608138519,39.687476880584
bad_form,150.0858735894245,164.73552627943602,34.086372959588104,39.46934539830807
bad_form,150.5965023322432,165.5017908398811,34.039105292505695,39.28897095151738
bad_form,151.16720866143518,166.19600517881233,33.995637360370026,39.12214171589324
bad_form,152.07020151892607,166.5083767528917,33.97690332540473,38.960588129835656
bad_form,153.31050129126456,166.64116314482123,34.05233819065189,38.76153095932062
bad_form,153.86258634692524,166.53312042230485,34.06015672110953,38.596831045697016
bad_form,154.1542378816372,166.27224677441615,33.996175922540345,38.53634514234278
bad_form,154.02405201611344,165.9893320279633,33.90087214695116,38.46443778847346
bad_form,153.95096047010722,165.89905840557518,33.82782505232756,38.44177822188269
bad_form,153.40012149909202,165.7370041694315,33.63896681007684,38.46166833771784
bad_form,152.71598372572612,165.05930778169633,33.45636846197742,38.49533861249393
bad_form,151.56787543343813,163.92640857777894,33.34591244211296,38.68213613116737
bad_form,150.5070387530737,162.07904315249954,33.06325487429205,38.958185838694526
bad_form,149.1390349557969,160.49813098507818,33.06389541499601,39.33135159767586
bad_form,148.1994955355308,159.02152352820798,33.56758497094879,39.64650833667616
bad_form,147.97293098137146,158.29406246611998,34.34385861228006,40.567060206094354
bad_form,146.85373609882225,156.5336975308231,34.381911626807415,41.245990737070336
bad_form,145.46304793270212,154.596190131723,34.269748498509834,42.244101560168744
bad_form,143.64563051887595,152.601557575147,34.22224867328177,43.324189790520826
bad_form,141.20689375456465,150.097283401297,34.30637875621467,44.34020763730084
bad_form,137.31209016364457,148.33496428945224,34.54349532849383,45.44254265282996
bad_form,135.35251101507552,146.2060075199245,35.0981441001529,46.30046502802452
bad_form,135.32572084891336,144.12657919828473,36.7127110550567,46.975592724065955
bad_form,135.20788095802664,143.86712568505123,37.938340213908596,48.37035379721877
bad_form,134.89227952645615,143.2414132969232,39.16401018720278,49.829235373612626
bad_form,135.04404539140373,142.22748777578937,40.3714807685853,51.07052324629063
bad_form,134.80425497635292,141.13022824022624,41.02112337300531,51.96159426002833
bad_form,132.96802610537432,140.15101938552354,41.688593991533864,52.69317186312905
bad_form,131.71992895208558,138.4010828111149,41.830356596758584,53.57165025897215
bad_form,129.6734833527897,135.25138782512147,41.91230349928842,53.77606096147167
bad_form,127.7223296685655,132.87321719478027,41.29178857621334,53.90704140496926
bad_form,125.04644757037705,128.93534430590677,41.38731603176655,53.31138588850813
bad_form,121.82907825669434,124.7252927871751,41.71066972426071,53.00261717628439
bad_form,120.00675482354401,122.1848558190671,43.69813597535308,53.26625200635818
bad_form,118.46213520865298,118.85440999786717,44.834455810472264,53.296358072944855
bad_form,118.48354200035914,116.80034547723659,47.21898703749395,53.76923402675012
bad_form,116.68872817539906,115.75318346859007,47.17299534665283,54.25699741556275
bad_form,115.03310808768875,113.58709624468862,47.85595106680257,54.760139534447205
bad_form,112.88008056286297,109.62046437470157,47.96594464564637,55.6693171273109
bad_form,111.38814855743526,107.0440981199333,48.37555119054204,56.54653736142116
bad_form,111.18127332356976,105.591417751978,48.455774975179686,57.46182602803641
bad_form,106.19321638606337,100.47134435244377,49.29348725446989,57.867519943369196
bad_form,105.18962193591466,98.21500435692553,49.46879536262289,58.18286532323752
bad_form,104.17974603598148,96.04564711936831,49.7908454477454,58.89479267264956
bad_form,103.02042567846459,94.30351391827881,49.5585775760227,59.33831050926039
bad_form,98.96181772604523,92.44459747007564,49.786506553709565,60.39388688533072
bad_form,99.61142848757352,90.80007088295326,49.69665223297963,60.638689012295906
bad_form,93.89488283423125,88.0193395487207,50.2330103234686,60.5723019817405
bad_form,93.81348593806096,84.9255190188815,50.80776547017817,60.59169185484131
bad_form,92.75646764947697,81.51991661603344,51.96241386474258,60.42187822752991
bad_form,92.32066318566868,79.4784756307847,51.97276428124772,60.50095824956398
bad_form,90.436197432094,76.10169488292232,52.51785069705955,60.8731513098657
bad_form,87.30722626506623,74.29919892484531,52.60869232805272,61.21212165626872
bad_form,86.00495205142293,73.16009563177589,52.89488292848424,61.851160388457544
bad_form,85.85277929019252,71.7017883854137,53.88013599518719,61.80610206366778
bad_form,82.99183159601417,70.67563771194779,53.7979634009834,61.71033754921354
bad_form,78.37126889335163,69.1270419856763,51.116569804108856,61.767781861671395
bad_form,77.93865172006134,67.32357359119001,51.215752083660504,61.52591945694046
bad_form,75.54492362926715,65.89111354375073,51.874347763594756,61.54105695879195
bad_form,73.72591077473477,64.87390820718116,52.32917401736567,61.63532296628123
bad_form,70.89461645962751,65.03494070235855,53.013624572136294,61.60656550788907
bad_form,71.64556743196786,64.8678108837156,53.68614054217118,61.669005403334666
bad_form,71.316318170346,64.06950537383908,54.13740719590438,61.66982903762797
bad_form,71.14889904370094,64.28589700846304,55.411611226428164,61.59756630278038
bad_form,70.95617524590908,64.33963947355123,56.03435031932886,61.457604920440005
bad_form,71.6840618593356,64.14308582844144,55.91780210472852,61.40843196932516
bad_form,71.78210589124883,64.77499270366063,56.29446122016578,61.15586174286498
bad_form,70.6904687424913,64.20938552106868,55.7469030650651,60.56756504217309
bad_form,70.22573865170352,64.37046853465586,55.718285680276445,60.04228011873165
bad_form,69.64766611075478,64.70919977795455,55.966443411131365,59.48156999784552
bad_form,71.11256281083803,68.50030123447243,55.23236614037257,59.0159627895376
bad_form,72.76787399827525,71.63201750642068,55.405258172293586,58.54814755964413
bad_form,73.42570509938285,77.11815052052562,54.696444136032575,58.39157565097522
bad_form,77.15312460058922,80.26148930701893,55.009912584641114,57.94632150843767
bad_form,79.6809532059212,85.3670954938992,54.77177212830134,57.47379779754684
bad_form,83.99138264093503,88.69015132771729,54.63849613467187,56.806273724401215
bad_form,89.09600514218275,92.51371480829587,54.32318586236182,55.65859134017996
bad_form,93.34367004492178,96.35586325239017,51.72758287927836,54.25521666260182
bad_form,97.70295637965779,98.29769862185971,51.32022986610587,53.661331253098126
bad_form,102.71556487791798,101.378990242446,50.03683166090276,53.15411671167147
bad_form,105.7220041932319,105.99410918419957,49.146928270588816,52.80677761288861
bad_form,107.56749377840067,109.02580285495334,49.85413324270393,51.569086899659524
bad_form,109.2867909843577,112.46710716886746,50.559283856802054,51.26023265412525
bad_form,112.44171329073914,115.23805137368855,49.15346312297243,50.974618419927026
bad_form,114.82010835181931,117.58685099136477,49.662933019570346,49.95859327547782
bad_form,117.70207302681902,120.28457539410573,49.23910093438941,49.156340203180626
bad_form,119.02957229355802,124.07177890513482,47.27582912849501,49.09158764870564
bad_form,121.50979400369225,127.11764389471537,45.70472478938057,48.78194482021809
bad_form,123.1930979406354,129.9678687579935,44.327901054833774,48.2030152077398
bad_form,124.92918350137937,132.76385013060462,43.60008840048415,48.131349966443786
bad_form,127.36042679901726,135.80122885285016,42.714811501008434,48.22116110385116
bad_form,129.37957574170875,139.09499479507681,41.917495655795,48.819670642983844
bad_form,130.58278819708167,141.76504761206746,40.79690285766402,49.769558061389844
bad_form,133.41722534566907,145.3753123334788,41.55243042284574,51.18164977109795
bad_form,135.33326469096642,146.87645836523964,42.07908525595848,50.85327538709875
bad_form,137.02550424007947,148.36416747405687,42.42073512815707,50.32555706163933
bad_form,139.09964912480012,149.24388544268652,42.51964740760785,49.262662138302254
bad_form,140.21361650449094,149.17500891814095,41.971052238365026,48.1371226238459
bad_form,140.59464320739335,149.64919795421653,41.512727653269,47.48710006780738
bad_form,141.5335119353031,149.51930837309564,41.07706216800297,46.74152864447402
bad_form,143.70294329191194,148.96565848551967,41.029848659808664,45.57552860277143
bad_form,145.54121986645976,150.06282782975615,40.91022158082672,44.69765938802545
bad_form,146.5974425584349,152.05972205860633,40.475274032258895,44.25681625609732
bad_form,146.47419112584222,152.92866113463725,39.783923875627096,43.71380331668781
bad_form,146.3375821071742,153.18948156626627,39.325108961412276,43.356947549170144
bad_form,146.81525290178098,154.76175976013337,38.92443281129122,43.183614950968675
bad_form,147.36411259180434,156.77270658154612,38.77627107515174,43.02884899737568
bad_form,147.6451506028039,158.78522792835412,38.43530126073959,42.70426466904614
bad_form,146.28625369010314,160.58288997042249,36.99670719548532,42.57031875012109
bad_form,147.06516364756504,161.41994618584684,36.475333885997934,42.18333135046507
bad_form,148.77516928457047,162.15019961496319,36.28967190032697,41.68858256834289
bad_form,149.57739439885347,162.89537133458774,35.87548289329052,41.311722429238806
bad_form,150.23784478648545,163.83790742447607,35.486715653448286,40.95291701689932
bad_form,151.04372177922556,164.3782401710251,35.58822554476204,40.355504662103705
bad_form,151.67115780214297,164.65305130699323,35.68959634718506,39.600848033452806
bad_form,151.91102889543947,164.77586104106388,35.63099007800199,38.976725351916016
bad_form,151.81066469989833,164.70840141319601,35.32729571815606,38.545551856726114
bad_form,151.97167162423915,165.0364967936634,35.0737519354699,38.307806387202824
bad_form,152.39430248283608,165.6014725974987,34.91852105488941,38.342964733478425
bad_form,152.1974930802268,165.5774450346488,34.560381915165955,38.29064497557824
bad_form,152.02156460976673,165.27554227528594,34.19026506604935,38.2781379897702
bad_form,152.23234806213773,164.87589052064473,34.07777501155827,38.19851188382786
bad_form,151.74486123655612,164.65362338256168,33.523987696663674,38.17762865842416
bad_form,150.89987151813483,164.31623853755727,32.99165027280847,38.06607260872722
bad_form,150.1531202652782,163.5024883585513,32.37585317843147,38.11471822259904
bad_form,149.41691701394163,163.2060248043077,32.47504970575683,38.14875836831273
bad_form,148.1702648906065,162.850078345709,32.63015659192345,38.24261928721314
bad_form,148.17349070997707,162.04439419185192,33.467410444121406,38.55962685814583
bad_form,147.8145736274276,160.76560560427677,33.680591306180894,39.40085450972794
bad_form,147.69579608532484,159.57433242539398,34.101372367203126,40.480058101683596
bad_form,145.95188520033798,157.62600707033397,33.84929963096392,41.456040530672986
bad_form,144.79801041749977,156.16161679291432,34.52945126330253,42.07514686709881
bad_form,143.4077434927206,153.39063260804537,35.6404615356123,42.68721095560196
bad_form,142.75897354550654,151.6554857431484,37.418726489896244,43.446933757948436
bad_form,141.92553568378966,149.60939315286168,38.659156410971086,44.345657033364574
bad_form,141.68979454269964,148.15790728082223,40.3601322414572,45.43497876405424
bad_form,142.21235109304004,146.4143870371404,42.26876380482729,46.66933864809654
bad_form,142.47915142722957,144.8543519100992,43.67505276316172,47.780309338880464
bad_form,140.9620388594653,142.49140697556652,44.31063980265539,48.609039219980936
bad_form,141.24089721146106,141.9435962137082,45.24790396694639,49.85035363167777
bad_form,140.27647846119677,140.87924391080224,45.66761628797831,50.785296982225766
bad_form,139.17291314683848,139.18300566439316,46.95585650707943,51.312740617184495
bad_form,137.7265561141574,137.70773314947826,47.7570850604044,51.80501025187376
bad_form,136.28409519942136,134.8096482278271,47.44453478582894,51.94016901039917
bad_form,135.45209752535186,131.8782449849493,49.82104675136394,52.05795276583121
bad_form,134.55229097443097,128.43135314442603,50.90383230515878,52.15921605717948
bad_form,132.62426528407548,125.6962317710633,51.305076190017274,52.75734722395515
bad_form,130.6075780855178,125.45131573474242,51.229012502603766,53.190387312710634
bad_form,127.23374298297945,122.92336211933771,52.164195839091484,53.67352770153552
bad_form,125.64488616752259,122.15487185178534,52.85813438142699,54.855514083441186
bad_form,124.97349784712888,120.77759182808582,53.70737743725168,55.514215935402795
bad_form,123.17788781951333,118.34242227154763,52.42712363047336,56.19689591952457
bad_form,120.85473855710538,116.50675538651802,52.27188240673979,57.308017784234536
bad_form,119.66214798358715,115.06168031375823,51.622653396206374,58.488180378337624
bad_form,118.21936215292546,112.34848755643355,51.73683247413147,58.43582913758633
bad_form,116.37429712922523,110.42765357162638,52.44680309858738,58.67909622109788
bad_form,114.48990602704964,107.10057618726624,52.509342526235066,58.631766402744816
bad_form,113.20069974538161,104.78602370337846,53.8303969326651,58.45458330691131
bad_form,112.3545759161891,103.62194500353647,53.760638938564924,58.2300530954352
bad_form,111.68836466568862,101.90005161280332,53.71735435377768,58.15996910619068
bad_form,110.56753379521517,99.98341174822075,54.68924586768227,58.6072653713565
bad_form,109.69034090219998,98.86334459044039,54.282778844953384,58.95337818042731
bad_form,106.86829883502662,97.74876043943814,54.623508481831216,59.17323452057648
bad_form,101.45901818861891,95.84151427923021,54.18669032631245,59.61932298845123
bad_form,97.7853604307192,93.3979383193033,55.42299780103612,60.19443535793361
bad_form,96.05670152144589,90.38405403031098,56.21304321735939,60.67832293088384
bad_form,95.45937855958847,88.08473569582826,55.722411587130885,60.9248121658341
bad_form,94.63131903375422,86.30972888920216,55.822467308195684,61.18162477540158
bad_form,94.67417472276253,85.50990607639967,56.11893873067036,61.59877609147285
bad_form,92.73162079900762,84.71020489403625,56.72931581798345,61.931245521419264
bad_form,92.36077251270237,82.87171040390142,57.37870561295414,62.03424521555526
bad_form,90.52576770190484,82.27425498348902,57.606708370283656,62.634019851347006
bad_form,88.42235420021959,80.95165592371985,57.90308570806292,63.06980476759972
bad_form,86.16984770794929,80.00924446034423,59.39051559010153,63.56416144645068
bad_form,83.88093082732827,79.0378164016032,60.038575600462565,64.00386086813826
bad_form,83.35657266654319,78.08809731511937,60.09526406750535,64.26855686988551
bad_form,83.24881930876352,76.32446504478568,60.16655595422074,64.77458858621898
bad_form,82.08733827672093,75.84735648351415,61.223649712747964,65.33477024362907
bad_form,80.98568143399584,74.81759413901958,62.05271649083905,65.69366259878741
bad_form,79.48278520450245,72.39062336837803,62.49252071616081,66.00180398688856
bad_form,78.01224002238247,71.27507457700827,62.70158398823497,66.22560958783984
bad_form,76.53496644855996,70.40187850299172,62.38780119304768,66.40705408526306
bad_form,73.39883657982399,69.00390601777765,62.01520480048552,66.27864599405632
bad_form,70.56446495544691,68.5754815154533,61.80105378163812,65.9785666216708
bad_form,70.64740133677616,68.41985700447427,61.83551436506421,65.97096989499184
bad_form,69.760721990211,68.03705111972596,61.67807390672994,65.93652981440319
bad_form,69.35030716958906,66.76996430718192,61.85118984919319,65.9639046195275
bad_form,68.33284588520617,63.163083329353704,62.1187880986459,66.08263042812226
bad_form,66.98869795614394,61.05000912246548,61.8480316496926,66.26770168261503
bad_form,64.40130120189522,59.739805264423616,62.098287882232576,66.36462443741482
bad_form,62.757617824978645,59.27351652073016,62.075643173681826,66.48855751064174
bad_form,62.01198451382165,59.205296756389025,61.64334905605666,66.70470570431726
bad_form,62.0530903967187,58.643949308046984,61.580816461618205,66.83706355000454
bad_form,62.16121943758594,57.89991762629142,61.46756293239161,66.7550862044496
bad_form,62.249299405017716,57.45186566607834,61.36777073137548,66.64308581068492
bad_form,62.191815788806196,57.38063854518399,61.272313828887924,66.31279063864453
bad_form,61.987562526334706,57.44604461699417,60.93999413633122,66.31629718024791
bad_form,62.368976914203365,57.43059231490236,60.162171292383235,66.34068912230924
bad_form,62.28507926351402,57.77065251539746,60.00180960632279,66.40210104132976
bad_form,62.74835928106341,57.95845199739013,60.01453403899723,66.44577084566724
bad_form,62.716397176166545,58.36480270144544,60.33162805698606,66.36822593486691
bad_form,62.98799993993585,59.18432344529902,60.41850713942532,66.21032762151594
bad_form,65.79247143621538,59.752768434313715,60.736856546141695,66.05550759723266
bad_form,69.55973518935349,61.8336999134811,60.98328562698728,65.78563581895419
bad_form,74.29660411675663,65.74976195188464,60.9202331551268,65.41490420844634
bad_form,78.34874408388379,69.85340145930087,60.741259578525614,64.63036533661656
bad_form,82.15787020464712,72.45514381057963,59.57026193368712,64.17556838804947
bad_form,84.63156263829636,76.87323813579944,57.36639424212125,62.91234106205346
bad_form,86.88196837980455,81.01992748984583,56.555220180690654,62.14856698093955
bad_form,89.31277399997278,85.61791267084757,56.852718174707576,61.69214681766306
bad_form,95.39522150700797,90.4727666942074,57.00464921253326,61.515828744106145
bad_form,102.11131551637483,95.27297805527655,57.02560961186735,61.06931690137184
bad_form,107.79476696662795,98.92026136685858,56.55777981434132,59.78418033092221
bad_form,109.94341677848149,104.10277876214406,54.44295506361103,59.28747189170778
bad_form,111.27066021593444,107.2894453745904,54.400041705679094,58.78202806334647
bad_form,114.16477960667378,111.9023163559318,54.63549292787741,58.009965795306876
bad_form,116.49952354631438,114.51943772278493,53.91183998036873,57.556869882084584
bad_form,118.01493554256704,118.49486404768183,53.01346379880186,56.69230987197364
bad_form,120.85520265317548,121.16211076857994,52.92728197231058,56.16059508768396
bad_form,124.69324029898297,123.41612548360906,53.137781026380466,55.47167905929218
bad_form,128.85002633481182,126.98864263504515,52.92602022225964,54.08364878776269
bad_form,131.72076726078177,129.90620180373168,53.00285274682217,53.03975237188424
bad_form,133.36941878832218,132.5553900140117,52.496794931100915,51.96371135282561
bad_form,133.28455156147598,135.19923198107827,49.4346906086682,51.290654909873886
bad_form,134.74618633025358,137.81705731006025,48.11514941513754,51.20333566051286
bad_form,134.5669651810961,141.51531597417517,47.11926592249062,51.5942301614709
bad_form,134.43892504892116,144.38390874788217,45.76946835273202,52.13988776673742
bad_form,135.77445552585633,145.71695090481103,45.4281581286376,51.8290164012677
bad_form,136.14051620386869,146.34292148231214,44.64878621675521,51.210222895150544
bad_form,135.8656308107464,146.81457293694052,43.69913445550427,50.017912155150874
bad_form,137.4839635232548,147.73286413522948,43.47554210191115,49.11480080993125
bad_form,138.66949034906403,150.1254613832897,43.046521022238096,48.66488062095998
bad_form,140.82659357122625,151.3280265143771,42.50721123203266,47.96336865201076
bad_form,142.31958660461027,152.20375994301142,42.52170401380321,47.45527782737813
bad_form,143.1850462868063,153.57625981754194,42.336426825968346,47.04306384523748
bad_form,143.064557266482,155.6733291288608,41.79628215780083,46.52078994965583
bad_form,144.2289817528837,156.19046364595772,41.70841721013118,45.44103096365454
bad_form,146.95662148140096,156.56116620622817,41.93705601722239,44.196864463849714
bad_form,148.8960288576459,157.52255809242487,41.61764550555248,43.401488430295444
bad_form,148.65081355147356,157.6808729995595,40.67850329168383,42.81546317316944
bad_form,148.48678872562735,158.20324454118972,39.946381008629395,42.33185440510892
bad_form,148.78915066224712,158.87619273161215,39.38243244713249,41.624467326972606
bad_form,148.37221211040196,159.54433185906655,38.83735654703224,41.16759236112899
bad_form,148.39689038184133,160.625311820191,38.12332228832393,40.627879524044715
bad_form,148.38852446203475,161.47531939883726,37.80794950432698,40.03952376982764
bad_form,148.62809883312087,162.50646800404942,37.234080752617416,39.676628063690494
bad_form,149.6542292148946,163.163615123622,36.97857605049919,39.391265759005606
bad_form,150.15148178072585,163.55511340667985,36.831898345515114,39.11457567749552
bad_form,150.91929024031108,163.5868865353253,36.626514089774574,38.86293577250333
bad_form,150.56658865524565,163.39558124672624,35.65409820868494,38.44988021446579
bad_form,149.67036953208955,162.93002598007172,34.47813791358162,38.11677936550187
bad_form,149.5545754307333,162.7958641391552,33.71392773221857,37.83514461364748
bad_form,149.4788054580211,162.6453141638514,32.872298262035294,37.7178339196092
bad_form,149.5156190779354,162.50813761847976,32.24516214188565,37.667568571449124
bad_form,148.79079386691026,162.2327466306175,31.393368011673786,37.623715384196885
bad_form,148.4913164765633,162.10497998932064,31.03924689311352,37.63098651794027
bad_form,148.355832098024,162.24319683748905,30.99902099712959,37.665792011363905
bad_form,148.21050332703985,162.10378332000533,31.01866721158953,37.77794945215615
bad_form,177.42873943607353,116.1766016954958,33.01300918093159,6.566655867459538
bad_form,177.93551959954937,117.06435110263538,33.051471380111884,7.630890824660698
bad_form,178.1331355074144,117.19782601154225,33.0516785227992,7.977878134991461
bad_form,179.11261932086103,115.52561295938762,32.91362706329827,8.476544366539596
bad_form,178.76352260889993,114.31959938433852,33.03277875917105,9.289706386399498
bad_form,177.49254086447345,111.76594771620466,33.05981795282714,9.704806694100746
bad_form,176.31513316919697,109.79487034655298,32.9036684544996,10.951214794010067
bad_form,175.02714165580565,107.46073042505515,32.7104684550034,11.930097958235196
bad_form,172.7989441265637,106.0841675396511,33.811849040130376,12.726334084183435
bad_form,177.5186924749646,104.85934080411931,36.50143647164259,13.069606477118693
bad_form,177.03937581723983,106.84064882902472,38.19633639677716,15.451036071279278
bad_form,175.8174456944887,105.35588048664185,38.27637490714302,16.17010502361953
bad_form,171.5982602059235,105.25761972043533,41.18477866385647,17.80157326297064
bad_form,144.02087327452432,104.71231736741396,46.63495599704922,18.475096615295243
bad_form,124.23896255773619,105.32780940752747,49.69946302648187,20.506789956390705
bad_form,111.18284354532668,106.83862781883711,51.78412629958302,23.337190323604997
bad_form,108.055672917675,104.86337483149606,50.03013447513654,23.96944006039364
bad_form,96.9064028234917,103.00401992337439,48.339182906523064,24.28633872130076
bad_form,105.06688539099042,102.53740529565991,43.771718446675294,24.983209790665555
bad_form,114.63796461873659,101.16325428775878,41.86765539935983,25.568244246215265
bad_form,59.202449763472146,99.3795495742553,41.57429718018924,25.874874486813336
bad_form,54.21691939305377,97.69123769098768,39.68978278397683,25.70484245976861
bad_form,8.647205141989605,95.59125440596208,36.67401140171097,26.155897522853024
bad_form,25.359812355230577,95.0906545753635,35.1010930169011,26.58097117125878
bad_form,21.87105730882544,94.29751438973845,35.29066428928019,27.130014853839747
bad_form,21.965591731926587,93.23469619437978,35.128090112755395,28.21469821522913
bad_form,16.9920351692891,90.81467873951188,34.664679880751486,29.405399684087175
bad_form,16.32872364875231,89.77638296855046,34.59573488691512,30.713461745626105
bad_form,16.931660054046812,88.41291744563175,33.524719975226276,31.13432612378995
bad_form,14.66200727481032,86.64068264476185,31.959916844048564,31.079409053098182
bad_form,14.482332817598284,84.78164470901868,30.24377875046827,31.262737473686265
bad_form,12.088056212673726,84.56690600020079,30.30382391428035,31.988695137419047
bad_form,10.768893743114722,83.8572329804979,30.336592771061724,32.4412018582798
bad_form,6.810389952677556,82.36045927128009,28.315914864575312,32.796385764589594
bad_form,1.257509447564177,80.38827700151751,27.3585908605389,33.09503826850697
bad_form,4.091824930697535,77.12494185782289,26.938086805224838,33.216922238193206
bad_form,2.969462503688393,74.42592298859529,25.518360595843834,33.212290539962595
bad_form,4.535540658323608,70.64473881578193,24.900724073788897,31.930932191018908
bad_form,7.766075742213085,68.51496650158848,26.382852074695,30.9407800121049
bad_form,16.006392735731396,69.570843468232,28.383582562228273,30.936881599444096
bad_form,20.391829418479357,68.0487015744313,30.01092084417822,32.63473039771202
bad_form,20.489769822049297,66.34796082974279,29.764178307392772,33.22179803678832
bad_form,22.643776937972138,65.94426225227028,26.546981389853666,33.207635126072184
bad_form,24.841061142852798,64.03012853199621,26.13817498814418,33.162999375449445
bad_form,25.32565082613771,65.03900293525659,27.13786815363346,31.33532747890915
bad_form,26.5996569447135,105.71093865679086,28.234717769110993,25.002344339062184
bad_form,27.49488355912279,173.91913930557277,25.82161621895662,20.513375541082475
bad_form,38.19424903168159,171.97435743447846,27.792383368712695,16.454068217394358
bad_form,35.159285605692006,140.85958243594393,29.609854569210217,17.0490342086346
bad_form,27.79830116098165,53.90113903532566,28.0021249602627,20.59046422887557
bad_form,25.732480029065194,56.99942472152597,24.907328541953042,24.023302566235035
bad_form,26.661770584460022,60.59024752644769,24.869714269898314,27.329084823750886
bad_form,22.30091926903637,62.826198316584055,24.9297524554571,28.263525186650536
bad_form,18.032915781328356,65.0056553066122,22.6981880415765,28.621151861098667
bad_form,15.582805221671553,62.47415933339037,21.831230687221463,27.83066086035175
bad_form,15.71786765854787,62.34948241979174,20.558194515898542,27.72036449302981
bad_form,17.196705163827314,62.5549406829647,21.134361227784282,27.55277234574559
bad_form,15.955288487498827,65.24227580614348,21.412807817558473,28.379118853866164
bad_form,14.606570814223048,68.36570895618038,23.73113159118996,28.685532541843102
bad_form,13.021272450141545,72.06075352930219,25.287035635904033,28.967548928835846
bad_form,15.744767185754336,75.59155243285493,26.302200700438053,28.623573350309936
bad_form,12.820073456536921,78.10544010424397,24.102612580115576,28.710381526825575
bad_form,10.934254755159794,80.81688206363776,24.000817016227554,28.549112839340815
bad_form,9.564631489828367,83.56550718735205,25.98303500693473,29.25682219761168
bad_form,6.120800407701345,84.92789059549328,30.591657269345625,29.441439663842043
bad_form,18.19003378853821,86.59710059547724,29.677662110127027,29.10636960447584
bad_form,18.318635968641225,89.01466957184581,29.284690365850576,28.91266273297581
bad_form,27.841228310589553,91.81320184606855,28.600596864971415,27.54909749988457
bad_form,32.17428915214576,93.17676350693353,28.390572646122777,27.389551312285047
bad_form,50.03168657411846,95.9913196564387,29.815954808762065,27.734587952062938
bad_form,71.31252970028224,99.1804283755202,29.157423958621656,28.07242195840569
bad_form,92.52207618803925,102.77546363431624,30.228665489261232,28.253171255998858
bad_form,109.41891702532021,105.09989335390392,30.27531826456305,28.28802797977168
bad_form,110.58895933235337,107.27542163386103,32.862451532531686,27.18903036284663
bad_form,122.34935716947834,108.63811424710384,32.73918930758125,26.30990177409119
bad_form,124.88229168743999,109.57065497194154,33.31323910009267,25.731235705083108
bad_form,129.068069646029,110.8016008106628,33.600107432548334,25.154572396453204
bad_form,133.48358983869738,111.82283629819729,33.49372006247647,24.633711280255987
bad_form,142.9480749017571,112.06472821303686,31.94883419694626,23.359923356590585
bad_form,148.005213233576,112.36080840812333,32.539463755519364,22.667606630266736
bad_form,153.0575216585682,109.49038460090895,31.712166588961214,18.395454826266086
bad_form,153.7512100650296,106.8158032246327,32.05132453729834,15.741740900536309
bad_form,159.1338520882558,107.67146234255134,30.586536800223904,14.916167816436909
bad_form,161.08925417256663,108.5432374694079,30.17761238829142,15.01076083317024
bad_form,163.4210743934128,109.5561077198524,29.46249096606696,14.458982861834608
bad_form,166.95954450788864,110.76246965866693,27.754756755830392,14.180506000944025
bad_form,169.25157964478603,111.26678077723838,26.586453298647477,13.147684135745552
bad_form,170.47256689232194,112.38513209826652,26.160169661473425,12.559026624248725
bad_form,172.91819646662734,112.0631768129241,26.115575453702778,10.899004057670343
bad_form,174.86697681746918,112.39266758421186,26.001763189779016,9.327081251775025
bad_form,177.27142688442964,111.79239221407897,26.073168063020173,7.441387213774504
bad_form,178.70711415651874,111.59231482245181,25.717174903810587,6.265820957606521
bad_form,176.50198338810685,113.90433654029084,24.38321297618265,6.259304234836689
bad_form,175.29385134786028,116.98912915722693,23.857183061788316,6.640665593096863
bad_form,175.2478859737869,118.56141736962292,23.881279165335346,6.8661559252245965
bad_form,173.54144923943002,120.09028153283779,23.43580529848073,7.041924220903511
bad_form,171.40308834162627,122.89995418399724,22.756472702964725,7.623815225144818
bad_form,171.01551826210203,125.11810933054858,23.402345807978573,7.775318916315639
bad_form,171.07487553654155,128.0798932215599,24.165097369713173,8.47211461977134
bad_form,170.99140715047318,129.94708953554667,24.58494046957568,8.647622083238483
bad_form,170.1021117180954,133.45274623615836,24.20083578909367,9.730366044817199
bad_form,168.66352487998796,135.90620778367855,23.840286425423006,10.1734052373503
bad_form,168.48301470463588,137.4923222936231,24.05107695199608,10.007598405795974
bad_form,164.76554987900604,139.4971070942607,22.423119208617997,9.88133101197202
bad_form,163.4306481246734,139.91509876963323,22.359308987050216,9.040026303713951
bad_form,163.49734110840433,141.2781196767077,23.1908535141766,8.397261185289684
bad_form,164.53657225338856,142.63837982714804,23.983978301056652,8.11649999454804
bad_form,164.32197934684046,142.9497384565386,24.499387665982574,7.540936207363133
bad_form,164.8462471951744,145.6647590159347,25.207713453179664,7.80336741679349
bad_form,164.42758432902806,148.37270966764785,25.472268537323817,7.91489731380583
bad_form,164.80035603130983,148.8466629571832,26.37779285325328,6.785650988767008
bad_form,164.77589603995006,149.0829069731691,26.682919076725295,6.373720193701645
bad_form,164.9856130234697,148.3521290525609,26.802139640421693,5.735520622577582
bad_form,165.16130330926342,146.75632951761537,26.87980362030721,4.532320926243792
bad_form,165.23803331556283,146.76562868427553,26.88997985391437,4.333326444609656
bad_form,165.08122811896553,146.63378762422303,26.89180210353489,3.8220206029270662
bad_form,165.16736335020468,138.7583559138287,26.950462023316263,0.4420327882812594
bad_form,165.09018428384672,138.64178506982284,27.08320759845254,0.024962415687416674
bad_form,164.80246093211719,138.9422636212822,27.143209382110474,0.708994999950462
bad_form,164.0564099872667,137.56855581661517,27.382372504468456,0.9105664072378965
bad_form,164.2727341218961,134.54789495695155,27.86934349241992,1.015869570751188
bad_form,163.99036676453818,132.10679054477887,28.46614030251237,1.1771180842745406
bad_form,163.53812881413813,130.80977602960337,28.402663275752015,2.267031192941507
bad_form,167.83278242517014,129.18483508873072,30.517852860103666,3.81302536869661
bad_form,167.9798737690033,127.41123873956354,30.880537819586397,5.2287514636833885
bad_form,165.84481187114935,124.87018064814569,30.71120732360266,6.232385550584127
bad_form,164.46623520951857,120.8949012574179,29.94865834517903,6.483382722809147
bad_form,165.15887069480976,117.50001559838665,30.03993992517873,6.694961413255069
bad_form,164.53653015606739,114.00961324080063,30.70155929684592,6.6059485203641435
bad_form,166.88373343128998,108.93108432102889,31.858312550559837,6.423599707346725
bad_form,165.28742366583137,106.92826245380135,32.65282582622891,7.246588987964036
bad_form,165.7195600475199,103.12767381352523,33.92648650261134,7.286424782411846
bad_form,161.66261179867925,101.03689263478503,33.603607923651055,7.348509848715695
bad_form,161.33388784668995,98.6343390202482,34.75004540288632,6.7996206151490926
bad_form,164.44921056252434,99.37691842696415,37.24339855506136,9.013241195902568
bad_form,163.58743066296807,101.80217448596157,38.408004339259286,12.19122570624311
bad_form,161.65360249046572,104.91061606748217,37.45965935443177,16.791120758221222
bad_form,163.84494610336856,103.77543953813424,36.036460658865266,17.739252928111554
bad_form,159.14544798061894,103.19796352750055,34.91076379638235,19.46382469939075
bad_form,143.77338271499312,100.75194950276962,35.75125422032718,19.765432572317618
bad_form,122.23961764480495,99.4021114915651,34.96909612070563,22.012586049618005
bad_form,112.95196120037353,97.78481289894131,36.17130496172738,22.70403115336959
bad_form,101.89204592678881,94.82552677024846,35.532645379327036,22.374933882396167
bad_form,77.25439792422716,92.18830530443985,35.07841479182001,22.664293696261552
bad_form,59.47623468942774,91.37756007761622,34.50377393095568,23.167690752754762
bad_form,45.30224676587234,90.49156925949468,34.511586894722825,23.96392099925363
bad_form,40.653946732471525,89.77180767546656,34.65310731063834,24.69750658181524
bad_form,29.66844020153283,89.26335708413255,38.985844832471344,26.257336429629742
bad_form,27.91792637895398,87.66202873885882,38.57702714934963,27.416546393450126
bad_form,28.477922054436668,86.36386359928363,37.53780429107257,28.182048826543237
bad_form,29.545927083701102,84.71247892316073,35.24904502380093,28.201594169584727
bad_form,49.406623110653555,83.49385647778965,39.44733490945255,28.92552825221292
bad_form,47.33160275580716,80.64983366140255,37.952745205615315,29.5198375601039
bad_form,39.4679806273268,78.55325047283938,36.21167965085368,31.513061685132904
bad_form,39.28120680352295,77.23822841941394,36.40112907972104,33.55760108950724
bad_form,40.79468064068735,74.94145334622227,35.90790601077584,34.86306473660464
bad_form,40.39350473383589,71.22044352865302,35.01990073212156,34.874441859779004
bad_form,39.15909653786711,68.60215482252077,33.94450761522838,34.761640772687564
bad_form,36.23803044171258,67.70733113437758,31.625415474628557,35.006475945846844
bad_form,34.56888763366197,66.3178988772233,29.961202338511956,35.124508780617916
bad_form,33.31251311226163,64.76696614392183,29.03659000326141,34.753584910901004
bad_form,30.832670202103298,63.99559086858959,27.350836965196557,34.68233155067769
bad_form,29.361538532220617,62.98946838151756,26.661514132577466,34.163244219793796
bad_form,29.01174424163393,61.35623883669108,26.27453889626017,32.3875291707038
bad_form,27.473885839049398,59.84008989371927,26.447694611783838,31.950585190206784
bad_form,25.764533057732002,59.427492367814395,27.58907217888513,31.400223454250465
bad_form,24.94088445336373,58.8170566584757,28.172557734169892,31.08051630561242
bad_form,24.937605252127437,59.39931495699554,27.987061700035365,31.029951222081266
bad_form,24.916252715108435,60.79709508100467,27.477994488548227,31.720974891688385
bad_form,25.137447529833853,61.390794054909,27.436300237463087,31.668795142302212
bad_form,25.28594702621475,61.703117493724314,27.49948045466748,32.053310130903654
bad_form,26.864301958492437,61.27042117330707,28.521320353403144,32.28405084545698
bad_form,28.55524711845381,61.026294130398675,29.077225033513738,31.826832982169226
bad_form,28.742763181851497,60.013559727343846,29.264667615254137,31.27437126361723
bad_form,31.19726366623716,59.53534922751818,29.369055368511297,31.258745257630707
bad_form,33.017785972887644,60.42448334101849,29.37694983061688,31.857481394839773
bad_form,33.46063038224064,60.92106605850614,28.53727385251346,32.204903744641406
bad_form,33.03671556995733,61.39377965104181,28.43801017658995,32.251123185983346
bad_form,33.37502475567864,62.55529744950894,29.565418829028147,32.37844814275214
bad_form,31.506432150619744,64.47731776645224,28.848234735062764,29.471140246245273
bad_form,32.90430016843251,66.86719141111593,28.467612123677988,27.505569596822607
bad_form,33.95691889504035,69.42797349226709,29.12405132800518,23.890763479834067
bad_form,34.11354684350785,72.67482241007933,28.443550038750992,24.29507553151278
bad_form,37.664820837432174,76.32633800262157,28.176411982909,24.799205175201013
bad_form,42.27108317181822,78.70298044684588,28.17087411920916,24.49166402746532
bad_form,47.34886443947234,81.80827722277131,30.44496585747256,25.06731259050831
bad_form,50.475741983388176,84.54236952757569,30.663132319468836,24.889734656438087
bad_form,55.3561661279828,86.72128131008405,30.76526161432839,24.51328567540757
bad_form,58.281356528786276,89.34297113985447,30.130484094558096,23.841793654814886
bad_form,66.47095361397338,90.82559573781452,30.387842387125435,23.599261022731717
bad_form,90.93158867284298,93.6686380919858,30.649363633994128,23.707875343062334
bad_form,103.49778069193823,97.31446096211715,30.161324436006545,23.99980088401343
bad_form,112.82650771428818,100.12169804408641,30.50041212173214,24.0359864714725
bad_form,127.24047077407941,102.67146822955546,30.19313842908953,23.178764072032383
bad_form,144.58956058244095,105.04223883217504,31.549469301426633,22.969423190135803
bad_form,156.6649727204697,107.14139078694707,31.552780072529483,22.64065488076724
bad_form,165.1563954194238,107.62536742279565,30.709515581438055,21.591031125684015
bad_form,166.12150504839434,105.91256198317218,30.6635934455065,18.67495459556122
bad_form,167.56627337527271,106.83241210490499,30.604775903304862,17.833390876818083
bad_form,167.2735652477655,107.693232342398,30.600484525698143,16.299668871999142
bad_form,166.5167226979047,108.48125024175516,29.256278382028867,15.839723171891633
bad_form,168.0602227717238,107.83641270228597,27.63084756145458,15.02566092833368
bad_form,168.21615832742665,105.40849347352335,26.174121021148462,11.673033495576137
bad_form,168.5617137502259,107.20916897221684,25.654834017100928,11.704517254296487
bad_form,162.71822554681123,110.28447259234937,22.71466774173664,11.61964336276285
bad_form,163.18165741308877,113.19642729418871,22.079595836877868,11.992326201848003
bad_form,162.93400287787034,114.43423395597452,21.721521421473742,11.113866892414997
bad_form,162.3926962765759,116.52524221031769,21.508181869808812,10.649452381248468
bad_form,161.62488100722766,119.43578811581716,21.168649167801686,10.470540390523245
bad_form,161.53508681382007,120.68818614770447,21.23288273606741,9.671660147452942
bad_form,159.4766593521335,122.44793804982953,20.01868836463041,8.539134259302825
bad_form,159.17564698005899,126.76468753418246,19.56430530384581,8.730170678283796
bad_form,158.96460331947816,130.91317102431879,19.655341405297865,10.378192641469438
bad_form,159.27639666880103,132.73103916363806,19.98477623160575,10.248811377587137
bad_form,159.60243450122843,135.5508146539409,20.172538453578614,10.60643851626611
bad_form,159.8078392039558,138.696345082956,20.44147382433475,11.4021274436733
bad_form,160.0602068779899,141.01242244172903,20.65984663124264,11.468089406921209
bad_form,160.57968978613016,143.13153867146522,20.820431112026935,10.890981035552707
bad_form,160.6794593407262,145.8859604194692,20.87354075439508,10.988777524523316
bad_form,161.1811178721481,148.53626786919838,21.07533569995056,10.83280390126512
bad_form,161.94271980589545,150.07898711986834,21.388681034559024,10.18869073687774
bad_form,163.02785414358885,151.05188292109383,21.74237475086112,9.540430085345605
bad_form,163.7258672392138,152.35331002752417,22.071209069703954,9.314475391023885
bad_form,164.68709972633144,152.73805804408093,22.63790095264616,9.083866762661811
bad_form,165.3047226451264,152.8106191707669,23.120752640642348,8.88136556323033
bad_form,165.46624992856167,153.34398411259997,23.45681029227481,8.423137096528114
bad_form,165.07185479531907,153.44692881283524,23.948734600915916,7.679500648780206
bad_form,165.49933348156864,153.4905687565541,24.41291892847375,7.225834423972225
bad_form,167.18911179093269,153.00318572432258,25.44919164927583,6.850079308007296
bad_form,167.914375191275,153.16242827780167,25.966496181719947,6.763010212967479
bad_form,168.00579673556376,153.11783854738852,26.16227658142586,6.715245099432452
bad_form,168.1513981767324,152.67112878777343,26.267457488950605,6.490609791239903
bad_form,168.05993836392258,152.90161126071055,26.275979244444297,6.762401635720952
bad_form,167.89553207776115,152.3075019441567,26.362977814300805,6.811428660245882
bad_form,167.1467489839981,150.63406310888388,26.04533730862477,6.595064749108698
bad_form,166.8504442685737,146.34280328477925,25.977317933047814,6.017857656558538
bad_form,165.93806824262307,140.9865915603088,26.248421320018853,4.488354326116934
bad_form,165.00756363293368,135.6588132621103,26.86560540027642,3.7655455936643856
bad_form,164.0170910334843,132.5169835373211,27.254117873172884,4.3546408904800185
bad_form,164.9495132713136,128.97982032601595,27.93357495711646,4.809823661347448
bad_form,165.9909280270124,126.86861993358715,28.371229350381167,5.65595531835443
bad_form,165.93002119423178,122.01514790608454,28.835858864268012,5.530672253942061
bad_form,164.90212571310371,118.34717059548265,28.752359724298934,5.574170074771467
bad_form,166.31960784279303,113.4439940722742,30.049260045725717,4.887139652338749
bad_form,165.47538564331515,109.05828142441325,30.554173756223292,4.793641295523861
bad_form,164.77379211022617,103.67645655628826,31.074562958920087,4.74287047517731
bad_form,164.6402067197666,101.9454637182236,32.26012332024642,6.17572715124602
bad_form,161.34464842911555,100.05848865660198,32.41325049530911,6.520088307544415
bad_form,158.65478561269467,99.91769443702842,32.656480951743376,9.29988617904041
bad_form,156.82469111645128,99.71874700604218,33.09951824104926,10.71735900770446
bad_form,157.44034631782105,99.69449688128094,34.548028500426554,11.70636704689459
bad_form,153.10967511150872,99.48721685786413,34.62013896049914,12.998979658076472
bad_form,147.52535786540477,102.52056911346824,34.824992516210514,17.901544442911774
bad_form,132.81121817517783,100.6360401747136,33.00071898297138,19.782790011058196
bad_form,118.0357125157294,98.74927055267398,31.430646912252357,21.645223758096435
bad_form,107.21156066727157,96.09178073143362,30.54892553476936,22.19041863330167
bad_form,103.14878442226417,95.32562435424562,30.555698196733104,22.310831524793116
bad_form,100.79409442790339,94.32136666894712,30.680202495954514,22.427431017521535
bad_form,99.79173847408772,94.01216064100882,32.20976980870974,23.286373046452926
bad_form,91.58149774039721,92.39422713717065,30.871592302848203,24.05889929145162
bad_form,83.2226827091273,92.20737534520141,31.049577884166286,24.70106023728954
bad_form,73.50750524394044,91.88285008241247,29.010800409000414,24.676393247058712
bad_form,66.80440799374078,89.46299456491464,28.652598788950815,24.51001802649594
bad_form,63.19133526915274,88.46016093028817,28.12702316518024,27.23629443651248
bad_form,52.99195957053229,86.82325810167846,29.456355948536533,27.009825820487034
bad_form,55.776357785141066,86.35522330241167,31.100164320033787,27.776819349618957
bad_form,53.60790877315556,84.25807820016315,31.57060545550368,27.999467316247024
bad_form,51.53073010970323,83.85802293190342,31.39086425009541,29.254913844870774
bad_form,46.247930828134216,82.45312708751884,31.13923730134372,29.847875501366964
bad_form,49.01046961133549,82.8664324757774,31.685846072221874,30.903135443815913
bad_form,47.98498943548836,81.67825010683822,32.26511437395575,31.355715853480717
bad_form,44.99823257524049,79.53470241720338,31.01661755788378,31.341430432363016
bad_form,41.8414058116345,77.61949700178232,30.81742246421001,31.55026610495901
bad_form,36.91099468912864,75.65321625996275,28.05417317931075,32.0764719290185
bad_form,32.92709126949563,74.28327080106467,25.129393075582374,32.47430556878805
bad_form,30.73858619082564,73.0661066837507,23.976372712143196,32.474269569289646
bad_form,29.565723284180336,72.04236524109614,23.688538619089545,32.37633155639684
bad_form,27.29312397722939,71.1486151861462,24.110692251864403,32.75150902799979
bad_form,26.22893954408002,69.70073054648913,24.52446922227132,33.48900548408461
bad_form,25.327733468207708,68.39195814445756,23.795651261588024,33.439487811705774
bad_form,27.227884179593268,69.99444815226838,23.781675699522626,32.89934520059465
bad_form,26.676835033203602,69.92829953306564,23.447176975012315,32.901323637378596
bad_form,27.278762438208133,69.48517210671746,26.691006242649376,33.04978292092393
bad_form,26.355047980383077,68.72237163654175,28.073252728768654,33.19707317410083
bad_form,27.604206111818737,68.94668699762371,29.085023112072122,33.75436877247963
bad_form,28.033624440216073,67.87515443746223,29.723335303485108,33.99525398222113
bad_form,27.97898916155929,67.42275565591211,29.969347933381233,34.44660729824551
bad_form,28.323419340231865,66.99591041628953,30.00797329562974,34.66440437500543
bad_form,28.296312797558212,67.18949691035311,30.00142326269656,35.285437475775296
bad_form,31.87175207992647,67.21358247856472,31.142453132914174,35.665161177713934
bad_form,37.685430110109166,67.45847822456629,54.49669404770887,36.655995191548975
bad_form,36.678207445313106,66.86383305890553,51.77247947158874,37.43838445883979
bad_form,38.8934465416683,66.52706725562876,42.906277404823655,39.912122433017444
bad_form,38.770038395993815,65.97928386429234,37.484280412590856,41.19519752358757
bad_form,38.927230731186455,64.63770525512376,37.520657962750896,43.356630224983626
bad_form,46.97387468234139,63.74738809346605,39.93968929461969,45.27195849606728
bad_form,53.866875539027646,64.11539328095341,40.81244796930341,46.600005668537605
bad_form,61.33082336136842,68.21607275357319,42.814474532041864,49.65796686723574
bad_form,58.31106530486653,68.22071556002048,62.202371789225445,50.94168761501042
bad_form,53.743119354745254,68.23820872768549,51.03503470779532,50.77080177214322
bad_form,44.26702377704735,69.34212384618506,36.674154978601315,46.51458191838899
bad_form,39.62816345953676,68.41362756533158,31.671855939199908,48.151144721199316
bad_form,32.91030627276708,68.48638236835794,50.467737782707495,49.453006061782894
bad_form,30.49987765650233,68.07732593628818,61.321537889182274,49.60790913942917
bad_form,34.92733272673607,65.91901162850473,65.00655280870615,49.89897257360054
bad_form,31.51370066643058,66.92119523032282,70.35247606778853,47.84567389892224
bad_form,54.10326030893871,66.54283921807826,74.80453669594851,47.715254494968136
bad_form,57.61185343602931,66.35899414209703,72.60812051348609,47.95912996906593
bad_form,60.26107332725182,66.08828242504822,72.38820380227891,47.81953965654856
bad_form,59.644160048460336,65.69749917364376,70.19048333746653,47.496138299640634
bad_form,50.74486412211879,65.97732657092929,41.3610224167488,44.91666051168407
bad_form,64.6531761634921,67.62678599216821,44.66578996915174,43.19256071146538
bad_form,55.97215786730589,68.20904959373621,32.74468046564887,41.27288401367402
bad_form,44.36813068951172,68.76220323432794,28.44946918325165,40.47305712444927
bad_form,36.093489373314334,70.11105699969522,25.45261315698309,39.07295699980062
bad_form,32.188148603734746,70.69279294438867,22.733787130410043,35.27483654894741
bad_form,29.491117891104263,73.15329866697958,20.551481982506964,34.4600930350674
bad_form,29.564028326489492,76.52221915319369,20.471395935214414,34.911953080250385
bad_form,30.86207205303006,80.58594879685015,20.929588731428005,35.01242740967785
bad_form,38.600357794246584,83.96673565553026,23.342989749883014,35.09212417875091
bad_form,49.35438186704818,87.05224711710177,24.787472589728246,33.74638029028732
bad_form,55.493902559668825,90.57292873478406,27.35646588296892,32.092493560878424
bad_form,59.45073313512384,92.65944761527476,27.270961967459026,30.61906396102732
bad_form,58.677987226270965,94.4796142466766,25.50972265681585,29.764490725769626
bad_form,73.32902021709437,96.28043282172031,24.383437715588848,28.84098837515541
bad_form,87.71961995585629,99.7847481941498,26.020942072974155,28.748830040176536
bad_form,96.61352918192296,102.85986179629002,25.555342055264216,28.0489761424398
bad_form,102.35834261892205,103.68633327212072,25.682548470459235,26.597480447686873
bad_form,117.02346704289592,104.72696155794308,26.196731018179882,24.794215696850383
bad_form,134.80590996830935,108.3399828896745,26.864701485258063,24.84364619359532
bad_form,149.4916519732439,110.28557280541865,29.15532263216208,24.17466732404106
bad_form,155.9005545045554,110.24950191501021,29.888423915137192,22.69808305014899
bad_form,157.20581153317195,109.60316019709926,29.178714320355958,20.391097198436945
bad_form,160.29790792794807,111.38858836199472,29.227078511596066,19.982475296111303
bad_form,166.29353931953474,111.34178945246714,29.943531630002273,18.070853152312996
bad_form,169.82360304088127,113.62766884645254,30.269044831530234,17.849255909256364
bad_form,172.24555805679228,114.52828587673278,30.74692998064554,16.51241378827758
bad_form,173.82167677243476,115.57525447379484,29.7693734709941,15.441529472783571
bad_form,173.03313024614184,116.92529681777,28.133179583231843,14.786732966320717
bad_form,171.03326932247106,118.4154367588705,26.655347372273944,14.191652406743506
bad_form,170.3789307121697,121.4755852799963,26.273639497600332,14.19179886020486
bad_form,169.87912721388565,124.56716872617798,25.843042292664364,14.507189503890933
bad_form,169.65731092567768,127.01334714856512,26.055551611371286,14.783375347649496
bad_form,169.76337049669192,129.8629731586813,26.326988997875713,14.588506024694135
bad_form,170.0861298677087,133.02806636301617,26.344008039128827,14.872932373613036
bad_form,169.3017286687726,136.01852039979963,26.378780402726427,15.075280412654022
bad_form,167.87790011323378,140.01470982399906,26.220188701119913,16.393163473459772
bad_form,167.64103918661695,142.25334004407168,26.07783832136362,16.401014570056336
bad_form,167.31185804594907,144.74385320847105,26.244888005672276,16.392039886428446
bad_form,167.12098967692233,146.85105777057976,26.313316116350606,16.351060220092698
bad_form,167.80748565884514,149.23481484209134,26.799935927944613,15.933491238468513
bad_form,167.00425241178098,150.41218972217047,26.787896212338666,15.179430135461358
bad_form,166.69803144663905,152.47563679274276,26.789522246149353,15.017388524951908
bad_form,166.29584766403937,154.55569508580214,26.938432927188966,14.402373135956031
bad_form,166.28236937345136,156.0067672128639,27.084905398557634,14.010747336891816
bad_form,166.2244710360233,158.06292558467314,27.217025934146854,13.553245400234948
bad_form,166.45081166949373,159.5289099607248,27.31098289408786,13.25179595511234
bad_form,166.72550214260565,161.27103776201378,27.509432834098927,12.99615443565027
bad_form,166.84318472136118,161.94708913115167,27.556918960021214,12.61489319469342
bad_form,167.46248102760455,161.10464527022793,28.001911151543798,11.73633977661522
bad_form,168.39762411980078,161.307011687146,28.56704962028979,11.592947943998606
bad_form,168.68671262835048,161.78168668362252,28.868478419672254,11.610734099429806
bad_form,169.2259726066204,161.23588263938916,29.308276761496632,11.607919976964741
bad_form,169.18327889640275,160.67388470827302,29.184804019043842,11.642363877116061
bad_form,169.21058955067423,157.92857393273343,29.19760970480565,11.080831646286473
bad_form,169.90230402829454,157.58320214473937,29.607310640628167,11.388948110540602
bad_form,171.15165999574248,156.4917666261785,29.911358955788245,11.576461368850305
bad_form,171.75526243403618,152.30849292346605,30.068248204997836,11.814979381829824
bad_form,171.75047559146915,146.4744402038901,30.064207224537,11.954460059816434
bad_form,173.0567788171938,141.60403927095217,29.40859168782223,12.033237066273665
bad_form,173.53733542673857,137.53333434079335,28.116530077441453,13.212436589396356
bad_form,175.5093039659647,133.2468696474847,28.559410520649255,13.981211921574104
bad_form,178.7606619494437,132.4395112724491,29.003648067543175,16.277202417605633
bad_form,177.3406838183534,130.2493253869723,28.03658839176731,17.576596898957803
bad_form,177.48898620917527,127.51412441213554,27.457587707562336,18.412612794755475
bad_form,178.27805987976527,123.85864812010246,27.17291621577273,17.999787461994124
bad_form,178.3888867422449,119.44819827080428,28.48364580010962,16.859201990996798
bad_form,172.2483362510285,116.93822876000283,29.818507309555006,16.752878517474066
bad_form,159.6477107417251,113.23824384977311,30.9732435820901,17.036625375023206
bad_form,148.6919951335197,110.0176235533282,34.539556536776125,17.315567232572125
bad_form,123.61017719580661,109.97632965076374,40.236253975446644,19.494407058933316
bad_form,107.71593251359377,107.56893802268162,38.589177047457945,19.444516066148218
bad_form,102.77349059705517,107.97389445677862,35.930263815131056,22.456664225560694
bad_form,88.92594485038626,107.95371327072539,37.975104761470355,24.97019211346852
bad_form,85.18808978594075,107.90844522999217,38.94873976773317,26.051806682152378
bad_form,81.55953025887561,105.48665993793762,34.06909299893523,25.96625497960337
bad_form,78.03004403954003,104.75480421818149,25.824954579553097,27.215155859058115
bad_form,131.1620423553814,115.8077685510062,24.303579114075866,5.385761487121456
bad_form,134.45901996728122,119.75551384646627,23.382165550917687,6.627510733925889
bad_form,134.77783192041574,119.92468247423338,23.39367676406327,6.110237142525156
bad_form,133.521321458277,121.11574164667599,24.28531128656753,6.753187605637971
bad_form,132.33865419550625,122.20317832335431,24.99701696743318,7.168731031085781
bad_form,131.57864295273401,121.57928030408937,25.385771742321925,7.029016073326515
bad_form,130.98945520099096,121.93325722320321,25.688407731417332,7.095250695779071
bad_form,131.3429948871653,122.4379254065725,25.49170371973881,7.080881230293879
bad_form,132.7094521432458,122.60387954348033,24.6336823389475,7.216722263191051
bad_form,134.39509635257784,122.75936700294747,23.63014539138031,7.350194188629632
bad_form,135.3583256229478,122.5086669254039,23.11163094699677,7.001629006566535
bad_form,135.98515359755936,121.8548182511864,22.79308875972186,6.582579629864956
bad_form,137.05630651171762,122.6492891433401,22.184022387329748,7.000836863867538
bad_form,137.51286064765847,123.55517427523989,21.91312023434188,7.499064140222468
bad_form,137.938279705094,123.02933659872684,21.775550817120383,7.185589493467015
bad_form,139.07001829531578,122.52422456096758,21.582497112420363,6.920900133158258
bad_form,139.9068287224618,122.49409262948762,21.502915033721358,6.76639154901921
bad_form,140.32581261352084,122.81910917560779,21.35169604468853,6.820520758484677
bad_form,140.6417210994919,122.93557150220173,21.264769010428534,6.94118087793315
bad_form,141.00160669342287,123.17579154831785,21.219539882724902,7.126596947586857
bad_form,140.58032355227897,123.13848301214077,21.29196536867145,7.346503450201907
bad_form,140.87804977307187,123.8516741777303,20.958663887682924,8.2534394830547
bad_form,140.99710438307406,124.55872262216818,20.830631225492095,8.883832740816228
bad_form,141.07615016571384,124.57407779139271,20.86972410738928,8.847224094526046
bad_form,140.4033002477267,124.57501821044085,21.085292167186083,8.581034819157574
bad_form,139.5666571271542,124.4890829312285,21.38696142390285,9.138466203922594
bad_form,138.90171258132293,123.84510846228463,21.667251142045846,9.181636004330803
bad_form,137.59072055802238,123.14140135899726,22.697044263699297,8.959269397691417
bad_form,137.50099533821373,123.54353871422592,22.554669169892826,9.153896719960741
bad_form,136.87878095851661,123.85181983025211,22.874194260150563,8.480805551559246
bad_form,135.6900402859998,122.10241852182739,23.508147249804072,8.230167863588898
bad_form,133.53010996912505,120.66324131802759,24.269001066089217,8.338877006060335
bad_form,132.0343265236139,119.59610015562149,24.468957251208376,8.18559316149646
bad_form,129.58556357857137,118.91218650490507,24.28170591404811,8.418290047590478
bad_form,128.03741252208553,118.29658849519859,24.541758039539655,8.505207469717849
bad_form,126.25267846877566,118.18676370088968,25.482431076124733,9.72953812633546
bad_form,124.33892917028717,116.16424934877378,26.391096308099844,9.716244530950313
bad_form,121.08383430126909,114.56438188907973,27.172184233584147,8.984603862206884
bad_form,119.57170819705783,113.07816127652436,28.092799456133722,8.375023034752092
bad_form,117.75339687494099,112.11848570168996,28.983248222284804,8.325032273221698
bad_form,115.58777751623288,111.39501906884462,29.536529483431853,8.638790148748393
bad_form,113.88743670664542,110.27932733081516,30.340551573142708,8.767127628295006
bad_form,108.82045916417033,110.5268527946208,30.458088795993586,9.167894368593892
bad_form,104.03583359092428,110.6691319187706,29.756734691256064,9.858002725150396
bad_form,101.41590196917514,111.77239838597166,28.792032213115444,10.46418809600818
bad_form,102.81099282122534,112.65054650506534,27.121488917071353,11.873164292221341
bad_form,92.63032118065934,112.73475875686626,27.127534568737218,12.58115757684378
bad_form,88.35069024240244,110.9224489721098,24.809560377770815,13.344648943452558
bad_form,91.05324493136402,110.08944013714411,22.594258545206966,13.689374749934803
bad_form,87.77193590191541,105.91118317119445,23.361306430642216,12.752072578550512
bad_form,84.1960804341984,103.46196558394918,23.726933233280274,13.911862829876403
bad_form,81.0127286102661,100.90658097468545,24.098490065247294,13.33008518344385
bad_form,75.76728001218746,97.93725330676475,27.750065338725097,12.481320955643215
bad_form,71.71810747893099,96.05833665473737,30.275096563569658,12.073713072786816
bad_form,70.86691493868042,94.72845092559791,31.329336934249877,11.908377096066433
bad_form,69.45998980044531,92.76030788863157,30.65444122273841,11.759500087664497
bad_form,67.63187064070368,90.47539883645746,30.777744221694626,10.68865458275949
bad_form,68.8005447516102,86.23825427889844,29.488150559051107,8.574836892210778
bad_form,68.78038359753755,84.9797535351647,26.45036000417793,8.761075105363638
bad_form,79.17892566581149,84.89382829426906,9.665653128547673,8.993286428335914
bad_form,78.89331146772066,85.91451604440907,10.438989538002565,9.38829571905474
bad_form,67.44196586195832,87.59109186960768,23.4267019646838,10.771514207946332
bad_form,58.898042218621974,85.33418620878543,29.76999692438181,10.247865678060588
bad_form,52.96476341014701,82.19057996352205,35.3219179176919,10.601331014152652
bad_form,48.48052326870506,81.4990136465129,38.76142014728462,11.759622909037642
bad_form,45.59949902081993,79.60952137935597,41.467038232381654,11.536275194500192
bad_form,43.71337419490526,78.43587298485473,41.37076444962091,11.677906652159573
bad_form,41.6116786420446,77.97202215749054,40.15663451591784,12.105038063010612
bad_form,38.18476828499741,79.07613669521234,38.66466077927838,21.725942587543887
bad_form,36.26574978626974,81.43917810057197,34.972703424945614,22.204719696347958
bad_form,34.39179513448897,81.87097490811172,32.77790890630432,22.4825678044057
bad_form,32.170300603707666,81.17384096347182,29.11383551740875,23.29602466162587
bad_form,29.47303438174721,83.20182314301263,29.645686377029303,27.474947988791097
bad_form,33.52079249332355,86.86346656242756,36.77047792532155,30.615755809829523
bad_form,35.39716424194242,92.28911542432533,45.789035125413434,39.344115107265004
bad_form,28.288405597366282,93.8873700905428,54.60378522600012,38.007264838942476
bad_form,22.24281540393467,91.94259953766326,53.808344100691684,40.42654893006227
bad_form,22.889244793894196,88.0762878302629,50.91443478400698,37.843053459300634
bad_form,22.00025853686525,83.13845501190464,44.39712592129496,36.63793068643536
bad_form,21.33426015978488,80.86616796544615,37.605349758882554,36.90334028006572
bad_form,23.428178191443735,79.01591317997598,48.29749151293822,36.89247227483001
bad_form,22.783555993946663,79.1183436490697,64.39075475601004,31.149750064817603
bad_form,21.800581473293327,79.15286502964535,59.44916435587065,27.499959726853547
bad_form,21.932071891124355,81.36368986112302,59.40109963374599,28.083889226758973
bad_form,25.808123003428516,83.69289035202621,65.52739591320592,36.53715691581318
bad_form,27.869375505708188,83.13950139835298,66.65320156416037,36.550758304813684
bad_form,33.66117865614781,76.60577175802385,44.38296914136309,34.80110311782133
bad_form,35.93743689202208,72.49412318428303,46.0734127539563,33.4699216985187
bad_form,32.70727802257952,69.4955007978319,43.19250976767042,31.844461245447114
bad_form,27.36399885100683,68.24146409025062,36.104347486058025,27.045716350335862
bad_form,23.763659598309598,64.64638002139878,30.83664439687,25.110861394223846
bad_form,28.365010501445635,66.08116974802054,31.346879564303705,27.7227913501014
bad_form,33.185569509875684,64.47068370616671,31.98662900733568,31.209482264447757
bad_form,33.99415089912563,68.47144331116087,30.474005707926928,17.74129260603229
bad_form,39.68705386800365,67.73954593533887,31.336550856168614,8.150579638229365
bad_form,48.32004342766813,70.71294066002586,28.938067359122407,4.31444759642951
bad_form,64.24298708958491,71.61879074634639,20.569736064892226,1.145202803493074
bad_form,73.97707742312247,70.63925875299365,10.0179058271122,2.062697205045617
bad_form,71.0390116075592,71.8562004223621,7.320474070485436,3.067751791924389
bad_form,71.20374957856282,72.97196455301545,10.279379062119142,3.501840053820491
bad_form,73.08784590867293,73.336249705403,12.03165387806424,1.2400078294811436
bad_form,70.03353087421821,72.68853172092517,11.262232823345416,1.3509191457065153
bad_form,71.66523000395159,71.33882086271404,16.563330015995824,1.448198301516302
bad_form,73.26771290982084,71.45266748684564,16.496527970382523,2.4831621020636514
bad_form,70.04069450039015,70.34095792072445,28.69746757349278,2.3653827192163006
bad_form,70.3252799601722,72.55521069043031,29.654137640053513,2.2598306133470336
bad_form,67.48620525059981,78.25702738759087,29.67040713688201,2.394902978844644
bad_form,69.62915408621156,76.79787495168299,29.000084839141635,2.471262238412676
bad_form,70.59907116171001,76.22879652903777,29.546751146446056,1.9617081642696477
bad_form,74.13864885590817,76.12693637287609,26.719714189023566,1.9578397398713268
bad_form,78.78359012330327,77.57988323407905,26.040908285177615,1.809974355625364
bad_form,84.25669784148681,80.45458229967767,26.132085184091803,2.0960748749725844
bad_form,88.40478385936206,82.74442058986489,25.671620030185345,2.0030645379440637
bad_form,80.33031620205298,87.09075383395691,33.102050507408094,2.388940980830799
bad_form,88.70647664366061,93.15171166218205,33.868789404832384,3.119780081676535
bad_form,93.5876268755926,94.45494817200704,32.83592485551285,2.7100957870211606
bad_form,97.57436481663296,97.07445154512256,33.07798919432515,2.603140953142001
bad_form,101.54897905458847,99.4286347361345,32.82819311818968,2.8953286716491156
bad_form,101.47203960687818,102.6188398249655,32.65701421945417,3.527876655430066
bad_form,101.94680107180375,102.23482495506141,31.576944974317886,3.51838901516827
bad_form,117.3666228837954,103.55718155634872,25.478321145284692,3.5894185475091627
bad_form,126.93855444668978,104.41951498814711,21.93620729997022,3.698852005543301
bad_form,135.37490565068512,106.71701651639154,18.925955203096194,5.504168849520538
bad_form,138.33441263936572,109.39562953794294,16.434100141426796,7.680910479607765
bad_form,142.05910355907233,110.7506636399485,13.981156398069965,8.365036158550197
bad_form,143.58991109777986,112.12552607215554,13.493892050452027,9.06044209955972
bad_form,149.8190899177789,113.99641580663601,10.630700816313144,9.060378103441565
bad_form,151.2525974533035,115.78249373829556,10.45686734968353,8.917751099435467
bad_form,154.83342782969206,117.87684939879702,9.952768173058798,9.35687635938814
bad_form,159.81029418327708,119.40112644090763,9.093116434194108,9.577368807804518
bad_form,163.00541808501706,122.08118512047301,8.095735871725484,10.544193044077128
bad_form,163.81048804432282,124.52982122656144,8.504341631757834,11.081205029093391
bad_form,163.4780566461877,126.07895571296376,9.136133391821799,10.76766428496955
bad_form,162.4107404317407,126.98040882455786,9.841048854395122,10.747810843201265
bad_form,161.71001826010556,126.84935377897062,10.842558664063699,10.55221588519096
bad_form,160.6831901873395,126.43907594908413,11.937342825929603,10.251246454164647
bad_form,160.26722993606504,126.91714547040698,13.054433470125929,10.025847588883417
bad_form,160.37044485006865,128.15569757936265,13.610482325074384,9.845358256742289
bad_form,160.1480842479733,129.6100270028589,14.473124542584234,9.402175216471237
bad_form,161.2042403038682,129.97675159470356,14.739322297478974,8.330973956725398
bad_form,161.39682158968432,127.97561671819184,14.98144926015412,5.105759089565475
bad_form,161.63499616177677,125.72323000895818,15.204409236189937,2.7879700170319652
bad_form,161.26054487268186,125.85136632598392,15.236779232652008,1.9029806479321913
bad_form,161.11663404956266,127.12966123265196,15.198548874004855,1.435978857292535
bad_form,164.40755933405484,127.93322522909403,15.025487554897836,1.6502931884077772
bad_form,165.22972914572995,129.12774753418174,14.628352553592098,1.520644165505757
bad_form,165.219448632515,129.63675345226977,14.511294401011016,1.26216362844089
bad_form,165.15139094114227,129.9997162007658,14.966954298968592,0.5154069045676346
bad_form,164.56565377855213,129.6713553055047,16.02819916477207,0.5949508927982068
bad_form,164.07438212872654,130.2522332976056,16.209736018788348,0.6241499840163358
bad_form,164.48093003754002,131.7827171754784,15.863410384696364,0.9222863618195568
bad_form,164.3984285779037,132.29348265899733,15.786888584283297,0.9081534136956699
bad_form,164.42334446172322,132.43423871278287,15.6836093778701,0.9290476325199026
bad_form,163.81405733719282,131.43178455134625,15.935158771462852,1.8303209494596353
bad_form,162.3817345622832,130.85299835545467,16.529306063119474,2.861197722440542
bad_form,161.0725787715182,130.3655705349643,17.097934975280367,3.2042481928480684
bad_form,160.79093892485136,130.1456006465662,17.08995556952463,2.8633763631990305
bad_form,160.5074500833364,129.53675433194257,17.348331063732967,2.6148575571427735
bad_form,159.54316465235146,128.47115601575263,17.608160541381043,2.529166232084597
bad_form,158.71252337871994,127.43403843492842,17.773071315467536,2.3269771479035413
bad_form,156.96129641909747,126.09036181872969,18.418048984826942,2.0590458443967874
bad_form,155.27867245543717,124.58096817338344,18.45420949855725,1.4034136987186527
bad_form,154.17853412573632,122.6766738567251,18.22827596922297,1.8497421578051387
bad_form,153.04653961835518,121.5479248380575,18.05017298967352,1.083143049024339
bad_form,152.63942169006273,120.43871208155883,17.832475206158442,0.4214358871066473
bad_form,151.8313126583203,121.10389226179203,17.41558060575566,1.0967483825099802
bad_form,149.45733029529157,119.33473049796143,17.61658308621435,2.476570445096311
bad_form,148.556247421827,118.38241708950034,18.177944104107024,2.7316814510957816
bad_form,146.3881321210343,117.09916666683708,19.11152439590564,3.1396738094870686
bad_form,143.99136418325924,116.57726302231481,19.508733449213043,3.7840079787780567
bad_form,140.18784597825515,114.59903300262943,20.37872960041583,4.459473563114934
bad_form,135.0152739933443,112.77504065706168,22.349893774595397,4.755740677457139
bad_form,130.0166721534712,111.95298702719373,24.11934757581911,3.968827630682086
bad_form,122.10988358295694,109.33298646824835,26.215998317843475,3.4321423657653907
bad_form,113.62138926247314,106.0032122248875,29.41422626716024,1.2277374027857586
bad_form,111.24743531722191,104.03147842019592,31.34015488568239,0.6955297373429666
bad_form,107.46431494190222,101.75198450288576,33.059112607602714,0.7358484706799054
bad_form,101.96327727395737,99.50672127008056,33.11570728795879,1.1567777043133978
bad_form,97.4815403901705,98.34481814734278,32.647968143769894,1.42931891528032
bad_form,92.47470764829313,97.50484268933053,31.923829611329353,1.398946932374905
bad_form,89.97973510176894,96.31299690040703,29.24550031341296,0.8329456735692096
bad_form,86.91232324068136,95.88251497516819,23.867760302156412,1.3108125915800788
bad_form,85.63648235144785,96.9474397273687,24.214345547741885,1.603547290697311
bad_form,81.34110374980315,97.3674976505855,22.995797609881084,2.3194404223968417
bad_form,78.55312725966553,96.1633479999022,23.33769261158925,2.530986243557197
bad_form,76.17867657596896,108.65782299019105,23.113768262086026,16.6692035107789
bad_form,76.12076813391849,104.3646762668594,21.913327009631125,14.94876705490156
bad_form,74.10957421197806,102.12176490971561,19.82978830446547,14.672143618287164
bad_form,73.71920029517962,93.72913384316631,18.88639009074183,7.599294840285746
bad_form,73.6969913786301,90.87964813639852,17.402311050591468,6.988039461650481
bad_form,72.23631875846891,88.47083600407642,17.682388590630655,6.167677992519693
bad_form,75.96196092941163,86.01827784341117,10.72891235578026,5.789127579851191
bad_form,76.35521161152812,84.19966939769509,10.853474213787072,5.640253711528084
bad_form,75.51228760596285,79.5640290347412,12.670579381537776,5.1396002892000965
bad_form,72.60415505078777,79.10667910343864,14.60445038403153,5.862765338431904
bad_form,71.57439019077178,82.40696889371193,14.297677474783242,8.989007411806623
bad_form,69.55597384596433,92.3888298804272,16.104304498315376,22.184616831553797
bad_form,77.12430320954478,98.81938857978236,8.965507857358789,35.3630581890763
bad_form,83.7625742267036,96.66074067271681,2.700964391743455,36.891569018944125
bad_form,78.09458341158435,94.81343409119175,4.89582565937656,35.15156141448027
bad_form,71.23148368720578,93.6210108059944,10.459179939805395,35.621971477620875
bad_form,70.26531316599124,95.08271656124667,10.52093252958073,35.94709014416604
bad_form,82.94299114464663,105.58510856411351,0.7012366261523998,46.142254446766664
bad_form,80.21352545205647,110.06451106611253,1.6470446757189081,51.42074645466387
bad_form,77.28623443895638,104.35495347770704,2.9468979255926726,47.210178753511535
bad_form,71.2209792478631,101.62630520046771,4.558337993505017,47.25667315682609
bad_form,67.16006260225481,102.2054580211079,5.816083793211345,45.35173361373157
bad_form,65.19519618983301,100.41200821650257,5.330304617899607,44.14694250881933
bad_form,62.42990323491332,98.91059127550497,6.380577974443346,43.38181858082944
bad_form,56.37328046338553,98.16513966697475,8.890802663297704,42.97600889976066
bad_form,50.02316030394438,96.46597460018158,11.416267270211808,41.860921403446824
bad_form,50.53749642636709,95.95008948984858,11.64514272478236,40.3171132633449
bad_form,50.29079558108546,94.48266213219001,13.3917600938567,39.58340236192458
bad_form,48.26005211598915,93.58659311510178,17.964593163798906,40.20204769364246
bad_form,48.561166855090434,92.50803987406027,18.28304468639241,38.566683229001626
bad_form,53.5732372312225,92.3500305940367,17.619108211841016,38.14194198096508
bad_form,58.60095636578566,92.50002083258971,16.920043790148604,37.663755213942785
bad_form,68.53927033044899,103.40755802913314,12.774464451064508,43.59409404268577
bad_form,68.71336900370473,104.69861158235749,9.610159167573228,44.01324056188851
bad_form,70.3131024117914,105.45427807699076,6.606806755957798,43.70063952697637
bad_form,74.06126486087189,106.24341601288627,6.773192659131957,45.6806666992557
bad_form,78.77302041483384,106.59602543524318,2.904717418724551,45.4784382777117
bad_form,77.27181717529875,108.47575588353494,4.252707392637281,43.27589454239694
bad_form,71.4290930700292,106.1048450468932,15.37696410239478,38.22098367599361
bad_form,71.28394387824171,100.32029126709897,18.94858916602975,29.91641985219946
bad_form,70.98769031284219,94.91911043640376,18.59020082303958,26.529537013597704
bad_form,71.31043510286773,90.47399065852623,19.36797573885789,23.00676174723897
bad_form,72.41001520969056,83.4394662784335,19.571791982091394,15.222025813732294
bad_form,73.92206049185684,81.11687705637311,16.630524662528135,13.344423551431918
bad_form,77.25481456497184,79.61021976356216,12.881438623286035,11.324150895453307
bad_form,78.68010628708258,79.36508206440989,10.843792704510248,10.215108347476217
bad_form,79.59684006389367,82.12757865208695,9.95949316804973,9.81180377797896
bad_form,82.35035036515826,80.80370641519022,7.018009891212578,5.754924098234233
bad_form,83.56390363679209,81.76081956509016,7.87094510089193,4.665951086219618
bad_form,85.05950064485879,84.96874407987096,8.607500877456527,4.68485301337663
bad_form,85.5363276101425,85.22054878478151,9.28215826242929,3.993716768046596
bad_form,84.7382646591062,86.06008650276212,11.023718145808543,4.759933671132876
bad_form,83.38391799533491,88.3669360724656,11.652301851617423,4.998598937775528
bad_form,85.14485636379808,86.90779366643036,11.827210452029707,4.951123983833967
bad_form,88.44563290295824,88.88135911815914,12.298913568871466,5.216143092216617
bad_form,89.85695725988307,88.81701956959712,10.729080192034317,4.274697082899592
bad_form,90.58764326623327,91.90701966531391,10.848479848781425,4.061223553617542
bad_form,91.9306441291684,92.47818623700968,10.952552803946462,3.8705449660403453
bad_form,95.36119001985503,93.24663233505679,11.033021826412696,3.913458889729952
bad_form,95.89778550580417,93.12997543444327,11.079067076910034,2.8788398609617265
bad_form,99.02296001201086,94.45490979109147,10.501957406100624,2.1338393619042964
bad_form,103.39686402704945,96.37943879705524,11.206384097207296,2.485360697895027
bad_form,107.9320337186235,96.57485607528146,13.381518341631985,1.8436609275571016
bad_form,109.50845526897334,95.94135539413938,13.404536917644926,0.7186445242464395
bad_form,109.71311121145206,96.40370776231492,13.507599800553079,0.7283138795912406
bad_form,114.78115902067768,97.27382680499677,14.090096170207854,0.6197692538766477
bad_form,115.3587553427189,99.64161317209226,15.032822923208533,0.8820019687313424
bad_form,118.63676017205466,101.75221140691463,16.29109198482075,1.1769634264949322
bad_form,120.78203126821711,104.68372440185084,17.052996416918123,2.405659958543599
bad_form,121.81598044749785,106.96608988752021,18.240072269324106,2.5632404733543
bad_form,121.7589956331953,107.93147988971302,18.314503484486007,2.681480177327563
bad_form,122.70390824378279,110.03259179975848,18.345010751752387,2.7677014390793517
bad_form,124.76222637771673,111.99493217895747,17.984570536585966,3.0044304451744677
bad_form,127.40752207954819,115.7751797707096,17.315718156705795,5.235872624107719
bad_form,128.67353625758963,117.50539381576891,17.423944725990008,6.79023609805981
bad_form,130.04540244497284,120.79707631289833,17.318287954140512,8.554845768847327
bad_form,132.24713474738036,122.34344053610468,16.960130325054436,9.56879362002803
bad_form,133.64696272534465,124.62799392032184,15.862495297567632,10.199873858171076
bad_form,136.79900611232318,125.87878937160966,14.096212448546323,10.8735070974311
bad_form,138.89049845477183,126.60481248065804,14.125945815155182,10.940800015564363
bad_form,140.60103721830163,127.69282140306768,13.933243221168288,11.298295323770173
bad_form,142.80429365030125,128.74529580598292,13.715039043588293,11.658516275781835
bad_form,144.241826638566,128.94140317266456,14.259545275810982,11.093293527061018
bad_form,146.51660520857286,128.7531335582153,14.412247743814032,10.709837475242246
bad_form,147.81196741812272,129.15095697955323,14.100319893912275,10.437250866001966
bad_form,149.0844227760019,130.1016178390263,14.155181452827314,10.051141989256376
bad_form,148.76880354638345,130.68455134928953,14.506662313414665,9.11024563208267
bad_form,149.70430974485785,131.57021226107494,14.560984960021814,8.891761562226714
bad_form,150.90602930950058,132.0908285938784,13.998059317544064,8.319220566598284
bad_form,152.41639542918466,133.27564336420406,13.323680924730366,8.044920184824166
bad_form,155.1488516896966,134.7396072556359,11.714952802460354,7.05360667073914
bad_form,158.12045246741292,134.7916688473836,9.933636549739163,6.112827865957368
bad_form,159.26763203439322,134.12837769115268,9.439637681158608,5.14556694582401
bad_form,160.90539325051242,131.72700140592008,9.689075539385575,3.245538981919789
bad_form,160.79234041074895,129.40924096459605,10.434934599243325,1.2112974861442358
bad_form,160.3597346445059,128.77414746487676,10.829210708553928,0.5390685207738801
bad_form,160.29701368632257,128.37052141817642,10.830353855530797,0.6091006009971967
bad_form,160.43429796495485,128.35238914347056,10.934930191386975,0.834548037790682
bad_form,160.02624436678718,128.30266625036592,11.15675359173541,1.1358432555603988
bad_form,159.01596935714994,127.75591249999252,11.629766540911927,1.1462640017353265
bad_form,156.1154117571608,126.68102616222836,13.015353056996647,0.6796913578713392
bad_form,154.36693603462496,125.0444146029057,13.800295724903997,0.20294526785750278
bad_form,153.63111721603866,123.93541632046384,14.086608381978396,0.126126212641191
bad_form,152.133190428623,122.62580305857938,14.904794242256884,0.573397997418462
bad_form,151.94584035249397,121.01064731416724,14.874422774350917,0.6351415748220766
bad_form,151.9805340394007,121.03798229768537,14.720992374940684,0.20957114637806562
bad_form,152.09698880256295,120.20159171221755,14.62204625182191,0.5785185308361102
bad_form,151.73081594426577,120.02479885341293,14.458628435789842,1.3511946757428803
bad_form,150.6459989684221,118.91701912515009,14.223517693018737,2.0222317090919506
bad_form,149.9906288247598,119.93759449795243,13.925831357787684,3.994555422278036
bad_form,148.91792010542622,120.2807587941075,14.675967091430868,5.036682031388781
bad_form,148.91360806558617,120.47917696003535,14.80591564720503,5.67469414628062
bad_form,147.35716976851387,118.8305978175247,14.856481485335058,5.929745448075269
bad_form,145.26762369008443,119.04746054995837,14.878485542919773,6.3452122434815985
bad_form,141.959945707156,117.56656555037355,14.562573928827199,6.446905655249079
bad_form,138.06020577326055,116.85598670689393,14.578606069360893,6.783956853549829
bad_form,135.85694173622292,116.50567790925686,15.038731151424784,7.121030958209898
bad_form,134.0625204457959,114.38918593436952,14.4468413415684,5.869394778553934
bad_form,132.83186957560778,114.420721221945,14.928427634276227,5.9462905565374005
bad_form,130.1896139872286,113.67327111388846,16.625719632598766,5.5227470394835425
bad_form,119.54459208113184,111.37868463270152,22.90920986830484,3.9327253257646455
bad_form,115.35399541812299,108.10890606970119,24.66647754770011,3.5867625697589816
bad_form,111.36796951594391,105.15635271532051,24.045543993490835,3.156854790555374
bad_form,109.81599863155978,103.77536916232168,22.46352305745802,2.620059845033934
bad_form,108.17291506859829,100.47172291958316,22.11339061932947,1.6445782116302512
bad_form,106.18294538487942,98.33432709716323,21.75824701520978,0.9900926238696016
bad_form,104.18402780764643,97.41711795296993,22.428322643251153,0.38563359198036923
bad_form,102.63400380829898,96.961202283396,18.76165509806749,0.05870930123559414
bad_form,99.72156967519527,96.25655725631441,19.06408698406393,0.022541427496759785
bad_form,91.40182305287226,94.7296699108307,17.529489451278174,0.11215658662401855
bad_form,88.6323859400577,93.90271014660797,13.538710050923974,0.8990484283531316
bad_form,87.09654146351755,92.76497091852669,14.550673304485061,1.0249079744657232
bad_form,84.55869561911192,91.74431476501792,15.052129185866832,1.0549974312839387
bad_form,81.87361848650018,90.97392733521254,15.169659788828257,3.0005646736509295
bad_form,79.20048249230845,89.75512174547754,15.201127528897516,3.1845673941531762
bad_form,77.93855197960947,88.65958352607694,15.0125722103033,3.1571964231984495
bad_form,76.04228397073173,87.17995801512377,14.464302359208645,3.1576903694372604
bad_form,75.70459308641152,86.40941163542558,15.19350611882643,2.9664930068150577
bad_form,75.06524717578479,84.14836221900447,15.25590162959634,2.5732777576861876
bad_form,71.7562996563001,82.08736724967233,19.00180442072176,3.274420471448999
bad_form,70.52881985910942,79.2169838939694,19.56703472883326,3.701610768971767
bad_form,71.97663150226333,79.26039390488293,17.002000105088268,7.676469184625029
bad_form,72.90218586445651,82.2141843486296,16.467689866681994,10.45730753978841
bad_form,71.64350880428726,81.22123062678367,16.940483949601106,11.697499632242625
bad_form,73.82776344900341,81.7464734022544,11.890639756360551,13.377838057747024
bad_form,69.67523958536958,86.93373917269966,15.717440175520265,28.462920467969074
bad_form,69.97543948691889,88.6780692847676,17.73732681825633,30.34014228748452
bad_form,67.01160741924058,90.80558500055676,18.11157989413957,27.801199489477362
bad_form,65.4427444229433,92.23407148273577,21.854424497835613,35.32943778389642
bad_form,59.85593098464523,87.21026982402337,27.094281095702243,34.148647976794216
bad_form,58.062746313935385,83.82586384562025,26.045821173683436,32.22451952090946
bad_form,55.63428701879394,84.02749285772829,25.38134810679795,38.063475243286604
bad_form,55.722313979516336,81.87398603255154,23.00872703738461,36.43983208868423
bad_form,58.030966984706446,79.37489619706531,17.50556333854073,35.330513947215984
bad_form,61.6166895614002,87.57554079400954,12.765630259876117,38.95602966633906
bad_form,62.77511745414464,90.15597874103837,11.25913561138257,43.942164021513655
bad_form,62.74740029957123,95.78456191294724,10.834869958164939,47.748788620686796
bad_form,55.00337747873678,94.53451792279725,10.343000562054135,49.057410350580845
bad_form,53.60746725640323,90.87065323272304,9.408591066696944,47.40804952222924
bad_form,53.590957964380785,91.83849974012264,7.917647872522406,47.51540998852879
bad_form,55.169553930403076,90.42592569898,7.384433179978552,41.09043909507692
bad_form,55.540068498100794,87.4974683914059,6.976319753524417,37.83796771457089
bad_form,54.49592133523851,83.89652095768673,6.706907908616001,35.66460843660327
bad_form,53.884345645660105,80.90501553120606,6.6845515771409945,33.82269212737444
bad_form,52.09306297159604,81.0045918273862,8.388339445361174,34.026617039018845
bad_form,52.64381910842523,80.0548898328271,8.805334067438086,33.49588263711846
bad_form,54.0361293234811,76.20500029778754,8.373258518403233,31.992087201789225
bad_form,54.02547354344252,76.08034961789484,8.351967079747453,33.223282709692924
bad_form,53.599603506141676,70.12067838831685,8.794384967132235,31.123250186138424
bad_form,52.2976666018459,69.07189840053309,9.03540554427066,31.355054781178865
bad_form,52.42661709707082,68.22028635433931,12.138655844383296,31.228737840144777
bad_form,51.01608966609316,71.42855659057254,15.969521190318323,32.36005312607976
bad_form,51.157112326077744,76.5986368414843,17.850376247171827,35.557599695560654
bad_form,50.843803640046275,77.17467328952364,19.551975441559577,35.382708874413545
bad_form,52.40770670524585,78.57238242928324,19.247075594024306,37.48928176827034
bad_form,53.22233036373686,81.15201510497509,19.516680018875217,36.11035758533289
bad_form,52.55878199506228,82.38108159930431,24.72399476612786,31.686396422506665
bad_form,50.92764752175807,81.38547096634643,30.394084429973535,29.932340927349507
bad_form,53.5916917439206,78.9828766903478,29.17236868837632,28.016363631744895
bad_form,53.85588831962195,78.12276330903184,30.35237486022377,24.315129212909962
bad_form,57.736006205004934,78.90588895369208,32.12841370944201,22.60414031452327
bad_form,56.71359304764034,79.10561296367663,33.154102575228706,15.58516935742396
bad_form,58.90203053377147,77.39987259276428,31.269172297611917,11.603347130997639
bad_form,63.15773123486115,77.48202984032116,28.319389073181963,11.385482211480248
bad_form,65.17287749881758,75.61339934296483,26.327421100460576,9.893827852788426
bad_form,71.72877912097773,76.47373725700152,21.040993375394645,10.025449480479073
bad_form,72.00237541283582,77.88589439414287,20.169943351470295,10.377907695150592
bad_form,73.28619731190786,77.61679244375563,17.10632157658249,10.566076006323017
bad_form,73.02375245038789,80.25126497790917,17.148292465777047,11.611969413876423
bad_form,73.51780190950092,78.39441334560756,18.08665568173233,9.595016859228133
bad_form,70.72845556514791,76.38040297461853,23.478707502650984,8.386555372296321
bad_form,70.70334503583771,75.18851864983961,23.390737320498676,6.42755907854171
bad_form,72.27520333592909,73.99790693851035,21.450019396336568,4.968505667419847
bad_form,73.66584648935375,74.68014433738254,19.888690415754557,5.235267453804715
bad_form,78.15314478518914,76.64371243039629,14.032670669806066,1.9990007325882335
bad_form,81.0618510409416,78.05258428448579,11.524933923724118,2.9459168322800595
bad_form,88.66673146598767,81.56152042978854,12.426086555284147,2.808329789174964
bad_form,89.04866734059092,86.05552552022942,12.879825702475838,3.609163351224916
bad_form,85.70810210646454,88.8312574491675,12.122018898523148,3.5703529683131934
bad_form,88.1346484957075,95.19425158871417,13.183665448738234,5.93724988651121
bad_form,90.49534875905533,98.41650313302704,13.250913201642257,7.726624776176737
bad_form,92.4560492775002,97.4037019736368,18.973000161037408,4.271400975484317
bad_form,105.55264684407925,100.29776161497556,22.649029041932366,4.84947109185714
bad_form,101.32395401127121,102.33973681344823,25.426995605231053,5.202230303567769
bad_form,110.80380804211606,105.79416240606571,25.791434898756734,4.716073407531258
bad_form,106.29659328159619,106.44130169112702,27.746041193897415,2.7905060441965253
bad_form,114.5609392381092,109.66419729211944,25.93141056939191,3.4517184712869344
bad_form,122.46290319584836,113.15951579513415,23.49284643877903,4.329169134796367
bad_form,128.03151510283234,115.03510029238149,21.05276980097702,5.254780112524779
bad_form,127.33538185940802,116.41587481816032,20.5616822919701,5.595998319435369
bad_form,129.9910924773608,116.58783884152132,19.9987455495489,6.151748288359103
bad_form,135.41683840587444,117.29093244483701,17.193492477524604,7.002220377337506
bad_form,140.09012777971319,122.18413612398948,14.285578410752185,9.443928297371656
bad_form,145.6517336289747,124.83734224722008,11.385848236303698,10.612637300724316
bad_form,149.5314644263972,125.97044384524045,9.863061123921575,11.311482951577513
bad_form,153.5370413104807,126.08814839525516,8.74746051367571,10.306450684392841
bad_form,154.54341575722026,125.76441854846738,8.71402179426935,9.272734322303155
bad_form,159.14153608631088,124.68010556616534,8.595436205842107,8.124238208709288
bad_form,159.9918865800259,123.29588782747598,8.939236290937675,7.017238583880596
bad_form,160.91502255379334,124.19821254828943,8.827375482043747,7.154634172049896
bad_form,162.16656673638764,124.39172082346283,8.785507429679395,6.730893932213142
bad_form,160.56484904591468,124.52405052657585,9.391209892080385,6.63435526105129
bad_form,159.22403135457913,126.25588818566214,10.441313303199033,6.06229216528252
bad_form,158.60617972035115,127.05675889570932,10.760906458159145,5.585234386166289
bad_form,158.40178162740256,127.69315618354636,11.089858339489309,4.934950175728526
bad_form,157.6356659532572,127.05039250426333,12.296077614619021,3.812796610324479
bad_form,157.2211401743042,128.53284804120176,13.233453741896204,3.2436465838510555
bad_form,156.3059934729703,129.06128473781462,14.394817304370633,2.4620605665364073
bad_form,155.1019944679352,128.3553528540092,15.54141611446833,1.3301396649820867
bad_form,153.54516953039405,128.61661366570206,16.793077532875312,0.6746962825662184
bad_form,153.4757098505127,129.1533358618588,17.327212039549636,0.13694099542438526
bad_form,155.03260935159602,129.32022962038837,17.37053008746038,0.2559917240057653
bad_form,155.66821405234185,129.44952092166682,17.42266836952281,0.45515278333995773
bad_form,156.05462456753494,129.0685481044561,17.734206898101093,0.753606510998399
bad_form,155.40509500867202,128.73739017570486,18.459001786310957,1.1777306822753737
bad_form,154.81642293268467,128.16245436778294,18.93091602230233,1.714170550056254
bad_form,154.60230496543886,126.67258831641306,19.206100591726663,2.5671500227757442
bad_form,154.52295808235985,125.55120253101344,19.23115385875889,3.3144053868917407
bad_form,154.64808146769997,125.3503673116825,19.135895227155796,3.276058552897268
bad_form,155.77719606797586,125.15017113770693,18.64311774886862,3.5269142054492737
bad_form,156.25292332260605,125.63909009121318,17.43691561625818,3.2608470056695076
bad_form,154.94210313008008,124.64414519643691,16.966536582109118,2.7799677241627117
bad_form,154.0218611974255,123.61506444316632,16.48612667878827,2.7268763840494685
bad_form,153.42483082000143,121.88553990160949,16.220844008572602,2.374046818733754
bad_form,151.98529718016,120.88992518746758,16.039710731580506,1.223282250575803
bad_form,147.13724312810817,120.3195322117702,17.445812018704103,0.5526085015265775
bad_form,147.56371871708598,118.82122644563765,17.046301064234026,0.10107097437872845
bad_form,149.67977607837435,118.19279086118149,15.425883751212654,0.8170744323341795
bad_form,152.76625070851952,118.63058634303553,12.915752582574893,1.4303058199343612
bad_form,151.9898140841996,118.93095257696964,13.02628477515712,2.144816619241088
bad_form,145.34800165937884,119.21445734948128,12.804849492626579,2.6308752612716653
bad_form,145.41086507633088,118.14536149255306,10.627639374837202,2.6283469252542218
bad_form,140.97349824120457,116.9834988429821,10.687963680456223,3.097383734614375
bad_form,137.59296450951516,115.07797075916056,12.395893070129487,1.2493909005814026
bad_form,136.6573834049465,116.15336041898104,13.830241510671048,1.4301951537250575
bad_form,131.32806478152,111.68802279302298,15.806361941348891,1.0176931304230339
bad_form,112.05566867235228,109.51610123543784,19.142664383836763,0.8001986554886772
bad_form,102.68153075335118,107.31554881002018,18.587909200230488,0.9079718208007335
bad_form,98.60500023712882,104.59045138611677,21.220858348767855,0.7806091001369966
bad_form,96.84089728604988,102.31060408137137,20.588790469685566,0.7621236487043566
bad_form,91.01701215360492,100.72568722627273,18.688045365274327,0.8047198533788469
bad_form,92.20363882400727,98.63873264378249,10.438274271346955,1.2090385914333552
bad_form,88.73678716714281,98.40975318786333,10.419563986098375,1.0996041016481555
bad_form,84.98568814378228,96.76463493229139,10.05115999330897,1.9541977930448078
bad_form,83.35140670208658,91.58202616108247,8.944875229680301,1.169533510269964
bad_form,82.66742964634092,85.84657611414028,8.444685596927124,0.32354798965799564
bad_form,83.25611792902662,82.14764112531114,7.886719236737625,0.38600335761059984
bad_form,82.90897567564818,79.05904681772881,8.233024981162858,0.7652237300761442
bad_form,82.85144780151798,78.99875556484045,8.426211650349977,2.441662415763846
bad_form,83.06464495056362,77.7680237289897,7.309102882935747,4.061275581331421
bad_form,83.02238575040678,78.48499016650254,5.748789726473606,6.425852624870046
bad_form,84.6091377604936,78.6640178467962,2.8462771921509082,6.459991902740875
bad_form,83.22299920679951,83.02726821415533,6.731728314873999,11.846268484909531
bad_form,82.0714609230146,95.11539569784318,9.645499885115314,26.280877507857298
bad_form,81.37173552351743,98.38113483128757,9.250972545432441,25.449494176642514
bad_form,81.15173042532297,102.01745237675631,8.96982316290375,33.40387320350697
bad_form,77.81300957248894,109.47751191746853,10.948549942165567,43.077151269788004
bad_form,73.2069339473719,114.53420514059064,11.29685675607845,50.5829195030571
bad_form,67.2960268089912,105.83447731071067,12.001167594987383,47.69661219611384
bad_form,63.535623079175146,103.68151865233403,12.687032486957929,43.9123113124043
bad_form,57.98405894894751,99.50592464703898,10.709427023820147,41.95833515922366
bad_form,59.60961830895086,99.41950272353684,8.140206524701656,41.557531501076916
bad_form,61.21882282712598,99.68312024116759,19.908710327407682,43.400479185421275
bad_form,55.43481146819313,94.84737286717127,28.44105376730878,40.66229648767877
bad_form,50.656431550418255,92.44473528655561,33.484728475511254,39.29678728109367
bad_form,52.590603701651936,88.38856923450851,19.9496356606316,38.763432237113086
bad_form,48.72561539193617,88.37548373581774,18.132006692431407,40.378328266008744
bad_form,45.45779193140728,85.01462658732004,12.485470905211269,38.917608231719214
bad_form,42.61128364370571,82.01844761098064,12.091501259267194,38.09274509747761
bad_form,41.726740516673054,80.89289915166344,13.066048630045922,38.27327868859585
bad_form,40.92165524879317,79.30993265353602,13.108040549112625,38.995186870720914
bad_form,38.194750683548406,76.2237586876799,13.885636137906724,38.11976422706465
bad_form,38.34176576748631,74.59078304968317,10.162667149658498,38.18324614211036
bad_form,39.32985864530341,71.6296305361264,10.126747411729044,36.02475676885083
bad_form,39.40053528177222,71.53553456679975,10.245767411376484,36.69761873315525
bad_form,37.58384227553965,71.69289039418604,8.721306495717133,37.3988602331241
bad_form,37.787008397055246,71.87020337165944,8.888094769961288,37.293776387106995
bad_form,39.22006182421879,71.39600592727875,8.548389034101634,37.15348652747676
bad_form,41.1468675604752,72.67966938821222,9.983490178739602,37.28930144771189
bad_form,43.80205019737812,74.38812896986757,9.57414136429702,37.080132757436346
bad_form,42.705451450915255,75.04911647512992,7.367616108815096,36.993417335444605
bad_form,43.103903908683755,77.48400704327537,5.600496438977597,37.29079456195931
bad_form,44.977328602755,78.79843407586155,5.689293716862808,38.34999351817862
bad_form,45.57341798914909,75.44741118876665,5.932956981968558,35.66185301567136
bad_form,47.57266234849569,75.63004763021868,13.015395836563146,35.43859197822066
bad_form,48.721916145958886,76.4444902736797,14.578751338456213,35.7091891408246
bad_form,50.55805079705706,77.24951586892209,14.83297864369324,34.90096927214035
bad_form,52.9953911595785,78.45352083983995,22.91715463676344,34.18845348979148
bad_form,54.431902028663224,80.00709266693198,28.886996794360833,30.93412162708172
bad_form,55.56205716436641,82.75573500147665,31.61450164984815,26.230825447451377
bad_form,58.14273475033336,80.92701508169023,33.02390943713168,14.863436067949056
bad_form,63.45353070552264,83.16588363187365,27.287541604615168,16.142833045241755
bad_form,75.10225910451312,78.94458941394367,17.938884638959678,14.083914785725597
bad_form,78.00600199149147,76.6484101576783,15.275870106469661,13.609954483180838
bad_form,81.06137095230775,72.1778239860827,10.839663654639237,12.231537940116569
bad_form,81.72133559590934,71.16141573406745,8.701738279994032,8.749634631958436
bad_form,82.15826674526811,65.65440360515196,8.998360110285573,4.323397963123962
bad_form,81.28919459022345,69.03968294947016,10.085622723542922,4.102543253502731
bad_form,80.58592663185397,72.29742899210365,10.951028119712579,4.331752658658542
bad_form,80.50428837764692,74.09861242705385,11.648300041507762,5.45453643462285
bad_form,82.90928798052599,73.98866426820436,10.398648808342832,5.972833359380037
bad_form,84.00263011916876,73.79676958986107,7.24710802106149,5.453231738005737
bad_form,91.79663324925481,77.24422321318303,4.117612450055659,2.8230569081962194
bad_form,97.94392072743018,83.15420265069747,2.89387293334894,3.203019883182272
bad_form,102.82482161189404,86.38975195783142,4.146619641885741,3.1324826610956196
bad_form,99.51703123151907,87.2904744282553,5.324184809714826,1.753795698604102
bad_form,97.43732726189631,91.58568055081979,8.124805541241042,2.832115738029553
bad_form,100.12635859787207,93.38269528217315,10.940705304196667,3.734503715402601
bad_form,101.82728456812777,96.14338720566823,12.797272730481003,2.2489248679238143
bad_form,106.70114030997081,98.89073744592798,13.633189728066784,1.8562055206992483
bad_form,144.3116543739687,149.91461068077436,41.79452348385078,45.154740290995136
bad_form,143.48828113577076,148.19346426491256,41.92023432789992,45.215189586344756
bad_form,140.6631644473788,145.3219513006082,42.083538433433915,45.42053058738993
bad_form,136.57619437395843,142.71119265022807,42.274319954415205,45.82605567764502
bad_form,132.7396634040934,139.87236821537277,42.518214279740214,46.26933552243972
bad_form,128.79851348042385,136.77293227379084,42.722175119138775,46.50635152425125
bad_form,124.3909629142013,133.12543675786262,43.276338170051886,46.54524457111619
bad_form,119.32856822374609,127.97064523044637,44.06552758683134,46.76407898548359
bad_form,114.97380074401335,123.8592936021334,44.314839776768416,46.726848664491726
bad_form,111.31046973121576,119.40867904252914,44.52556477530196,46.656384490932155
bad_form,107.49408300098341,113.41239153066768,44.95091586463364,46.30307100419189
bad_form,101.84798827972122,107.31540207023518,45.19699024378257,46.26282281161915
bad_form,96.64453622968783,101.71970831804624,45.54235766412348,46.11522963288309
bad_form,89.99805064159153,95.84729658684607,45.58556741415669,46.04510753507899
bad_form,83.16280158416016,90.3344063635631,45.59207335223159,46.23051094761062
bad_form,76.43914818201185,86.68155257525426,45.6836271864552,46.239255900860606
bad_form,69.77406043056594,81.21514583053747,45.60532204040614,46.29639569722926
bad_form,63.51726661789454,78.7726893343492,45.55686731381382,46.32827792751364
bad_form,59.462132506940975,77.51342863166137,45.57728810867917,46.29862938777243
bad_form,58.180372990206294,75.74845171719215,45.44999442665826,46.28842050880101
bad_form,58.15766140481301,75.51094365385423,45.41879700972484,46.284170154986136
bad_form,59.49489467583068,76.38103282941869,45.44826975594829,46.3229592421541
bad_form,62.310120779806816,77.13166098223908,45.40199791959706,46.378503836991044
bad_form,61.90512572552436,77.95369314502588,45.522453152733384,46.4218017802048
bad_form,68.98059767076627,81.15694762699525,45.683805642080216,46.40596245601964
bad_form,74.89053446522408,86.77850414334374,45.6269810951312,46.454111419557606
bad_form,83.14113262570118,92.6425967240825,45.75463620233333,46.59217723171605
bad_form,91.61542547211974,99.09011026950228,45.84730913733833,46.58871415842329
bad_form,98.33619225884102,104.89281569622835,46.02913670176925,46.55296405909345
bad_form,105.55547984458555,111.4809426955497,45.87578894854022,46.526655230263
bad_form,110.2404809421794,116.34712067821587,45.70532482043145,46.421828398105966
bad_form,114.55529820120924,120.62516809595282,45.15701736115589,46.24768726765874
bad_form,118.64604841825866,125.3600019579676,44.30722452475416,45.9640696129886
bad_form,122.38118711726284,128.11189990563298,43.486010936527244,45.80401878887956
bad_form,126.11935927667218,132.3246822537911,42.67887876288306,45.778625657614896
bad_form,128.36432431292755,135.59243446606655,41.1338264072584,45.69857794000064
bad_form,131.61956023877374,139.06668102511685,40.60176253633305,45.696712788240724
bad_form,134.0399839247555,141.98850836328796,40.149487154038326,45.67000178704578
bad_form,137.38383968219154,144.45707749917278,40.02907799916229,45.61737833989632
bad_form,140.3103187632301,146.45513026340012,40.133173823301135,45.572199366035576
bad_form,142.48035820159916,148.80094676264744,40.25707800820187,45.5815241539397
bad_form,144.10272057291664,151.72032167019609,40.322791404730026,45.60227748076935
bad_form,146.24363599117797,154.62738062768298,40.55629193186504,45.607840722108016
bad_form,148.36423125087828,156.8631675991188,40.4967420961338,45.56385361625249
bad_form,149.8803031487629,157.66554064499041,40.54901117551598,45.55935229804654
bad_form,151.5148158353971,158.15124578622638,40.44055739343451,45.43725096890483
bad_form,152.29921341492638,158.42259023411876,40.37635719681076,45.32087375495117
bad_form,152.41647969029992,158.0904284259849,40.266255895206086,45.30030394588072
bad_form,151.9265658459117,157.57813215933078,40.17117577983889,45.22789640664988
bad_form,151.63839860052298,157.1603673107532,40.11311180103744,45.20160485135188
bad_form,151.30377565365447,156.96883245615797,40.13051273137411,45.21648635129579
bad_form,150.63543918518303,155.67864248955232,40.12425027785823,45.21961333111294
bad_form,149.56673761606413,153.25998082606287,40.14641397744027,45.23599201978331
bad_form,147.731578784296,150.1837780950287,40.09104830392011,45.281290046610984
bad_form,144.446563160686,146.52859670372544,40.221770255613855,45.29349828130996
bad_form,141.25985203159138,142.80043321569283,40.13217708869795,45.36113468444318
bad_form,137.70950051196692,140.45065121031453,40.3340358973199,45.73470530634728
bad_form,134.69203684820343,136.55734481427376,40.778409733712316,45.908705121467065
bad_form,131.54373895685643,133.20728486029168,41.14868743833757,45.89845428489588
bad_form,128.5732272300142,129.00552743570884,41.384488007321735,46.04597741551894
bad_form,125.21683079857189,125.09092041142085,41.60909281173475,46.52246236689605
bad_form,121.47919858079834,121.18009600699911,42.120766169293866,46.6944193621214
bad_form,117.55416406806536,117.5480345475756,42.652750477703606,46.56015804850035
bad_form,114.00052717496806,113.75837955624066,42.94516875223719,46.13907941719169
bad_form,110.66785153298146,108.42889326474861,43.22705334402802,45.87312999204117
bad_form,107.59390937571801,104.09255417697658,43.647767374751105,45.72119239572204
bad_form,101.34223202117826,99.0428005488172,43.81016135731786,45.67129981756484
bad_form,95.9169369786497,94.19902239921092,43.99178922281858,46.049899605700254
bad_form,88.95222997695703,89.682012889638,44.17911604008905,46.27417451925162
bad_form,81.07058859823145,85.04936946014884,44.4952883830428,46.39034180379384
bad_form,71.66561655968056,79.88906812312867,44.58707529320671,46.45065087801048
bad_form,62.65663400281992,76.59869782254613,44.71856569747491,46.39408471344342
bad_form,54.975315820529765,72.43963404970418,44.98926776934997,46.71116955027139
bad_form,51.69923797571259,68.5903690138913,45.507079303135164,46.662257200302754
bad_form,51.314029979353215,66.96696495457303,46.07924468987674,46.70952947336585
bad_form,51.30728944487687,67.2419483889697,46.59008631975546,46.71565949608531
bad_form,51.8840403761464,70.474154332231,46.86636962231127,46.85612277947932
bad_form,54.39424014599476,72.0045597669294,46.96001660396879,46.926819953120614
bad_form,55.97743175247711,74.9075226998519,47.00138513708812,46.975062566007416
bad_form,63.72757700727186,81.84407311220096,46.879711548063725,47.07974723878454
bad_form,74.84730082672344,88.42425001923523,46.841396702294475,47.329554621302215
bad_form,87.10588840757748,95.73609216274498,47.11554328179855,47.09631356386482
bad_form,96.30875119278157,102.50732922180717,47.29213466701405,46.98429468508712
bad_form,106.41073426863029,108.89362630470029,47.41564460910982,46.69899966919256
bad_form,113.44612584406806,114.20907635235744,47.61633774676249,46.52764051210845
bad_form,119.44060191245391,120.40427770054652,47.644969755580235,46.39810536217906
bad_form,125.81865440964411,124.30156764699078,47.47088730088426,46.38970799541795
bad_form,130.34063257382192,128.90234121196553,46.25692112281574,46.25078039945069
bad_form,132.44930576848628,132.80905454091592,44.647073160222035,46.07984609676152
bad_form,135.11830542257263,137.07792074221112,42.86245371673312,46.12661937871505
bad_form,136.13251720202115,140.46913273463014,41.0614848616226,46.21994640772966
bad_form,138.36420712324653,143.2276507315137,40.10657078635543,46.333891256022866
bad_form,140.69190000214317,146.38775474955705,40.031127344681096,46.35713393042612
bad_form,142.40755413626002,148.07629175235004,39.915995025534805,46.233842868207454
bad_form,143.7855714223909,150.50046646392528,39.817402521359014,46.19023605981222
bad_form,144.46092844717828,153.63745173777065,39.823796786399,46.189421160657965
bad_form,145.9010137848845,156.31241297289017,40.24264235944375,46.017272380686336
bad_form,146.66512888545228,157.20404094531307,40.338048058763405,45.8707144377999
bad_form,147.2890465393712,157.82844778859794,40.455241389012144,45.6230826422636
bad_form,147.54397684135213,157.81296389131592,40.52038595252177,45.377676016734675
bad_form,147.63896063065107,157.38687778917753,40.51919618689836,45.24589385179746
bad_form,147.97565414657814,157.0421755317353,40.546532418434424,45.30006496073383
bad_form,148.16139102896656,156.7437768436213,40.739399698340726,45.2547032467016
bad_form,147.8531777642391,154.77722852235445,40.656591957726036,45.30729010596991
bad_form,146.89161085718837,152.86295067015408,40.472500941378385,45.46088199778473
bad_form,145.6411985074062,150.3120403213286,40.67653332348365,45.54439725302927
bad_form,143.86129896800207,146.2749658328849,41.05420507897572,45.653696745393276
bad_form,139.21896064833058,143.45364654196433,40.973296610741585,46.075550749803206
bad_form,134.242119598325,140.0302854612529,40.850425769557425,46.294011533361534
bad_form,129.4094250351356,136.78578997542488,41.16273391022621,46.3483048959291
bad_form,126.27549077784224,133.5016411918083,41.838187076154945,46.60143487390268
bad_form,122.02504641728271,129.9238057034752,42.86311797878868,46.77633671500752
bad_form,119.97308690704266,126.163092980769,44.32481169962385,47.00901748546787
bad_form,115.91927871270327,122.07420946501523,45.749254544700044,46.74576479096124
bad_form,111.97970611309,118.17959069057912,46.60067533651183,46.17170387326633
bad_form,109.64800401460951,112.5248767479903,46.795193580407236,45.57948250948883
bad_form,106.23670784166349,107.92719786488185,47.163560668175286,45.57726985218732
bad_form,99.83049735989191,104.15257510823305,46.738128667218916,45.55576669498895
bad_form,93.9218335819274,97.56416227251073,46.497756461553664,45.37253985306942
bad_form,88.3212834929979,91.45088725239256,46.68922721986457,45.46982333512321
bad_form,81.89622995862358,86.08248452603056,47.31443432049722,45.25500848076538
bad_form,76.0364964172917,76.69439015932421,47.89518279059004,44.946914353335316
bad_form,69.18933769581702,70.01220130465497,47.81237774365844,45.287976884161836
bad_form,61.47648082281385,65.43793732230472,47.57299563964612,45.380977247457814
bad_form,53.35263395158725,63.53237719299622,48.47878408497426,45.581372648805655
bad_form,53.266971409427896,61.58304564531461,49.07278682080744,46.0955191356553
bad_form,51.72588716593739,60.633935470034416,50.035328338316354,46.83761580015496
bad_form,50.96908328701868,61.64760381708971,50.82579787355146,47.11871608848151
bad_form,50.248626244525205,62.3110990138641,51.284779890172324,46.741966911412526
bad_form,52.74578475062795,64.48320380913673,50.799558499824556,45.75487003081882
bad_form,57.335608988054915,67.27755830834832,49.724067994170824,45.339046374779144
bad_form,62.98380051425198,71.00365078247466,49.23655897403831,44.50113351901601
bad_form,70.9224588979708,75.00793628550889,48.467152379930994,44.045149424790864
bad_form,75.85114126425782,79.28421806808807,48.15952193998749,44.42403421418854
bad_form,82.78212803195217,86.27247573890311,48.58733847801423,44.41432192544747
bad_form,90.20341882949162,95.19573339052764,48.72149914792651,44.24222141129808
bad_form,96.67071955248463,101.94286924670857,47.6117322149613,44.15019747328491
bad_form,102.60386036234165,105.91614814953614,47.12400877669391,42.934732542818296
bad_form,106.06132906629351,111.10205793538756,46.338840522134866,43.00937932461917
bad_form,111.17400162125864,115.9939401073897,46.20818641145609,42.8119948297083
bad_form,116.53803588449499,120.46507594947795,46.47505728178271,42.57293679162008
bad_form,122.37917482567113,124.50032495477075,46.361013290699574,42.717272523895055
bad_form,127.21114913146286,129.11714479697895,46.00215666592547,43.41983930102625
bad_form,130.88601675673988,132.7298464448637,45.72166891666231,43.899856216245844
bad_form,136.7096576339322,136.9531312454474,45.719986873882,44.02657900043299
bad_form,141.03999806147613,140.4804482788169,45.58283267760346,43.95960669237294
bad_form,145.8032259675659,145.26815344681185,45.63592084182483,44.45262833778368
bad_form,149.10512881629782,149.2090795279031,45.69576285066366,44.84578797631939
bad_form,150.8946977797313,153.22132605216115,45.45394049023729,45.65401625278987
bad_form,152.07679225782277,155.90974376588966,43.36996256576889,45.53149955819875
bad_form,152.819905545331,157.3846607904096,41.42987909721229,44.97424954288991
bad_form,154.23393649808028,158.2318049421483,39.723776735414496,43.52857454839818
bad_form,154.64624494139127,157.01600114608758,38.024337675014856,41.93087915832855
bad_form,154.66756148684317,155.82926781286278,36.18150890378168,40.64251134335492
bad_form,157.23345855663655,155.68321347827782,34.99968546646184,40.50877722625274
bad_form,160.09659893911586,156.4330886610089,34.19657915910899,40.67789484716133
bad_form,165.20202579377874,158.76912766034522,34.7438278089226,41.27695065171423
bad_form,170.41379716932633,161.39482020187077,35.18520178078994,42.152337497294596
bad_form,174.8863084575978,168.55516319695158,35.67518079078613,44.228407864996086
bad_form,177.2865904950477,174.32273059560436,34.75344215661953,45.31881580464106
bad_form,177.48991706376236,178.19149019281193,34.72431206687165,45.836404002823954
bad_form,172.27136888618708,171.34575444955544,34.92237646413396,45.341017147276276
bad_form,169.5873085500194,162.61644981694175,34.354902347590205,44.622243478862075
bad_form,135.49540956722493,135.0062457312104,55.77332476579962,56.14932110876555
bad_form,137.6772069795232,135.19576465851551,57.44473599105154,56.28990195494583
bad_form,137.21795137796278,134.6915035376378,57.718096233257896,56.20997711312766
bad_form,136.2657237125719,133.47633986785664,57.75915018278914,56.188019192980356
bad_form,135.41933902042476,131.98192210356217,57.30590983853555,55.963882602477135
bad_form,132.90138432515323,128.14450961091137,56.72699642652882,55.861986838143174
bad_form,125.16751683336199,123.3427722798466,53.74887570145887,55.77120889863364
bad_form,116.30130818117775,118.84739026403126,53.44352526215344,55.53554799609831
bad_form,107.17965590538638,113.21073757579167,52.631089727107025,54.491166240918496
bad_form,99.60438531343208,106.04381568885977,48.7685484731208,54.52772364602789
bad_form,90.24152851571918,99.31921373452718,48.563851095050616,55.43241686561342
bad_form,82.88776184151287,93.51040023013682,47.79646707089687,55.58811029505319
bad_form,73.17329584808367,87.38214096886385,48.41902577861872,57.28467835175687
bad_form,64.538346088028,77.77790851584287,48.635326820144584,57.30624147330582
bad_form,58.58759816769533,69.42085517978566,48.48991608220933,56.75607855754171
bad_form,53.79760851961413,60.52541493505716,48.185255561719096,56.20283540051596
bad_form,43.25401592625499,53.75604193456098,48.668224827079904,56.230237455046534
bad_form,42.93778060127888,50.521656704909155,48.87678688628162,56.031369437085125
bad_form,42.17253251898952,49.320043567865596,48.97716073019002,55.98314260445474
bad_form,43.77766056742435,50.03396565867747,48.56089322273993,55.87811167598694
bad_form,45.80850997666424,51.88642929111502,47.95900954422395,55.838661770795554
bad_form,48.82670382401469,53.7653839606796,45.401439522700024,54.66594763335787
bad_form,50.07691973816037,55.501306493001955,44.766433550775595,54.537971919620205
bad_form,50.748799468965,56.08429758670913,44.672138970935116,53.79224166879775
bad_form,52.21771675403428,59.504318193659664,44.86315161169364,54.37562801758269
bad_form,55.23198672383579,65.01181708317304,44.9199664471022,54.69457878270541
bad_form,60.33969324120562,71.02697473641099,45.16929092999832,55.38916749615016
bad_form,67.22701629881729,77.07417696863929,45.15733373471046,56.70851370233016
bad_form,74.45916708867146,84.87724373408453,45.79322067943719,58.31534914029609
bad_form,80.10650632585794,88.09976429281373,45.803447204792576,58.07676754469143
bad_form,86.34402520025405,92.67528325802294,46.88535778166942,58.08582447280468
bad_form,92.39699440813894,96.62364495303855,47.96603885459542,57.999140037399904
bad_form,99.22701138298135,102.69549253690296,48.43438925414633,57.5019785209673
bad_form,104.24998811780978,107.55972256209749,50.36593426840069,56.487302551458924
bad_form,111.89609334452315,112.12034148846756,51.21730562408064,56.00560785737887
bad_form,121.01630014481641,117.18575240051123,51.881723978437726,56.32675804376233
bad_form,127.69946457949743,124.13641241777688,53.435271170552156,56.191717277645616
bad_form,134.2591012270789,129.04156180645543,56.580711325746094,56.25447342614271
bad_form,141.43609470406517,134.30291668508121,58.07453573131828,56.727869885681905
bad_form,148.0625801289606,138.84195069564456,59.141840126182295,57.18724007068386
bad_form,151.0259943989493,144.8227251788995,58.51740955039344,58.11619905198595
bad_form,155.1493134696802,150.12374688550094,58.095512787976325,58.407912393109974
bad_form,158.76495358451768,153.4107075701784,57.64767239434193,58.4762949862914
bad_form,160.74449153411246,156.29401925181617,56.224634676015384,58.07157722919139
bad_form,160.70436082241315,157.14371182328637,54.2454621047622,57.21289141232604
bad_form,162.06994617642147,157.11190663545958,52.67575360492864,55.326906502658744
bad_form,161.96383875065678,156.83032231255095,50.76389482789995,53.31624005209388
bad_form,159.70149366977367,156.4763338700594,48.68065175660054,50.982823920342604
bad_form,159.70980875445403,155.25259271775988,48.267541048612316,48.823705622113096
bad_form,158.07610483183421,153.25283304477693,47.38097898739727,46.949041676409806
bad_form,157.2713061389686,151.88800883561984,47.12545325813158,46.0972578776915
bad_form,154.91822009186882,150.3648274064556,46.10405591045766,45.73233373537511
bad_form,152.6977878229443,149.24607685967496,45.40007719691213,45.626181216232865
bad_form,151.10287182187312,147.900455325277,44.40384647974304,45.87040931981099
bad_form,148.22872909078967,146.6680413609388,44.103707993773995,46.02038835284885
bad_form,143.36458885672855,143.59777326891162,44.476388561610705,46.691940075873376
bad_form,137.45366893987654,139.90480954789422,44.52362618007584,46.937704323500554
bad_form,132.65689638266437,135.55542954716887,44.40338212439216,47.10481708581418
bad_form,126.2315313521111,130.48169954271958,44.22833849462155,47.584506878456104
bad_form,122.73797025302811,125.38780685321882,46.076076637292786,48.241423699273426
bad_form,119.87630998361632,121.18750161960907,46.98141906768906,49.088684021034005
bad_form,117.73151354715858,118.10981473937957,47.08909416017568,49.08602148895508
bad_form,112.76063633729994,112.50859966517392,47.588106877497324,49.512827864224754
bad_form,107.04279869487358,110.68309392406324,48.150376006303304,50.61229664597221
bad_form,100.52098018660665,106.89548051064273,44.96291998863615,51.65214627885516
bad_form,94.2928742006911,102.84987888430277,44.19731961185372,53.28228327032675
bad_form,89.50196163892414,98.23400672306697,42.9282429022502,54.91406722012362
bad_form,86.18962781187828,94.08123333333465,43.108737783496714,56.960219311435715
bad_form,80.23299211912978,91.71013299002684,42.871582174625544,58.13361761137353
bad_form,75.44797113814725,86.4314988558009,42.40850769475467,59.05381412017985
bad_form,70.91827819869658,80.4393956697847,41.40660514492074,59.150553710549076
bad_form,65.23729976453754,70.81742713717982,41.531240539619645,58.527375348974466
bad_form,62.02395411625167,65.03829975442008,41.47103367408679,58.082126038454
bad_form,59.21540652556494,58.925917693765506,41.720458855282565,58.24241568843434
bad_form,57.918443789072995,56.386086178868574,41.68688421581441,58.0777747768266
bad_form,57.79337651137103,55.77113439495637,41.6623781112876,57.96419902838247
bad_form,59.87068006608832,59.05096980700455,41.86138290226334,57.94084464086026
bad_form,61.34634822530445,60.66900728816003,41.811874028463485,57.88474980872093
bad_form,62.481141115854754,62.506304878888265,41.77507198646072,57.86964455911513
bad_form,63.08641172567884,66.07420301809863,41.91800949041777,58.27474623852328
bad_form,67.22007437863881,75.53516984183517,42.21642848239816,59.065128694803136
bad_form,72.40744843747946,84.40997391956869,43.07920883954484,59.3862480328945
bad_form,78.76579658700975,91.86023903260637,43.48892446468797,60.05962023214947
bad_form,86.0060781796465,97.8130416789546,44.31828426805949,60.65636305289374
bad_form,94.63633613199995,106.91270205472347,45.4843494730345,60.761609356807305
bad_form,102.45635675761994,115.22745909436493,48.88226756655599,60.068667910439025
bad_form,110.37932921270361,123.3571943808405,49.286363074792945,59.42254458191278
bad_form,120.21000654043347,129.65891722992882,50.79235293934107,59.50553500169673
bad_form,127.14596390643227,135.0619661376363,52.53589570589401,59.475575907030425
bad_form,133.35956972075343,140.812849446103,54.10645774615452,59.5966128532322
bad_form,141.00455015854752,146.5747338602996,55.15544512755883,59.59701866182782
bad_form,146.23607832411648,151.56249250678817,54.91768154117167,59.5049155728747
bad_form,151.90478016837508,155.44972526478347,54.88546484489616,59.41779660774828
bad_form,155.8967508223531,159.45885456282377,54.623905786898064,59.43524657403397
bad_form,159.24056424067942,160.38702232856582,53.772594509374414,58.573957992113456
bad_form,161.87804450588666,159.5654347141213,52.333181553551405,56.42940679036916
bad_form,161.17704354675246,158.06430976248,49.67837037184634,53.81748914720383
bad_form,163.1459239375108,157.56132908750914,49.11926787890868,51.6860516419017
bad_form,160.44336834784966,156.6922193076969,46.7108049775699,49.93840895588542
bad_form,160.68312429918495,154.63538978158275,46.046691982605644,48.49373314777869
bad_form,159.44420395253127,153.1441781183481,45.64092988169773,47.51684731184166
bad_form,157.82874166057996,152.19383885051937,45.16789833265324,47.104354334412726
bad_form,156.81211716199675,151.09380231668155,45.32651454550756,47.098577209532365
bad_form,155.04139866970684,149.35734807303623,45.0266969185409,47.23233894327444
bad_form,152.02824271956527,148.5774027646137,44.809596833824145,47.71461402080994
bad_form,147.51713157903635,145.4800978784452,45.475830328083255,48.646064401827864
bad_form,140.79238217687748,141.79412320315524,45.86904640313466,49.19150061880453
bad_form,133.9137677683381,137.84350496311137,46.37959715045911,49.76915625166039
bad_form,129.89721006799132,132.43512670717254,46.61691888020205,50.170675597624246
bad_form,123.99160948572434,128.26981818181105,46.94304818986115,51.16075153669997
bad_form,121.41151624196816,123.99114353318531,48.509053933093654,51.271024479711414
bad_form,117.92790695164936,118.60175833195716,49.05397344150989,52.21175878905633
bad_form,112.57341574199297,114.43755044945665,47.74712836381229,52.38093843692324
bad_form,105.59215345981833,109.49772280447094,47.774348843821315,52.74651840254265
bad_form,98.62487423567234,103.80524832361418,47.8011458305273,54.570611228809014
bad_form,93.33633220999478,97.84276834442215,47.15474609179838,55.01961870940733
bad_form,86.79991101394849,93.57549632317642,46.63903138138878,55.665699607902404
bad_form,78.81874676319535,87.7156233149438,45.98577566215874,56.51828709238498
bad_form,70.72038069471627,81.51504804176874,45.93628775472453,56.93023853875463
bad_form,62.985120722261634,73.79458742231752,45.961646133455794,57.14100907679092
bad_form,58.23301887538948,66.53367030518855,46.08071156025759,56.78038643638241
bad_form,56.1893995950955,61.74796133238666,46.156123053248,56.93094851107818
bad_form,54.94644687619428,59.8813556376522,46.36561695687434,57.16909124827443
bad_form,55.922211512240246,58.08350826992507,45.60779294474865,57.094813111698556
bad_form,59.51974254283347,58.99223073503385,45.22460435562405,57.08477999212449
bad_form,59.75169727709983,61.01557436857991,45.20487470398215,57.05195083264903
bad_form,60.91051554935968,62.997473702867744,45.18673396102268,56.48864215708513
bad_form,61.49283655327321,67.0328643419678,45.320307421861074,56.47268120183188
bad_form,70.65508979594055,75.72514297691102,45.522223057235564,57.24012507344913
bad_form,75.8443128990151,84.39095463187887,45.11816684835349,57.67650727891271
bad_form,82.22207670228906,91.14567491192453,46.035353355443775,57.849670986876504
bad_form,90.22525361676685,101.71495896763051,45.87319785138383,57.308548328344834
bad_form,97.73165288146082,108.67691604653069,46.45174786319734,56.93200279816317
bad_form,105.66475991732152,115.8181753636313,46.75989812334529,56.992455820958455
bad_form,112.92222380274866,123.97786570427246,46.88073888251134,56.75041804485634
bad_form,120.32406648836232,129.63244091854077,48.17755194699107,55.78349644889453
bad_form,126.75692436143396,134.97515955451308,51.186918680869645,55.97123747801811
bad_form,134.44395755725324,140.6692292652117,51.874231333750366,56.08613736239035
bad_form,141.0677428616438,146.79102729373696,51.90144274677095,56.89994145053954
bad_form,145.70247932949303,151.23391958877227,51.593104814021,56.9709870846322
bad_form,150.72002109112745,154.79847796072545,51.62352071812246,56.859907747652656
bad_form,154.31193576136613,157.08898973399513,51.14044331473363,56.40782487526998
bad_form,155.38405816680273,156.89076114169458,49.689750316377406,55.046589502902066
bad_form,157.99951674197325,157.01898841279132,48.31192666644712,53.737108298027344
bad_form,160.19159055974808,157.52557167686697,47.75404287715038,52.41060630399503
bad_form,160.8496739826488,158.43939533408272,46.4281134639945,51.050173875777276
bad_form,160.95841736840157,158.32720616142197,45.96266084766625,49.78821226373725
bad_form,160.58362134058663,156.6696261393222,45.26066523193615,48.28038246471465
bad_form,159.83149257216184,156.09010292556775,44.89379454777199,47.68497149255521
bad_form,158.42285857024189,155.26031691630772,44.742262825406335,47.44968668947407
bad_form,157.5897331517957,153.40942305930932,44.82081072953995,46.84542260829742
bad_form,156.27915815659625,153.12600500909159,44.80495410109984,46.99710350323954
bad_form,153.9905367117447,151.64913901995834,44.74129675183264,47.37551685670334
bad_form,149.63621894489754,149.96782160245922,44.87186052879902,48.044875735333626
bad_form,145.66689673641181,146.48469248980263,45.31820879584847,48.603624282458185
bad_form,141.95055813515853,143.42437466992396,45.53517669660391,49.26659243674249
bad_form,136.0690758699414,139.1003084126404,45.61095342013629,50.04100415091376
bad_form,131.58137975195766,132.68507010707847,45.66961433991676,50.6468578829928
bad_form,125.37733033963501,126.66337911773314,45.26518464192014,50.90041089326939
bad_form,120.073136096121,121.52179240673232,45.24350973774367,51.10866035920121
bad_form,115.34065479327863,116.13622171815027,44.32121814552951,51.572881846459865
bad_form,108.72421422116012,109.60233619752238,44.01922841266798,52.4065605464215
bad_form,99.14849718184509,105.29769385456953,44.61657861580857,54.15894129487381
bad_form,96.11840311723705,98.96681763371507,44.210412655628076,56.7098894994617
bad_form,87.24065868839395,93.69019479988302,44.380467347555395,58.804746570172675
bad_form,79.93046198460961,89.16869577769121,42.71802633172155,60.472709133936696
bad_form,72.20194610763481,84.94729340231578,42.33567943638963,60.60695267769947
bad_form,64.19430700295558,78.66378338309197,41.406615438018214,59.901547514989446
bad_form,57.84888111945224,72.52270698758434,41.369076569419356,59.41663586508275
bad_form,54.114149645792715,64.95155622450085,41.238851256853614,58.81643463393877
bad_form,54.75462744383941,61.61389882831268,41.34917778371342,57.82407584216011
bad_form,52.456546586686535,58.8710434766678,41.33458143724956,57.4311685061062
bad_form,53.06374414168379,58.79360437090968,41.71105987165625,57.329924563861965
bad_form,53.806219436876205,59.005456834405635,41.78188920057956,57.047165583442286
bad_form,54.16139975592269,60.05093495152375,41.944252238848264,55.308789612536835
bad_form,55.272740543079536,62.23300586479725,41.8083928230644,54.685852339250104
bad_form,56.562631219662315,63.65102228169014,40.08979979240916,54.52438261779254
bad_form,56.94931043567196,63.99099439874571,39.83540865619034,54.33817076467532
bad_form,62.20960574486429,69.91901054784518,39.33959645499649,54.38875116169023
bad_form,65.53659332606205,77.4338059191552,38.93432047814843,55.080433344743824
bad_form,69.93920075352322,84.34076719505046,38.45052570107251,55.381197449429514
bad_form,73.62202454622349,89.52157980981838,38.46447543692528,56.42312646511042
bad_form,79.90895426486979,95.12895687502339,40.130004021264504,56.75734013234715
bad_form,86.94337395637577,103.3698559512021,40.274729790754044,55.648783643820586
bad_form,94.52485391034375,109.99851586076912,44.21872871094282,55.421101168888455
bad_form,99.58334789741137,115.38485327132848,45.979959316097556,55.29749818112272
bad_form,105.61802367707271,120.91952677035961,45.546986886486096,55.43474930755304
bad_form,112.86395997356821,126.69401047748029,44.947120548843706,54.966690621531825
bad_form,116.64971830262643,130.1710939900611,44.807426293846234,54.31286600959979
bad_form,121.13651342275361,135.96395833391534,46.66279662884787,54.045645503893184
bad_form,128.74947288135417,141.59878436036394,49.15406191949943,53.90119274410367
bad_form,135.1747764315454,146.91538502245905,49.005457159405815,53.91879159267766
bad_form,141.97046415567578,151.74056229759168,49.47432168481989,54.169227996166725
bad_form,146.5776734619954,154.69573743471076,49.13546330249327,53.51200080083017
bad_form,150.6353456584583,155.9992161436327,48.89773145564795,51.80304414469899
bad_form,153.80633468099794,155.46914522520703,47.37430951938007,48.685674621780436
bad_form,156.8837062066284,153.65031816853264,46.64221763974751,45.00666045647047
bad_form,159.02912004594117,153.90845879036604,45.55277680879605,42.97846666771439
bad_form,160.37598862435786,152.4165285546831,45.050236388859155,40.59947730733283
bad_form,160.01301551819228,152.05328056423235,44.31274477432359,39.24215853743837
bad_form,159.08672900638115,151.50359997149155,43.44519437537495,38.76634854436125
bad_form,157.73081163143536,150.57090174564487,42.78328092882299,38.61672984532843
bad_form,156.4677501898001,149.68060451759231,42.41545903767654,38.912897435208556
bad_form,154.95809136687038,148.77269486628668,41.78333811896173,39.345743216504346
bad_form,152.88986123882697,147.66160321184282,41.21616703550161,39.6604460296284
bad_form,150.84299473725775,146.2505162846062,41.265735680918546,40.211298029608606
bad_form,147.46266637084278,143.53288579643058,41.67756807782459,41.7083287179067
bad_form,143.55945723077681,140.7968597938505,41.61275730778521,43.74021920654087
bad_form,139.24856318638882,138.1131264641061,41.928661266096356,45.34267352704677
bad_form,135.37834449581456,136.6924297450445,42.00152801377295,47.24949083436423
bad_form,130.68417939319656,132.89751782544192,42.03058350955061,48.32655030960851
bad_form,125.2789814248441,127.6496780101993,41.97249665026359,48.78250331571951
bad_form,120.05524805996478,123.83984996690653,42.552670643631586,49.70507472610465
bad_form,115.54037833888488,118.57472585726256,42.5393024309468,50.89901862667842
bad_form,112.44101447367719,114.19783962943421,42.553005098976996,52.37125669818136
bad_form,102.1017408022203,109.28810476745305,40.078507632253725,52.79038036771634
bad_form,94.09347750435124,103.68539192105038,40.61860962303723,55.90207658588769
bad_form,87.72746918060274,98.86902284692316,40.25766116934754,57.92328966736768
bad_form,78.7536024595613,93.87504277629677,39.38016487750484,58.43110338695779
bad_form,70.08895796026071,84.101199032783,40.05480770662863,58.87035249477276
bad_form,60.38824502902308,75.9090817055613,40.46977335779194,58.42385496793816
bad_form,50.80059689446108,68.64726737270576,43.39257580379908,58.10513588446279
bad_form,50.400242651235416,64.36663985674772,43.30198981850653,57.92164404389555
bad_form,51.19091926529278,60.9667586299558,43.241677399749165,57.75487653817559
bad_form,52.05681572722638,58.49331228613638,43.42481854135827,57.53715395805326
bad_form,52.013649855654045,59.16643558225474,43.75742017753414,57.32789650620605
bad_form,53.433192751004206,61.4922533119287,43.29288074404015,57.20059682198455
bad_form,54.31309560456673,63.370156074346134,43.24737899268238,56.69286352820514
bad_form,55.20734757499533,64.63599415119096,42.34055915958012,56.138277188441386
bad_form,55.74131119916784,64.78093188816418,41.72768871283471,56.50499604212276
bad_form,57.78986877418572,69.16392796294187,39.30958606069004,56.22438059734424
bad_form,64.01181595505886,77.11301190775986,38.789401522369225,56.19349167254413
bad_form,70.31183229946228,89.02848648929607,38.487377255963274,55.052531868868
bad_form,77.77653472060268,98.62378772643177,38.20435646054961,51.66131701769136
bad_form,78.33420037478705,19.714517515462862,44.25662586915852,23.856841268030593
bad_form,79.12394312731489,19.083375404454085,43.62703691262184,21.15022009702847
bad_form,81.68951014492846,18.75577450385126,44.021058646608964,17.06775522929967
bad_form,84.57101966648494,18.860591393475204,44.275050195830076,16.282048355605085
bad_form,87.74044751334382,20.644985172079796,44.31071211148511,16.035696438029362
bad_form,91.48739122752207,23.260275317075905,44.160960112018266,16.007871825439203
bad_form,95.98131018151798,26.12654731632256,43.778282755531194,16.209847425158816
bad_form,98.73499641733763,31.781279620409432,43.357937185560445,15.544716795916377
bad_form,102.04553738685921,37.43515085996043,42.9909441875206,14.906510972567471
bad_form,105.9434852047836,44.068009731965,43.42997615317359,15.64990612943241
bad_form,109.45810791046709,55.87432884326203,43.754273741057574,15.49299765974225
bad_form,113.21853050447527,66.04706936826646,43.87842984699981,14.518265098692762
bad_form,116.84506109389561,73.23255097422452,44.15000883175981,13.005722358579485
bad_form,119.94409027498857,80.71296889908491,44.66790077389522,11.329139167474128
bad_form,124.42822775004039,89.53572524908277,46.77207500812164,9.837752955960076
bad_form,127.53928866816518,101.08416432271275,47.50775924778712,12.089304558571614
bad_form,130.5943101157613,118.72297871765372,47.73814484597291,13.262130827526807
bad_form,133.751393021073,130.41994929371808,47.54054944698854,14.035969924587114
bad_form,137.97401124800456,139.94413172574957,47.558200758228146,15.62694462377785
bad_form,141.15281494832473,145.67432888271054,47.29537516713707,16.44465687456611
bad_form,142.49529788436163,149.17269349555815,46.644028808092095,17.22187165303682
bad_form,145.01648294434784,152.96484080623182,46.546269611866876,17.34336502979082
bad_form,146.79863040075918,155.33756254322353,46.41212055911401,17.477772857432203
bad_form,147.7735162721447,157.58067496752838,45.17902840106627,17.280724915145
bad_form,147.78843721253725,157.5292359969282,43.87695712589579,16.838428952464785
bad_form,147.4832604364667,157.9612830643141,43.137932333445654,17.003684156635813
bad_form,145.75678992787846,157.60857786863477,41.97234137450413,16.815495290016013
bad_form,142.50166614280587,157.27105343722678,40.36924073179083,16.962828542594803
bad_form,140.82619813094664,157.46078263066795,39.7933797019523,17.144681222411176
bad_form,139.06944258990197,158.9198248560151,39.19136584994597,17.215365724434626
bad_form,137.82319532135259,159.61299402692427,38.89606608617524,17.584637959874815
bad_form,134.3635672233952,157.32711249616804,38.816090570073484,17.976613278955544
bad_form,130.20048097858205,155.7282626863233,38.802154840054676,18.949913496812748
bad_form,127.18892006907654,151.3063170049178,39.44029327699225,18.859306092477887
bad_form,123.85430704679399,132.42001414442854,39.74013468525006,17.331712196572724
bad_form,119.82284707014992,96.36732743251434,39.829319407018716,11.432094133544494
bad_form,117.21508385817765,74.65517523887922,39.68113168705,9.470055870122852
bad_form,113.6554753833199,64.18397468245246,39.43986254272419,10.978103926909748
bad_form,109.60908278510374,49.6718449322845,39.73942754185825,13.305919412108459
bad_form,107.95012455942772,41.29870450683229,41.309485746055614,15.633231378235644
bad_form,104.07700486483272,34.91354636803948,42.269254433011184,17.668893068070087
bad_form,100.97609585379344,31.13816521325383,43.80030143482552,17.20718564598348
bad_form,94.39884939683084,27.639854903386222,44.52487322626651,17.711888042932998
bad_form,90.5336854667587,24.703344944894575,46.77068019244391,17.520813506589427
bad_form,85.8653198018608,20.880472364612512,47.88363360576469,17.327234761144453
bad_form,79.89744774560889,17.408323024567974,47.598523835458934,18.640920132906814
bad_form,68.27041097110212,15.504995775911818,47.73997212035012,18.912229424846323
bad_form,56.9407102244072,14.901379140811562,47.741683303940135,19.447976083263345
bad_form,57.56914746862888,15.413931643904789,47.45300069234403,20.038525392964267
bad_form,52.274521675462225,15.224670749630416,47.07556151927035,20.0525701271708
bad_form,55.431628337091304,15.212845404243625,46.45536642386259,20.838870388205144
bad_form,58.940346707731386,15.575225386332065,46.24233737145393,20.954703264188577
bad_form,61.34507886913383,16.420153531912586,45.08945587295781,20.81268685845026
bad_form,63.471231853810494,18.02847203742714,45.41232704196504,21.083452965459784
bad_form,63.39604224031289,20.384229345500803,45.08300051070959,20.766258018648106
bad_form,63.811175663145356,21.407820039077183,44.83009228986772,21.323536567487732
bad_form,69.70282224833092,22.261698100826088,44.776024543662366,20.98335716026989
bad_form,77.60203623823804,26.563878929626675,44.98077150954381,20.844387347289224
bad_form,81.97905627215042,33.43870204879632,44.467163824895295,20.173184845994747
bad_form,85.77714269268373,40.50155895374204,43.926400945905044,19.561587157543528
bad_form,89.2586904695394,47.02060075853312,42.818897866820826,19.544553779078633
bad_form,94.8688794345042,53.729432775603954,42.00560014818795,19.47444260161709
bad_form,99.62974803660839,62.98794638149941,41.13964797276926,19.153914987516057
bad_form,104.72305639529769,73.97829946303504,40.06310449155323,19.30353014397793
bad_form,108.45519401166061,82.52449257329654,39.83645788938086,18.53495968775309
bad_form,113.79398723329707,89.46029852842831,40.10604069786576,17.829882494148496
bad_form,116.73530421460008,103.37161271705975,39.47364826851018,18.426667353305366
bad_form,118.90285212850954,112.7643359148986,39.854568260242864,18.432876747127825
bad_form,122.30807910822166,125.2087440951523,40.85053562608553,18.558732986776356
bad_form,127.54999030543873,136.1615017330427,41.39953863664852,18.773148996731496
bad_form,129.2704896012629,144.41420424918093,41.31560538123654,19.32648218637777
bad_form,133.06259702836164,149.46472478947518,41.902801194350026,19.752914092178038
bad_form,135.98057826849438,152.43305770729424,42.111822810424485,19.98804674099479
bad_form,138.92136772361096,155.04110422418145,41.79712869790281,20.275547878464494
bad_form,141.9519098229204,156.57358724608892,41.274252376902155,20.43256054980017
bad_form,144.27423239599364,157.14508294490452,39.943014473855456,20.47072976828262
bad_form,145.86158134611213,157.21419610736706,39.00758398903882,20.237073137141312
bad_form,145.97561192085308,157.09957897250655,37.95941689779372,19.8260036571523
bad_form,144.805412229235,156.70394487743044,36.227337047860786,19.569204900956574
bad_form,144.22616059318827,156.2449663749845,35.51834109811516,19.608979236530597
bad_form,143.11967729044844,155.7348937694853,35.07241866712565,19.61698335355367
bad_form,141.6293893328464,155.11511829105936,34.74910245832009,19.534532101418208
bad_form,139.9204331468579,154.9975005805288,34.2729765221585,19.532289977205732
bad_form,139.1255425052643,154.5328696261123,34.199472726104744,19.725144368485125
bad_form,138.94586031692134,153.1482433296622,34.073817819694455,19.39307393720718
bad_form,136.75494909121733,150.8181783020715,33.82959030925686,19.42934496362095
bad_form,132.42620803419072,148.39432102624275,33.606604713655976,19.59050628792183
bad_form,128.27838332946254,143.68722204494966,33.530281879866244,19.521879322251607
bad_form,124.43796020712908,136.24201861207888,33.47420582772216,19.173109258111445
bad_form,119.09319238231981,123.94329241235243,33.7202379918613,19.276544923849098
bad_form,115.24262104960134,112.75132965483158,34.064265801592015,18.799324469304505
bad_form,113.86966090534543,96.16855720572458,36.423862609934694,17.993545096102938
bad_form,110.54273440991985,85.28908146450752,34.88544948799356,17.352432085219565
bad_form,107.09078015590704,76.89336490348464,35.29271002711395,18.88718639873141
bad_form,104.99682368451376,66.90532660091215,35.51162022517546,20.030690662591898
bad_form,102.88230979567172,58.23560858443095,37.80471471186297,21.1722753348714
bad_form,99.39736360399608,53.424990725328755,38.68095196698237,21.540265024296197
bad_form,95.61492995862395,49.06489176689704,40.12015401532585,22.255248700090227
bad_form,90.4480905966026,42.601348486077846,39.860036786408514,22.877811664036383
bad_form,83.32661827183546,38.62269416482575,39.80594658184634,22.8619189831369
bad_form,74.2865610131708,31.584443967742597,39.92301552205586,22.935544256490424
bad_form,67.58420691366793,25.112213197478656,41.519197363617295,22.631960697130026
bad_form,56.9684130719999,23.41613334552827,41.75804428462386,22.658081707152693
bad_form,51.443850661921466,22.053076541143113,40.754968568547454,22.75388139372005
bad_form,54.891045612286334,21.063208474494356,40.886646212289044,23.110582612696188
bad_form,52.7730313769404,21.46023633058476,39.81936086226932,22.197824071970075
bad_form,52.188604834712095,21.599061948904982,39.98101478831728,22.20175459360362
bad_form,56.85224573293987,22.238123929271172,40.004701442147095,22.179598462741797
bad_form,59.385258364598535,22.919341843274385,40.94088582476009,22.379674582929354
bad_form,61.04740126168479,22.72443568396118,40.94706062781301,22.37820165643097
bad_form,61.828864135764,22.078322305844228,40.47942879916086,22.07068355774216
bad_form,66.78059410295704,21.732493192544684,40.28345072578883,21.63432303857683
bad_form,71.66663870346436,24.060842970017553,40.724023366256155,21.78048448795449
bad_form,77.3388119959416,28.87697576509998,40.53822947991096,21.730575787327375
bad_form,83.82347177707008,33.92070671457585,40.10852958225791,22.233736905715546
bad_form,88.92468904939692,40.32344013723886,39.66856423203722,23.478751324625733
bad_form,95.68531380822516,47.49347879936755,39.9025572466409,23.434817204303993
bad_form,101.25656451434057,51.85108900964054,40.377835413278035,23.73646787907276
bad_form,106.62773895268472,59.19677714869803,39.47224889058772,23.819544373556262
bad_form,110.00102374754299,69.60572217223505,39.066209557655164,23.945684983840856
bad_form,114.28068668659225,82.57548146932122,39.02504517517585,23.24140090540674
bad_form,117.04101245001267,94.655593475545,39.37206164393829,21.427689979116064
bad_form,120.85783979771074,105.75763964730277,40.84988044136305,20.93127225285588
bad_form,124.25855444719893,120.72251195746833,42.138809344085864,21.65691072679445
bad_form,129.99122066180146,136.30835553026787,42.91281780813574,22.21652510358576
bad_form,133.76296142662176,144.32082739897763,43.2947238234244,22.314678619208856
bad_form,136.88563939095215,149.74351700120772,43.27942292439664,22.34023566615467
bad_form,138.41930441440346,153.84825621668364,42.467851497758964,22.895303796227047
bad_form,139.66627246142767,157.07788617212708,40.511036667870265,23.191909484442622
bad_form,141.53202824774388,158.50022400683233,38.661146988693226,23.100435180497524
bad_form,143.23832840938573,158.7363206630396,37.628136324146276,22.35869714323877
bad_form,143.1395942943132,158.48603057085018,35.735169758368734,21.84363882086021
bad_form,142.40533439222062,158.55124707919856,34.50237506652851,21.499229243644223
bad_form,140.32447565166146,158.4515155370961,32.605221165193335,21.4407304365988
bad_form,138.3616547275265,158.16607134171122,31.202052825968245,21.460500481281375
bad_form,137.412457238844,157.29179688822097,30.51495149893222,21.281860349348616
bad_form,137.04431063726477,156.42841423317694,30.59079285385285,21.24668678782935
bad_form,136.3485191932395,156.41585108446168,30.6566722192387,21.429343071788974
bad_form,135.16085966339168,155.64837312019182,30.775877053982857,21.7432828678035
bad_form,133.6401964747133,153.3689241285929,30.845534353083327,21.87418526785602
bad_form,131.35364763731985,150.18845803316907,31.3747709435289,21.507642544233452
bad_form,129.6008820133441,146.47450539293516,32.27373078664517,22.47792867016197
bad_form,125.16017166029894,135.88533858017243,32.69465942569111,21.868135261884756
bad_form,120.66256737172786,117.53996154283709,32.915940268454214,20.296647455562738
bad_form,116.72019067270004,102.65454011780656,32.85973792153765,19.2002608026268
bad_form,112.67191899049439,85.11006838760498,32.85630362137957,17.67091304078301
bad_form,108.65806065050845,72.79871935468046,33.18521038209948,18.508756276969645
bad_form,103.96967690139572,60.41750011250143,33.0398079116547,19.16692689618732
bad_form,100.69320876355894,49.01113216931653,34.46437664361503,19.92067675485909
bad_form,97.72011385633431,42.27868882085869,35.63651949788538,20.298277971111627
bad_form,93.01954229223811,33.46232908572664,36.38462848814915,20.355265417030434
bad_form,87.97891764430454,29.924308714339357,37.163298687193844,20.670216594161428
bad_form,83.75950157480256,26.085790365769796,40.58743725025146,21.18563493624145
bad_form,72.32549694663336,20.302385015161704,42.45119387758699,22.396546116336864
bad_form,67.58431405837733,19.116161589946653,42.64167644718708,23.477826031371702
bad_form,66.98948208622483,19.08503774840573,43.12092271302502,24.51776679529918
bad_form,43.932569946680985,18.574934320865534,43.41180031518629,26.557129811019077
bad_form,34.771917737759914,18.153880731217868,43.26412035982,26.82990592857942
bad_form,37.35487852640942,18.779631643937538,39.47694154800924,26.517168332932755
bad_form,42.32259744991456,19.344468105095032,39.54726969163253,26.264013380310995
bad_form,47.604658777826174,19.574842593554596,41.067616905441085,26.117003937467423
bad_form,52.02681721049525,19.701905095807962,41.60057080323576,25.972671615845513
bad_form,52.80037807692616,19.8523757050659,42.03844271009718,25.921786027840533
bad_form,51.001482864567286,19.973671739716135,42.16316471180628,25.90628484253525
bad_form,52.68070313382228,19.973074558711676,42.09064668654412,25.38156417095366
bad_form,53.84097822672209,20.291101716588397,42.16283959627107,24.468504402137366
bad_form,53.03062498734454,20.42140622333457,41.74392440286221,23.60857457892467
bad_form,51.96530103688323,21.23108728837456,41.796017062617025,23.549967796404893
bad_form,57.5420918018181,21.48127951202019,41.989604546356446,23.35857651796726
bad_form,63.28140874701991,21.41361537680821,41.49220835259822,22.8974480563084
bad_form,64.16805323455226,21.592565391163998,41.23380703926341,22.742694402119614
bad_form,72.55081639473094,21.650910463326515,40.63728496537991,22.033889847162836
bad_form,76.72373151264621,22.700416951040204,40.606835397360726,21.868328630329785
bad_form,82.70701081751044,25.02488191489286,40.171976424041205,21.661951054456804
bad_form,88.02633580090853,31.040618511232417,40.196937727356236,21.63234891781736
bad_form,92.4592590158005,40.8401925896836,38.68732190222689,23.876220322013825
bad_form,99.30512268642207,49.83439937008087,38.63944980579851,23.886821210312537
bad_form,106.49186209255478,58.95407086148779,38.717399549280664,24.15268588723391
bad_form,111.80846462804345,73.23489179940513,38.11338795444548,23.55039392126153
bad_form,116.10662944031239,90.98757324619191,38.05742030882166,22.743155889043486
bad_form,118.73780044485109,107.82176700146368,38.319497262949426,22.428719747768955
bad_form,122.34958897585722,126.5181039853494,38.05126186807572,23.454352048382994
bad_form,125.60787443073195,140.31341519683247,37.38663115197308,24.055392415081574
bad_form,129.96605201986333,147.03410190088704,37.41930233560995,24.221375804205515
bad_form,132.77425560940463,151.26584079351002,36.656020633503665,23.88964428719669
bad_form,135.1864805758833,152.29067925250897,36.37723838368436,22.933685282598276
bad_form,137.66448698812087,154.8287853442768,35.73552554033384,23.099401651860333
bad_form,141.39001579985816,155.74663705171997,34.92181216738068,22.20631262076102
bad_form,143.45798361504535,155.67806140551795,33.95230028961324,21.611637044564993
bad_form,144.27689486726243,156.02822838747426,32.85399681659152,20.964047955594566
bad_form,144.8061508123732,155.98185293464644,32.163280542227824,20.58547403065231
bad_form,144.41900408403214,155.73395562164362,31.503473103346952,20.602210127497678
bad_form,143.65623482877626,155.75395998005447,30.742666927005466,21.096188955345262
bad_form,142.06183840486432,154.75212401910377,30.497260397626018,21.280073199304102
bad_form,141.0801897457499,153.97261296924742,30.426492065584196,21.61834894860102
bad_form,139.07410014085556,154.73201709151306,30.209783974896748,21.98096789699344
bad_form,136.81708531924693,153.24777964943613,30.158112692438607,22.250912728131365
bad_form,133.3311766013535,149.20600425696523,30.276876332718157,22.270582445973496
bad_form,129.86077734960165,145.5217323553399,30.48239915130841,22.62652277550497
bad_form,126.26479635366981,138.724702824473,31.14323258419891,23.380174174275247
bad_form,121.83631153802207,128.26787138775742,31.48729677773501,24.400165815302447
bad_form,117.34118699872882,114.00759927389379,33.017811561414746,23.782044885205465
bad_form,112.0389576553122,96.77931579991913,33.36504641947505,23.46956798882058
bad_form,107.8577539855344,82.61052320311698,33.04630023031505,24.232321524756802
bad_form,102.22864994565761,68.50058372681572,32.604125342707114,24.65396677633
bad_form,99.38890254498082,59.38978150528547,36.21400023409599,25.78117304247816
bad_form,95.36079293107845,53.67159744076591,37.93531605539892,25.97620741520952
bad_form,94.12578517940872,47.282443978564,40.89242119963191,26.46341331209767
bad_form,87.93919292738994,41.651977006650284,43.193747637553614,26.764537238256512
bad_form,82.50473103420963,38.59750101780726,45.173644621825055,27.461196160826994
bad_form,67.32445562114631,30.455650147035428,44.42175208380104,27.616289503459626
bad_form,64.69865621074983,24.99338776260752,44.444710776234835,27.77374724414062
bad_form,36.79998289913935,24.410108863769825,40.46059727467584,28.532857893425998
bad_form,20.592219637690615,24.133577872068717,39.89022895185598,29.362988108747555
bad_form,29.69765238890628,24.034378399790192,36.78126312254118,29.826127322573566
bad_form,42.568455720253844,23.975152639690943,36.51348949651826,29.55513742503317
bad_form,47.946936123682526,24.346353552252605,36.601489486774604,29.06716309779379
bad_form,49.60908966968433,25.055745722765025,36.51197435849005,28.998187917469544
bad_form,51.398722503570994,24.891566214982532,36.969006822158704,28.826676028950423
bad_form,56.75066664371101,24.572121256031725,38.02554311993764,28.82359608235401
bad_form,59.57536282515917,25.084326461978872,38.63810744705272,29.15426082429861
bad_form,112.07514978926494,103.12987718043922,40.46527875485717,36.359630585025634
bad_form,106.05649574919615,99.7834249272231,39.35112733733398,35.918372502102706
bad_form,100.84025966152169,95.80243933343873,38.67301715847496,36.024766257579614
bad_form,96.88383544875713,92.1490057545874,38.407580873870934,36.8021590993819
bad_form,92.17667150597163,88.64893506298185,38.05245279600675,36.845794237160895
bad_form,84.08897916790639,84.80605346855559,36.95729517723637,36.108173626533926
bad_form,75.58727969676397,78.4427087900626,35.83429532152243,35.24667229381504
bad_form,68.90532870627777,73.86564485413855,34.94610813052434,35.229201359242396
bad_form,62.36830451443029,69.10905056335739,35.461377872156675,34.46154679432403
bad_form,57.45616962529531,67.71860470579898,35.66699451132876,34.21762033636355
bad_form,52.86813587950565,66.98312116030586,35.891917789879,34.20412727401703
bad_form,51.82643542027489,66.50070385489897,36.38520878005953,34.002599870207575
bad_form,51.39578578246857,66.3488543330813,36.81750154012755,33.64152151215303
bad_form,52.392758071134224,66.61691570339107,37.00804165764168,33.27926272691969
bad_form,52.2144610848885,66.79051963355316,37.0554406145597,34.03757978428942
bad_form,53.67256175492811,65.7037757083736,36.86800182284473,34.50678529675876
bad_form,56.34049641784673,66.69881562213882,36.61196277732013,35.622115426941726
bad_form,59.55020168333244,70.12988449340972,36.69420526653727,35.551915386001724
bad_form,65.81776684237451,75.76567671255681,37.11802942601998,35.3988166392993
bad_form,74.73357019086018,81.70000332338182,36.80530018194938,36.78786620901249
bad_form,82.1172240572591,85.45099667032332,36.94696030194656,36.80148505555969
bad_form,89.58219093933765,89.30921309928019,36.90276719166718,37.35846870756642
bad_form,96.89231144546198,95.63505997079123,36.6140653189279,37.01836257603706
bad_form,102.99581808812309,101.68732641296916,36.55902187223209,37.47848040645605
bad_form,107.89316494766568,108.12839444834016,35.27528294725702,38.99685929792173
bad_form,112.79034658674752,113.99592456877059,34.41318049301157,39.440264345933706
bad_form,117.52067161456536,119.62496357684665,33.516396980951626,39.774679429017944
bad_form,122.5101215764352,124.29455163010925,32.83604559989982,40.24296980124835
bad_form,124.88001144720174,128.5308400467761,32.242387480386135,39.95677966630713
bad_form,127.89263250864444,132.40617569914468,32.03134814874363,39.3169837549278
bad_form,130.57592970184567,136.11677111847493,32.16463948120963,38.866653305728015
bad_form,134.10464386692706,138.2912552231779,32.60085980537397,38.48102215717213
bad_form,137.3141061019764,141.62549158089539,32.690441498049154,38.018719061112364
bad_form,140.825026179065,145.47378369288137,32.843501767250544,37.23923453100843
bad_form,143.6595727857558,149.8406136193679,32.93721058947352,36.49037147948116
bad_form,146.04195934241258,152.90265499961666,32.80874670031023,35.5627036239893
bad_form,147.98390024377645,153.7344227591395,32.4514167316641,33.90158647870254
bad_form,149.58603348075633,154.64011735597572,31.98161239460326,32.31651616339021
bad_form,150.6246986900802,156.30609417288883,31.484141829175528,31.390496301681626
bad_form,150.79830901950868,156.34590269126195,30.94341704413526,30.452301390833792
bad_form,150.64478457154047,156.34267397884605,30.400331867599213,30.057754381719512
bad_form,151.1105922780029,155.7218288219777,30.46325181757394,29.629833190061312
bad_form,151.4116965988932,154.45838909106016,30.630575127152394,29.485043021217738
bad_form,151.45837132631635,153.38379760969903,30.77597658558271,29.461632700117615
bad_form,151.33479025379899,152.92706205608064,30.87137489764992,29.452741107670935
bad_form,150.88892350489454,151.72322877424168,30.943335127015988,29.610741926191043
bad_form,150.80068788495592,148.84844400283635,30.9732370403615,29.796696584734438
bad_form,148.93898278462711,146.5441361685257,31.05165665922984,29.967962688981146
bad_form,146.0402671393347,141.66684020966605,31.386057898403,30.16773050196528
bad_form,143.2358534776033,137.88409357681275,31.498342947960275,30.491075010579085
bad_form,139.57662517510417,134.5119569696708,31.859501215040957,31.037719977384572
bad_form,136.73377179261612,130.0246243940059,32.23186265228436,31.43791185325337
bad_form,132.5965140555586,125.48068478620701,32.375773393090874,31.840788813089482
bad_form,128.12203914456833,121.49179982609331,32.46937510222738,32.36292202097018
bad_form,122.23153737719193,117.0643712639743,32.69027066411193,32.898440472610254
bad_form,117.46938023895734,113.08016277214202,32.874446233960306,34.055018280291435
bad_form,111.92276904146405,108.44428594096524,32.72104801213177,34.33968201749679
bad_form,106.36115773684986,104.0175713687107,32.435903373681555,34.609314642753596
bad_form,101.66928036872207,100.20854520646304,32.12927583565839,35.073641163236935
bad_form,97.35591471830305,96.04182511690826,32.13780123224468,35.989679857466285
bad_form,95.18693140173562,93.19454581924067,32.87272039496266,36.37151281789057
bad_form,90.28622902825909,88.86489508574697,33.890051706461485,37.4964626358691
bad_form,83.55713155827726,86.46976626049634,34.20953238619737,38.245562501652195
bad_form,77.10660915610427,81.75125164654683,34.42902646925522,39.38769051695581
bad_form,69.21505817665559,78.2144897907749,34.89292701716548,39.9435044177701
bad_form,60.13398084911203,73.67584006840575,35.36331952682991,39.4516251664901
bad_form,55.61411608781768,70.45919155051949,36.15700587784177,38.49517850164423
bad_form,54.201138031747085,68.46995562250405,36.29925808393122,37.42063613554427
bad_form,52.25029441180327,67.274354134066,36.43341697236055,36.84079397477899
bad_form,51.824243545017325,66.80222213684313,36.63215425038084,36.13110063357197
bad_form,52.58049160363365,67.26940088099715,36.51850550922782,35.86507470086788
bad_form,53.53491415523926,67.65343434993086,36.36428671869367,35.776136904952395
bad_form,53.9021846115317,68.00787364014919,36.02535071950057,36.086606902806444
bad_form,54.892609902350266,69.09254365779788,35.849410162967146,36.12840891110412
bad_form,56.35404997614677,69.7882527533607,35.78722948915868,36.26457394647217
bad_form,63.33815779309752,71.1043147076267,35.04732099936968,36.46988801955523
bad_form,70.85957004558533,74.8846160625271,34.534502907986344,36.47849528534782
bad_form,78.4451388930439,82.35332450239531,33.790155848377886,36.747291516305324
bad_form,87.14259927969933,88.9954252336335,35.59662430138465,38.08429014083508
bad_form,93.77030383839447,94.49596099666978,35.68948070568657,38.619060799204256
bad_form,99.94343209943781,99.86819777499161,35.17051496293166,39.00590161826004
bad_form,106.75535724036418,105.79587046370537,34.82287366310146,39.17891659422172
bad_form,112.2064535088325,110.31281651842305,34.658268482130566,39.53039260088788
bad_form,116.2418269748123,117.2629517800251,34.198867895925765,39.711927968484225
bad_form,121.3609502121776,122.04819482396206,34.20457075394536,39.82808039928651
bad_form,126.10171319829209,125.93251980921215,34.21897586576281,39.81502326081833
bad_form,130.3447882247674,129.38840846849234,34.12307329814011,39.01578346942377
bad_form,133.90730216624823,134.13504659993305,34.042720179772786,38.79168714077977
bad_form,136.48378846024346,138.02035610343785,33.69003948953616,37.787519435640895
bad_form,139.9792078519886,139.48901635218255,33.60208026112874,35.7631980389784
bad_form,142.99546797189737,143.16811158177006,33.49511815381366,34.14978205396503
bad_form,146.79439298476478,145.81950816452547,33.255798382227646,32.34341355033869
bad_form,150.21584854288454,148.1728903564484,33.20126477927782,30.984280837964914
bad_form,153.64391604385273,150.17577872814925,32.622549331501666,29.884494221396942
bad_form,154.02003759532542,152.23793050646938,31.502341200184716,29.235455985556307
bad_form,153.2693697448643,153.6759065658884,30.516259261566553,28.620779884893672
bad_form,152.67264184518976,154.29327213287257,29.901291267627535,28.10687821938991
bad_form,152.31543661341425,153.5596985957688,29.805531613005076,27.452310953175466
bad_form,151.54479435259273,152.9367254658632,29.71725900491688,27.39021839849508
bad_form,151.09441642271864,151.97311322835165,29.808984020438494,27.42352258354991
bad_form,150.71242671243425,151.33229283052515,29.916644654723523,27.478119263026326
bad_form,148.2899943854157,150.75957900907613,29.940929036254232,27.549092541646694
bad_form,145.835210357697,147.5080328992033,30.202399805871895,27.61173979768742
bad_form,143.09384305628208,143.74955262558672,30.87060533197363,27.851743364368
bad_form,141.12743821547193,139.74888791217973,31.101049267251575,28.066348314712943
bad_form,138.82603679630094,134.89324515381927,31.217490072367394,28.694010307033626
bad_form,135.83694374377035,130.99484728479896,31.252497409985498,28.84609875249713
bad_form,130.7290062516001,125.63886854395298,31.29737782091181,29.814182393508823
bad_form,125.47063879525172,121.42392567798098,31.73897709134969,30.346538995114873
bad_form,120.56675090966573,118.15633825138795,31.819063746042342,32.604697328021466
bad_form,115.91008130950118,115.43029593185179,31.887325333246835,34.31572654582361
bad_form,111.8300369943894,111.2599631759997,32.064092460302724,34.729976009995106
bad_form,107.31221000905326,107.05319170701172,32.62807428723735,36.488038702055526
bad_form,102.30238944543952,103.50048088312755,32.692083769120124,37.333213748710726
bad_form,97.40886807898981,98.84675115821854,32.83723646137882,38.02818761759163
bad_form,93.62552050556825,95.68988720463001,33.061163320419595,38.51417655821527
bad_form,88.23586890682772,92.213625275338,33.010870559663886,38.87068780155443
bad_form,81.44676303327938,88.44931477955397,32.73571012323888,38.88194605849892
bad_form,74.53527840887351,81.76329749219894,32.38686843594199,38.913127588083555
bad_form,65.98354873961985,75.49432394228074,32.65117947557687,39.128429962673515
bad_form,59.45815548175009,69.60836287601799,32.88638632292585,38.163305912077995
bad_form,53.83799656533128,66.67602630733364,33.09483960008454,37.1161658710626
bad_form,53.063282971502936,66.19483724152457,33.53117691753272,36.132161479291476
bad_form,52.971752942709514,66.6328888186457,33.70350816297337,35.14188966854424
bad_form,53.46175617581928,66.57873201751399,33.80786824387295,34.70265405895582
bad_form,54.25608363489096,66.25195964685155,33.934335838890355,34.64345284457371
bad_form,54.56222496867896,66.22117193434799,34.08931897772469,34.44547966324445
bad_form,55.35120243074643,65.19559486537077,34.154445906813955,34.51900169561677
bad_form,56.051539945870815,65.75669473374839,34.153690887079584,34.40254307661356
bad_form,57.36241689285426,66.4758230926922,34.216695961018736,34.40007689712431
bad_form,57.82521111825975,68.30326659276827,34.090570829811455,35.19966212188054
bad_form,63.13701067480848,72.20742586289175,33.51598379547144,35.3380973452027
bad_form,71.32136522433076,77.37810011441809,33.006675208205856,36.12853989551741
bad_form,78.86038206560006,82.74304716985627,32.59628713173001,36.928510008283745
bad_form,85.51314395899352,88.73845599063253,32.80345902822226,37.317467214387456
bad_form,93.1007117514006,93.88656085423213,32.6979290338379,37.43881524357873
bad_form,98.6449974141785,100.73673975422616,32.50141807081468,37.62381698038275
bad_form,104.38646418319439,106.35236915621769,32.25045576068654,37.94664852684375
bad_form,109.41813202563812,114.20226472636557,32.12780509829896,38.12281643437679
bad_form,115.0357106689343,119.9545575056529,32.161693536901446,38.695392253737694
bad_form,120.7031022443971,124.8811112253359,32.329678204779334,38.55988273640899
bad_form,125.74360765315369,128.57461434006927,32.314011650098145,37.58384876261756
bad_form,129.4993463710886,131.64727864870002,32.05900410177412,36.34585602211627
bad_form,133.63753550768033,134.15327176629108,31.96821035216752,34.186536765421415
bad_form,137.41943406601467,137.99809645991357,31.839161816213046,32.844929591731706
bad_form,141.60273485975748,142.13364329871428,31.88861952286853,31.666071166831795
bad_form,144.29304424569372,145.66778597213923,31.404238733911676,30.676101793610197
bad_form,146.42632551556858,148.75148894412328,30.708058408887318,29.981334662780178
bad_form,148.26536102052577,151.56075042045248,30.336491386508715,29.177787184894544
bad_form,149.57208700361198,154.67790145631412,29.750561396022796,28.785248612566555
bad_form,150.3691066418044,156.34473205552268,29.252195460618108,28.370977736605763
bad_form,150.8567986236881,156.3653744689261,29.050563938442682,27.949628044090815
bad_form,150.72257215546702,154.91386458811,28.988881420858647,27.644381561460868
bad_form,150.48932352462143,153.18928266773048,28.954637457395297,27.506902653898948
bad_form,150.14032849331275,152.49575187096465,28.971965793872517,27.56337193260956
bad_form,149.60985341023985,152.7538638537278,28.97791902582729,27.761918451131194
bad_form,149.17556779846916,150.36883880814912,28.991073762399754,27.97035588530576
bad_form,149.06217118133247,146.86785162043944,29.040375727271215,28.791766792332865
bad_form,147.8738843702888,145.03996879988202,29.265203286899112,30.06113968338291
bad_form,144.83344891534256,141.25917519178532,29.29912461817385,30.658870484046886
bad_form,142.70149545173552,137.7597870698801,29.818119112384117,31.434496003719463
bad_form,139.61092311333672,134.69539234318404,30.829416130044496,32.15418415762152
bad_form,137.68205502406795,130.58089397017366,32.05881068022599,32.853647655087
bad_form,132.68460059969487,125.98207506242042,33.03000196081093,33.33095497369216
bad_form,129.361626482093,123.70140176805279,34.61857777774102,35.03899860834041
bad_form,126.77804897185325,120.24122011910418,36.19642835209706,36.53600436830801
bad_form,124.17261718297824,117.43456837671573,37.66406521845091,38.15789002086576
bad_form,120.05178387373321,113.00238876849946,37.95737261859511,38.60568867054143
bad_form,115.83488186498037,107.77361452546887,38.44757913370456,38.68234863455449
bad_form,111.52564657932253,103.74146589722008,38.80947443252619,38.46079475934711
bad_form,107.23199564557433,99.77844272570171,38.949419677157024,38.39607510698607
bad_form,102.97587701739802,94.82636725574389,38.98718235559682,38.66812238347112
bad_form,98.7856012949978,91.18119465656333,38.99328048507657,38.561120447459075
bad_form,92.06529242892493,86.98157392168679,38.23923207297914,38.74246278606812
bad_form,86.02365496976913,83.26077704370499,36.4529401021549,38.786199859761524
bad_form,79.22259781573564,78.40941804691879,36.34038143144752,39.03303768035917
bad_form,73.14541081395512,76.08068939265578,36.0513671925151,39.16320896627075
bad_form,69.05992753848793,73.49193011040748,36.20883983894137,39.11391217130047
bad_form,67.50741234960053,72.6073820122944,36.412994915099034,39.15465940176536
bad_form,67.84367404873643,73.47868118989565,36.49367630492782,39.006136926518344
bad_form,68.64510256546002,75.45424031257694,36.6160489609486,39.06469003980337
bad_form,71.13901937404734,76.33137697138478,36.65477680465382,39.02969408834362
bad_form,72.58344619394462,77.30434653328288,36.57788961939334,38.86940584317123
bad_form,74.88355485463187,81.82063405343419,36.41615928668147,39.047827678372514
bad_form,78.5971529251882,85.14356195742272,36.19091503702422,39.22985395651277
bad_form,84.58636432397209,88.84480799996425,36.112574042711906,39.306383903792025
bad_form,91.2912842619073,92.81105844828727,36.37500567453588,39.28878841321886
bad_form,96.4655003828014,97.27516309696483,36.572718682931054,38.970636061321436
bad_form,101.72287941489145,101.449920511619,36.97776060190554,38.77144430637576
bad_form,107.56151291846558,106.11103378456167,36.93890496829817,38.781949408504076
bad_form,112.61819648657134,109.53985975995496,36.798695119039124,38.88844630505243
bad_form,116.72524540215437,114.92080186759463,36.67390870241603,39.033912633187065
bad_form,119.74334431376192,119.1704672959753,36.600683130295195,39.06196541089694
bad_form,123.41856921233621,123.19331556998117,36.516188440882814,39.14933580427961
bad_form,127.34030612378005,127.38450255775663,36.55397920120036,39.300750281596386
bad_form,130.4309202258167,131.29944612133465,36.56516519307278,39.131186278454805
bad_form,133.35407272468262,134.88240224524063,36.32834871865182,38.452520980852306
bad_form,136.3533310451411,138.46691100360087,35.89088730317593,38.06020407483888
bad_form,140.3355762354048,141.02287484282817,35.6856411931628,37.09670284060149
bad_form,142.7660015618535,142.9685478789859,35.486640967028606,35.581986157554276
bad_form,144.22536184670682,144.78886043477178,35.16294398809789,34.43377022624404
bad_form,147.2149466602883,146.2332475011941,35.03579701827266,33.04681906350744
bad_form,148.99271130866927,147.97874679020316,34.77726681897819,32.502183524627036
bad_form,149.72923427496943,149.0611770675257,34.33183255044403,31.786274745493934
bad_form,150.23172506090594,148.667487452276,33.84338453791373,31.058462863341685
bad_form,149.560445801409,147.55634891713026,33.37461179739291,30.41218337264204
bad_form,148.5113905723205,146.03104625105988,32.88331360441789,30.19133613785605
bad_form,147.59528133591147,145.26031903565206,32.76696006698445,30.31026391109123
bad_form,147.04013215726732,145.33455985729188,32.73305325313764,31.057511170831642
bad_form,146.49101347071996,143.3463214893585,32.93540479342467,31.552239212288395
bad_form,145.03309400155396,142.50287122696847,33.00267028463168,32.082015988608276
bad_form,143.41011372982004,142.38522052639618,33.24937256206974,33.32762749450985
bad_form,142.5992128862269,142.0763568093979,33.637504286156336,34.51122851564196
bad_form,141.6577170859201,141.55736393675008,33.79858049999041,35.19436385837497
bad_form,140.71647300851893,140.7015054768301,33.89315382350422,35.491125162385764
bad_form,139.64402858264563,140.28252684775512,34.04644012175276,36.352736814667345
bad_form,138.54298211008998,139.06217410404435,34.12121612558675,36.50080366803731
bad_form,137.6082304472218,137.78994707057703,34.14836445839079,36.42599552691042
bad_form,136.67805465594424,136.39946289104242,34.184300210282146,36.3149593225896
bad_form,135.02173227940716,135.02235021666147,34.192587236715795,36.27689899031554
bad_form,133.83976515284635,134.01419428441693,34.20677902344744,36.17349069580735
bad_form,133.02932645745494,133.2374414666038,34.28153483327552,36.1259828887703
bad_form,131.88504301613546,132.28557233379212,34.37186123185185,36.071562053051004
bad_form,131.2245068996427,132.19207496732056,34.43106984370355,36.39302080339563
bad_form,131.04483581134605,133.01699428972103,34.76940018010607,37.13645931334965
bad_form,132.11243967720148,133.74114452511657,35.59653148699517,37.49561086198978
bad_form,132.74402363347545,133.97949397506164,35.97334451288634,37.56219631670545
bad_form,133.42183163200738,135.45320586105055,35.964373946980366,37.77336406380218
bad_form,135.66309352665922,136.98286449024812,35.99133620402171,37.37969710432
bad_form,136.88477144490733,137.82514304893732,35.7988744565831,36.2791774522684
bad_form,175.81165020264768,116.6085729355176,23.03783637507112,18.339626083377453
bad_form,175.26144026514885,112.38583109340911,22.58930094186346,16.762971960167583
bad_form,175.2727252141752,107.04496672078244,21.762466465155896,14.660312898627945
bad_form,174.68868919752293,105.10494741266186,21.8487046114978,15.545427040356618
bad_form,172.41642347165705,103.09099283728807,21.599238097256688,16.779485508318754
bad_form,171.82899958140692,100.55744157306184,21.418721613802994,18.766882228239556
bad_form,178.29614722664599,99.96261193470856,24.052803412718912,20.709807594075933
bad_form,170.0502347887123,97.66515475521318,23.614304328340612,21.019280038604755
bad_form,170.3842793282769,94.32829500669524,23.034780646963068,21.43385089375964
bad_form,29.318535161429832,93.11831429460923,16.790416587535244,22.93815905641226
bad_form,9.785755679861945,90.55058636158535,14.966347774920958,22.99291398219376
bad_form,6.036389213830755,85.85949115106469,14.07769985195783,23.52159100849052
bad_form,1.4198750098347483,81.56512945695351,13.059399472483896,25.409834608326047
bad_form,1.4877709660549825,79.19356704253657,13.200340763929976,26.414189154206415
bad_form,2.1611968175926632,76.48372682844267,13.27901936197635,26.99299243369812
bad_form,2.4823101751785375,74.70457449755703,12.463501831274876,26.57755875368704
bad_form,2.8393155532707843,72.04821315351137,12.750930873286409,25.82303558260355
bad_form,2.840786464158845,68.59821173949902,12.916316018044519,24.844570562984565
bad_form,3.4754182154097824,66.47978299918961,13.040665446347136,24.461850192500048
bad_form,3.8103124940528783,65.18071533513755,13.240864678615306,23.986877272659132
bad_form,4.042696731813905,63.44295810466216,13.38529599341594,23.504093783122016
bad_form,4.025967860467923,63.207916533926706,13.49158674493392,23.37442714846989
bad_form,4.019932741228907,63.56898845567463,13.209035847432288,23.456611018154845
bad_form,4.24602260301753,63.74539695707725,13.218741532911748,23.521832920898
bad_form,4.167971265127273,64.05505212588517,13.262479713945938,23.524236750277904
bad_form,4.1409077208787695,64.97529413624893,13.299533984796708,24.69550467843507
bad_form,4.295079902800848,67.56471304078201,13.387558700114493,24.86604320087201
bad_form,4.496480522667192,71.37157539463858,13.269591461387202,26.87633924417006
bad_form,4.39297359545862,76.94652381230918,13.203350591820499,27.776486535692378
bad_form,4.478900609993624,84.26196497250905,13.196266307455469,27.31880505336996
bad_form,3.797601974602535,89.85761498575513,12.793464083890667,26.45949473494748
bad_form,1.299942295897264,93.67624184664082,12.699794842069878,26.648472729651225
bad_form,0.4070105439940287,96.96383248763327,12.575177237240597,25.7600619936878
bad_form,6.923320302531956,100.97389984945225,13.328803598018627,25.26422056731106
bad_form,149.92999985293085,105.09698832280212,17.35426025855789,25.159718859561842
bad_form,175.24097392401816,107.29480627590654,17.41162475770001,23.77149583190997
bad_form,178.83535553926117,108.47032515016832,17.25999708555482,20.87406043486265
bad_form,178.60172697755527,110.04596223676933,17.370691970964298,18.482020349090156
bad_form,177.6530440341369,110.51082851325992,17.862137248635307,15.097928881437351
bad_form,179.89976151995847,113.56746953960584,18.066408845011335,12.563963123544886
bad_form,176.30373717358356,118.24119151583758,18.381412395510857,11.78471553878105
bad_form,174.98092991327607,123.72715729485691,18.492074845736933,11.794826302165433
bad_form,172.69338478408903,128.2306446682774,18.349296803535633,11.83595758996355
bad_form,169.59879892844833,133.22510437829368,18.325708261299962,10.720996706435024
bad_form,166.46294402862827,137.67729046969185,18.397674746209365,10.125163805660163
bad_form,163.15868632301394,139.26244718647578,18.69882938206115,8.810270764790541
bad_form,161.1005339014156,140.91270758292072,18.848024864850775,8.751074023299624
bad_form,160.59268567746784,142.47329523458018,19.008951052945793,8.716280938086694
bad_form,160.03168699612283,141.90454460275842,19.103445319757068,8.449163121794133
bad_form,160.44515198664072,141.26256901984473,19.381109656177554,8.452852267338674
bad_form,160.66034606048026,138.36648754298594,19.82150895347186,7.026032559308051
bad_form,160.5728292456982,136.29623167542243,20.097107739312133,6.290651019170254
bad_form,160.42792960324994,132.55957167828265,20.183728005250725,4.663856154355851
bad_form,159.41613395961608,130.49455394404347,20.2024368975927,3.9482592574429454
bad_form,158.98371347054928,128.58637270144973,20.25334859823616,4.1862949188160625
bad_form,159.38686736389212,126.24851036789707,20.30017867794429,4.175358172060564
bad_form,159.8046579447467,122.3634888406383,20.199865645034265,4.203119674735743
bad_form,159.4058203456884,115.78389594784466,19.909401327238015,4.5289712714412085
bad_form,158.72823280070335,110.2101630057852,19.854775673523065,4.119368879727093
bad_form,159.22222798290048,104.95580998108119,20.101189313371762,5.845242139015209
bad_form,163.39755050098043,103.75101079289897,20.1711613955919,8.660039225854646
bad_form,164.9810235717995,104.32395267130812,19.8961117982941,13.034269660158424
bad_form,165.37508538472645,102.19431326625204,18.44259130187772,15.88998423867449
bad_form,156.12349111854402,101.51350330026169,16.332502588019523,20.026594162168248
bad_form,149.62078190807966,100.27769910066341,15.78672887328626,22.12194377517851
bad_form,122.92084202512619,97.07890299844765,12.43990595424973,23.591490581517945
bad_form,90.27929292124738,94.44026658263816,9.849696348970324,24.68038966013396
bad_form,22.900776496648962,91.62393718056866,9.774758210120114,24.67181287729354
bad_form,12.8862541074079,86.55438032367695,8.889589701152985,25.421493417111535
bad_form,4.955354619507357,79.82000116898489,8.93264720780724,25.66103898665338
bad_form,2.9019651042862598,74.3147982350833,9.106098401033337,25.62085274391812
bad_form,1.6073826957781607,71.73683808061679,9.086679212377842,26.00496475451217
bad_form,0.4790218641442822,68.89259404989281,9.3648075339087,26.45747673822794
bad_form,0.09270239039062389,66.48842235913574,9.65718404313997,26.617290655228228
bad_form,0.3249072233672448,64.1692572918176,9.963019427689806,26.645074847235044
bad_form,0.7528254593903151,62.65724675991516,10.165738883683424,26.528900749599277
bad_form,1.0677084590428851,61.65758761080128,10.296751675843403,26.467050032011198
bad_form,1.3845607710991281,61.50755006382585,10.379374530269605,26.547134625914197
bad_form,1.3628137146291703,61.600198741648875,10.409303466592949,26.615033075791526
bad_form,1.3246159334992602,62.399749175045336,10.484316952916078,26.338827113900635
bad_form,1.1688522213867132,62.22370683440639,10.603779363870006,26.84288919945613
bad_form,0.7078018239831474,63.60710012428426,10.858036159356342,26.73440523729494
bad_form,0.10873744584056177,67.05918203063725,11.215530396541862,27.38010264854048
bad_form,0.40877261173524587,69.74988881432729,11.288316151946274,27.767622824783672
bad_form,1.3755307524675982,74.82683515766954,11.71889772832136,28.5885228530052
bad_form,1.724992900830488,78.5862770757461,12.147926548213865,28.79984052009904
bad_form,2.456255961859416,84.4178096875436,12.122386760863199,28.894729555414226
bad_form,5.645659024281337,90.65561477408113,12.234278842779052,28.06062685782233
bad_form,16.958434804129787,94.48687401983376,9.525918229126864,25.968716736752462
bad_form,49.42114885243107,98.25948171842862,8.750195667204457,24.8951766801748
bad_form,161.7521605959581,99.74585024747375,13.219503422177208,22.515097796287908
bad_form,173.95304807703226,103.82266791078469,14.287348700568057,22.304122875991375
bad_form,173.31748461804352,105.81471427362536,14.689405015354284,20.111625671898164
bad_form,174.79194702489707,106.89335510819618,15.04205342934186,16.908088403307946
bad_form,173.8325255632704,108.83004897397092,15.84525203787935,14.435510267896962
bad_form,173.67953399252033,110.65728175918662,16.616847308630174,11.487292812954932
bad_form,170.07985909817884,115.05736938650941,16.958980582763495,9.802308097985287
bad_form,167.91679926307765,121.41432281321141,17.20620684655737,9.668893414243337
bad_form,165.97567489401294,127.49633186288975,17.835489379835323,9.3923935347198
bad_form,163.86226694002846,132.6747433800994,18.185329718173552,8.971423727556926
bad_form,161.8021681793563,136.88700650349446,18.405256460184034,7.958821769369151
bad_form,160.22351304554658,140.5407028531209,18.730862877237886,7.558323623691708
bad_form,158.8243426592455,142.4160200111742,18.84908659177268,7.707471217620794
bad_form,159.73791643915146,145.16956334924828,19.401669928745694,7.935735897320956
bad_form,159.80777119339666,145.60298676782338,19.785611628276115,8.094015004610752
bad_form,159.7444183425753,147.27354980164873,20.068141297775618,8.719079302060015
bad_form,159.15161908822944,147.72561879920997,20.137560640205397,8.659773980539223
bad_form,158.64833991941558,147.47510643110581,20.16205720510355,8.34315075761585
bad_form,158.38175107654774,145.2492137613859,20.232627437946764,7.250604011413525
bad_form,158.3957959721072,144.04649835417118,20.15148126443593,7.303939315467636
bad_form,158.65765205582656,139.18866947882262,20.07782964987279,5.99299510628786
bad_form,158.68566509514278,135.35289924991181,19.796247501657273,5.140084413501471
bad_form,160.25994914103816,129.9384021477341,19.630646351934185,5.524033400887487
bad_form,159.91648124513964,124.54610330687547,19.270254249317315,5.950157043521714
bad_form,163.04363505597252,118.79808715416462,19.24994499720266,6.953039701404944
bad_form,168.17661331014685,110.33797081562832,18.695274380294723,7.975516188405059
bad_form,167.81670625147308,105.5899635330357,18.350847314158965,9.497027885292912
bad_form,167.91263373768362,101.70520771056994,18.308136699947713,11.393573263380217
bad_form,164.52261490892678,100.20290226056527,17.53305972169806,15.78486342833641
bad_form,162.53166906932177,97.25898018244504,17.08995690615256,17.97478059177666
bad_form,151.8902922559455,94.35341676877344,16.865792317913254,20.181803834079343
bad_form,124.77920281619622,91.4578838025633,11.161299503793769,21.16396321013164
bad_form,62.94333224939783,86.81519173872198,10.025456807202726,21.419067169118108
bad_form,20.63743980964775,83.9783597453703,9.521015434594641,24.39340195956417
bad_form,12.560108006005066,80.90961810004646,9.34540379823206,25.138425267565836
bad_form,7.542542722450645,77.09433892633183,9.551043921740591,25.483841382546906
bad_form,5.62121469506941,76.49921845439414,10.541017105907619,25.851000749824905
bad_form,5.724014278119248,71.6149507198717,11.145582061713185,25.16446460297926
bad_form,5.3202044861083495,66.18517867513364,11.712032401777583,25.13145550532596
bad_form,5.218490639890455,63.173420313999884,11.967912684893387,25.327189673543657
bad_form,4.460876946688939,62.70779969160654,12.138692368383383,25.34986975061349
bad_form,4.192820171941816,63.38525954548071,12.15669536426196,25.62826136270654
bad_form,4.0242056128469885,63.82498324634122,12.240010851010169,25.70450425876848
bad_form,4.11948875711726,64.5379097341946,12.328963117465308,25.230539657963487
bad_form,4.026734807829061,65.97271467305926,12.436022020479347,25.356509700175955
bad_form,4.178900451634066,67.62705887599998,12.506767734090824,25.373449048779975
bad_form,4.367333248480119,70.63793375747042,12.630950765028086,25.778240594942563
bad_form,4.893725443923512,74.00085342055682,12.946108967323775,26.05642417612758
bad_form,4.176897548028696,80.47143030138854,12.920529207661216,26.894527798066836
bad_form,4.479268124247625,86.35618981766333,12.643518236737075,26.83855841971187
bad_form,7.85965523807115,93.53015997750015,12.206844909099043,26.689509285568164
bad_form,21.94494234315471,97.20616330679428,11.025264890752455,24.90293053884124
bad_form,81.17250730894868,102.2908020126134,11.969899911049826,24.085660518657726
bad_form,159.01570210252137,101.70782888185548,13.029650601642508,19.266933417020013
bad_form,165.7361248580411,103.88038656441245,13.287389715138046,18.043439181074444
bad_form,165.02367456444924,106.49444236209223,14.440707718843973,17.446314232628048
bad_form,167.6861734159904,108.31248242652231,14.62489287716394,15.775982035993957
bad_form,167.07275014060232,109.56723615179445,15.24588833951899,13.453922246375335
bad_form,168.77971187849766,111.69149616519846,16.460723219448123,10.246321327819027
bad_form,167.90653970431094,116.10124038007103,17.79482621562466,9.685152621056618
bad_form,165.90667518864564,122.027107831363,18.33860151894987,9.493196423742246
bad_form,165.00690090637877,126.37334622496874,18.852474314611854,9.476253245410964
bad_form,161.56308102807645,132.65528906216545,19.09440185178265,9.07504366323248
bad_form,161.00601268458493,137.18722057036376,19.179142501629215,8.573529602752515
bad_form,160.2635559919144,141.89867077556744,19.2994386899162,8.532844223635095
bad_form,159.42604685861826,144.85293755648576,19.665130426859754,8.41718220426974
bad_form,158.85130637133284,152.16724256614728,19.984456954885673,10.612056296022699
bad_form,158.75844939815235,157.1792094726968,20.284863806075645,12.142563506428745
bad_form,159.04525159325158,159.9491760879523,20.473058706260822,13.10942956479774
bad_form,159.29928528348373,160.09305466507837,20.561088020959126,13.441200323243898
bad_form,159.5311186582166,158.4414161649163,20.544266872908988,13.133403016132823
bad_form,159.63894516079995,156.0222519151793,20.126509673578603,12.343716308079323
bad_form,159.83306975034367,151.00675002896466,19.743069201191663,10.43911780438301
bad_form,159.80313832529532,144.1800783187809,19.611749679646312,8.98543438123454
bad_form,159.6660861936773,139.78672732056518,19.448202360770345,9.095121681256087
bad_form,160.19420262117816,131.179500175079,19.262893792976794,7.617610568458541
bad_form,160.4930572627389,124.56984878591649,19.14033128815701,7.8641913310299065
bad_form,159.7943325767866,118.82881469988857,18.96452667330092,8.246755968627511
bad_form,164.43629874073648,112.15914914049549,19.0178821513028,9.357497900155742
bad_form,163.79784842711982,106.59122939412157,18.368545177217925,11.539914495289256
bad_form,166.69456373365736,103.32764939596416,17.81200657760685,14.166500005794296
bad_form,166.73101034738292,102.4616656265867,17.40057896065268,19.290641711674084
bad_form,164.58870756334534,99.41399636570208,17.325567079046763,19.941712500741623
bad_form,160.10895251682126,96.07832485045297,14.692567018401837,21.496823091605034
bad_form,80.30365578909901,93.76127513184919,12.235902518358806,23.171413158846363
bad_form,20.084735865244372,88.81746039440306,10.984146083335379,23.767675401142753
bad_form,9.76175585475361,85.73227922751597,10.384579241156366,24.79576720926559
bad_form,4.247826535347447,83.62661019333278,10.363287545534705,25.808681461857034
bad_form,2.793592705060117,80.23944820152121,10.518299407626705,26.32893128503097
bad_form,0.7017615440292714,76.32576721536044,10.503049212844097,27.098188429361976
bad_form,0.5194395688614548,72.40930921161126,10.561723022912549,27.808665512195066
bad_form,1.062176819924251,69.40162616631063,10.604314539760141,27.905692634680587
bad_form,1.5421015767119715,65.26357839829004,10.490216412429458,27.562476468126313
bad_form,1.4712878742391138,61.78140558711205,10.153717938093594,27.127583636022102
bad_form,1.4283495254701242,60.20877300609887,10.19466951942238,26.9363857374009
bad_form,1.2215865326161826,60.48740788204341,10.220295781791545,26.68077173384545
bad_form,1.272971363430281,61.21866881373193,10.66294932494239,26.69000168816426
bad_form,1.2206833495026594,61.53026288569856,10.70855168717346,26.96448115369973
bad_form,0.9548672739580825,63.71080839098211,10.727248251734851,27.288242722565098
bad_form,1.1997980875568837,65.31216902080203,12.53278023214732,27.1792230286055
bad_form,0.622918394801424,68.77721801216107,13.033514418451642,27.364406034131278
bad_form,2.4490271782954403,74.51802074792523,13.75673692209932,28.19540987623161
bad_form,2.5374888136033915,81.86120607473482,13.494469057913104,28.126875371790483
bad_form,73.73850916877613,68.672728149478,49.49422191243889,50.438667731312854
bad_form,74.4065557607058,72.54356065110113,49.16304010629195,51.67998860273359
bad_form,75.99918925961967,78.15937215298223,47.41118437585632,51.42136880226599
bad_form,81.21452159776416,86.20921962282182,46.567066878678496,50.59214292284019
bad_form,89.72171874575392,94.17698173743042,46.03334605142147,49.66566645903797
bad_form,97.9602505423708,101.68231738912431,46.073430380676086,48.48048834820146
bad_form,104.73496723457662,110.48221371909216,46.085562416875355,47.869439371796325
bad_form,113.70416579384948,117.73521453050722,46.238947511423994,47.685820010245955
bad_form,120.31310693383591,124.6614902719557,45.8911423249881,48.635771734501674
bad_form,127.34205698795873,130.7578838300921,46.49132720996687,49.233588111709814
bad_form,132.67105538011162,136.18734949096066,45.49110348994351,48.714180105928534
bad_form,138.25894465545926,140.76936428906743,45.19138654103863,47.72185145145049
bad_form,141.7863880651667,144.0235834030723,44.23858781697436,46.458459334677826
bad_form,146.8348308986685,145.32523399384573,43.334244036005394,45.223420916915984
bad_form,153.61143209583867,147.87991546582668,43.0144096597025,44.20723749363918
bad_form,158.4767055674503,150.7841389710533,42.33430201998956,43.25141976159157
bad_form,163.0620815467887,154.82080597864848,41.060757688620356,42.718970687326376
bad_form,163.86438490106502,157.49477949964717,39.5092585060805,42.42553752353042
bad_form,163.3102588711761,159.9831557005322,38.579777260282704,42.00961277590629
bad_form,162.97633703861047,161.25673366775962,38.07039859161765,41.60168404907988
bad_form,162.2566774803222,161.1403105906953,37.72397041089622,41.30480772966238
bad_form,161.10927143250447,160.63590932126957,37.5451526525538,41.12613141381246
bad_form,160.28147662836255,159.835697562281,37.65509551190468,40.982078423548
bad_form,159.8036572654521,158.9282802130377,37.82850035519857,40.97406370965093
bad_form,159.60784268006682,158.78834365014654,38.01842821838745,40.992193153001054
bad_form,159.07851632874616,158.6042683226556,38.16174150158199,40.99601847618875
bad_form,158.77304657048023,158.36344896589836,38.35300742362048,40.881753057885554
bad_form,156.23688662450797,156.48348989229646,38.47870186405487,40.67458151850546
bad_form,152.34996742999104,152.28006184222184,38.20114132922526,39.863689595657945
bad_form,146.70595292934252,147.58843291082593,37.526887042648845,39.25891566480773
bad_form,140.318826018564,141.52540058344394,36.91063788883778,38.525383401558706
bad_form,133.952723932937,136.61389385275962,37.13295977006576,38.51445400560034
bad_form,127.70175324773577,131.37174766028215,37.13622866262796,38.904299362669654
bad_form,122.97402039553455,127.98286891541537,38.51156495783717,42.368903664412265
bad_form,117.98750497789936,123.97813873941931,39.57900034165938,43.813347568786355
bad_form,113.49463660015502,119.81044043677163,41.264284063880154,44.91282155847851
bad_form,111.16306276143595,115.69512895261897,44.74215569502432,45.69285945296868
bad_form,106.94354966757946,112.63417587563114,46.00252744238014,46.926012015018244
bad_form,104.2895522247015,108.68172045290926,46.60013421855672,48.20758149037665
bad_form,101.49326118299346,103.96606349301152,46.91996027197056,48.31895629383657
bad_form,97.36740814513912,100.38065899125404,47.56840113919321,49.25301811931943
bad_form,93.2553785511052,95.55589944863901,47.938175215490176,49.78013518949162
bad_form,88.64272450598946,90.3245776735345,48.26616733189389,49.87844125168925
bad_form,83.04590521119822,86.20600965417378,48.176595005224165,50.15029469779298
bad_form,77.3822646206402,80.54082156134723,48.162961187377256,50.29080620452993
bad_form,72.88509730857464,76.46455396402784,48.06635350559717,50.94028872963275
bad_form,66.1497368698175,71.41807041005104,48.14512542742345,50.72525800764718
bad_form,64.46559657397007,66.63324374252012,48.58891550388603,50.67644511256238
bad_form,65.06470510614761,64.50237085099573,48.72102493479881,50.47987568319595
bad_form,65.76781129073504,64.68217972987678,48.89902589898686,50.732840967843636
bad_form,68.13760780997006,66.41814617322218,48.973015666926166,51.23939280577312
bad_form,69.60924352818986,68.84204121698288,48.985193932544995,51.534937958153655
bad_form,71.51314149808945,72.18946824689596,48.96486093490386,51.41037919848854
bad_form,76.57600301632881,79.4642209988587,48.3754478430932,50.963794378000365
bad_form,84.89679650101414,88.28782535612831,48.378620354944964,50.35898608896074
bad_form,92.71320622051054,96.10782347952683,47.999707670027945,49.355276085253635
bad_form,100.34708558827374,103.90637226022943,47.89854166276414,48.23447886189559
bad_form,106.49777300184776,111.04590093527824,48.03854922374179,47.89899327390585
bad_form,113.61293836409465,117.08538157705635,48.24437077446577,47.81190471762908
bad_form,120.91613883981935,122.36755068109359,49.45196302121656,47.98783108010827
bad_form,125.84295067732553,128.14385797918214,49.96083759478919,48.46433676581988
bad_form,129.9482733247771,132.70684920185025,50.323861511714924,48.93047053936412
bad_form,134.31467469505856,135.87672779086552,49.845606743033876,48.94281361034059
bad_form,136.15734372469754,139.68703694681184,48.84052780927191,48.38255610598663
bad_form,139.2747639663897,142.2517534438037,48.41283388363608,47.70664248622935
bad_form,143.0306263522723,144.74209650549653,48.169973876596785,47.35616494014079
bad_form,146.96955295826004,146.500943846553,47.888308091814906,46.64418540510876
bad_form,151.31145357903134,148.8609764117612,47.63739829254935,45.821746462489735
bad_form,157.1361870398318,151.80721158050955,47.503704814352695,45.290211629225446
bad_form,161.42742284225892,154.83242258163585,47.00216559753675,44.721904858596666
bad_form,162.52786573359444,157.97408286239005,45.609714381758295,44.62182397529112
bad_form,163.86644043416914,160.1486765403964,44.34389775439606,44.354342821557736
bad_form,165.02611399551074,161.37926153549992,43.603134512792025,43.9136365046621
bad_form,164.56183572153785,161.46971438181842,43.056942965256376,43.535215153156976
bad_form,163.41610808684496,160.8530664195352,42.471257185110545,43.45840350557018
bad_form,161.83218007905324,160.19802887280514,42.452688283840466,43.47245065977114
bad_form,160.40671725085244,159.63500495882784,42.42249652921415,43.74030178856091
bad_form,159.82824647635366,159.09430938262184,42.47787111916266,43.80468281357277
bad_form,159.57907033419994,158.49024930826522,42.79166010043455,43.9808638203527
bad_form,157.69273568390432,157.16926927874795,43.11455042747127,44.05456126679919
bad_form,154.90578065466502,154.39177065925452,43.07120483770251,44.18586857480929
bad_form,151.4499702390852,151.36685908362662,43.07958381936179,44.02304233578134
bad_form,148.17495924699,146.29848157808578,42.94526462995909,43.78787375476899
bad_form,143.51690604967538,141.96506780606927,42.986597487633624,43.7437006542485
bad_form,139.31134522092879,137.31058310318465,43.37073235131468,43.80739342675872
bad_form,135.58814739051792,133.00054101552786,43.8092877427235,44.73062263123365
bad_form,130.76245330664818,128.81910518902473,44.01356405039494,46.080227796290046
bad_form,124.08110595594434,125.52663852449405,44.45461917181288,47.49544181866995
bad_form,120.79120338093057,122.39707976914558,45.95224197493437,48.38557533318986
bad_form,118.24929457619271,119.98933270445644,47.74660773378433,50.161176261551596
bad_form,114.801994386107,116.61415892300313,49.252245334398545,51.96338244320072
bad_form,110.80906000344476,114.38892204466867,50.267229026428154,53.05252457905279
bad_form,109.19643178641292,111.12894685443732,50.898377852482454,53.341484812052926
bad_form,107.45466170178044,106.44828074854173,52.31530819853714,53.96890457692427
bad_form,104.11166889463674,101.95567119334336,53.34156490181222,55.776963802078235
bad_form,100.58898766254667,97.64234170511806,55.50416412805883,56.46011669344855
bad_form,96.84100103329254,92.8147180586775,55.87801298609716,57.105512701227234
bad_form,91.27300270952156,88.23802984805279,55.945818462244524,57.528349423233266
bad_form,85.06080379718617,83.22832927126515,56.043386762522076,57.760912615692426
bad_form,78.6832219775614,78.44418793763057,56.241409966708325,58.36376062570637
bad_form,73.90233788747459,73.69860088047726,56.13101720417396,58.812821884570134
bad_form,72.71421648475085,73.23198095473222,56.230381608923025,59.43765039901706
bad_form,73.09593526681815,75.20228707880436,56.24956364413447,59.660272652165034
bad_form,76.17054396219007,78.93969021121018,56.3060629976858,59.549952168148536
bad_form,78.63618561419882,79.9405690934485,56.55697514732574,59.50006331649909
bad_form,83.83267431049838,86.37072338165875,56.68565971625093,59.14675309245037
bad_form,91.26247082816562,94.84066621703394,56.70056252628126,58.54376977773077
bad_form,100.6009478118737,101.83076983728589,56.60053593550852,57.47533087157398
bad_form,107.85871260849053,108.30275495559864,56.12845300850638,55.35471188252393
bad_form,113.37695062932512,115.17068558452509,55.45631941985963,54.8037998586762
bad_form,117.4096438368537,121.67684188310626,55.12587043127173,54.61286125887487
bad_form,121.77114525451452,127.52600286681354,54.59990525426287,54.37456870989837
bad_form,125.70390498728257,131.85032223159513,54.0617846099922,54.2830612286822
bad_form,129.6826941074664,134.51497749112386,53.46973740614436,53.76091359241538
bad_form,133.36299959641076,138.76684243397503,53.31952697285746,53.38807852084237
bad_form,137.6232021398568,141.63134539342175,53.21747978739192,52.830254764540946
bad_form,141.2841227310848,142.30971044523534,52.78879705773347,50.66991965754428
bad_form,143.96395679346233,144.41802619526612,52.50870012347365,48.90400789783617
bad_form,146.49510595541898,145.59299698679652,52.08048652367289,47.33863650201718
bad_form,149.46245368101336,147.372041881881,51.72639419345059,46.39500878787101
bad_form,152.82380244490375,150.11277304175232,51.57020114925627,45.69321683007801
bad_form,156.54691886395153,153.04167192267028,51.51235984886154,45.226100867320525
bad_form,160.6371084047382,155.52429294812393,51.157238863634134,44.80511425548952
bad_form,163.71044714970444,159.32488578219727,50.12675668591128,44.477403964256794
bad_form,162.8037395567007,161.635135416554,48.59900768427473,44.19114520789129
bad_form,162.7491119834204,162.39595707785858,47.75254862234889,43.6257952383282
bad_form,163.14264589189474,162.7072851712554,46.783236222465526,43.20403912515532
bad_form,162.61031384601054,162.46900369043664,46.30482711667663,42.70696555401972
bad_form,161.55796769186315,161.23778219467098,46.17980134599664,42.32434682046241
bad_form,160.94915661062493,160.34495652015102,46.23253317898804,42.18505536624167
bad_form,160.06410025040498,158.6485037772048,46.20877156095345,41.75505528163653
bad_form,159.35631603326678,157.17432358659275,46.1868829629911,41.19816843948436
bad_form,155.15147348427456,154.6625395067502,45.55804256288778,40.76780620090786
bad_form,151.61090494012967,149.58825726928475,44.678881080357776,40.59364817553081
bad_form,146.56288030928332,143.30194246095053,44.02506196463484,40.75846026908859
bad_form,141.14659885131482,137.5238169283528,43.65933991490734,40.98108165244906
bad_form,134.61240449507056,132.3923946644499,42.58642161882468,41.83419832214667
bad_form,129.49929825907176,128.90062032439133,42.497817729663794,43.26380140092217
bad_form,122.8215448880379,125.28173548494314,42.69398035076068,44.74367388725052
bad_form,117.93478816371893,122.49173252876905,42.87197200114625,46.52172423190593
bad_form,113.84240000636139,118.37877509964078,43.35671686864493,47.40464596912355
bad_form,108.44567600169988,114.59498800362647,44.48200330987256,48.81265437783811
bad_form,104.86280647755042,111.97442454685695,45.16978017013583,49.72743337246971
bad_form,101.81161277195716,107.54470590793724,46.104000855817766,50.934719972811834
bad_form,97.23735189986145,103.6827077316131,47.23664636702449,51.113565006794595
bad_form,92.80167103597655,98.93885036472835,48.24892669873787,51.48349450795643
bad_form,85.59906876841194,93.7431856252796,48.45857209565365,51.553087864569775
bad_form,79.22437231685194,88.42914854855712,48.5845128442787,52.071974941097594
bad_form,72.78305401273687,83.37507025011335,48.67562272146595,52.43594504460583
bad_form,68.10565957432628,75.98191712941941,48.708798016757925,52.495781582059806
bad_form,66.29622686921714,67.31460713732035,48.945215035984546,52.44554639834921
bad_form,67.96910973685324,64.52063637022036,49.16772862837469,52.52326085387473
bad_form,68.68626297083694,64.08056736301624,49.50924876080082,52.75913032328197
bad_form,70.26991278597177,66.91107829127853,49.73862110542163,52.78182254955624
bad_form,71.14375082868395,70.41494076931946,49.92730166350757,53.09802557274062
bad_form,72.77375188070714,76.26247895410945,49.78805498991645,53.12103378955142
bad_form,79.84911463845219,84.50105655556416,50.207386567099846,53.05801652944407
bad_form,88.53640947448717,91.83751988825264,50.443705250677105,52.576614104664024
bad_form,95.8571508539026,98.27747954868671,50.8689016359822,51.76429595673725
bad_form,103.31660493327205,106.48050234783243,51.402597779040704,51.14176963624171
bad_form,109.42367288049435,112.01614009594016,52.291616631888544,51.13214092400145
bad_form,114.86214454136993,117.61643548603864,52.408297388671215,50.95339334125761
bad_form,121.95189413554915,122.18788319067328,53.148975711036066,50.87089462279414
bad_form,127.0795298427738,126.45030009901713,53.030613785321286,50.56220419735524
bad_form,131.07725244280974,128.55721847925676,52.943991342370445,50.45428330300295
bad_form,134.60852309573107,131.61292609155987,52.65919733614542,50.24243402507314
bad_form,138.46892843799077,134.8067288386945,52.237583513029925,50.413095470161075
bad_form,140.45803734041735,138.3424874484655,51.84847858595777,50.12334244147591
bad_form,143.33549136980955,142.10312136619382,51.50795335647561,49.29396131931795
bad_form,146.4028623339226,145.02398516096906,50.834266733472916,48.93952858194111
bad_form,149.73044812382187,148.16832612720253,50.56132563348035,48.73206271076191
bad_form,153.87637897028273,151.47427203941575,50.26351372325395,48.34218641228338
bad_form,158.25605970037864,154.78223916357055,49.90422322254073,48.03407370770382
bad_form,162.66897863566646,159.6685827550456,49.43326231575073,47.61839126101297
bad_form,163.88426538407396,163.02100391571153,48.07154797004429,46.849327288885014
bad_form,163.9628362002663,163.59609565993853,46.8531477025806,45.667433159005206
bad_form,163.69270008055213,163.6853658195438,46.03265158004178,44.35727631154745
bad_form,162.88866758890987,163.2565698095267,45.079580062290376,43.575020773895275
bad_form,162.12088802904975,162.810379889433,44.58210960484713,43.15097390573943
bad_form,161.1177337034437,161.2954734608329,44.486870800580846,42.74381783748066
bad_form,160.29298710602646,160.05948553413205,44.34659134573028,42.64891647499478
bad_form,159.26851797580468,159.09430545881503,44.32667074509601,42.63708786660753
bad_form,158.8516614339934,158.35310860682907,44.242283897879304,42.83877310677854
bad_form,157.76653894290712,155.19569061172882,43.66761557835881,42.90775162806278
bad_form,153.8703170433607,152.35685007969997,42.99389537815624,42.815980845523924
bad_form,148.22915965999857,147.91125258027074,42.04640816912655,43.10715455530766
bad_form,143.17804252038866,143.64797818024772,41.84935475597927,43.72292311328699
bad_form,137.74556679103392,139.65101623792188,41.56205650484201,44.165229254833065
bad_form,132.5527653650081,135.75965730885767,41.01336558486918,44.73918941780707
bad_form,128.01472736150944,133.25899361172267,41.308280981243975,47.183059670628694
bad_form,122.31594168918771,129.48016725579606,41.687244416266516,47.86349912881096
bad_form,118.79751179283284,126.30245059247184,42.33504690258666,48.80190311332547
bad_form,116.19747566935028,124.70868209970989,43.60733578884091,49.70487673157876
bad_form,113.17491898162623,121.739673064078,45.297684301201855,50.09260756895881
bad_form,109.63341267573986,117.5948214359049,46.20511104512142,50.5381793723292
bad_form,107.95804805387368,113.94280214247553,48.02547485675302,51.024836746341364
bad_form,105.88780589643777,110.10348630284913,48.78529482582916,51.10700925825195
bad_form,101.09007310614447,104.31020980629552,49.9665238831282,51.42675607524014
bad_form,98.248886266236,100.4695575429986,50.35352334007891,52.22958588903562
bad_form,95.38325509112279,96.14975598750671,51.32862214695138,52.36077032161455
bad_form,92.41066846466084,91.40765708116679,51.79453202212922,52.4343276421287
bad_form,85.30521230111222,87.84565122856083,51.74963085066783,52.922658721690055
bad_form,80.99733647205935,82.65269265801086,51.76880901778881,53.457582917323684
bad_form,75.78230893362723,77.1320103932825,51.704960410172,54.40749590825656
bad_form,71.49318294184953,74.62246997661359,51.88230143756538,55.06764613345038
bad_form,69.704596384378,72.01533829820238,52.18612291708224,55.49852842690451
bad_form,70.93247060793489,72.09135732345688,52.40880678529874,55.91784643663038
bad_form,73.57033202604195,74.16358266612944,52.74732564146999,56.168211944685766
bad_form,74.83113233982499,77.33568865828322,52.924260947582454,56.116672614492465
bad_form,76.00194035573847,78.92029747406013,52.96373398706181,55.48635313387251
bad_form,76.50651845279704,83.01995838625142,52.957856624204524,55.00125048821316
bad_form,81.28376049631431,88.15557584998383,52.91775040647508,54.210252859391325
bad_form,88.07902550081099,94.6670251310009,52.9889918610552,53.32317304430654
bad_form,94.53970751142045,99.2625269177893,52.94499860479896,52.509106058113815
bad_form,99.72610109639601,102.5093485137808,52.710915437257064,51.77105061828575
bad_form,104.83136584145694,106.78837180824091,52.389402676157374,50.09535054621481
bad_form,109.25266983550831,110.18495585720268,52.156623981473516,49.335386001704535
bad_form,112.77179517603777,114.06457335741202,51.59698036732407,48.98687986319392
bad_form,117.67691901644373,117.84057043689917,51.30301459909652,48.88136062256601
bad_form,121.70240391926836,121.46186654907488,51.040655620968785,48.845228860888255
bad_form,125.15254496195101,124.85698739717667,50.79375529234948,48.65111935069745
bad_form,128.1021391344007,127.63136116358825,50.33965076998292,48.974839854994634
bad_form,131.3195612023512,131.14005711524499,50.17009868259041,49.08441552667461
bad_form,135.469193635397,133.42528315600765,50.22059408405845,48.80849441327009
bad_form,139.02865813988964,135.97111015350075,50.29323748264932,48.4938807952772
bad_form,141.9968162849285,138.0962112968953,50.075896539072026,48.19831558296522
bad_form,144.55256459113684,139.09699373796045,49.86737455081106,47.88316322674355
bad_form,147.03827042043125,141.09561366203422,49.403588062149076,47.48847337829575
bad_form,149.65248061682337,144.33869744065794,49.14270784854633,47.19151873902997
