class,left_elbow_angle,right_elbow_angle,left_hip_angle,right_hip_angle
good_form,168.68455502612701,164.71304126354764,179.76632152779897,179.45687473059164
good_form,169.14315921771671,164.4933886610738,177.99029573699443,176.32600403986584
good_form,169.33849526982075,163.89268418620446,176.79178829203477,176.27756875747724
good_form,169.7052039422349,161.47670681827887,176.9233111560594,176.92604907101034
good_form,169.39539765830347,158.5839389668331,177.02721754283652,177.11419902574886
good_form,169.15092742115306,155.3420901032701,177.17683757533993,177.55380905513354
good_form,167.5092561854054,154.9787843745316,176.94004755275657,177.3592878982104
good_form,165.90549258049438,151.8105765685657,176.32592783714412,177.18915268106852
good_form,163.13133148845455,146.60931065112052,174.06638558800591,173.8038508744521
good_form,162.03460595102237,143.2985047226086,173.17788682328435,172.9757966632654
good_form,159.8317081284453,142.19650393944505,174.2253785259166,172.33972146818252
good_form,157.27249070193704,144.41765399765626,174.43975311560666,174.30440129794943
good_form,155.08502618063017,143.33951416309213,174.9310221253715,174.86707682400979
good_form,151.33507527080428,145.84223683311666,175.33302873236667,175.19819264362224
good_form,146.83073569034144,142.0733303416347,176.3420280505314,174.41005852757218
good_form,144.94376565491223,140.19348804137087,175.2075562408551,175.0227497123283
good_form,141.3834052553543,138.41383083356902,175.8388735807229,175.36017372143326
good_form,137.7255875835346,136.57932954083847,176.37803996067197,176.40763884304803
good_form,135.8832966123706,138.46252243748665,175.3093652523953,176.3204571398981
good_form,131.6574238248779,138.7943138659946,177.54838154562447,175.4818003363917
good_form,129.37527407690703,136.51103682511985,176.13102559785435,175.06003987388524
good_form,127.06181021725456,136.7629133021051,176.57599814160614,174.0696600257873
good_form,124.23421329180724,135.0588421232302,173.52045062746396,170.1950018672785
good_form,120.88964566343444,132.47896931004627,172.36048589097433,168.33448510330544
good_form,117.97884463056806,112.73653065894035,171.34359692136047,165.75642447061517
good_form,114.59804295255068,89.73831749136122,170.16406544102665,163.4679970263282
good_form,109.91747278463333,79.7556442256108,171.07640405362838,164.2908383190608
good_form,104.00371310350482,72.45706348407316,173.03848008943757,166.02634622299806
good_form,98.23478032845588,66.54615013342885,171.6917571217908,164.60509775100297
good_form,90.40935936361592,64.29152493027169,174.33096897666616,163.0262403476585
good_form,91.59644009309596,62.653158559438346,173.0719538857169,162.8647452171782
good_form,89.53609550342264,60.099057758280104,173.63828795992487,163.7369941556377
good_form,87.76660385010399,57.973994910080336,174.4875962781769,164.54904543762026
good_form,86.10400550850471,55.02142724579216,174.95565082137463,166.01187880316994
good_form,83.17719083520427,54.354239111170216,174.3367086856182,164.02600648871692
good_form,82.83501158189719,53.96772601885865,171.30557573094336,163.03501116617426
good_form,82.19921290355929,51.710783343709714,172.08403929095397,161.57700292184012
good_form,82.1978056997324,50.95201562720594,171.64671943741988,162.93401241462072
good_form,80.5465985152512,49.815236825831185,170.45220118767799,161.76725322742243
good_form,80.00389243584004,48.79565197864396,169.3004086388826,159.604753105217
good_form,81.11202011224155,48.74645473173058,169.08953487032,159.47486307345244
good_form,81.82309610227675,49.73630824150866,169.68975259263559,159.80773919297764
good_form,84.5283069106475,48.68390750854092,170.15108720226254,162.04118759821733
good_form,87.47200961333397,48.64579448891952,170.01975030070227,163.4209190486859
good_form,91.23459183765061,52.32021402668817,169.9931859121287,163.78440865272935
good_form,94.3170983616925,55.760521454928316,170.77329849348487,166.1006383295513
good_form,101.88164700321232,61.62660639379088,169.09203914377375,165.92081396387124
good_form,106.08057648626098,75.39918822950949,169.22542037433217,165.8586316869355
good_form,114.94872240226354,108.99169222375733,170.31108168976905,166.29245085944538
good_form,120.84009269707872,124.37357083085877,172.87558406217536,168.6224215954237
good_form,125.59564720419553,128.42390867564046,177.60689974339252,173.52470345261656
good_form,131.22316264877068,140.64812628895618,177.96196319227238,175.37859901891022
good_form,134.74990124343208,143.60825606728702,178.00084168865783,174.04240570292262
good_form,139.33520673003804,147.00443628837323,177.21028572491375,175.5302066246842
good_form,143.7096335044784,150.65302744751065,178.2583159290062,177.87134459831054
good_form,148.13366016683875,153.75756756761447,178.60946986216547,175.6733377641838
good_form,151.67199534862218,157.30808403051188,179.5566882520749,179.02809501893114
good_form,157.54982651141214,157.23491421661748,179.5107573697128,179.4558455843607
good_form,159.5219825237561,159.31138296544063,177.8143339841821,178.57956435223937
good_form,163.43913241904343,159.62894454905788,177.55658801501997,179.84483832346777
good_form,167.36597186846913,164.55250763298613,174.85808413257865,179.1326456184906
good_form,167.34277160249076,164.33256480776953,176.78534804518608,179.4480327884532
good_form,167.8878322528524,164.5999938187402,178.21489668045206,178.4879211087904
good_form,168.00667674249877,164.78208896307748,178.2801520883437,177.85580065989043
good_form,170.01678636667089,167.28339675860443,175.2795729960704,173.1923261156764
good_form,170.26466009072323,168.28108157108977,175.59626772204996,173.82087364886496
good_form,170.46862398030245,167.77607134006757,174.87207518537855,173.844980604515
good_form,170.58003525985097,166.35408622977937,173.13462902745164,173.80635636162185
good_form,170.83080393007182,165.4868058940934,170.07537177477002,172.07631146559444
good_form,170.81824311986776,164.9974593391495,170.53002317684067,171.47399165471325
good_form,170.81743897358893,164.75423004610843,171.82355049639006,172.89333529034025
good_form,170.7539327915234,165.3963576737651,171.41353588860233,172.38131973338523
good_form,170.51256404047322,164.9089522252495,171.92128588300133,172.90779280708466
good_form,170.88885312174384,164.83841329791338,172.22350713421363,173.06531534361156
good_form,170.8775101700095,165.09877175557023,171.81797909114226,173.12464415088246
good_form,170.63351350330782,165.2057359095525,171.58763724725262,173.29148708900385
good_form,170.27018425299593,165.15674805273088,172.03165120668194,173.25519149816378
good_form,169.8097605258177,164.43724641466412,172.15059068080384,174.37742750958523
good_form,169.13586824093937,165.02882087945275,172.75966048290397,174.72512080487277
good_form,168.62395643179494,164.41667612215215,173.92477805396484,175.04481227380182
good_form,166.5985148529793,153.2014880600211,173.3998906642057,175.136116489796
good_form,166.08479666805138,155.97452128876046,175.27738764717986,175.52682818935537
good_form,165.30815641103666,156.05756296919742,175.95926319661558,175.30783040225256
good_form,163.3513223797902,155.50851673321984,178.32762036207438,177.49781737315143
good_form,161.59802873788772,153.0713477778673,177.487293118361,176.07689358580174
good_form,159.13564729040598,147.52799324752735,177.3627912514952,175.80327382362555
good_form,156.8366883683281,146.52963112981328,176.18669205592147,175.94736922437136
good_form,154.15259161240374,145.42208198475697,174.65529632927223,175.62203964404335
good_form,149.03311817882528,142.50904547986062,175.65699703941618,177.97637825898937
good_form,145.25958142235214,140.82414666204468,175.18313992603188,176.74849762409636
good_form,140.63117297985002,135.5785780975566,176.48058266965103,178.13263149507898
good_form,138.86896920294376,133.58907225606907,179.0840006859646,179.22264656516265
good_form,135.85948052810363,130.27439733015783,179.0249790561154,179.17608826477857
good_form,132.08128091606682,131.981838687232,179.96395540656764,177.80190686021416
good_form,129.54981029946097,135.75850641176393,179.9397298742393,177.67361473738876
good_form,128.5413128873898,133.643897458878,178.50522701676735,175.49667670263375
good_form,128.0390609396422,131.74047647504108,177.64324879478977,174.5008580352616
good_form,125.96835762455183,132.09851012880128,177.208562637301,171.8763877205541
good_form,122.99903796083706,130.14679371277404,174.33554982838302,168.9791560796634
good_form,116.81616867231085,124.06646649556762,171.86523275909968,166.6757104842049
good_form,110.64858525738447,100.62071999008435,172.89694241688332,166.09569757589978
good_form,108.25365959616906,80.22281802197183,172.25778344779295,165.429044579625
good_form,100.60375498266723,66.40497621963029,173.42206700490132,166.18933533359305
good_form,97.65815496486584,64.11633387350953,172.11270804257464,166.70967202268733
good_form,93.70866937734172,60.36060288415303,170.97293251931225,167.0139712119582
good_form,91.29301775982833,55.85455264970331,171.4753576354995,166.50643862163537
good_form,88.26592551564386,53.559668240410915,171.88996482316216,166.40713430540828
good_form,86.96785941591844,53.16641625215926,172.26668347310948,166.0144565449431
good_form,85.69298204567602,52.553007393645075,171.55083132087157,165.79457857606783
good_form,83.76113217971772,49.31648818593968,171.47423030547037,166.4185152915506
good_form,81.38705583413527,48.585941358102666,170.51747544993577,166.04771191583782
good_form,82.3337229491667,48.448090880333524,170.1443412826179,166.2753379615882
good_form,82.10260342464771,48.86414591061832,170.95829626726805,166.492752128578
good_form,80.57216555906176,47.50307601497911,171.16806979832754,166.0632096963759
good_form,79.9775121107705,47.51090517936762,172.24080808760291,167.1334047779694
good_form,77.79728182873855,46.80890168744064,173.09373630528475,168.20225729595703
good_form,78.89098262444593,47.69304649537079,173.10330316753738,167.8901850410598
good_form,80.33587036055948,48.7786344937651,173.26562898437848,167.4237804063653
good_form,80.99503890329045,48.00947601406649,173.71784015530983,167.75954191774423
good_form,81.40315884848411,48.81372670011209,173.24074196492265,167.37541326608564
good_form,82.81909652385227,48.37986773878049,173.09609790525045,167.48906437291782
good_form,87.3812858843591,50.00350021187187,172.01100807439926,167.64503632302055
good_form,88.73489772134468,50.10901682223907,171.94166614644615,167.75399329605452
good_form,92.75197126323127,55.38452748227778,170.48548848523134,166.44735801122718
good_form,96.26513875894051,63.07723332145108,172.82993268846064,165.68988649646684
good_form,104.50395831988598,70.95993015491388,172.76556274295027,166.56573855954557
good_form,109.8721462579343,91.65696752727104,171.91787168517814,167.6248890351547
good_form,120.49354138413062,133.32033900261385,171.82937972798166,169.87115268661353
good_form,127.11089607469202,140.09385572078642,175.67771424996576,173.56980188257882
good_form,131.80437525024576,140.52942391033056,176.4941820278446,173.56380595685687
good_form,137.75679508947897,146.32508707786826,177.04875532319434,176.17463365949928
good_form,143.7425291963938,144.3898789087757,175.92124678454167,176.5767853943525
good_form,148.33790069299684,148.99137632150197,177.6012857378711,177.49101775257628
good_form,152.8451045868128,152.7415575988354,178.8730246216568,178.29448145571806
good_form,156.5965319689589,153.700326932792,178.08892203817223,179.20108580379969
good_form,158.59309413958184,154.40245213853387,177.37349226643857,178.8436467748433
good_form,162.02043306843066,158.08237452220203,175.70130132761605,179.7878842765154
good_form,165.23895065946385,152.06173136671882,176.34028263778234,179.77242335542124
good_form,166.21341696913444,156.12503511815,176.19848424276296,179.77234052799528
good_form,167.972672319075,158.6261336087307,177.5654433275433,179.04220947457674
good_form,168.31718664713117,158.45935694477404,178.43634765276732,178.23778561560638
good_form,168.76236274485993,157.3887834666086,178.6255139560145,177.46351505166353
good_form,169.35246190884348,160.2680721722606,177.19196267302414,176.63703093274634
good_form,169.3860799442371,158.4336099194638,175.8258786478806,176.59375065675985
good_form,169.11200883679697,162.10639990788522,176.00209023903187,176.31643367983227
good_form,169.51863587680944,157.19606409002603,175.40037235414331,175.92797853493033
good_form,169.46003137469464,157.48571147262126,174.7049905082987,174.9686552313981
good_form,169.44580528614134,157.23584926391044,175.12133895401595,175.449107135716
good_form,169.21530798753844,157.0579779821801,175.96724199085628,175.83728817404165
good_form,169.43978267188535,158.3678852933768,175.91615091582037,175.73815947099055
good_form,169.23431476220463,156.5673600201748,175.71763488567723,175.97246381675623
good_form,169.18879526592292,155.64310068698788,175.26150572870085,175.66514363890977
good_form,169.0160141194832,155.4009676444201,175.31731916687195,175.8433876083821
good_form,168.69245766687087,155.1194710508558,176.33611141771965,176.5786227248212
good_form,168.12709796706812,153.26574349829912,176.45083631447193,176.7079657285825
good_form,167.21973155649098,152.22704586576643,176.55508537302538,176.86517075793802
good_form,166.46452502507984,153.09911268737073,179.30918282906018,178.39447981379087
good_form,165.09449538867318,151.1500192594132,178.91824129976567,179.42195446094644
good_form,163.5540083870316,154.1303209292796,179.72488462108126,179.83917727787244
good_form,160.96259054716052,154.42097079618185,179.43324073105904,179.69353158956903
good_form,157.02328313262035,152.08107135734534,178.04829427245483,179.43548563264616
good_form,152.96162238324112,146.81260276991128,177.25383139588683,179.05949164871126
good_form,147.15561518608834,146.0095715034474,174.64351118254962,179.93286317778876
good_form,144.2078297673617,143.9802355584322,176.46962565920842,179.40459554020424
good_form,141.5009048383202,138.072283127808,177.879091106574,179.85547275259688
good_form,136.83456011792222,137.77005040035436,177.580825358845,179.72370117482336
good_form,134.25032639391316,134.8751357971383,177.38345053704313,179.42289224994747
good_form,131.87350692555668,135.16000281846271,176.851453973448,179.06204777442372
good_form,130.8155374352483,133.1070145660773,177.4074281905889,178.9666450786864
good_form,128.1052247432945,132.666790695582,177.62457766271484,179.31990472845817
good_form,126.81928267266147,132.03666716657233,179.0252913440272,177.77274076813887
good_form,122.43968642819539,129.817261773531,179.54092443893052,175.75966130867002
good_form,119.36040365965405,120.42464737160194,178.0747731481179,175.00189601839568
good_form,115.37860486105478,89.73602922765713,177.57673995380424,171.17195318468984
good_form,110.19820445282636,78.43274187581564,177.69487295814662,170.38040044395558
good_form,104.3720698095,69.42731009718503,176.75383864562522,170.04887507659072
good_form,101.4013210324789,64.43903338754868,176.8686134129811,170.84610847374927
good_form,96.56586549737591,56.8115125801587,177.63134075145763,171.96550697204486
good_form,93.74918676510077,55.46558573963459,178.27877623227448,171.83117436930502
good_form,89.36021633677501,52.47913451751497,179.20489539137853,172.55157686298963
good_form,89.16364183006533,52.89632361655716,179.37040513490481,173.29874323731332
good_form,89.34015602679875,52.49095615838265,178.54480144333374,172.1162209014283
good_form,86.50548711601263,51.58021820931278,179.2852260106733,172.65412299086822
good_form,88.06361358294642,52.208269894496446,178.443353825301,173.24586911038992
good_form,86.10484298614435,51.71441897148802,177.6587907488082,173.7204148696974
good_form,83.44162794686612,51.42950449956415,176.69276013149818,171.89138254614454
good_form,82.14715005622277,51.31869526078511,175.6965673852206,171.91533973993043
good_form,78.77116092105899,50.02096127336175,176.35254301344452,171.91591161823044
good_form,77.64103826313917,49.804038751032095,176.12655476149027,172.43549271005548
good_form,75.8083638932507,50.089472356460796,177.4402598464652,172.85283270623106
good_form,78.51514987288071,50.711150166396116,178.18499413704924,172.93662393269494
good_form,83.59798062015071,51.025971548471965,177.60500585373953,172.96992773437893
good_form,86.13383187190081,50.99816171644225,176.2045547277239,172.14152611176144
good_form,88.08927932728149,51.26332010962799,176.10947989999244,172.24916701598926
good_form,91.68337850149021,51.64694978209516,176.12022159597834,172.07637299380806
good_form,97.41525217158932,54.545156439551114,176.07815240608363,170.65956563447227
good_form,99.89089210876722,57.68280042458111,177.15134238274078,171.1174236198876
good_form,103.70501176528171,62.163039148566554,175.0890460785272,169.849873839691
good_form,107.65139331760486,69.99847629517795,174.67252115324757,168.41319856722257
good_form,115.6857525159048,98.98019998574063,173.49476210951673,170.8787898598463
good_form,120.42664409516172,135.1399930569964,174.70436955774358,172.1181324684508
good_form,127.71188219630852,147.70643341588692,174.78455974252748,173.39301974892706
good_form,133.04479790553427,147.0605996454666,173.83333777669645,171.5879184324055
good_form,136.6151227758299,144.14240773559317,173.8509748194549,172.84055644521524
good_form,140.76346468877387,135.3590623410418,174.58696381771028,173.59622979222308
good_form,145.34813372310438,138.68007370479478,175.3174499650886,173.27578785294114
good_form,149.57178518928947,145.0451705689936,178.84677372306967,177.5005660778952
good_form,153.78066522338702,154.66612819518684,179.27094237030184,178.8363085447635
good_form,159.0481498164286,161.0161458472881,179.17840670048895,179.13077048461994
good_form,161.39129082575846,162.80095042595565,177.35665781859126,177.46701583911099
good_form,163.9336434239312,164.56239929675218,175.90927273962347,179.7962092782815
good_form,166.19702086514533,168.08686293436799,176.00695201221612,178.6658132811899
good_form,166.83586233349953,169.1066189744245,177.19156625249266,179.02877416239713
good_form,97.12770380320153,99.44543428313622,167.24868559081924,168.89377483638336
good_form,92.86782134564889,95.06922679243047,166.07799155297693,167.32615728575576
good_form,89.27083981666974,88.62650889704251,165.0997199766136,166.90509835952514
good_form,85.10177889582258,84.06679356606165,164.7547288298511,167.15220345506773
good_form,85.80444068487527,83.0017806353627,164.76565908214562,169.1979896918333
good_form,84.55448229641705,80.77000756150278,166.41210919314224,170.24223041541822
good_form,82.03781292753487,80.5057626424865,167.18280285230858,170.28834099449696
good_form,82.26920962936292,77.54822168833635,166.73455581660014,170.20634936762917
good_form,78.76734115648435,76.71104149574384,167.27524034121163,170.27632940563893
good_form,76.41613633758439,75.00882348813724,166.53442086578144,169.92599277838607
good_form,75.9892513047699,73.95859056412955,166.68541644415126,170.31011057893568
good_form,75.02776929506813,73.03156915236154,167.75500941998618,170.97641956132645
good_form,74.82743338699972,72.50577412712504,167.4650044134777,170.76203794387843
good_form,73.17621502037845,72.05453281167709,166.98438304758264,170.3862493078317
good_form,73.17532835927976,71.95329468479225,166.60984836721707,170.67103169335297
good_form,72.74918198764837,71.3437084867083,166.3651326660612,170.78546285197316
good_form,73.44335065891829,71.45647529029644,166.5282503274425,170.82062600237833
good_form,74.94458876800034,72.78259109685754,163.55433889323513,169.6082568827964
good_form,76.48717690565155,74.67290830580312,161.24274880662443,167.61223051358596
good_form,79.84578219000724,77.56177065745118,160.26739404937047,165.51982570137565
good_form,84.63517591676553,80.99162791690227,161.9288785574657,165.19965285049247
good_form,86.2269571239423,82.7724433183392,161.27602111482173,163.75064421612197
good_form,90.73791680179971,87.38533515328548,162.08434853844005,163.04451084517046
good_form,94.04781386099354,92.68946359401514,162.64346819812934,163.66345759818356
good_form,97.41223089506536,97.11077889605943,163.90658385552422,164.22774047095416
good_form,99.75299904424087,100.72726566720728,164.65007956330825,163.51481596530468
good_form,102.13392020132783,105.1885839490025,164.64872698842612,163.93393776125697
good_form,106.19347589701059,110.38516983849237,165.06117533565205,165.13320733729412
good_form,108.5528700154864,114.2389456365995,165.92589359749905,165.71405051058105
good_form,110.53464356115869,118.3239493988623,165.89604519590856,166.54926931078597
good_form,111.4123076292502,121.12565516968992,166.05008899931633,166.49339672500201
good_form,112.94054977263488,123.03419226522031,164.88740724031913,165.99818991185455
good_form,114.13790879831825,126.06968863790077,164.0986772110104,164.20401305401057
good_form,117.8416542985186,129.44268919277522,163.2209228628932,164.0439316612161
good_form,123.23188102210689,133.3572217885313,163.95745350133257,164.94890173362984
good_form,128.7198069157056,137.46308173609034,164.47182952581952,164.6125141278744
good_form,131.8204427027038,139.97234831267878,163.2360268721508,164.83244942737488
good_form,136.75676611994282,143.58906005694158,164.94412871771536,165.82172259112272
good_form,138.95420430154851,144.67406931375302,165.00381393880406,165.6913985854289
good_form,140.750107584672,145.6844390132211,166.51005052218008,166.7070710190281
good_form,142.44836427787752,147.16750994457615,166.17635558727423,165.7831073636397
good_form,144.66452530528022,149.27206912217432,166.4678486240884,166.34999144119985
good_form,146.38302669409302,151.57072725721426,166.8026290442863,165.82073356809536
good_form,146.7612584920695,152.01793748751564,165.9235312304025,165.95482395564127
good_form,148.05264379142668,152.7347622328349,165.78606301069863,166.29925490022484
good_form,150.19733428637838,155.1804689077423,165.81756543082122,165.76950635392802
good_form,151.32450625169017,156.2753122634267,166.74845331465363,166.1075363755399
good_form,153.00250619010774,158.06984850511864,166.82898281819223,166.15546928121628
good_form,155.75833656919662,160.09129139664788,166.47743720807057,166.13052060900736
good_form,156.61635778702902,161.50324947038698,166.78914124463248,165.0518336875128
good_form,157.61074105161137,162.32727350845173,166.45315007452072,165.03510505459198
good_form,159.01593622781544,163.316440246326,167.2414834991043,164.60366708177733
good_form,159.64748806308822,164.0998930975609,167.57438953339914,164.73967187119018
good_form,160.22738970026,164.7564835962265,168.11946422268704,166.11337994562604
good_form,160.4251789662824,165.70391914831828,168.92484536708687,166.47740336882148
good_form,160.77247535104462,167.01561372142012,168.97523538191336,166.3175311991881
good_form,161.264579482797,167.18268660524032,168.7669434460443,166.81154323437906
good_form,161.64861356018292,167.5354977742475,168.63450755080763,166.2650462465251
good_form,161.6160509047071,167.95090171390854,168.77795761870976,166.32992860689558
good_form,160.89884233352709,167.8478121366557,168.78110798064833,166.29955501040726
good_form,160.82435492693733,167.6581362737686,168.8746025807526,166.15931633447684
good_form,160.5629319241467,167.01790616606013,169.2560556330499,166.0021877752536
good_form,158.94882819967515,165.86462572685298,168.98094989005966,166.21127831541708
good_form,156.6739010143216,164.45905954449526,168.52081812844506,166.9434029029154
good_form,153.84200247600535,163.59121965878683,168.5489031440034,167.3369716140195
good_form,152.1909944324086,162.51486837837675,168.1540508898088,168.3815818211265
good_form,151.12595095251586,160.5280992077286,167.4414769959045,168.00127801240026
good_form,149.99056795125415,158.90967126115473,168.34030101345604,169.34352533217879
good_form,147.51990327603204,156.7366970986887,167.84719006067033,169.14375454375036
good_form,145.14449520194876,153.68174130581693,168.173450693006,169.73272350919075
good_form,143.65674493067021,152.0068391664072,169.39971781717819,171.40220010511075
good_form,141.81969906340697,150.3643235602231,170.46898061696535,172.06654735645114
good_form,139.30629248444976,148.46832714139177,169.09140170797946,171.7541552068576
good_form,136.23105823594554,145.69274890905166,169.30401906218228,171.08219203632618
good_form,133.24156317048053,142.86305084046728,170.44791937342117,171.92377550642973
good_form,129.79011741110108,137.31566813403936,172.8933002198367,174.18854348170183
good_form,127.76004297427653,134.75237390705047,175.86185707050763,175.6733177998619
good_form,126.13550228044552,133.09964191635225,176.84255855491213,177.34774505327894
good_form,124.57772416073703,130.2894220071853,178.5139962459189,178.85940702140329
good_form,121.69661506810962,126.3644335155408,179.29275675356058,179.08062892483238
good_form,120.90111842535238,123.96085056213546,179.99253519980252,178.54516213660543
good_form,119.10593356711989,122.28016468484905,179.0347198294745,176.8834247712017
good_form,116.89859987653163,119.50519494159029,178.5907345138684,177.11935104407297
good_form,114.61293621115769,116.46106332892194,178.1239379428941,177.20616954655057
good_form,112.23514021696943,112.93015407199378,178.28420632775425,177.397029833373
good_form,107.50316300901116,109.91508867001883,179.33080944211108,178.1512937144704
good_form,103.53050173549212,106.09705458616091,178.90703300246437,176.9199839944625
good_form,97.65164171011196,98.84993799756661,178.87498967739015,177.41301688041216
good_form,94.9148125507306,91.3880278758945,175.7614582440727,176.2200861341311
good_form,92.00336512112058,86.87466275268984,175.34053938936472,175.74339753361417
good_form,88.77350875245884,86.89138602701195,176.07288286856402,175.15140548589554
good_form,88.28924086011638,86.73103869670827,176.11503852013084,174.3904847786854
good_form,87.33436564914209,85.00155860924521,176.52359291614897,174.91362201142286
good_form,86.62849089798502,84.4297334232173,175.83714402016506,174.29969327589967
good_form,87.16806718673362,84.27109000650688,176.58591773976804,173.39382811025422
good_form,86.39450902617848,83.10902994321839,176.70701917292013,172.31518504093324
good_form,85.48933829640406,84.1723371895483,177.14360082508188,172.56773615600721
good_form,88.65022575487167,84.44500261239514,177.66005854994685,172.4950039014048
good_form,89.55635180965209,84.77280091430346,177.91695303053436,173.13241453906662
good_form,89.89065547002305,84.86398293167143,178.00508254197496,173.62766859902985
good_form,89.47976861439274,85.72827134332871,178.11847452211205,173.98474304331316
good_form,89.98767992979201,87.0110655386682,178.66022189204665,174.73434937204144
good_form,91.90869224314353,88.91043186878639,178.97797807131985,176.52798384221305
good_form,93.38946657136684,91.46012871902505,179.8263898950205,178.3253543918697
good_form,96.31692089046881,95.02916341358775,178.62556999804798,179.62530964102473
good_form,100.13713044296121,97.69244033820912,178.97549423243217,179.9115716735409
good_form,101.90405832719853,103.71168211977756,179.65242063619448,178.99766189825058
good_form,104.38181264704244,106.94817527384684,176.64058583456324,178.69778198543068
good_form,107.81860950524525,110.21175400747741,176.32274930244665,178.15123471384453
good_form,110.36035858159536,113.81728115686504,176.90768550761192,177.1522200262045
good_form,113.48681626377868,117.63989458805881,177.87465650129985,177.05601765271646
good_form,115.43701752156989,120.53074962059152,178.54584885146988,178.27168402036165
good_form,116.95836986357895,121.77682965146255,178.22935614592393,177.00657170835285
good_form,117.33980254168546,122.92162837112923,177.4515184134534,176.42304056252596
good_form,120.0319904184816,127.10737819522312,178.18594751201948,176.7984319709575
good_form,121.57989088996099,128.54976482815056,178.74096702250694,176.132069676154
good_form,125.43826760459406,133.60357314538638,179.3931118903299,176.60660026002859
good_form,128.92833571090702,136.61896234562874,178.66709641166617,176.03943282742435
good_form,132.29367747443263,138.31341184115624,178.390207070394,174.48421427681262
good_form,134.62982998226414,140.67467385511827,179.80160694670712,176.42225410604226
good_form,137.0922764901623,144.02300033246587,178.3024358477571,174.77362969083134
good_form,137.93667867492155,145.44541495727051,178.2666679745762,173.83858393706663
good_form,139.12688613426997,146.31064575829598,177.43572352273083,173.73732845122385
good_form,141.57320395206165,148.9851213181275,177.7786620689179,174.59464398381078
good_form,144.8002335756746,150.99546794028336,178.0048097629892,175.29418598319796
good_form,146.02915453850486,153.46494432567158,177.26434945776697,175.53009736411636
good_form,147.58519476102347,154.70360235028954,175.73633949929598,175.0648687373327
good_form,149.4496339656653,156.5092501055631,174.71936520761375,174.78022080533592
good_form,151.57723082135178,157.8460443000775,176.02785813500074,175.2746737943333
good_form,152.9167208486202,160.2552238781639,175.18941211111462,174.58829352598383
good_form,153.9684595820197,161.45932814372645,175.09505370049303,174.86345444549494
good_form,154.72461831359044,162.469047089398,174.4283928429196,174.73290976206647
good_form,155.69770412290478,163.69190026832678,174.66741291850775,174.93719330543124
good_form,156.67142200234537,164.07788088075066,174.45337091309,174.3687422009765
good_form,157.24318062474387,164.8431672709598,174.99330136952776,173.90156226776463
good_form,158.20725139201582,166.24701730869992,175.61335873648474,173.4207120310499
good_form,161.09263693069082,168.23865146690827,174.57031794742576,172.55662587531444
good_form,162.08642271912225,169.24810512790037,175.4075227147376,173.0274355592371
good_form,163.45264711309972,170.81837957514335,175.54668962740536,172.62879294470133
good_form,163.8202561598401,171.0202052978256,175.20327050900397,171.3886364061522
good_form,164.89390955168236,171.12803006472697,174.5678230675772,171.78373701311318
good_form,164.97526922271962,171.2793924756831,175.36139931476126,172.0603015090959
good_form,164.72085762152878,171.21365664225232,175.63435533875355,172.33959892497833
good_form,163.72467073606427,171.22232730291557,176.31970048606098,172.71144195017462
good_form,161.75481282649653,171.0634532502262,176.30292000078805,172.9497621506981
good_form,161.41698503274623,170.89259928243095,176.16418743790098,172.73278630890002
good_form,160.87523546800992,169.8730852689045,176.17562519693556,172.5843830485965
good_form,160.23266922503146,168.87516934251724,175.77052181272796,172.46709779061825
good_form,159.16650581277753,168.2670151370734,174.67554889398824,172.44431688269887
good_form,158.2863979922532,167.27517998814625,175.42598977810673,173.5127370025587
good_form,157.2197395329854,166.1490568083665,175.6702773655095,174.67171968062235
good_form,154.73939370662023,165.28961949329366,176.1182510867454,175.90859063807903
good_form,153.14252829873615,163.32617593345145,176.45687430380937,175.37022477457216
good_form,150.62058779733982,161.1058804444925,177.24526282942892,174.28053276875053
good_form,147.49351223686125,158.15624428948456,177.8142820013456,174.8877059625495
good_form,145.00532492095502,154.82385097199176,178.2968134048562,175.12697667633051
good_form,143.76546631053756,153.78370740428923,179.5943254413016,176.15152106696087
good_form,140.65490168329492,151.95059174334574,179.8662435149258,176.2832867171652
good_form,140.2276185296089,150.68522162977465,179.8628180311835,177.14767841460062
good_form,137.4863629752462,148.78159010081978,179.4312527143201,178.01694892191466
good_form,132.7632136222331,142.38376904487225,179.41676994208726,178.77009221210912
good_form,130.68552555038815,139.86244778762267,178.61914942539323,178.76985067924613
good_form,126.90483750644944,136.4304089830238,177.02552332581413,178.098138059255
good_form,124.94556518725595,133.53815492332404,179.33699412862526,179.37857318030692
good_form,121.78648628002898,129.54043894958332,178.94829291363652,179.87268302828176
good_form,118.61546284963448,126.05741964914368,178.89141972717724,179.52211032962603
good_form,117.08709198091432,121.11611614104152,179.88393707317832,179.27026720973785
good_form,114.955999077833,118.8133648686961,178.4792794749168,179.67569009585037
good_form,113.10414024867904,117.16131567929754,179.80361466152493,179.7468773371042
good_form,110.00785487597892,113.48461980950442,177.9203276784686,178.57462147005742
good_form,103.8691714919926,108.33404045201586,178.7098499848837,179.35887798283002
good_form,97.791429546931,101.57264293908234,177.18855716162258,177.51548808765284
good_form,96.33842982717074,96.54748814952298,176.83006987088174,176.24312936618566
good_form,91.292286004725,90.47150432041761,178.4946216772375,177.1514342918482
good_form,88.88929981698963,86.97013708231157,178.63494089368922,177.11106988806569
good_form,85.76605390492335,85.3810635381783,177.9731057130356,176.41524166703013
good_form,81.99954855326844,84.65037813790023,177.25373886627185,175.122073112438
good_form,81.46949248931519,82.84552647798967,177.82502543078476,175.23174738004434
good_form,80.1243245538608,80.06869846670237,178.29277914063263,175.08410279475905
good_form,76.79021842663094,78.62368370712342,179.14420820754586,175.41352229947967
good_form,76.31479803075977,77.87236252505822,178.5009718567231,175.62869197471016
good_form,75.84687357372704,77.74635320918513,178.35907379635225,175.78457833863908
good_form,77.61568295538713,79.75394928860247,178.47136608391378,175.61854076466466
good_form,79.33065560917255,81.48841295344151,178.6341176837508,175.50529873793892
good_form,81.78200757203435,85.352134151127,178.5052143444004,174.9711178885191
good_form,82.31675150562346,85.05871658248236,178.822830611227,175.28369559359822
good_form,82.02062936352452,85.39480143187718,178.918272694938,175.45736877671914
good_form,84.04767449187736,86.5171171642495,177.89529284291314,175.07773527463934
good_form,87.27747198871045,89.21243327835434,177.39822447778582,175.0406079213509
good_form,89.8246303033203,92.35092014343203,177.83746127878555,176.08716213192687
good_form,92.67318729598209,93.63382637905106,179.3034367842196,177.91675335841452
good_form,95.65968581007405,96.32160552027183,179.78566877933892,178.2650488849964
good_form,95.33144692173761,97.0070797248521,179.2527915538409,179.80465397968845
good_form,97.97647183582994,101.88219232703554,179.28687324239286,179.51296972721101
good_form,100.81352763042747,104.00305472571733,179.6388482569323,179.2676894353368
good_form,103.61693545218301,106.56375636823996,179.45617336924164,179.89601638578245
good_form,105.19177697339958,109.38164251930152,178.86172329021437,179.98577734064847
good_form,110.57339760545338,114.41496673583777,178.24078260859372,178.7888511791522
good_form,113.074201510942,119.08126369868157,179.42865665423463,179.30548250496727
good_form,114.31548617640138,121.3223984521097,179.7260607655076,178.91429227905314
good_form,117.40756762689979,125.0669678079236,178.716210081842,179.26528435181015
good_form,117.3659031076151,126.7277706013368,178.64138605571898,179.4551871940955
good_form,119.34718367344617,128.02786134575302,177.60352077475991,179.482313673161
good_form,119.55310539152678,131.1090101410673,178.61433979630743,179.32493734935355
good_form,123.08658052607305,134.2070460832716,178.3793116994269,179.35372721535757
good_form,127.74022132697252,138.0342933744764,177.04485866421535,179.52573678362455
good_form,132.55618623314513,140.7476354304996,175.5028625993476,179.13230944980563
good_form,135.0500581446066,143.06932237669204,176.84775237703306,179.13448035137802
good_form,137.11660375840574,145.3350862480662,177.65231846300645,179.71147204529885
good_form,140.66632470273484,147.7489773150414,178.06463753528956,179.46144289569318
good_form,143.90151743901245,149.2687916973737,178.9964457406622,178.89915293938517
good_form,145.69523332055624,150.65945556720098,178.88177560571236,179.80422990354853
good_form,146.26037538874792,151.26795266460772,179.68590720272647,178.63315691032147
good_form,148.08883999696573,152.34831304579075,179.63203324041083,178.28536647257872
good_form,148.49167186993304,152.62073076475568,179.5409584281597,178.72163428680634
good_form,149.79527227019977,153.86973507858417,178.7553374069955,178.62507534736167
good_form,152.20196917242575,156.28750592884717,177.88765484341766,177.8727042270374
good_form,153.1288783119644,157.46920718802355,177.3712902044076,177.71572512730486
good_form,154.55950942548077,159.40295529236326,175.7208549876541,177.10097530460095
good_form,155.40492269018503,160.57796144036746,175.9359843229822,177.61269605437633
good_form,155.84863103255822,161.47815994615559,175.19751853928702,176.40725330960643
good_form,156.26346194662705,162.1323281871138,175.91156069645075,177.41147048880185
good_form,157.85141235234764,163.9446918286479,175.90466812630748,176.34950791403386
good_form,158.93483541408023,165.90260030157862,175.94470498534113,175.98172623547416
good_form,160.12527743056162,168.34378432680214,176.77331672258236,176.7775078619946
good_form,161.181942372723,168.79383260214107,176.93513507160893,176.68430354308404
good_form,162.09259453593097,169.38341235718707,177.75924786082442,177.13530924692387
good_form,162.61933849648716,169.9070875675727,177.94096517803098,177.28647657926123
good_form,163.15457590710074,170.65612508005836,178.0257422653719,176.71284866432242
good_form,163.8681012058383,171.26238276294725,177.91050241943975,176.59306650355256
good_form,164.07139555556597,170.94618792801978,177.87148492310388,176.32090709909212
good_form,164.28010147572235,171.06432448495787,177.4059112459034,175.5680137341042
good_form,164.32425383594392,170.8246246525687,177.46237030320148,175.56569859839493
good_form,164.23174065462777,170.77468847373297,177.48761290165697,174.2750808134973
good_form,163.9771526403623,170.45843514294765,177.52656495683212,174.0904210944528
good_form,163.65559547081543,170.0637681102983,177.6928782358779,172.66135500003725
good_form,162.37327227686177,168.91019737699864,177.3958549513844,173.90175096510754
good_form,161.8277908617569,168.02407713701348,176.740030451774,174.26634627830597
good_form,160.64829980635926,167.567234086568,176.99925985139157,175.87156308275317
good_form,158.43984015873272,165.74940278488467,176.97690617832745,176.07603098203126
good_form,155.5215214927685,163.40502999302257,178.46320302997384,177.26350867977396
good_form,151.93517956705338,160.6694422574195,179.28506001537443,178.585847315667
good_form,150.06568891059302,158.93350001500465,179.42667584865717,177.65032579351129
good_form,147.9640225368144,155.68186238727398,179.91007812230535,176.7613681751962
good_form,144.80061923125135,153.6356817512697,179.1722210934389,176.99485050894276
good_form,141.62329055664517,151.2515543011371,177.71817107185322,177.3929730488684
good_form,139.27942073442404,149.32511258571913,177.0608615560313,179.06735311158465
good_form,137.75105612345482,147.77481323286597,175.91066144558516,178.6106072493484
good_form,133.34146632844855,145.5130202106035,176.46585486115666,177.87265748555686
good_form,129.42151766148874,141.76203912663607,177.0276075694618,178.03761698252882
good_form,127.0263224474975,138.66607671382178,177.6972102020442,177.98252260191134
good_form,122.77252545887899,135.17431666742846,178.88996944985863,178.98223999861094
good_form,121.12928118517137,131.78591760497963,178.71560912208864,178.28125901837066
good_form,118.32736366688545,128.13277488386723,178.94805889913522,178.11465057633689
good_form,116.3995106440128,123.60506177026102,179.25031135197094,178.48701126402182
good_form,112.96370302965614,117.98465380531448,179.25602682524277,178.72984941435666
good_form,110.04078385369716,116.49912227236213,177.98447426188233,178.65599713284143
good_form,106.46172135092687,112.37056383705581,176.920964874272,176.93035096798332
good_form,102.49984338135273,107.25713273244232,177.1114888162026,176.2606759277902
good_form,99.9904984230763,106.93773270698745,176.7986507505453,175.9325302983688
good_form,95.4284497446396,102.15854334429754,175.5866988507737,174.1970944794429
good_form,90.74557550108514,93.7178971036566,176.68272909608697,174.6584060597998
good_form,87.7606267017297,90.5059849110537,177.24023261465803,174.20359989413487
good_form,82.88213468155934,88.72931626642634,178.26144043294678,173.37018692609578
good_form,79.68346917658711,83.71624063278232,178.98623969848026,173.4211843639011
good_form,79.26452554610788,81.82514989955087,178.465568891723,172.85974444961778
good_form,76.37664578701869,79.4759487773241,179.13681818931605,174.37866259097348
good_form,76.27060578777446,77.63972478235738,179.3479569399909,175.35149875233373
good_form,74.46510437131131,76.8672675131183,179.7624677279156,175.96596912131142
good_form,73.96151710469546,77.72579194123104,179.79000090617257,176.25333940191913
good_form,74.81960707794008,78.84536972309537,179.3895453763352,177.15081716032375
good_form,73.86870387327194,76.34399229156031,179.0409301923609,178.1210667347598
good_form,72.82827820671055,77.3421394552981,179.6377455110896,177.5888707199996
good_form,74.49756463972572,79.5569779990159,179.6658999756467,177.26463730531728
good_form,74.6169718315135,80.45034482149391,179.5944113067433,176.94415061867105
good_form,75.9504647031291,80.5940025522811,179.4795537517849,176.59472506881352
good_form,76.61482475547972,81.65684595758748,179.19172473501698,176.60803387835594
good_form,78.79993080800922,82.69796486655942,179.8393217843639,176.72137723051847
good_form,83.51282235458699,87.58621929997541,178.40225789436266,175.88351901907663
good_form,84.96385857732658,90.35247519681648,178.28570163237197,175.60803553223263
good_form,85.80081432098054,92.35656105738606,179.2182962363643,176.68726117994805
good_form,89.45786272374339,95.38848755736295,179.91959238155334,179.02610140638348
good_form,93.6703354501661,98.62650573296605,177.8780623174919,178.1942607878542
good_form,97.29937528375498,102.15795279013427,177.3798659099369,177.6158403866719
good_form,99.98256579391608,104.8274025771287,176.61872369566444,177.13483992585293
good_form,109.08532412496668,107.56660087489293,176.7533084050434,176.54198422011504
good_form,110.43632262102835,110.81197106677787,176.86536593166437,175.34551409078972
good_form,108.78065861531707,112.80254493034073,176.3206965832522,175.1279899785214
good_form,107.41249692442864,114.7121857851885,175.5000447496484,174.11203058976773
good_form,109.68771662316709,119.53524837394357,175.32227254689516,173.01199187948984
good_form,110.70475430949247,120.62493605517189,175.69948186310685,173.05427399028156
good_form,111.59376882409869,121.74779957592818,176.745901035598,173.6065410295245
good_form,112.76338537508876,126.49352534520513,176.25645748281596,174.24674879626306
good_form,115.14696432772107,129.6083474156398,176.86158945895383,175.51256800537516
good_form,118.87547944249779,132.801207780532,176.67142580013635,174.36646286682435
good_form,123.79430745519132,135.81818947190737,177.07960370862313,173.5038716497772
good_form,126.53779988764151,140.37325278259573,176.8568486351354,173.90521635114627
good_form,130.35175941162856,143.44462744022633,177.7604514235847,175.55000473687392
good_form,132.2814432545703,143.06499748275778,177.24090856839072,174.86951186420583
good_form,134.24071041294775,143.4873012980982,177.31335979629745,175.4866318415737
good_form,138.00651159190488,144.7194876076066,179.49778782975523,177.6171706621731
good_form,141.82116010819695,146.87984678644517,177.3632096921878,176.25497147954076
good_form,144.06871296472028,148.79223365455232,178.0869525988636,176.3027609070799
good_form,147.36765173352273,151.61654442501782,177.47286313374946,175.43334814614653
good_form,148.38018695853572,153.09018933269377,175.9385752411777,174.43283554860702
good_form,149.17969733051422,154.73192483256543,176.57652639551284,175.96586745218713
good_form,148.83388436456235,155.10003938622157,176.5803678950401,175.3094910694497
good_form,150.03464637270787,156.04228771355866,177.55483715505855,175.99762502709106
good_form,152.01789739823235,157.17237961814774,176.86544880589653,176.2350323131991
good_form,152.5887973719853,158.7892566617158,175.5648684090997,175.78194475408745
good_form,152.7298327152291,159.26311392465414,175.56408814937672,175.8045196056729
good_form,153.54275053869844,160.39782689304462,175.15324844005772,176.1616206012864
good_form,154.23805928710095,161.70768731542003,174.7171744235904,175.62856379403428
good_form,156.0123462623791,163.51064433519832,174.74767857568503,175.7583874209011
good_form,157.44281020929796,164.61550529077712,175.31914645109455,176.2316872207598
good_form,157.78874106446662,165.74240193389392,175.9437493605286,176.38679555011828
good_form,158.30394444955903,166.2828343016165,177.11369904196638,176.8053841381923
good_form,158.60109320531657,166.68515726180127,176.87208142891188,176.06464138710015
good_form,159.33750925698664,167.0643838758192,176.41496862705034,175.70048973096502
good_form,160.15994237227326,167.99723155358998,176.80476499743693,176.00025498450202
good_form,161.10238985011912,169.35257412205652,177.3329325802273,175.9813855650899
good_form,161.8837957872129,170.47178116911607,177.55936494015202,175.75588682071827
good_form,163.00369097326916,171.44129624920018,177.39424028208418,175.14901840668983
good_form,164.0064600666998,173.06898690203192,177.60851033334953,175.28315882997873
good_form,164.93187174946434,172.9864989989469,177.99223487702892,174.79217632065325
good_form,165.19077272647112,173.0484996353404,178.0945335375278,174.8167450957585
good_form,165.39535910433997,173.1508566454002,177.8081817820649,175.11860647436347
good_form,165.40019963757186,173.1005286494142,177.8020096296654,175.0541733120417
good_form,165.4397049106097,172.9773452302142,177.781236109587,174.83324138756362
good_form,164.53970625722718,171.96884981932462,177.8854305051097,175.16928836742645
good_form,162.86425193925922,171.13615774990993,177.8374241041321,175.0299298340451
good_form,162.51787093478046,170.54667011980283,177.79982349767604,175.1076380980381
good_form,160.34172500348427,168.85183046186978,177.08220119164415,175.7615737583324
good_form,158.45849386975115,167.89738852038167,175.83674929996545,176.031934653596
good_form,157.67600832624606,167.18087577303749,176.31630469996276,177.9945523887611
good_form,155.57015674303926,165.98794551062096,176.77088320872917,178.82763546219462
good_form,152.92065087832182,164.93109887030556,176.93956634907846,178.1643354440889
good_form,150.65179498361434,163.22915826896477,176.60960925995994,179.22873041801813
good_form,148.80323119640295,160.68798331570738,176.20479723146133,178.8706948923393
good_form,145.67039741709368,158.08240243199364,176.9135497993367,177.7125779343201
good_form,143.54597480314305,156.81184976520973,177.57650813055972,177.22673665001213
good_form,142.0634437583212,154.54246268605354,179.7520214172599,178.25615014860963
good_form,140.25948413980205,152.43334491536004,179.64052145810462,179.51330057476298
good_form,137.02086315617703,150.80321438027428,179.5105891572737,178.23026811660037
good_form,134.02672867446557,148.74017197896222,179.26965814579353,177.64567345182476
good_form,129.49136857511763,146.7178985657997,177.73158117980043,178.2898004882773
good_form,128.49886158632606,142.7706260122798,179.52994287492288,176.66894836819588
good_form,124.66366155893604,141.68847009310647,177.68930871681516,177.49427052354983
good_form,123.25972173280591,138.67530314479464,179.08797882294016,177.33442637321053
good_form,121.52370057358414,134.80816866509457,176.39710027296675,176.84670310128078
good_form,118.03702468946612,132.9754255712785,177.3732437159157,175.8855703488476
good_form,114.91285841349851,129.64575295560735,176.09323498611195,179.0207962020524
good_form,112.93424197442619,127.74409557773431,176.9754439250243,179.4571737340195
good_form,108.68877227849892,123.76736636476892,177.97485765494082,179.98586086554243
good_form,105.32714466544711,121.37167165381071,179.06817236567042,177.87378597662934
good_form,101.67290238005555,115.99831695154066,176.8441370499442,174.90227855719596
good_form,101.16928134488613,109.96228850074984,175.21447355097345,173.34815308172108
good_form,97.03531125648945,98.07559730377196,175.24816203760585,172.43183804223992
good_form,91.33071901239218,93.46589834644999,178.16551539071236,172.60132886634315
good_form,88.01515216992868,88.9461128154876,177.83920560531976,171.8831785623763
good_form,85.05408968000381,85.11524137994999,178.94915015805424,172.34011742154811
good_form,78.71888017493936,80.63079793176753,178.9544782067288,173.85855396143953
good_form,74.53172726113179,75.97455482087406,178.02303756141336,175.5025448794782
good_form,67.82851891591643,72.29312552378677,177.04530864104254,176.40209170117828
good_form,65.95055344631672,74.51146534355414,177.48295683382258,177.0493097835086
good_form,63.20309802794412,72.69827827628457,177.204162802412,175.58988103423678
good_form,65.68134565571502,71.55925884269988,176.61791820371624,175.9088218937215
good_form,65.71416337565347,70.28598260866853,176.28263908714538,176.056501168373
good_form,65.71328534445733,70.6360691205213,176.02652588387724,175.25638758752316
good_form,65.27768600099728,70.18282694048865,177.10372897819926,174.59198398866076
good_form,66.18494467644214,74.20140098411444,177.47579349690852,174.52100346378487
good_form,66.87407405161885,74.51803414168897,177.3421089928522,174.66071071340744
good_form,64.49299896151885,74.82215767117137,177.18320721795794,174.63528575336912
good_form,64.25567260336129,75.33072607678871,177.211273125451,174.61055419684072
good_form,61.70628652951393,76.10736721944939,177.47586752978472,174.5543113897482
good_form,64.06019720471598,77.49044042898977,177.46051503712616,174.41786718542457
good_form,69.83254893764231,81.39007458371539,177.70244970151242,173.35794626666305
good_form,71.68903575378071,86.88479525830236,176.8389868693157,172.49135636569636
good_form,71.55032284499573,90.45070564199445,176.6087221886129,171.64011367247386
good_form,81.53454794674846,93.06261066093222,179.68146821978172,171.72345978388378
good_form,84.96351289099529,95.54673610734692,179.79312442876375,172.67847248969628
good_form,94.14553617728197,99.30742878241485,178.35493014226884,172.3235539925994
good_form,93.87203625334372,102.15794098780127,178.76210221863064,175.25462293091093
good_form,97.277703537417,105.07604822529518,178.0910352335792,176.5944697520376
good_form,99.36007115516769,110.26115020260268,178.24550018261687,176.00731257028167
good_form,102.76635393584998,112.986723065518,178.12106898376538,177.9920712058845
good_form,105.98081515636977,116.45313684005123,178.5489148460729,178.47736394802837
good_form,108.82997904848317,119.94665264505832,177.5780817317832,179.60376098712723
good_form,111.06831645175723,123.75304417677218,176.82645776294984,179.66497057660345
good_form,112.78502544777074,125.69425144794099,176.37518925719743,179.11629049682585
good_form,113.00083429393376,126.0440770613798,175.99442082785808,178.15197253765024
good_form,111.94077785846115,126.08563593742765,176.19981774521287,177.53882436262182
good_form,112.89310363515467,127.90927424284578,176.91533985564732,177.3542861758071
good_form,114.0591768143978,128.775726140512,177.60130599440828,178.05843208728268
good_form,116.21117036846411,130.9549933162139,177.3647359579043,176.39225467260837
good_form,119.57747796683101,132.68907107579412,178.3404672520341,177.09408417356906
good_form,122.55904340747372,135.31009265407354,178.34110541256607,177.5226205293105
good_form,125.30530695435601,137.14120446456408,179.05955631938164,178.6844808071661
good_form,127.01801958512637,138.20659379569,178.43159218961003,177.85768634539963
good_form,130.3596396646122,139.3944845821411,178.48798457727347,177.02404230179712
good_form,133.02648342732147,141.11702705586916,178.90182270405907,177.78549797400936
good_form,134.2253933962406,141.99757997157099,178.3387652486256,177.2372950649228
good_form,136.92878922167887,143.21484550466528,179.6193051139907,177.1195156971878
good_form,138.17450492375846,144.68624881502387,179.57040008968528,177.71077945730983
good_form,141.19657922060108,146.12727698475322,177.98186945924655,178.68983902465297
good_form,144.14749184055268,148.25048546956984,179.98509692554887,179.69032453308182
good_form,145.60257270103673,149.49829923597275,179.80786437242656,179.13619777147454
good_form,148.19857803306905,151.40011034124868,179.39549978042845,179.47974089009955
good_form,148.93028105334534,151.90874462459178,177.473566555948,178.37037418697363
good_form,151.3696442555192,153.62854730926438,178.16779918535528,178.58980710396133
good_form,151.99645338143029,154.64815768760315,179.52922327753552,179.04290896196505
good_form,151.53493444901147,155.2227714603017,179.43028579405538,179.6313916018563
good_form,152.8170777896711,156.7273168451668,179.26890597701203,179.11906057280078
good_form,152.5562107672169,157.46171728340687,179.73224069422994,179.53898335239717
good_form,152.8669720171748,158.32768828288062,179.80014859673443,179.93118825637185
good_form,153.39043217104012,159.41898591931596,178.24472857976005,179.84739624985974
good_form,154.51323879865487,160.59320691108417,177.85850344602582,179.1571936567828
good_form,155.088858014854,161.69616791787803,178.0181591689659,178.51018951508138
good_form,167.6089180304259,167.38975804395852,170.57228913969814,168.6749237353107
good_form,165.09692731458165,168.21785999647656,171.26332275811868,169.77530792411784
good_form,164.42836793309934,169.3177112488772,170.86324479626347,170.2395417613013
good_form,163.49971509005817,169.7288840684773,170.84547538454342,170.59695639674294
good_form,162.80126038411012,170.38189566994222,170.87678731838247,170.71346140200257
good_form,162.98574028626467,170.4915714593818,170.79405645704367,170.7308411469008
good_form,163.06582880497442,170.60708829595742,170.79069831688417,170.81766424321796
good_form,163.12071885204784,170.9093904430974,170.81590823823095,170.7703573302124
good_form,163.14435008269416,171.44267231078905,170.7961411919561,170.76274252753177
good_form,163.19182283740824,171.62137397344426,170.80331195802256,170.782679508241
good_form,163.25262190942422,171.59715937066758,170.79999060539188,170.75791501777744
good_form,163.15991044700573,171.6091015751954,170.7678862342251,170.64254877408604
good_form,163.19887996421605,171.5848605977411,170.72280447086246,170.58893968176608
good_form,163.21297945120202,171.3111059709515,170.66452181584324,170.50302612703788
good_form,163.0120946222502,170.3830305322211,170.7091398647619,170.44128716966938
good_form,163.15034665495875,170.35331695007014,170.4245873373884,170.06135798221567
good_form,163.12524471565985,170.02370818391785,170.22659775969282,169.8123433543491
good_form,163.3999084674975,169.93988585367282,170.05044897437566,169.7164323327285
good_form,162.97678776160618,169.68467016626528,169.54408077524326,168.93586796319542
good_form,162.19625688986486,169.43088657982616,169.45380675292506,168.73667145945785
good_form,162.03288283562702,169.39388610672106,169.20085136661135,168.73817412180972
good_form,161.8675925877352,169.50312327418956,169.1916402451093,168.7726317456573
good_form,161.8672924056305,169.6580649544681,169.09380931305853,168.88957401773672
good_form,161.91888505971306,169.92589001331635,168.8541574972279,168.8902067847569
good_form,161.99778466149573,170.07524793056422,169.03786728444214,169.03562262636945
good_form,162.02570920076818,170.6057322773259,169.33224359110895,169.23898109301533
good_form,161.98654451900367,170.86110041311844,169.2579168775079,169.23609418897098
good_form,162.2107750491873,171.1579966217656,169.12869728828505,169.30940602152785
good_form,162.0412680878144,171.07741055781918,168.92028337657575,169.06714552376056
good_form,163.13856978477432,171.5101810701771,168.33848969914064,168.76010417036696
good_form,163.0563901329957,171.60566466180043,168.04922315299,168.54280217089448
good_form,162.73159347417794,171.47833764248983,168.00558141071357,168.4573218030204
good_form,162.30814383934913,171.12447761640172,167.87238663039184,168.18231492597346
good_form,161.56060126536792,170.70899662095496,167.7249079112295,167.7288155859021
good_form,161.0096841653268,170.41429042704902,168.04413362138186,167.8220199336991
good_form,160.92029238056355,170.36056650679822,167.70840765171076,167.71161146805525
good_form,160.89744074468896,170.23609881774152,167.5090084057291,167.77412481675864
good_form,160.7441426441017,170.09262612057046,167.3367789726912,168.0000193911153
good_form,160.33597694093686,169.93995630466125,167.37724636607692,167.94930812915544
good_form,159.8983214342229,169.77238711647496,167.91682405166222,168.34696474085533
good_form,159.52564902245373,169.53008294174867,167.83082391378642,168.35505678985336
good_form,158.77762116142398,169.47660436798373,168.01338520918006,168.44108775403527
good_form,158.61117118269752,169.33920627493413,168.06743250447315,168.28009150437038
good_form,158.4167645740259,169.27388209490076,168.17539657192236,168.12365305927491
good_form,158.3778675314077,169.26787130767298,168.27243267645807,168.19341735419047
good_form,158.38048797254797,169.18964490426495,168.57783125216068,168.52412962647543
good_form,158.65603980810437,168.90898418207115,169.01329001975014,169.30489719171007
good_form,158.9533737810793,168.65659910664445,169.95150783828132,170.49428811492112
good_form,159.4629578802916,168.91275202761346,170.57870908677933,171.20008177815157
good_form,159.42644400226337,168.85244590668617,170.51997095986746,170.8629454643558
good_form,156.7587068112159,167.22448638302603,170.83871968583432,170.80738600155328
good_form,155.18039685500378,165.81025654336474,170.67232085566286,170.90446070653675
good_form,153.11828582772563,163.72126688430106,170.4629324860817,170.9786027012142
good_form,152.18126767210174,162.6834774585514,170.62648696837948,171.24705983673442
good_form,151.85294112483203,161.059275766729,171.01196915654026,171.76159345276403
good_form,151.2419070029692,160.22923207540788,170.80946007448438,172.22407149500282
good_form,150.79437829826546,159.7733404092787,171.63509688167056,172.73458874681987
good_form,150.28055347668055,158.8642642569163,173.26317029215855,173.143789317634
good_form,149.21385335697394,157.0873145288695,174.0742878296062,173.46251263388987
good_form,149.26415601459965,156.0213739245207,174.29623935387218,174.2326545516466
good_form,148.57130885308314,153.52022617300747,174.0362282861672,173.98493572135254
good_form,148.93239678092888,152.92407485508218,174.22908987438248,174.49703322578273
good_form,148.0154257486376,151.46986652469775,174.55341838317122,175.23061447792813
good_form,147.6270170316769,149.9476155215462,174.9202229011051,175.093938223268
good_form,145.7271996655155,148.34934429715437,175.34340314104912,175.76626859114126
good_form,144.26760519433395,145.9069858388937,174.84828181810045,175.26149331202205
good_form,140.50914998092261,142.88326431317722,175.66874499815506,176.27040637556888
good_form,136.65388566552238,140.4779711108257,174.4836628823658,175.8597224464883
good_form,135.36002143604972,138.99682788167092,174.09866491298322,176.50285542882165
good_form,134.4267382912111,138.51146743598983,175.7989613416669,178.06861153841768
good_form,133.29349843329027,137.18301519852113,176.6841552572533,178.63727499214238
good_form,129.32948678389076,134.0424542745063,176.2804145748258,178.37929298620259
good_form,127.6044965987109,130.9233021407917,176.53077505862979,177.9667650655697
good_form,124.92901114579843,129.13280798351633,178.75237713136076,179.57162414462084
good_form,122.75244106285469,127.53278992692161,179.87622003599986,179.65848432377615
good_form,119.89383388461906,124.72062310406379,179.7243038419078,179.09851299642406
good_form,116.93562525908885,123.0884922207056,178.77916484507776,177.88006434131532
good_form,114.81966732600412,120.60676604112464,178.76520345005204,177.0770983010195
good_form,111.73767998640614,118.80162845106018,179.01675135367793,176.80798863201204
good_form,109.48029805256375,118.07589718513019,177.6097101353477,176.52279621112186
good_form,107.46003201471022,116.7465654237833,175.9409842450689,174.61268458671177
good_form,105.95341231601208,113.95327122925431,175.64716595381813,175.04955617061134
good_form,103.17080476061916,111.93497704539469,175.02247565761112,173.70168749766253
good_form,101.8206660071531,110.98951644610449,175.73247440312278,174.15095018250227
good_form,99.03313846301936,109.62603889757074,176.09136904557042,174.47104545434448
good_form,97.4290402546094,108.54380723231414,176.13781003071384,174.67201341998273
good_form,95.24208306086099,104.69857543020441,175.0283146477251,173.98930008053048
good_form,91.04774208909137,100.66230674382437,174.68833383409543,173.79816404982935
good_form,87.37184155829121,99.32755574092363,175.65445191450206,174.20794491717191
good_form,83.68023652563748,93.09067335206498,175.3560927620009,173.5932911784554
good_form,82.24018933593125,91.25255792606862,175.1875605920504,173.4862687661552
good_form,78.87633133451598,89.24053092797787,175.79440909281274,173.00001113942432
good_form,75.87124860386676,85.47091763473908,176.3672077890019,173.02531351850587
good_form,75.34466667973145,83.25665221037764,176.22690178069467,172.33321976122627
good_form,74.12853975310891,80.29621398971157,175.8530978358255,172.18746959834743
good_form,75.33104826657042,79.2434393546775,174.9181876494618,170.52064450363525
good_form,74.52597886584647,79.28649333208357,175.16633165744113,170.1824027517472
good_form,74.21287565287712,77.74484683491302,174.5746716380144,169.51561980430975
good_form,73.35743579364981,74.49081968189373,175.29619026042644,170.61671633394576
good_form,69.67172010086472,74.75685516680113,175.93849831010706,170.26480295186232
good_form,67.15525351159776,73.37182260234721,175.99037126363913,170.4224685380997
good_form,64.62723733249085,71.760954307103,176.12498441610262,170.31864536366444
good_form,62.78646722349112,67.60631915095288,176.12765911338954,170.58275601571887
good_form,62.96782299136937,67.18719618713308,176.2497018411482,170.33373556095742
good_form,64.46878836155582,68.26817210574006,175.28790297834823,169.18540964871852
good_form,63.192349663871106,66.43238188305256,175.38866162216638,168.98868968859637
good_form,61.958197848327956,64.19809186913456,175.0016490820742,169.03358753421813
good_form,62.48622391010634,63.99099391306034,174.82190924190235,168.24382891783998
good_form,62.72873806152804,62.966784055692706,175.14374515511315,168.64668154702017
good_form,62.52542301638564,62.861928827517765,174.5536944987266,168.45982940022935
good_form,61.26146486854615,62.8096089584236,174.69340403146253,168.38707791094632
good_form,60.39238887855251,62.569215508127456,175.34628226421728,168.62872098940602
good_form,61.12348234829461,63.71517527892259,175.14259876879316,169.22937204002238
good_form,60.783792130413524,63.287540290293975,175.13586639117963,169.39167860017238
good_form,58.54474030694271,63.43323508608865,174.45381035136663,169.1042183258537
good_form,57.93161917862684,63.52864754237398,174.1468614474019,168.97345348921792
good_form,55.86014535683999,63.665427478960716,174.1338210643389,168.90512082785546
good_form,55.87794813425765,64.08066503870722,174.5239924134561,169.18561095889478
good_form,57.088065871799216,64.68614391356864,174.81142335565858,169.42473245037164
good_form,57.55407532375135,65.73321141720871,174.8530745039389,169.45723771400563
good_form,57.9978604631646,66.94093164531422,174.97290140542765,169.14264311508185
good_form,59.25408375737422,66.75988190095484,174.4690644734776,168.76519809043705
good_form,59.77208352170426,69.6755563691674,174.50602785424007,168.52545054223393
good_form,61.68445728342647,72.23725854840805,174.44590086178653,168.6332017571799
good_form,63.93289849261302,74.77771520704252,176.32954125999467,170.37262032337566
good_form,67.49726376474862,78.15202230240223,176.28674117052665,171.11107629427502
good_form,68.1840920213022,80.10790677835305,176.82673933243927,171.69665144851805
good_form,70.58491420705134,82.61277126064488,176.60608014869854,172.33205582583594
good_form,75.22785459855032,87.69495561774642,175.62914043103694,170.93348691947602
good_form,78.56720686505824,92.3882816294247,175.7350260916557,172.5721515098883
good_form,80.54378721561649,95.07706932221195,175.9609421322328,173.82471602018822
good_form,81.95392265228466,99.87874709132963,175.936743632257,174.0178949201686
good_form,86.44875243223764,105.1512808153786,177.58146538285584,175.35479365606204
good_form,94.53665875367253,110.25697834620968,177.70021414594328,176.38005078820754
good_form,99.22639462536887,113.39108686190224,178.1080489531172,176.54837192868172
good_form,104.88297832909622,118.34865429941064,179.850702795649,178.96582374050345
good_form,110.25529969905466,122.46979770230865,176.62612498530478,177.77366850070328
good_form,114.63341844349868,125.03129209459946,177.05458878760524,177.15386319685945
good_form,120.8473310999403,129.02169177188813,176.08046170414312,175.41694951374288
good_form,124.36030694541829,132.2273987730313,173.59792583849193,172.90582943961385
good_form,132.07937174908602,135.55461396508204,174.26062071016327,172.9133067109885
good_form,136.43092507173796,138.43787228410264,173.24780708926727,172.19844632372178
good_form,140.5854622176647,142.82536938951395,172.02246060882322,170.48225203786637
good_form,142.3303653690285,146.0285905633971,171.82140095269637,169.7378679604041
good_form,144.9326364615881,148.55936457714614,171.13711971358683,168.35984591136506
good_form,148.1300395819434,150.74873917251193,170.57879182981483,168.30197918281092
good_form,148.25696342068494,151.96000692659499,170.79781353049057,167.7535582344751
good_form,152.36736717089934,154.23052479006424,170.13396983321155,166.99067428007797
good_form,154.99696047262753,155.56426628424248,170.26894185648197,167.3161667524086
good_form,156.5257286154227,156.95043944231128,167.698474634307,164.99889784305037
good_form,157.76218078540376,158.5010836801175,167.5277886913369,165.32324932440883
good_form,160.2334328585334,159.95786038397148,167.12314267229675,165.30553242926806
good_form,162.57517570952007,161.52833727362056,167.11074884268618,165.86403702450534
good_form,162.59623382922115,163.43196319625892,167.1040364685818,164.5292406374801
good_form,164.64011974689194,168.09495007594361,166.8222118191249,164.28816250231125
good_form,163.0960362366268,169.70619868386137,166.9008029596095,164.43209125736095
good_form,163.9942178564609,170.30089482428156,165.56594126939103,163.69914848296628
good_form,163.84125161701047,170.49090467758637,166.48516717114137,164.61392595810773
good_form,164.15477883399544,171.08383533321424,166.25178775276297,164.8217591522324
good_form,164.40101672523426,171.8674656433167,166.8931129516702,165.55361503750564
good_form,165.58765443390752,172.28359449272438,167.55107070043863,165.361412581855
good_form,165.4144457467787,172.9951694342833,167.23388467264078,165.20356611727607
good_form,165.616854554746,173.66955342522374,166.00766411727793,164.3970430053188
good_form,165.56886477657213,173.74276702238194,165.52512542140332,164.29668921285048
good_form,165.49678180057344,173.67592393488965,165.44143961036988,163.87446477056776
good_form,165.83634283449675,173.46094657662425,165.52641881414985,163.96391122668715
good_form,165.8027183676558,173.75596180468085,165.66749095888443,163.98696163701342
good_form,165.46855609170188,173.63742802453805,165.4359610697676,163.7366550718554
good_form,165.20626453628242,173.64546911941025,165.2302237962083,163.42830517364797
good_form,164.82405221778376,173.7621027530309,164.43451818389144,163.1954999974956
good_form,164.70217685890523,173.64543610752511,163.78489248727172,162.72537686481644
good_form,165.25675346604154,173.51716280640025,163.45964846840772,161.9678523906532
good_form,164.41290123149716,173.1254571635582,163.36118734885218,161.36241448768888
good_form,163.3770550594417,172.95350930863128,162.91911451302695,160.613704222236
good_form,162.82743810268983,172.74610886971976,162.66121055162918,160.2269645770101
good_form,162.3364269416574,172.76090499931678,163.4103677499018,160.61201117941636
good_form,162.074727856107,172.8266442966951,163.9789957041373,161.26085882140143
good_form,161.9750449370656,172.56306477302212,164.58601831561072,162.14841435699404
good_form,162.2115423371833,172.24670455515388,164.34385790906623,162.07826396632274
good_form,161.98611161599203,171.64435841936128,164.16982931937835,162.09076650274568
good_form,161.53722341723605,171.1525559113047,163.6872668488054,161.7963047898405
good_form,161.1460031530267,170.63110711757693,163.8139878471984,162.06739706774098
good_form,161.01582258253322,169.74601174335453,164.11890019122734,162.71328326664096
good_form,160.56732194722628,168.82510528473006,164.02777376710884,162.83592802029372
good_form,159.89330008941957,166.0129366282271,164.54630758785663,164.15961932714546
good_form,159.37820955294603,163.82027129169353,165.0433627086476,165.3682305116675
good_form,157.81843068335868,162.3674366182969,167.10025886183553,166.83710207956534
good_form,156.20442196103588,160.62774010311873,167.83470379414067,167.845719977907
good_form,155.0291434458742,158.7857724966717,168.41997376818026,168.1455341636598
good_form,153.29815054377983,157.22599474835656,167.16312449445093,167.7101339362098
good_form,151.7551840412546,155.8195294044624,167.65420504464126,168.03741820589514
good_form,149.80774027479032,154.5971884647694,168.26046223459514,168.68772915754462
good_form,148.715662856101,152.1942405801182,169.2453819503608,169.239120063331
good_form,147.39524103959764,150.5326531860152,170.72402216427685,170.11843482102526
good_form,145.203277013958,147.7171365850563,170.00698072955964,169.74786885586818
good_form,143.13726460094475,146.64525229579,170.69511834707566,170.3402502556747
good_form,140.10600795302162,144.6343445471386,170.79569249596986,170.64262269059864
good_form,138.04033047050754,142.10726250522796,170.33000150419915,170.53822875045736
good_form,133.2214022081501,137.34536086280664,170.53039635281172,170.37030852197876
good_form,132.24338281601254,137.23767582784248,171.12195051721903,170.65223818533968
good_form,128.4128921662013,135.64560394344596,171.33947801264094,171.74197139611042
good_form,127.38736464186618,133.36830302933885,173.63263862424316,173.99182203742987
good_form,125.7557525819096,132.08819243612854,175.2061087318413,175.5920654742158
good_form,122.35842403310026,129.791508151889,175.14716039108816,176.79789816857343
good_form,118.08752968370202,127.3061119744188,175.58869515081741,177.54461239526
good_form,115.10731182672758,126.83910417446174,177.47645694761388,179.7212568071151
good_form,111.29632242409726,123.52026594226533,177.43572603956537,179.558752169284
good_form,110.51295599716818,120.6465193848142,177.64251997708857,179.2452438236691
good_form,107.6512412803148,117.69161238223039,178.64522798443835,179.13762009437113
good_form,104.35766846274265,114.62639198290958,179.069506909201,179.17517653853378
good_form,99.89598032146397,112.27757428383984,179.5450699548441,177.51894505062188
good_form,94.99808579836862,107.90886236648888,178.62922891100567,177.67569290498815
good_form,90.79211935885758,102.964436456286,179.00657841486955,177.6602833072725
good_form,85.8496356604081,99.3499190206702,178.96922040470753,177.20649272766073
good_form,81.87529250192809,93.9253731902976,178.2739231602838,178.5824538588507
good_form,78.4468286386547,92.66686806772394,178.3242030468879,178.2869859527656
good_form,75.05412827515063,88.80489576523394,178.16142283694816,177.77226743979742
good_form,72.4855436919049,85.91626963292629,176.70254719578287,178.29685194928643
good_form,69.2280729857301,82.4347681484487,176.07463282697194,177.7928315227704
good_form,67.7916744733381,80.23181999862688,176.9583657546196,176.64961778773338
good_form,66.99261093250556,77.82661000468646,177.5112699189073,175.3732953998893
good_form,68.44235052002466,76.49468090350825,175.8684751386237,176.10839102483033
good_form,70.1946439424622,74.35643610118395,176.64329665883508,176.03199150174913
good_form,68.40523671828498,73.22374435027314,177.3378515026487,175.77532055829977
good_form,66.63549625359381,72.30370985596488,178.36420925799666,174.73449698235723
good_form,65.42224249563421,72.31321027088565,178.588742813132,173.49920140301222
good_form,65.38742209715622,71.96252605160002,179.3384530115835,173.05294463748385
good_form,64.93283381742634,71.70049561582317,179.64451782794978,172.12980954608113
good_form,65.35624180698508,70.10325054098145,179.96701161836606,172.46952367447875
good_form,65.47932631844871,69.02702279793061,178.98745254203197,171.9610625820336
good_form,65.97856507065401,67.920618052982,178.39370597455596,171.26849537424278
good_form,65.29131103610892,66.89068295070909,178.82263870371335,171.4799715196517
good_form,65.46645164478494,65.48613018709311,178.05815885208773,170.5903176529197
good_form,64.18059337020564,64.550470754836,177.97251129828481,170.36987764838963
good_form,60.708553835795016,64.00474218313173,177.4952171514869,169.9771341792202
good_form,58.146780986065664,63.29935695689222,177.09573235596295,169.8168708286608
good_form,59.260789750171384,63.827724456454455,176.45178609071144,169.7138269742369
good_form,60.36452542467896,64.06155850673929,176.95895420269528,169.3801937409444
good_form,60.41675573037958,63.796158719187424,176.86100087455907,169.02058027232002
good_form,61.89577392681875,63.41227869019368,176.40880354554554,168.50830550859644
good_form,62.72041302344949,63.583125644723374,176.5558076229993,168.69966119350295
good_form,61.56315270021367,63.784190788649255,176.50704085866556,168.88009830582493
good_form,59.312481355077104,63.88240640366917,176.56042876723572,168.92753226584958
good_form,60.42186930889576,64.00892433363228,176.48045569863942,169.2718482168235
good_form,61.11225246437402,64.54788809329736,176.4981538143225,169.3727375897015
good_form,62.11290105785224,65.39764918979044,176.18708216959521,169.4970931935704
good_form,62.8408193650099,66.53618274179637,175.42499090196387,169.1121270311528
good_form,64.2008203674811,69.60960535469052,175.72112332010212,169.38337197737425
good_form,64.29634335142714,72.99973071549762,175.89585053933064,169.1994506953134
good_form,64.63907695003748,76.97840550203833,174.80415895836384,168.5225934048899
good_form,66.17249132038737,78.24088883051289,175.37622335476888,169.62353846146266
good_form,69.38917749552672,80.60056379018879,174.68344424580573,169.81264401046403
good_form,72.03906369187463,85.0997169453972,174.82750486115546,169.88502015781341
good_form,75.11711566497463,89.8287604218736,173.98061791791358,169.09985829525493
good_form,78.76918545164551,94.889731073724,173.53377258490505,169.75672136506643
good_form,82.06131908026099,97.90589935215213,173.53829605654798,171.05869238571648
good_form,79.52221172722972,101.87434094956849,174.67618166089986,172.36789440855924
good_form,86.07431561250306,107.18361086039229,175.58842640295188,173.15525303541648
good_form,93.68620238794796,112.15352290936043,175.17984804114676,172.7331139988325
good_form,100.81769535726332,117.23891843122581,174.25926278640833,172.86707380743326
good_form,107.10470625136807,120.85781760917035,173.76979819962418,172.66263298096874
good_form,109.66760103272235,122.86341699124752,177.32572415832024,175.68298273611097
good_form,114.31323815653809,128.0408669101233,178.93561050523925,177.3670276476455
good_form,120.79808457164783,131.0248344551992,179.27139639892002,179.72695395660946
good_form,129.20915180816095,134.24158238600256,179.87078064959348,179.98116695875538
good_form,134.18435742232342,138.3746872215324,178.57085889847286,178.0467316225357
good_form,137.62592107869622,141.9570875219964,177.11184005919807,176.1827797108058
good_form,141.91980305959697,145.25077569462883,176.56458851923364,175.0191793862087
good_form,143.77113858093128,148.21424552730363,177.08955736512462,175.84460190861444
good_form,147.53070064598464,151.71940835713988,176.10937168198083,175.1988305659567
good_form,153.54590615624346,155.05169444249842,176.6151599069967,175.06424485946093
good_form,156.30087330057668,156.61357648080894,175.89932219773019,173.44777588913672
good_form,158.773723480836,157.87350236868113,174.66505860966086,171.42480454590492
good_form,161.6714500665366,160.21020860449497,175.10052515446444,173.32048184269127
good_form,163.23556894486572,163.06048105451382,175.74884862783742,173.78721014744553
good_form,163.77308459861638,165.00888803808706,174.26083472467872,172.01834289744738
good_form,163.3514501971076,165.11853575552192,174.6342517641847,171.56213871544279
good_form,163.43807545473518,167.15006835507867,173.82872809607377,171.0359949790516
good_form,163.7686096169205,168.72420732701858,173.7431439227109,170.56582354192244
good_form,163.2724439622671,168.4741946655567,174.81330169991077,171.17230510672928
good_form,163.1791530930346,169.34181791627856,172.41281982369824,169.08586358418012
good_form,163.35711563812728,170.8647491591633,172.6766879630181,169.47975256377836
good_form,163.19345572282754,171.25891806377427,172.92221644814813,169.58411694001643
good_form,163.8675858878505,170.92099578302137,172.7750006565749,169.0350435329847
good_form,163.74621369260535,170.8619159390173,171.60463123782043,167.9454245288862
good_form,163.47985462066484,170.69495365562088,171.25747393350946,167.30820258980648
good_form,161.84194491704113,171.3516908789186,169.71924000496855,166.2673317087032
good_form,163.35480104295343,172.05046056491884,169.67243226412802,166.14244356499344
good_form,164.17509564067223,172.22338589711404,169.82631355126458,166.57383595033517
good_form,165.6802549013031,172.74166773986283,168.86434943155155,167.01261229920237
good_form,166.49889995326959,172.5499514755196,168.45815025536015,166.72154875437798
good_form,166.59852417685454,173.43357230921305,167.68955527039628,165.83446087795417
good_form,166.82683957466378,173.39413530959536,167.71631960520594,165.84310640829875
good_form,166.4138463389698,173.81590438716665,167.76365337101927,165.99719781967315
good_form,166.2170606990556,173.72037756854547,167.72289238862152,165.97228098818545
good_form,164.99481860133224,173.60169945131477,167.77557650489584,165.83535161564785
good_form,163.02508127134652,173.43190931986715,168.15349182447758,165.44835608686878
good_form,161.01720475486948,173.20756596467024,168.49536583811658,165.51250408733472
good_form,160.10307138111082,173.0164068932093,169.24706758035285,165.9956405408618
good_form,160.26956015201952,172.9441296187522,169.2515666679661,165.66666023175011
good_form,160.22545696627247,172.66514327457622,169.2089778832782,166.23160580464372
good_form,159.92072167524532,172.3512910695283,168.97478081216042,166.60338167191432
good_form,160.32201831032208,172.0505844352173,169.1974753754873,167.6314583990189
good_form,160.0478244050678,171.7562271692597,169.92588663918272,168.04819111580252
good_form,159.44937192180083,170.26485378296672,169.87584235655882,167.82321094178104
good_form,159.22770042294948,169.52322228866421,169.7189396667774,167.64556294696794
good_form,158.910316618071,168.4992747594224,170.5519364373165,168.72516178698535
good_form,158.40574950116013,166.97000073937326,171.56267222094533,170.11475823147882
good_form,157.46551387660878,165.69747017423856,171.6761548775298,171.62371321743547
good_form,157.25692392867919,165.42646915119028,172.1588473629066,173.70012496926293
good_form,156.2005983129179,164.45868930525307,173.08541299821553,174.46843257278263
good_form,155.55151527889424,163.28028166426517,174.36787637546857,175.70995588387893
good_form,154.34810428357017,161.59596715143712,174.7518954820153,176.26672631202803
good_form,153.1952818512267,159.8143216515757,175.86544490585464,177.2032380597692
good_form,152.2498852285005,158.96966567125207,175.29992364723444,177.16296113544263
good_form,150.32176860239795,157.980469855523,176.10838276776366,177.58136425355931
good_form,148.94948328153166,156.13791533850144,174.97322212643547,176.77964161272516
good_form,148.25363178083836,154.55559116572277,176.63516374722832,177.90944754871842
good_form,146.16688523375262,150.8902473497175,176.391954575796,177.91708914510232
good_form,143.5750165871381,146.79813946945,175.84715732771798,177.22959724604885
good_form,141.24650526898964,146.18855687562242,177.03931881880604,178.6181039482583
good_form,138.52910544766422,144.17869539078666,176.52338598187094,177.3113749452838
good_form,136.3494495733852,143.22268377809746,177.89683679282365,179.10792014361115
good_form,133.47100137028417,141.08526553767598,177.54161972231964,178.99792181875068
good_form,130.89760137221418,138.90254990382516,178.82569402666383,179.6889668286564
good_form,128.88298733711557,137.79360318661594,179.22111062182813,178.6069077082719
good_form,126.52121773542936,135.72760949004518,178.58775267269834,177.88418543437626
good_form,123.10429070643006,133.84580342730334,179.48166121036107,177.95428864260032
good_form,118.98984184685564,128.88763306842233,179.74973329879865,177.56012947686708
good_form,114.40191821882192,126.98604710536112,179.7823694139468,177.15269469105533
good_form,112.93656526051888,125.80655684918845,178.71280965714803,176.15516596892473
good_form,110.04935365609104,123.81362103673213,177.6502774881841,175.2727503683823
good_form,107.85592566168017,121.30299637252054,176.08652140875103,173.50379452102024
good_form,106.4536058447579,119.12063212269432,175.68909584237488,172.6358609187869
good_form,103.1887912872467,114.79933261400502,177.1554773188444,174.45666806017533
good_form,98.51427879833574,112.22495959153257,177.25899068866022,174.25324473862923
good_form,91.6059235363667,108.0345580554035,177.65307846252665,174.96006075205227
good_form,87.39485966062327,104.15020538166132,177.0314003595172,174.4922684414897
good_form,84.49967972452093,101.42126736811856,176.35369992122915,173.58377212066392
good_form,82.76461533177563,98.9524847154208,174.9940298528003,172.57154838508907
good_form,77.36135297732596,94.94586395979458,176.50806271038127,172.7665158702643
good_form,77.9741808291792,91.23356753334775,176.76788181640586,172.56445030744862
good_form,75.8293995760375,86.43953913559568,176.05907834158398,171.97110555388872
good_form,72.67970104126307,83.69386410136019,176.32692845003922,171.68291163878902
good_form,72.14487859384643,81.42845424769041,176.88662032530056,171.35220952274005
good_form,71.0435892416011,79.60214605185239,176.7058788193477,170.44910024093062
good_form,70.82562656988607,77.02979711410276,178.03170944595755,170.62984414384223
good_form,69.48686399259073,75.40254468971797,179.23139056236158,170.9113671462441
good_form,68.98863559490046,74.82336958042488,179.0897426858124,170.7506768798793
good_form,68.20533206673674,73.25521713366892,178.23009055131314,170.35907433443336
good_form,66.24046996816054,71.05354520859568,179.28268150231918,170.88701330923027
good_form,65.07242451424632,68.60085538935837,179.14089531793306,170.37514462835415
good_form,67.7146535872724,69.5579071760974,179.2262518251826,170.51993583873892
good_form,65.89733326483204,68.41218109443327,178.92769129498737,170.59648762049184
good_form,64.51024434521379,65.93123419484135,178.41919515559076,171.33055328876776
good_form,63.62663058962576,64.25090758021172,177.77656239912943,171.3442236254353
good_form,62.424112452288,62.14891832808602,177.45723262429607,171.47821492120534
good_form,62.77522552116647,61.41535338639426,177.9106959838325,171.31122533046252
good_form,53.77948895122052,60.1462500340231,177.07387581645335,171.2208355646232
good_form,51.12409072987436,59.393401987459015,176.27105651832693,170.58626877712658
good_form,51.332533193356156,59.2094674810326,175.76318375628324,170.11992276827627
good_form,52.33658686485431,59.987246224098236,174.79993833749973,169.2127514474783
good_form,50.63705757558858,58.46108171102644,174.22116008684856,168.97425207248415
good_form,46.88789018091837,61.53382530832578,173.54561649530964,168.77960158101322
good_form,45.13672910430505,62.816385071831036,173.18510303308653,169.16430142932663
good_form,44.8812852699402,62.63727208684675,173.82783768289832,170.20974355386016
good_form,44.48507795196917,54.33678305241951,174.52480405096557,170.90073031585692
good_form,44.83581487840367,53.536600518643056,174.81635524620927,171.08714525238935
good_form,45.60067861199619,53.9494042444632,175.77403215664052,171.84921659662385
good_form,46.10169732383303,54.68762047456807,176.42732231134426,172.15431414631954
good_form,46.50714627905728,54.85437263102768,176.5641386443391,172.56277215126772
good_form,46.75182294142214,53.90464578657445,176.8273572755676,172.91658599618168
good_form,48.65336499470768,54.23061504058105,177.2636006736908,173.48502990775472
good_form,51.652642083003194,55.73725755868633,177.42970958105676,173.10913619336836
good_form,52.04576582425389,57.45569646730181,177.3399170374171,172.95594403340218
good_form,52.83471964202651,60.823799428129696,177.32326148783713,172.4362000079131
good_form,53.694672925956056,64.94119631493265,176.08644488298782,171.20253602784308
good_form,55.233541861312844,69.63832084997145,176.53561448113982,170.4761313294644
good_form,58.9041495052076,73.18846955232208,175.83896910018538,170.06372687713812
good_form,65.55848201577192,76.5580640998051,177.0583399127553,170.7397039855368
good_form,69.83711666548798,82.11082206301869,176.54527236353894,170.21183815851984
good_form,73.35392409785385,87.4500122909981,176.6531655094492,170.84142329056758
good_form,77.30968624200042,91.33861596633434,175.71118740762964,170.92335891249078
good_form,78.64957963841876,95.75303220751151,176.27649479146126,171.2173634253016
good_form,80.99026263732198,99.85372936632618,176.98920679248357,172.46032755250232
good_form,83.66893417914333,103.21164775849537,175.86784180733957,172.38578357052182
good_form,86.5304518802698,106.87678569367417,175.44434812716034,171.56052944633214
good_form,92.14239188261743,111.88562067046803,176.05252875717787,172.51957610483058
good_form,98.87367579411857,115.0627231891423,176.34835956485497,173.78025939148657
good_form,104.2153132896523,118.59815262584296,175.91639848674623,174.35439229586814
good_form,108.25533621819244,121.31734362217811,175.68327695054603,174.05603481724
good_form,111.88852544571606,124.11093780203909,177.14224771459027,175.76259226406808
good_form,116.55186678836458,126.73418274737834,178.79916019280063,177.57984947483163
good_form,127.65541544810976,129.44895323250688,177.6863484670257,176.39411016158502
good_form,132.01720246183106,133.1152911262042,177.80310902715402,177.11598598626892
good_form,135.9286226506194,137.71513291774184,178.91861782154143,178.6319313623054
good_form,137.45773287326315,140.334252033974,178.97415613664077,179.20897116828343
good_form,141.08516850397152,144.20199852137358,176.69351465127292,176.56873990787471
good_form,147.66895380054706,148.66551903465603,175.97274806573574,175.28242676192605
good_form,151.59504733717037,151.52551631285792,174.37598677570932,173.45021008598962
good_form,154.00952256424077,153.77605910736236,174.55518485666593,173.7288761061598
good_form,155.13932234829105,154.6976830370706,174.2205365897173,172.2672844672277
good_form,158.10368990352652,157.17613341699925,175.25254088562056,173.09554992385904
good_form,160.19355863780743,158.5823845074905,174.28038626807853,172.97168411249623
good_form,161.03308053390666,159.93701718228405,174.8859095680585,173.14098729434335
good_form,162.0982392869304,162.158232112507,174.1546063716962,172.52719600273224
good_form,163.53506511249316,163.97187287063386,173.97686253799174,172.4494785632479
good_form,164.03945349487577,165.64701678165594,173.6455120789937,172.56169735077887
good_form,164.5003039693702,167.10656673901693,173.54053280146618,171.40681558478568
good_form,164.99132773255235,168.9987046999639,172.72585209666173,169.67188253413718
good_form,165.28846534181798,170.47186385254176,172.87164377545218,169.9628770516354
good_form,166.1098169050267,171.85740545918782,172.98506143025713,170.29530628328024
good_form,166.6722948779875,172.46958440896694,173.08056238939378,170.58032055724246
good_form,166.60938368019274,172.4738893433398,173.11313723804693,170.58568632647433
good_form,167.06239302516641,173.1239015011601,172.6321436508435,170.1746734531756
good_form,166.6434477782888,173.28399957446766,172.75199066049998,170.67462959575022
good_form,166.28225182005036,173.02189561973967,172.17895467953085,170.50218008455275
good_form,166.24446291205413,173.1761095378406,172.13041592365087,170.59103041828018
good_form,165.81003372623985,173.3245106343924,172.12082341401197,170.62052298239013
good_form,165.1112584868751,173.1189814292958,172.02280239208045,170.7560168804267
good_form,165.06323165241272,173.01712495017173,171.84922789621146,170.72642592098973
good_form,165.1580079695959,172.95915590597681,171.20113113639545,170.60090631020788
good_form,164.8796338218086,172.85832862779054,170.89433490960644,170.28937050553873
good_form,164.28180684754193,172.64260072599632,170.79781229978605,170.191863229579
good_form,163.47113454362653,172.44548290856685,170.73796801893602,170.11214169177737
good_form,162.61940807777836,172.3076367628581,170.7357436128726,170.11844857763302
good_form,162.52938023027286,172.3789047862166,170.70437804084474,170.32505988285038
good_form,162.46607753859288,172.35738754951026,170.74347114238049,170.41831903143563
good_form,162.48777784495385,172.34543328092334,170.7587882080731,170.7250650620186
good_form,162.4832726070825,172.3633895550555,170.96365841749338,171.39173603856395
good_form,162.29648176690614,171.6908602652002,171.08912338752626,171.653754033067
good_form,161.09426292316346,170.19040756873244,171.06258057217357,171.4593324761926
good_form,160.63294413822788,169.3806864143414,170.9343410504713,172.00510673926541
good_form,160.1566332877451,168.5726366342946,170.95610002298193,172.07959538120517
good_form,158.882062482221,166.9433659068898,171.29537153268276,171.74875154215076
good_form,157.93361678543482,166.00150164558215,172.37025930642318,173.28601887521032
good_form,157.32009679104885,165.42712635900463,172.83291137761535,173.21905655299892
good_form,155.51007877149166,163.1141957505537,173.3849571813744,173.6672030134785
good_form,154.32453697034015,161.1096141253704,174.14882787282792,175.2144075292537
good_form,153.61163459168338,158.61534955724358,174.48574213251365,175.7667330774199
good_form,152.6496479362909,156.86312246499952,175.2947791872333,176.05429415635064
good_form,151.12249620777985,154.58529976764794,174.89013037710626,176.40503370552116
good_form,148.62924114384163,151.9059667234173,175.10034342971161,176.8361140564935
good_form,145.56248223792284,149.36576246521378,175.4952441662488,177.8130602023216
good_form,142.91312412918012,148.18092703749306,177.11373193183158,179.2208255446051
good_form,141.09943495940598,145.53972088180214,176.53811282651643,178.79461835278377
good_form,140.53984043769088,143.4989100829027,178.26786120559265,178.957980401529
good_form,138.18747355254874,140.4823195862869,179.63154637181214,176.42697636996814
good_form,133.97722665333364,137.3909281035546,179.2799443129222,176.62800899933532
good_form,131.1708625212928,133.95319809090847,178.2153126840469,176.36479176324883
good_form,127.88063020644776,130.1450555998813,179.27678628770815,177.2837300279373
good_form,123.06338679810108,129.18191157094785,178.6984623343953,176.3347269558393
good_form,118.08939120031351,127.22000422313562,176.9925521730997,174.86082544621877
good_form,113.69871160165928,124.19683857989118,175.48258369034565,173.77778373911423
good_form,112.7016993976407,123.11112457632997,173.57724474975072,171.7459107422452
good_form,110.74331429134925,119.6868120855625,174.04181718471725,172.11535054495573
good_form,108.25346177405862,117.30617646208101,174.31547516127773,172.0980103027764
good_form,105.34676566106883,114.70099231092729,173.52588413360826,171.07529878747795
good_form,100.0310467187215,112.37218636103644,174.31443960687668,171.11390491575514
good_form,97.71770933913113,109.95859597695095,174.38870068805335,171.45619110407534
good_form,93.07140647560283,106.30094070075145,174.98564896252654,171.17956110647938
good_form,90.23301795116708,104.2417752100039,174.30584965055263,170.51335874292636
good_form,86.10614450933824,100.7963716151903,175.70013755025442,172.07466249852314
good_form,84.30159515067258,96.05733758555093,175.85176898370233,172.35280589062702
good_form,80.49064713220028,91.97199748182359,175.62647430548301,172.0888342022561
good_form,77.85964027227486,87.86071216028506,176.15165527624694,172.3639202537618
good_form,74.98107435295476,85.55270985872859,176.51791274608377,172.68223451317442
good_form,72.38003450613252,80.91730297385192,177.3236666544889,172.5157989655127
good_form,71.80138368376059,79.7502990097996,177.36067783690933,171.94030224208805
good_form,67.94139429111412,78.80173898110519,178.11935275212963,171.87661443978467
good_form,68.14842506181583,77.48498754559651,177.5755868674558,171.3920767705823
good_form,67.2289394187679,76.50000515002093,177.90247327450518,171.9184657439363
good_form,67.15172977419593,74.93812531132224,177.98460945184794,171.3166983100659
good_form,67.197303840882,73.9943432562588,177.58055170876636,171.130244415034
good_form,65.41830500109339,73.18315452382221,178.39478751871653,170.8879956486103
good_form,65.59192864947664,72.75811010004794,178.36773165953403,170.71414397742748
good_form,65.24407997708965,72.14221676246424,177.8542804889782,170.19523835126543
good_form,66.5237068801074,71.06555933508795,177.94320049855142,169.75958489404292
good_form,65.66799722105782,69.29360492546017,177.24036833011817,169.5122061859851
good_form,62.85925550348729,66.27051900331891,176.76522673703153,168.81150683795013
good_form,60.533841854529726,64.22682021342803,176.00488620194417,168.4422971480487
good_form,58.51068526512817,63.467661050941366,175.73809045200716,168.6450290170111
good_form,53.31923704666559,61.756073396743176,175.0980793412861,168.5431487375978
good_form,53.770901785459706,60.67634576552472,175.2124172879433,169.04871600794624
good_form,52.44394346385382,59.35411647580193,175.5228520035967,169.7948115974557
good_form,49.90586520664272,57.81041530270226,175.504857312198,170.00686623645544
good_form,47.44710609837577,56.75864590596536,175.03276302851654,169.88440268596912
good_form,45.457682489964604,55.53293523110694,174.964722280759,170.16259119824818
good_form,43.115319674152055,54.4946680198656,174.8430335914123,170.42718339743126
good_form,43.43053650852354,54.01553628816912,174.8876131978995,170.39629870306715
good_form,43.740527423070795,53.827117257244524,174.86488424779904,170.44816962899242
good_form,43.68913015953438,53.53912910451565,175.13258209235096,170.84682888201388
good_form,45.1852539132036,53.499191570235396,176.03341633156086,170.81156531423895
good_form,45.75528522998469,53.60828119737784,176.2145033534092,171.0396279828237
good_form,46.18741185578107,53.607614081186895,176.3979515956265,171.35551900617486
good_form,45.99050018905931,53.6786841091866,176.35707637829987,171.3889351639738
good_form,46.972914887293214,54.97195221713941,176.46039720475014,171.3476040118484
good_form,47.166802950590466,55.610641209148284,176.70543060400436,171.38334406024396
good_form,47.09638648075183,56.41857544988204,176.55028295249005,171.17733147057172
good_form,49.289106217374865,59.14225861682228,176.3129848013031,171.43868014588898
good_form,52.683710306862245,64.06316093736191,175.20403818921415,170.53461193674644
good_form,55.244280588836425,67.96943249403928,175.23050058768362,169.8088888886982
good_form,57.052865270379236,71.0426435813229,175.3956168265775,169.36635634578715
good_form,58.469645091786155,73.40922080042917,174.75989565373078,168.9658217122645
good_form,63.204973793278654,78.02639641960668,173.80357727159037,168.58366981021584
good_form,67.26557973821541,81.48791217697473,173.43685701931884,168.79915912232457
good_form,70.5938100268793,83.28449134629841,173.1210898367956,168.69940282114888
good_form,74.19797940873235,86.8407181668017,172.77595968141068,169.1737061982782
good_form,77.9290045168919,92.32232091123197,172.3180770433173,170.40422909430657
good_form,78.91887822150461,97.60863717743037,172.81238490235853,170.79256363450895
good_form,78.13632425228337,102.73816845741442,173.49246622237564,171.12838415041037
good_form,85.83336425479492,107.61700282650905,174.24206100508505,173.59468879461667
good_form,93.19688628399476,112.24403470946427,175.00375158069048,173.68794180977457
good_form,99.08563440850106,118.0449525311435,175.1927958685164,173.72270103098347
good_form,105.4183361185184,124.00962837793989,175.36057627983627,174.40853664836203
good_form,110.44843021058264,127.06066477852148,175.80759397255514,174.78656960456198
good_form,116.30517043966965,130.26944783952305,175.90807951375967,175.39510992475988
good_form,121.87885364755958,132.06091809262549,178.13609817377528,177.569628707995
good_form,126.95365301281583,134.39468269656516,179.66487233611196,179.57793053165022
good_form,131.686612273637,136.76428224213797,179.27970590362983,178.4559667727507
good_form,136.5017731050942,139.27463934728658,179.0577878072293,178.26984988138744
good_form,138.83562895409963,142.52657485041308,176.70078810172112,175.48373633626
good_form,140.58698124017897,145.57227252858272,174.6819750640179,171.59049669672874
good_form,144.11155963691715,148.42322182726065,173.5836238278017,169.60354139649195
good_form,145.78196321526946,150.60304018232534,173.67286672432328,170.2381862749729
good_form,149.46416549357625,153.18773090789057,174.94517204359576,169.83662507123242
good_form,151.81800021203847,155.567655986265,174.13305811098314,170.43469576646478
good_form,153.4985050899218,157.62376763181354,174.28242160612777,170.91046686100557
good_form,153.6311553120097,159.6947046698472,173.28471521406087,170.37013389941072
good_form,156.35876215287158,161.73793738298994,173.3586908383786,170.47551270594943
good_form,157.5280161850344,163.31387481935627,172.7917041139625,169.52712904054985
good_form,159.25158940274616,164.73200881239563,170.7373016979929,168.30441455260814
good_form,160.3724483811988,165.77275118312926,170.8774577435067,168.1962456285091
good_form,161.39486851648482,166.7161640453301,170.69088592012687,167.6913426376154
good_form,161.56982383595974,167.5745033420972,170.12477479425527,166.5740182060181
good_form,164.23732618173108,169.43578464948106,169.65093049131602,166.05828198283604
good_form,164.86809894229273,169.86660574400486,169.75427815595964,166.06553027841957
good_form,164.4351934891152,170.05649582695153,169.69567406134962,165.94288313503301
good_form,164.24881590537956,170.4104059891623,168.43605316106,164.94128871792697
good_form,163.9231298378709,170.79836027718767,168.3782913807967,164.6265085145227
good_form,164.7157131728658,171.77643659377006,159.93230980843325,163.9748373161511
good_form,164.73369253301942,171.86472549890857,164.86276000995733,163.1166132239416
good_form,164.90319031227145,172.76849796698596,165.09957995682595,162.67076101691708
good_form,164.41997298680565,172.56286988378275,158.42930199376445,162.75358365904654
good_form,164.33915228645796,172.3451580163142,164.23399675221606,163.06646704311163
good_form,164.46119509258392,172.41976967138584,166.5194374545833,163.4473124454337
good_form,164.42179362184788,172.41573250449898,167.18933486933764,163.50565840734203
good_form,164.40744242336842,172.72496067967893,167.58924106357642,163.56283292285357
good_form,163.94343531890945,172.6692633844052,167.83349019948767,163.58346029250515
good_form,163.71286393309958,172.70619327220317,167.37542233437355,163.74032608146828
good_form,163.60145810478397,172.63997220652325,166.99386916328137,163.97312803848527
good_form,163.15339894956227,172.5038773984647,166.89004990227744,163.90740158727925
good_form,162.25326718207012,172.31757051358474,166.6753357449323,163.83116196813555
good_form,161.78396099690298,171.9387562136289,166.5782440168605,163.94278625229563
good_form,161.4931775101547,171.6890539674348,166.2913051778349,164.13488483161152
good_form,161.3412414102159,171.53130874850729,165.9973982776547,164.18645649012828
good_form,161.2541130271945,171.47878268267272,165.63745092690974,164.20233493677688
good_form,161.09159805126927,171.42404029307747,166.0536826859498,164.99165086560012
good_form,161.23675822010628,171.38107433369584,165.92363686973056,164.8384762978972
good_form,162.0102019491575,171.13308653826388,165.57240451142118,164.71320664796016
good_form,161.46221257427564,170.81678957239512,165.43204363839328,164.9368586620005
good_form,161.24082761771265,170.65243819959088,165.44615304483443,165.40606758188108
good_form,160.98906832354373,169.94055087153336,165.52540711712066,165.49973899215203
good_form,160.23145472824825,168.66203207033155,165.57253378423363,165.86102067394413
good_form,157.73831044271168,167.45747058252238,166.15375704052286,166.76830857654824
good_form,156.42575765525083,166.61193049678806,166.687436802367,167.2387200192454
good_form,155.688526963664,165.30807765203113,168.33436309708924,168.66210227110543
good_form,155.03927511658839,164.60244588170355,168.84824661286314,167.7352481180022
good_form,153.9643902572548,163.99419821136735,169.26745282419373,168.63890253078208
good_form,152.17968527569926,163.13880657364956,169.41424389697116,169.36057830119543
good_form,150.86771263675314,161.2484436474209,169.765386988291,170.21353929836013
good_form,149.78592128922898,158.5951497763636,172.91439699495706,171.95914431558595
good_form,147.99270659751326,156.7184093649391,173.38185067439528,173.09619779642978
good_form,145.29860979116174,155.22037841386103,174.84210160329292,174.43127935706042
good_form,144.08536331819562,154.12247652932922,173.92343715296374,174.92436125385603
good_form,144.62736516483974,153.39006156284708,174.51552607159374,175.37507725177514
good_form,142.91153931173648,151.11556936364826,173.9876049994915,174.85702719602455
good_form,141.00746187122132,147.65064948813858,173.4633203264505,175.22043592687467
good_form,138.8475956149772,144.2314767439074,173.50106536422916,176.03621023309853
good_form,137.95330921316537,143.07331424330548,174.29955906913773,177.67875918418457
good_form,134.86452802468463,139.765556822095,174.498814473234,177.72227397162135
good_form,131.99014551572898,138.68133501341478,175.21288822208132,177.531243414012
good_form,129.44513311694578,136.46002902062017,176.3440925691356,177.90004823924778
good_form,127.22918490649351,135.37014288227155,177.59596069736463,178.87397814658632
good_form,121.74643583441399,133.45061384948957,177.63068720945705,179.1547874987968
good_form,118.45419157714453,129.52245644280111,177.4804618580184,179.2403911808243
good_form,114.21975590776992,127.76457561425434,178.15555233427818,179.99837592346438
good_form,108.49650161831073,124.98657811138014,178.3731435154373,179.9349012328732
good_form,106.39083874672004,122.95309121943146,179.46702155173725,179.3817383676534
good_form,103.10516597413864,119.81832653988965,177.68309297508102,176.64607759852078
good_form,102.3221982172207,116.54681214064676,176.73943048543958,175.80910879919367
good_form,100.05942381584846,113.3578122362202,177.23715262467493,175.8085322886223
good_form,96.12142455316634,110.76211363367881,177.29364738591696,175.9923765234372
good_form,92.0779533034072,107.76335946615549,178.40979275032336,176.57607740931425
good_form,90.1632854087811,103.84810480141878,176.40408823331666,175.671668126202
good_form,88.23817439942196,101.20360962819724,175.23546191025645,174.94184276860625
good_form,86.31126964382018,99.55984723061049,175.3722284088775,174.2073383234773
good_form,82.56391548583956,95.95073011629418,175.9030431379532,174.4792676694768
good_form,77.5152256386775,93.45725713127493,176.4780361299193,174.24528905358503
good_form,75.37971909733824,89.93293593912868,177.8809080208966,174.43512853090633
good_form,73.57806165544,85.70427518241625,178.73998550132933,173.96083256636578
good_form,73.14442055433706,82.34918497298753,178.35175940538608,172.88487843457466
good_form,70.81974610031575,80.94496519340473,179.23492101270352,172.62181016375624
good_form,69.48879618481094,78.67173040005089,179.40215393659014,172.89548487568266
good_form,68.76027919749805,77.47845291528053,179.98254049010012,172.96538782549516
good_form,67.63973666291358,76.65224591466725,179.3954268472534,172.9471155134686
good_form,67.16265567913622,75.13614006227516,179.78870212468718,173.23692338146108
good_form,68.85892055978971,74.79123315631827,179.66324424331026,173.36616899775007
good_form,67.351348552163,73.61644898011869,178.89416162376426,173.44730036144668
good_form,65.7920560780644,72.79305875747221,179.35058934814302,173.31706789961729
good_form,63.648494515529634,70.71536820725647,179.2264652058279,172.9876181636517
good_form,62.360759679457225,67.74336584078699,179.5158693504177,172.85982834443737
good_form,58.43135577931513,65.9128319828155,179.05456022282118,171.8608269615902
good_form,54.522366912814036,63.51410850672333,178.11839902554556,171.95026127740303
good_form,53.201784933930185,63.25210051200395,178.05814717443147,171.37193638865187
good_form,53.45429907479402,61.849270258493064,177.18216319535458,170.62574984113164
good_form,49.12863457551407,58.501341335807375,176.25542367640506,170.88677104022614
good_form,49.47390364230766,57.243108097577085,176.55256552477002,171.62468938089253
good_form,47.48336712362853,56.26871215179552,176.35542263477842,171.44680203090118
good_form,47.41486523758796,55.07839037979482,176.43563101255248,172.0842492836282
good_form,47.08416890490955,55.034683419618915,176.50333953737282,171.97423141727987
good_form,46.47155114824423,54.479181996863296,176.330521495992,171.9041042824703
good_form,45.59906708605484,53.171220259754655,176.13854215541136,171.54799983248694
good_form,45.28783874388307,52.73387357662739,176.0104745262695,171.6636841828763
good_form,45.478050905818215,52.51543784050478,175.6575952472404,171.47239436092968
good_form,45.60301269866693,52.71764427135914,175.48082087433502,171.37471283154437
good_form,45.457164233392376,52.56988526285569,175.0786574445479,170.98111837496364
good_form,45.034619046831146,52.2873319410217,175.40299088772755,170.98733719109458
good_form,44.8179036793147,51.72390137976462,175.4067963339044,171.06503518716212
good_form,44.589500083541175,51.46494170084577,175.58569430013964,171.26855793080438
good_form,44.49297548749998,51.59435900920864,175.7237300598663,171.4960665953021
good_form,44.12403894833125,52.383641614192754,176.03109616337537,171.30300216746042
good_form,42.701154928084804,51.7258449496637,175.619636241886,171.0323426481063
good_form,42.69485740899413,52.8096795976274,174.17132245425753,170.21044222515584
good_form,44.085834779402525,56.18142700734159,172.93932438229635,168.57760170331167
good_form,44.76839794253382,57.48617795476707,173.29827227531095,168.36716319937258
good_form,47.29881017533805,59.900365401569985,174.25776499035854,168.4378296744352
good_form,47.98652489340141,62.714384787831946,174.67414909705542,169.05671773792864
good_form,49.95156526044314,65.93400423484783,174.2596056883658,169.14053136510117
good_form,52.25088169145653,68.83347041422137,175.0906468720835,170.04166510233523
good_form,58.10637739991663,72.53912917991822,175.89036128469897,170.49425176839765
good_form,61.12057715255223,76.21256065107674,175.27081285024556,169.60425325851133
good_form,67.32154366550822,79.17945386297784,175.36238962111867,169.04518870874932
good_form,71.23144044423537,82.47131444153729,174.26639819543524,168.70706378095497
good_form,76.31505678822008,85.26708634015574,173.7869866305193,169.1669407036984
good_form,79.4073891445124,89.89566427678467,173.47182625323114,169.45529194024994
good_form,80.64089391741686,95.5751558289211,174.1272267625948,170.23918719270873
good_form,84.63643055101122,100.68703503616013,174.48519089169446,171.54896398680808
good_form,85.05774403066096,103.77623971285121,176.1180471375542,174.30368618300588
good_form,88.64738620047369,107.42376222811022,177.54687870556316,175.1340566616276
good_form,91.38239778549512,111.25355325751573,177.057052004666,173.98654241903054
good_form,99.2975739183784,114.80207421549733,176.3285301612913,174.14603836770593
good_form,105.40602663089157,118.68429620597134,177.38875923620398,176.31037957747094
good_form,110.91071474095247,121.79539225211735,178.72422784235457,178.2534865910144
good_form,112.98165408353005,124.11950920983212,178.94376415561524,179.62297008881222
good_form,117.23349178287702,126.07439876483778,177.06129511690094,177.37181799308158
good_form,121.43924276531214,130.16205513781438,174.96701956701258,174.9083528945189
good_form,131.71345428236606,132.9061414577441,174.90475316953888,173.95762164715813
good_form,133.97629363966712,136.0738482072193,174.53915861858724,172.86707124875784
good_form,135.63013126027616,138.94881769991957,173.36853144813836,171.8904011042811
good_form,139.80900868645708,143.57032040033744,172.51210481785165,171.01194768809572
good_form,143.96545280496565,146.7728161539314,172.20005556583487,169.40457910411592
good_form,145.79184592978706,148.26522984230638,173.23348112104375,168.42948269049413
good_form,147.9445914138227,151.13225364689993,172.4219264260999,167.8182505083962
good_form,149.7942034112158,153.38911569236657,172.2373557175042,168.2697224258527
good_form,153.2104533139815,155.44696984307834,170.87670559510298,166.23481630505657
good_form,156.1978250106839,158.1803012779051,168.43275113142772,163.85996610782462
good_form,160.01236128454715,160.93350890674517,169.81931132876886,164.61998803128043
good_form,160.20517161205242,161.56416535181123,169.30098098681142,165.7325427354108
good_form,161.87352599204235,165.06652565897042,168.88623723409967,165.57349327708604
good_form,163.94503790662588,169.27233441932154,169.48811340525342,166.4109292899071
good_form,165.58629170036764,170.6561447768932,169.60679312334818,166.11930338650168
good_form,130.77107343214885,147.32169796268863,164.95999131290566,166.67297222466948
good_form,130.4124460176491,145.22935244063842,166.2068744594619,167.8866760942486
good_form,131.61782722406514,142.6409115468653,167.02750789728194,168.39950156818517
good_form,133.14528306610936,139.2388094436215,167.59738066956268,168.84036692640214
good_form,135.2589938687696,138.90575237015844,167.64567486915357,169.00707194605926
good_form,134.91476155122297,139.16813353622678,167.64126152888454,168.80244740502835
good_form,134.13598725916518,139.25382138392868,167.6583768368319,168.79313852124255
good_form,133.81770785536426,139.11710961207987,167.80145271148976,168.85397021461847
good_form,131.29778346371538,138.58278577152498,168.20256075228727,168.8789677908878
good_form,130.2206429479566,137.9587753921893,168.26132301636108,168.93544184061997
good_form,128.38274048752677,136.66270329255778,168.30444248012603,168.94376279116813
good_form,128.50561602504746,136.26474762569086,168.58387970938472,169.034324824131
good_form,128.5228008785838,135.65092510528737,168.8260748589564,169.36358887818594
good_form,127.94434800760048,135.65190986626789,168.72676518345668,169.32611446646365
good_form,127.42852070369835,135.9133021458707,168.4882350480654,169.13944389784493
good_form,127.2596330504997,136.12009736890602,168.5022440116927,169.22059001105237
good_form,128.0771127030583,137.08765284291354,168.782516108522,169.5056820162265
good_form,128.87432291220773,137.3688062684907,169.03711668420146,169.7510713089446
good_form,128.30272677007133,137.66850032286547,169.21986542246705,169.7706676277548
good_form,128.2146754079686,138.78700044630642,169.16012315794492,169.76041630925485
good_form,128.62358556004665,139.49563211625085,168.98533383817977,169.64559444372003
good_form,128.7769502919825,138.61464098829103,168.84561441795702,169.69844101414495
good_form,128.794243829551,137.3162984525366,168.79087075916334,169.76993148094041
good_form,129.55597489654087,137.63430952093066,168.6506389250586,169.87825483803093
good_form,130.00447847322684,138.332027447657,168.44766154981366,170.07185134697838
good_form,129.9737620839377,138.51171724941435,168.28391864467505,170.21331977712424
good_form,130.8539351353695,138.4300750138577,167.99178174523584,170.45394754140509
good_form,131.06383827639712,138.46174457728057,167.17134135729464,170.77067901481823
good_form,131.55663141132035,138.88604643123045,167.15398420983726,170.8070452829806
good_form,132.26127583676086,139.31253639806218,167.08344300428777,170.94197755676845
good_form,132.41195713921206,139.92214118785623,166.96216511856971,170.9534017733491
good_form,132.46584353367146,140.4972145534717,166.856277244909,171.06966852155313
good_form,135.03797961226994,140.70492753457796,166.42029440292504,171.19805776306563
good_form,134.8991771288525,140.47156055408598,166.4996858204099,171.37494911724576
good_form,134.1673034061492,140.46255553765982,166.73187979708814,171.46964388150428
good_form,133.78793564272465,140.29327848317493,167.32973905810974,171.56942831133503
good_form,134.55552774391268,140.26980013819033,168.014373932119,171.65463532117667
good_form,135.26523461080717,140.5858494088308,169.7166121518848,171.98777545235495
good_form,134.86623130199152,141.0903418945915,170.43702447852635,172.15309475647098
good_form,133.15303591901326,140.4422880835001,170.66057559533525,172.2628475434566
good_form,130.10121067968072,138.94152084606827,170.74275421444025,172.28851337472523
good_form,126.82518130175797,135.60455589548187,170.74177562204954,172.63000120901742
good_form,124.88100287147601,132.18814749221517,170.62095625806376,172.90739176822208
good_form,124.07543751057703,129.1624812948322,170.79610575178216,173.23967390516245
good_form,121.92260884021073,124.26222280403263,171.26507601453451,173.50474542203662
good_form,118.63364937259792,119.31821208036546,171.3808867214294,173.5915215258941
good_form,116.12180895814468,116.28160810336483,171.56041248879532,173.71127763784526
good_form,111.95800748348418,112.02430096321712,171.91970302106816,173.71408326065043
good_form,110.70893550944707,110.38721713141564,172.83792582625782,173.9634319029045
good_form,109.82208790229217,108.8795977237614,173.59019023532622,174.40416713954946
good_form,103.08204334846629,104.6166535143062,174.1361140028898,174.72489555433867
good_form,92.1832560363331,99.56970560447421,173.83047320184488,174.57548114027668
good_form,88.20561470979372,96.08980789046882,174.20980541361826,175.25034849274243
good_form,84.66772939241979,93.38839090499036,174.62330472538733,175.6633145391816
good_form,81.62129206575128,91.47575736816167,175.52209314340905,176.39566690094017
good_form,74.8854285772469,87.15302222266578,175.04081141279045,176.1177548510288
good_form,69.11912597892076,82.62151171679638,175.2311638953965,175.7995584858123
good_form,67.03929324888237,79.73128718556246,175.2083279124978,175.48763291209247
good_form,65.15143636121218,77.72307397733543,175.49185600420188,175.71511124605584
good_form,61.15423672540661,76.60090171773085,176.27645787301844,175.95603650060482
good_form,58.149108066496936,74.55186313986495,176.23836993345614,176.19477374480766
good_form,55.98569688070946,71.32453690275982,176.62412530821945,175.9351679827803
good_form,54.69574246370199,68.43028157115073,177.24121427654117,176.1014674488755
good_form,54.83470668152652,65.43831554650932,177.3002723676728,175.80013904865112
good_form,53.68848856831996,61.34642395011602,177.5701404688904,176.18529966192202
good_form,51.86033485822437,59.296415457861684,177.65051411257664,176.45097849230402
good_form,49.73304649016887,57.599274295175384,178.05126628643194,176.64675806775935
good_form,46.00947264307426,56.41116948394735,178.09303992223556,176.56239157371894
good_form,44.20314049564927,54.62970065428121,178.45606918582564,176.52583231215263
good_form,41.735931845971734,53.20708140747717,178.5737124921087,176.30832129820155
good_form,41.487108815487375,51.694083473411034,178.58334080014302,176.0197960429866
good_form,40.984676377629675,50.048922428055114,178.38833217162835,175.61287217478508
good_form,41.695698979417784,48.14571975676524,178.05562166731704,175.00894792040395
good_form,45.52903849515194,45.99540698444575,178.18340129320157,174.68404714911398
good_form,49.158065884906634,44.32854612913491,178.2978782916565,174.55241419610195
good_form,50.29403137507634,42.92259603760763,178.205492247439,174.99278046739244
good_form,50.242636435725096,42.298984682600576,178.15952487665274,174.96831215347646
good_form,49.25236058931467,41.6229031508522,178.22738870009198,174.89030421274552
good_form,50.63215472784502,40.743434155743785,178.3679147661315,174.99446901845567
good_form,49.0102034569972,39.66173806843152,178.5853300300672,175.1535175594988
good_form,47.87026010566021,38.909347730070046,178.7996885497735,175.00341949649572
good_form,46.488607654728625,38.284453105158164,178.8412887892156,174.91848797331437
good_form,45.3495237008594,37.67081224326686,178.6956893953122,174.7795157134583
good_form,44.71201622454706,37.45921847215339,178.64797970387258,174.63480560476478
good_form,44.565534231495285,37.40746262769921,178.6047521243476,174.54264986871752
good_form,44.12831309267119,36.98417368561194,178.69480600118632,174.4681189027332
good_form,44.687535368100995,36.95878311526912,178.67450612951606,174.48059104818623
good_form,43.7220024960276,36.60963582891806,178.6377043454669,174.4350018127565
good_form,40.57040488028455,36.171779385966786,178.66961422433718,174.31919577307028
good_form,45.5414425081766,36.36098181376801,178.53940084920856,174.3262217999211
good_form,44.389409603484864,36.62668413033191,178.41340859305149,174.2550303713957
good_form,41.32598566694972,36.771797452347386,178.45807437714456,174.18565706158546
good_form,41.84993155146156,36.919532283404806,178.44868374961877,174.2233515107291
good_form,47.35318176988956,37.18147001730136,178.30615456702478,174.1606607798583
good_form,50.013196615866086,37.553139103610064,178.15801327074874,174.19394102118517
good_form,50.577075787539485,37.86809428263575,177.83386233531962,174.13811802695
good_form,43.611241056013355,38.58551925018384,177.7755500235613,174.20750139603595
good_form,41.24667490681288,40.44250896049958,177.83555701646807,174.43628660774263
good_form,32.75090917215984,41.06569790375141,178.15960369434225,173.92997101859524
good_form,35.42854374959893,42.26935967136773,177.78046683462378,173.52773103887407
good_form,36.800991828541925,43.12993560644695,177.71870713204072,173.16400944924504
good_form,37.36081870193764,44.66803935087692,177.42583891763246,172.7433810867136
good_form,38.21560372006027,46.071181760702146,177.59297528135102,172.46705279557924
good_form,41.48086399276516,48.271532916899226,177.56044003232128,172.74160162676557
good_form,41.652998020227756,50.269789424375624,177.6465501493556,172.96653877864455
good_form,44.479236536708044,52.88129570349804,177.35452695508212,173.4283575573859
good_form,49.437937307343255,56.461323236580625,177.2129551618575,173.4677024640057
good_form,52.806545281190736,59.627923761177705,177.22795399427864,173.53459785418036
good_form,55.34058294275695,63.16781639129477,177.59000503051934,173.86573971588314
good_form,57.69317556110082,65.98460077106486,177.38994266076958,174.09099343161523
good_form,60.66675663186212,70.01679154232394,176.9990613344835,173.45976897604157
good_form,63.91465244242436,71.06003759212643,176.75594961144523,173.5723624405054
good_form,66.5153064775954,74.99119500445497,176.82249376618435,173.62028843341113
good_form,70.62930479021185,77.93708119327194,176.76657186809783,173.2476573121728
good_form,72.15286722415688,80.6753081848877,177.02717132768498,173.32436337201727
good_form,76.03167120061954,87.15556555553346,177.09568547805145,173.12310703552154
good_form,80.46978906369743,93.57942313535425,176.5773665293101,172.99392915056913
good_form,83.79319553757671,99.18657922419014,176.27821557473717,173.052102112447
good_form,89.83063963205777,105.09488485777628,176.27447944803416,173.2546822088191
good_form,95.29091785239973,107.69780245340844,175.81327942671976,173.29206393606032
good_form,99.75325554734107,112.16265962257305,175.4627419249222,173.22402737683993
good_form,102.24872263223446,115.38987581087396,175.70833003683094,173.32506196758678
good_form,106.02732455116346,118.66451603400616,175.7196247199212,173.19621730642774
good_form,109.35226196132056,121.91640870815654,175.02670474722348,172.5239115537399
good_form,110.4524399197394,125.99735966591163,174.01152144007972,172.2734440705374
good_form,113.72627496642693,128.2310845350743,173.55236591186718,172.08435152244098
good_form,116.97263552697432,133.37702930371287,173.849852485051,172.38499956448865
good_form,119.2918125788535,136.1596843857996,173.53490597470812,171.76854844483876
good_form,122.3048195207483,137.1822451016711,173.72740098393237,172.37771005318803
good_form,124.96783473079532,138.0883670239517,173.92084427742924,172.86064985033974
good_form,125.84983552501119,140.48302202052292,174.07767104427398,173.07277569337057
good_form,121.59990660412127,141.78944605205814,174.15953096991163,172.93766822151235
good_form,122.27928786210018,143.47270728198137,174.2763520962836,173.08854299685763
good_form,123.52204451026253,145.08551705379045,174.02399347213768,173.13131434125197
good_form,124.85190824404552,144.3811535811106,173.93564835455598,173.1076783996685
good_form,125.34019950899507,143.8312523330162,174.0705559100832,173.08276307445595
good_form,120.90964137869997,142.9065417106216,174.05042674366658,173.2355010963665
good_form,122.08937741578495,137.913255531026,174.30395111219008,173.72548247548488
good_form,122.87076154175554,132.6274022800692,174.23016314020978,174.08222803638571
good_form,123.74065268595436,124.36098783115145,174.36620054491485,174.37177909048862
good_form,121.23492511995433,119.79703500663726,173.65474333599266,174.26745466285942
good_form,118.7046787075691,114.29446008500643,174.54749074512483,174.28734762628469
good_form,111.837520059746,111.29097977047456,174.73329038915438,174.23353314027221
good_form,109.20961204825919,106.80825109552427,175.82393730108544,174.28288898791175
good_form,105.79292187008465,103.04590842124763,175.85741963383458,174.4223516113779
good_form,93.9051881668834,100.77970147746372,175.66048480257425,174.41835150317272
good_form,87.23723720926198,98.05876728546956,176.41511039007972,174.89111707426852
good_form,80.74227857770619,94.18575293362416,176.75710359052493,175.53515459598353
good_form,75.94549873715756,88.74038985429918,176.4530520724649,175.8500327416966
good_form,69.94614055142709,84.48159157392918,176.52996646009663,175.92314482291212
good_form,67.5351287186636,80.54024007447701,177.15237334848467,176.2484025468938
good_form,63.37985513169512,76.82958227900086,177.13555602386455,176.3831119880733
good_form,58.89107634692019,73.01162944748769,177.52485580730172,176.2277797656337
good_form,53.504965710453156,69.67597934146747,177.68165408911608,175.51145918883708
good_form,51.18954540297592,65.53701694295007,178.17284178828058,175.5166959374207
good_form,47.839535944996086,62.655709878644515,178.03491481151804,175.43865092262732
good_form,50.45609407502783,59.72347794341703,178.89573045326637,175.74271383307845
good_form,51.05322128543711,57.05259396386674,179.18554219920924,176.34769723031226
good_form,71.22281154048967,55.08243647881145,179.23383529641603,176.39343582036346
good_form,68.42813941851895,52.295733259098164,179.62943468278763,176.63633789805988
good_form,76.50054698797382,49.92072355313751,179.89190937659495,176.9524454451763
good_form,71.07003317378161,49.5633607519867,179.76676178437472,177.0243500650426
good_form,71.10170651162002,47.51999616982742,179.6506321569165,176.49636122803335
good_form,70.24019403195986,45.238727243337,179.77424777459362,175.88161469062112
good_form,63.651213174688884,43.23393603725234,179.56580322873455,175.61891539819462
good_form,59.3807316090224,42.12856319300069,179.54499663887424,175.54480524968884
good_form,50.2927497851537,40.88617231115373,179.2826244818281,175.3040417207351
good_form,48.29833234300781,39.916606807413004,179.26466436650966,175.02752359957682
good_form,45.66181939257713,39.34021175175908,179.3481165109985,174.8790580783617
good_form,42.93819747260363,38.502970331654936,179.29764586530735,174.74544154147068
good_form,45.56887740483509,38.10883782686356,179.18905016894757,174.48857600033628
good_form,40.24299442774826,38.67653419679132,178.93341766620256,174.8554621160637
good_form,37.77767813461761,38.27714186549388,179.0336282402266,174.81753620581856
good_form,37.09938430834751,37.7924082865553,179.26769893537892,174.7294474646701
good_form,34.71738585062229,37.38311995745547,179.6013368105238,174.67338490634063
good_form,34.378777005774396,38.1389083962814,179.62032845573424,174.78652966483426
good_form,35.51220315325654,38.474948195278756,179.57034417104097,174.90162929966309
good_form,35.915200123526446,38.38779224439566,179.69322614167885,174.79386249594367
good_form,36.12149078778857,38.412500282380506,179.66391999213587,174.906944352627
good_form,35.33834933963131,38.14001477317379,179.77446553549143,174.9319310304861
good_form,35.860484959678935,38.26038126070145,179.81282733464332,174.91824837436664
good_form,34.56651102486528,38.669534218885666,179.86757034879193,174.9160190416705
good_form,30.728406363247448,39.473581875784774,179.81760600217342,174.84855236462272
good_form,29.335428810873886,39.550282359393485,179.39675327938437,174.7055674550619
good_form,31.025462169093988,40.685810136342525,179.0878286531188,174.52509157721698
good_form,38.470167661394385,43.37406052996548,178.90324459383984,174.61922308761964
good_form,36.08852367745122,42.6105265025161,179.1315067283059,174.54989686930068
good_form,40.70657482983485,43.646887297397285,179.3714311156725,174.75607153389518
good_form,43.077526309199804,43.412462456834135,179.46717486004917,174.92364570888302
good_form,44.733288164527224,44.9282649325821,179.9793837505431,175.236595162197
good_form,55.62033061312617,46.321300882114514,179.77206276295112,175.46635129489084
good_form,64.00721051002365,48.12679015132647,179.92339201044675,175.92110626634843
good_form,64.67866536329366,50.01850247987284,179.57728379186278,176.13133866771182
good_form,61.61204177114856,50.83964535145108,178.89913548061895,176.1293591819411
good_form,49.89811515539237,52.025780187891336,178.16906103394544,176.3945092766905
good_form,47.29603477445038,55.13406836451452,177.75475619784226,176.48964055614184
good_form,50.173133013147755,58.14011709172663,177.88726748062416,176.64974920871913
good_form,53.454961551687326,62.15130254410712,178.1665127189928,176.91070024868972
good_form,57.05543433025037,64.56702288268801,178.1636544379595,176.7855041418141
good_form,59.097888780970784,68.27343953749309,178.5832317219301,176.73195758552632
good_form,61.0190580424168,70.54227325525495,179.03567098696394,176.33175416028607
good_form,64.37069787251286,74.83580550668181,179.32323561080136,176.42594346850566
good_form,66.7886047397637,77.34595823830577,179.11834863995867,175.87156032880176
good_form,68.63485861126014,79.59523045588554,179.34715488952784,175.50370753147163
good_form,69.55542757637257,82.8076924848141,179.83018396330786,175.4984838755668
good_form,72.50763810582774,85.69561329272229,179.3962100162344,176.03124487023672
good_form,75.2103160919793,88.53927082032882,179.12757077574838,176.3467578926378
good_form,78.32217195882261,91.94146333520007,179.5064160670287,176.24691630585852
good_form,78.83408205497446,95.86381835977978,179.7417731902956,176.4099475312908
good_form,83.34002560259023,98.89096781703647,179.66711052103966,176.46231698160128
good_form,87.91189916729888,102.37690368667367,179.31559596456552,176.19328043091372
good_form,92.58712640863487,104.11091696506858,178.77311975719735,176.29131663257718
good_form,95.34962200219,106.90981640094061,178.50300618455245,175.8316630134838
good_form,97.4684065842572,111.35205922901447,178.64178627467237,175.85113096623104
good_form,102.64620271050927,114.20673211034016,178.61445256682055,175.9043768559692
good_form,108.25764633300714,120.24608902323804,178.80553084125583,176.33057701653627
good_form,113.93246084780846,124.64512067440012,178.81162144166404,176.78876496707758
good_form,114.08019255361195,128.3276839922342,177.84669927565673,176.7493840605158
good_form,115.79354106662312,131.09541603608866,177.56602686203163,176.483642695882
good_form,117.6066687684003,132.90389143008278,177.36648261395283,175.8000897371836
good_form,119.42571836855136,134.1234320403473,177.08180873750237,174.94226499831365
good_form,122.2827976078088,136.46681725961716,176.41914925233266,174.02957764530595
good_form,125.54507302199,139.21833379534476,176.50983957243025,173.93301732533803
good_form,129.5761202439126,140.4561679731311,176.00519819981952,173.41062998049722
good_form,129.13621234913253,141.75598502475793,175.36238426984897,173.6694014326985
good_form,132.30725410824334,143.26377016978518,175.62513683845913,174.04564966971728
good_form,133.72315312025142,145.11077895385324,175.54700459046174,174.35920168730826
good_form,135.45842429059974,145.38858699430233,175.7401340614239,174.61953051070077
good_form,137.37373810427414,145.2071862942884,175.78039526453753,174.95507326445733
good_form,136.90766556075576,144.77764957916807,175.89692585140605,174.90815092136341
good_form,136.14079618910512,143.89251851836917,175.87028509223452,174.80148471468476
good_form,135.5925920328949,141.6958348310992,176.1397421920293,174.99592012013287
good_form,133.71418384142817,137.61102227791534,176.3841480755272,175.1696593595329
good_form,130.9809864101885,133.2954160126125,176.1732696863182,175.50637768366803
good_form,127.05502107032228,125.9802593190063,175.80470050137845,175.36821979043327
good_form,121.93702476233986,121.70003567130728,176.0267609044838,175.13603642875475
good_form,116.15072655588266,117.95159578365353,176.49728782744776,175.58132106040014
good_form,110.79512427646391,115.32744080666704,176.8991556286921,175.67095650696572
good_form,104.79923199294609,109.66835097717478,177.5522649045455,175.82290444629015
good_form,97.09540348553772,105.46585607516148,178.12160564342582,175.9310278957344
good_form,90.71605378574861,101.75508374652588,178.03443852147635,176.35389682943986
good_form,84.06527587552388,98.44652259175965,178.32416177748348,176.29719799293127
good_form,81.21214275832234,94.68137393908378,178.70309432889835,176.89842059077384
good_form,78.73262768079823,88.55024073943994,178.8910909901466,177.05191544092662
good_form,71.19734187700428,83.6267122381342,179.2293502875472,176.94267001890702
good_form,68.18688476743957,81.65624097066272,179.91017774571114,177.4607425491624
good_form,65.05622883878813,79.4908739430435,179.67271964045335,177.42077712621287
good_form,61.84521305100093,75.51845194853374,179.62024731426143,176.98278981819212
good_form,59.14656444358228,72.5733778974605,178.87603209346847,177.33150403615855
good_form,56.631710753230806,70.58701884492743,179.03288784494316,177.60507735893816
good_form,55.8774217051104,67.65226284785305,179.07790532105003,177.59018959199292
good_form,53.175108018558454,64.69220426515555,179.01334619686324,177.72564114119248
good_form,74.18434374829717,61.96034395492803,178.5815302756029,178.3530955274504
good_form,81.16304969163836,59.46098736681121,178.07169462906384,178.68934907083286
good_form,81.66856352097118,57.03156715640084,178.39551392070643,178.17013604933814
good_form,77.6904240545189,55.08949435968552,178.57610205502363,177.84511282580715
good_form,78.17967801693354,52.48514420857667,178.42607317550727,177.54598674424676
good_form,78.46922866663266,50.41731554627662,178.44342353809606,177.4963495627426
good_form,76.43407835624153,49.23474395248218,178.51001934601447,177.34457854135425
good_form,70.55758785075295,46.710591787497904,178.69225917260303,176.743010703371
good_form,57.09512892829691,46.07902788945976,178.6552045150605,177.01902567025314
good_form,60.37662556888559,44.57392197830819,178.8061482315934,176.50308938675556
good_form,60.57755880151737,44.645613375550596,178.93774014988847,176.8594682747686
good_form,52.72468386918635,44.497025938933405,179.6180079667623,176.52695035088163
good_form,44.614404695127554,44.304375769070525,179.67126035287993,176.2256146442725
good_form,41.64282099224363,43.64813502244669,179.40983013787974,175.82601480948983
good_form,35.56906622525611,43.513533848553145,179.09046647159,175.60856777019882
good_form,33.96835541390109,43.286013914048176,179.02724391646652,175.40798834656331
good_form,30.238591125877146,43.485459470003775,179.19026296277107,175.28562809413472
good_form,31.68473126837274,43.028811682831765,179.30420030773516,175.16881838022272
good_form,32.861066953343226,42.614231782683255,179.30549773780982,175.0567400021949
good_form,33.22986834496925,43.03111551455805,179.3983002499263,175.29587715423736
good_form,34.95599523737239,43.30046793498974,179.376231743217,175.37615710493745
good_form,35.70563317664516,43.48163222461736,179.45613340288915,175.36951371600395
good_form,38.022793279005775,44.00994140289153,179.38213281156808,175.48609692130236
good_form,42.811361992493715,45.17063517304928,179.87928378318205,175.2870675293115
good_form,43.42626123137853,44.46354415585507,179.90890319854114,174.99058821082104
good_form,44.21862429659427,43.9425492476604,179.1943132218376,174.53532640089304
good_form,43.71103010856913,43.492914368763515,178.7056011822965,174.31558081586118
good_form,44.25205452696794,46.735698306726064,178.79708172994864,174.3410472258803
good_form,42.13263808673288,46.92992520703335,177.7732500732322,173.82561675331175
good_form,43.292804707136156,48.52400866025395,177.1510416622195,173.17366161745377
good_form,57.621869553195516,50.115992989143734,176.67678808151425,172.73031967163723
good_form,63.41050785821303,51.52122980563784,176.87918014420492,172.7732753354284
good_form,68.21435358529544,51.9964405758103,176.5926874757703,172.62738620017635
good_form,69.98332518819237,53.51346490765475,176.5395273444993,172.56948992913854
good_form,70.28818273555916,55.742114756631,176.87943708757567,172.80839727227323
good_form,56.99330616609408,56.5375787468675,177.17427682552173,172.79455772802152
good_form,53.12644863691683,58.12677673613659,176.83703732281217,172.54003204510917
good_form,53.64639921426748,61.885163261291474,176.70256801548678,172.38534472238612
good_form,54.41987273048474,64.97584526047225,176.75281794746783,172.6368662909099
good_form,56.62725431789886,67.46289084167798,176.73848927086286,172.83895007831867
good_form,57.925816932226894,69.9198144413226,176.46088258826592,173.20945979148314
good_form,63.07613628319883,74.44819026805877,175.94714090320417,172.85440170085982
good_form,64.93623958637004,76.7116364851668,176.24225919612275,173.01853328427046
good_form,67.45157030676009,79.60202078035333,176.1652637084907,173.22067954338303
good_form,67.80632246951006,81.52716094414734,176.0915551830265,173.471954578493
good_form,71.34043583680804,85.45278797476941,175.50208170518297,173.97830698088484
good_form,74.09630849681649,89.61945351963793,175.19775796949895,173.94390799140015
good_form,75.04505040949621,91.85471558690199,175.020328817986,174.07671495098572
good_form,77.4253825577719,93.77442112825452,174.80506891719756,174.0694423121514
good_form,78.52695282584934,97.04494597759148,174.40232329043644,173.82923646345384
good_form,80.54741892840721,102.18008737006265,174.30122148789417,174.32435475585328
good_form,83.14593107640394,105.2780512100308,174.39482073700617,174.52619750681447
good_form,86.11350379747262,108.32294619634739,174.3030163475089,174.3985366470024
good_form,90.43711420689843,110.60299688039753,174.1700820884162,173.9117479213786
good_form,101.146861102854,116.86324792517308,173.56661289659482,173.705909300174
good_form,102.3727816739471,118.04576337287851,172.97786154053173,173.32963471133777
good_form,104.56436623616938,119.9457320573993,172.68373501044627,172.921546725408
good_form,107.74565360289739,121.37541902653597,172.7514315798762,173.34512410000096
good_form,110.15123082713065,123.57915741943013,172.9970092541993,173.24347579999116
good_form,110.56711084217076,125.64907164581071,172.4923876104386,173.10278510528553
good_form,114.2193796749327,127.9470209815692,172.45119125496478,172.7643950938435
good_form,123.23749843829341,130.7848608807448,172.51947647420474,172.6871751068316
good_form,127.80169037381386,131.16720108307146,172.5339691247352,172.9158154940681
good_form,129.88987263512198,133.0719862246096,173.08412330123664,173.37874323884137
good_form,131.8604361780911,134.2441790387606,172.85447340188097,173.3990106662606
good_form,135.50524509690618,136.59052518586188,172.89062624278105,173.78473136688285
good_form,134.57192339027006,139.36595391642032,172.4066640304767,173.9187275129561
good_form,135.1343860036681,141.8027409227282,172.85402733693473,174.190467993775
good_form,135.8610527760767,143.0658454518501,172.50167712323574,174.10723310270978
good_form,137.0911839818782,144.4263802788117,172.34389752563092,174.28717334616212
good_form,136.51793607161,145.78628466698933,172.7311339643593,174.56392996697943
good_form,136.5044101342345,145.74822479665215,173.01131422015902,174.43978461151497
good_form,134.77869211102623,146.11850134001332,173.14327103254558,174.64304124610106
good_form,134.43772909674698,145.1403656154461,173.11730427766915,175.17848162395177
good_form,130.82065645646563,139.7811027441643,173.47558524324143,175.1602173879873
good_form,127.69880315088946,135.55862223236787,173.5929947489293,174.5955234734647
good_form,125.35771337063832,130.19006646926988,173.77498736760927,174.87484769452206
good_form,122.31555923219196,126.3951341693125,173.83677611522276,174.85089347260043
good_form,118.883149160312,122.99683454999467,173.76458994725652,174.77301035701305
good_form,115.35273371930504,117.01689877779376,173.77676620433107,174.50895151929234
good_form,110.68328819933687,112.57348532493747,173.62172026669444,174.6986800061102
good_form,108.25089679559495,108.37252457170875,174.33763400590047,174.599120903051
good_form,102.21073832554099,103.42430340072809,174.2841100752335,174.61059486116358
good_form,92.93417512153098,100.63400801014153,174.0746742285414,174.46129376450446
good_form,84.59016541303303,95.2666072105007,173.7633748289842,174.0958053781583
good_form,79.51530895419222,91.49960153254831,173.83174068642867,174.1333391389222
good_form,75.92287822472247,88.47307337128028,173.81965783173297,174.12343124422492
good_form,72.8032721094314,85.43386419509487,174.34999354810927,174.4011116257924
good_form,68.16898763345348,81.63920329904781,174.56183819017212,174.2443592516779
good_form,64.71928052880038,78.02347849393234,174.1009108404141,173.6788980056342
good_form,58.1007656048235,75.94091266777063,174.25733956247166,174.09352393465073
good_form,55.76520402299578,72.73917472978226,174.55361657386203,174.16390657544127
good_form,53.9630331806754,69.38516321863749,174.40482825951824,174.13760306625156
good_form,53.74538987649838,65.41962106901431,174.0569073893855,173.98907615564886
good_form,57.57358973231995,62.65208887809494,174.46847109379019,173.87883857877503
good_form,58.03719292513251,60.29995329684789,175.0324293423235,173.9919471332288
good_form,57.49478594297361,56.34775376904676,175.51688213279107,173.8862017898474
good_form,54.45884370432648,53.10180357129949,175.47110387534664,173.98461899993023
good_form,55.470509289754574,50.79118200488047,175.6667784292815,174.7460899523363
good_form,56.34760664229423,49.714590808083436,175.7130922950332,174.57722772867564
good_form,54.55892743227517,48.80154154770412,176.05786503881615,175.01040176649363
good_form,60.14608847051569,48.84468515221671,175.66721183039078,175.17904123217014
good_form,59.398629901912315,48.00121375673429,175.7306603453839,175.08073754136993
good_form,53.32098061752677,47.120460178326674,176.12407449127335,175.02393840122144
good_form,49.11088127823475,46.509175218651485,176.4469905250642,173.84535542288714
good_form,48.426362318897986,46.82801825525628,176.73825258033185,173.70276916241204
good_form,50.178290432667026,47.96805074674399,176.6254606710579,173.98120588730768
good_form,48.09953681619755,49.290749999254075,176.85626046766757,174.11900676227629
good_form,46.94630556202317,50.22432267758706,176.4253617412095,173.96625962863249
good_form,47.24399944853906,50.894565865419764,176.6876263828985,173.73229025595504
good_form,47.76441151176665,52.45489997470455,176.75112604234494,173.82452965542237
good_form,47.06642408434537,52.20082124144672,176.9286160787365,173.76494439791765
good_form,44.463450280073225,51.12992005311703,177.1717051042443,173.94477102199468
good_form,44.51927070364718,51.22691031042936,177.1008495385611,174.1483742824778
good_form,45.6478240092714,51.5461075991324,177.34686454156366,174.39074208047265
good_form,46.6892979776336,51.0990114066158,177.39633858034108,174.69675104571368
good_form,47.32747127323058,50.43233003701984,177.31693555034823,174.73711622730787
good_form,54.072858084095806,50.17709350738295,177.09832616101264,174.56483059352666
good_form,50.136913936005385,50.63705981977969,176.71068147051878,174.77119429279796
good_form,53.78081524556179,52.122488758027494,176.32135873667187,174.68905629356297
good_form,52.95507953281059,53.10428902385522,175.91468787919348,173.93590057226444
good_form,52.33475146995506,53.11877652921045,175.69692232371224,173.49084991562046
good_form,51.05910026813106,53.428888518848325,175.30011922132226,172.81634822422504
good_form,50.129203556427356,53.99580531578617,175.22704536602646,171.91851170290116
good_form,50.989138609072,53.131983776853836,175.15504954351255,172.15987050267768
good_form,50.89245935739872,51.77454366904421,174.80290468264354,172.1486353228585
good_form,53.80004391812922,52.74875053511106,174.73414054252282,171.90909922120815
good_form,51.67064820752158,51.796764319231684,174.59812024561313,172.07714897762642
good_form,50.3933006811725,52.07293894643045,174.38417305068862,171.8984355048847
good_form,49.59509588643024,52.66574016982865,174.17746225459632,172.05574677779575
good_form,49.55265570425381,53.09358588735527,174.48717445038676,171.97884048913477
good_form,49.0064695640636,52.972199770705046,174.60148748852836,171.85556007879097
good_form,49.608964712864854,52.47890643722996,174.25439711437974,171.80771808296453
good_form,51.109754097926555,52.40848552156335,174.3297250645125,171.59498548255743
good_form,53.16611205894456,53.28678719473576,174.52790721768042,171.76147476465556
good_form,67.36878524379476,55.131058894616196,174.71551085535054,171.89367157840482
good_form,72.58568295026362,56.240499624874616,175.0312166128287,172.20228389275397
good_form,71.54394579204941,57.51859454005553,175.12128410387183,172.1346586022829
good_form,69.94709742038962,58.26619313654772,175.0715663564621,171.8919012597374
good_form,62.374597667191324,60.222097088013875,175.06875114111978,172.44411079306892
good_form,61.75238189727515,61.47765585621316,175.20695194905142,172.50004271724913
good_form,67.36378936999743,62.40779906279314,175.38271533658545,172.7792333837865
good_form,67.77249805750017,64.12831973336891,175.52770363284586,172.91411341107272
good_form,67.02604939892939,65.10396099711448,175.52504183751077,172.9683995186252
good_form,66.97476694471949,67.38764265137705,175.7804382239965,173.3580503918964
good_form,67.78619557699446,69.74054543641417,176.15267917500648,173.62423479271703
good_form,68.10209438613299,72.12957784511563,176.27233988709955,174.0140128626887
good_form,68.21688192065118,73.45503667079932,176.59393733110213,174.17079158615536
good_form,66.65396916568312,74.02617252973079,176.8745501930519,174.20392700750224
good_form,65.85602485103541,76.12510395034121,177.12157458696296,174.6891682188166
good_form,65.57137446755783,77.50703889912226,177.1380686099074,174.31313381304145
good_form,66.79082341496284,78.8747254649507,177.09928538063735,174.1761162849886
good_form,67.12586353693916,80.38783972309973,177.11974862158505,174.7154476847011
good_form,67.12606422620138,82.08928544434151,177.21143193503124,174.92245917982842
good_form,67.73463882947011,81.5829269436147,177.2574960274196,174.82964718003387
good_form,68.81539454567437,82.88615598316397,177.2461585981581,174.71847808563115
good_form,69.57674374699398,83.69183200956228,177.00475151681496,174.33383399413245
good_form,72.01619713064991,84.27232194028474,177.00364165739379,174.2402170104012
good_form,72.2771189603946,85.09339769027916,176.8111107871315,174.09422210186798
good_form,74.66525510548315,86.00171403274916,176.87560872430953,174.2882660793735
good_form,76.57065751917115,86.01832621859347,176.95091248746616,174.0217969447685
good_form,78.86235274825525,86.75782386055002,176.6252099073667,173.92496628556938
good_form,81.3950811518186,86.80174163030973,176.8313270658123,173.73478723507583
good_form,82.67093942852429,88.4447050078917,176.74393336174484,173.77124994011473
good_form,83.9887134399571,87.92871993025533,176.87661529272785,174.0853876491207
good_form,85.0455516218071,88.09727854693756,176.716228268863,174.3195730115752
good_form,86.95680739711165,89.49763916999703,176.7381464644373,174.51769004273666
good_form,88.6303007169368,90.91099918812017,176.47127672298387,174.79130716998557
good_form,89.06331227893442,93.22606272826147,176.57661837059214,174.99934900734183
good_form,90.04983025751137,93.7758018685719,176.71798359717022,174.99462522365994
good_form,90.03256427993523,95.13290118648342,176.44259171781238,174.962850055565
good_form,89.24206038780804,96.55470924891198,176.46071151740242,175.11060997057885
good_form,88.45692903011117,98.09785926484683,176.45513164701705,174.90778969679056
good_form,87.66016892423444,99.40627270852055,176.38275653186574,174.3790264036611
good_form,87.83245933542266,102.93995098001426,176.1821098824686,174.3958468927174
good_form,89.02432231196353,104.25571387379675,175.87195822884823,173.6876455558361
good_form,92.00655535207248,106.36753833965996,175.72988172612142,173.07179016229955
good_form,92.19313387062903,108.94132507518404,175.35922693348715,172.59085400975852
good_form,93.14655587753101,112.21360565162284,174.0340312834764,171.92546782501407
good_form,94.03162426048813,115.08142125719696,173.44115831336407,171.2555475118197
good_form,154.8761820409715,146.3384007337485,174.41848584537965,176.5478447373489
good_form,153.97459233743112,141.99058513516215,174.72246091534697,176.93886330398723
good_form,151.84471732116953,135.11226413643942,174.84462060171563,177.39782757847232
good_form,150.72054831259726,133.39305145047734,174.93472403536666,177.68859353525954
good_form,149.0921451560606,132.13404350650416,175.1650924413822,177.6994544277711
good_form,147.62836310584473,132.35055055596487,175.4462585403932,177.80393361791278
good_form,145.33789621371565,131.73456865770126,175.57561393078012,177.65409910093643
good_form,143.74566401441032,129.23428066788745,175.45789084305238,177.53316472478244
good_form,139.50672572072384,127.96838122468904,175.7020040998503,177.79543266189086
good_form,136.85285378182022,126.78369683056548,175.95527209456748,177.91401308594064
good_form,133.7976656109433,125.41889097759724,175.668670757243,177.57438612270218
good_form,129.8246980995659,126.87433696846855,175.66989796846113,177.29329574098708
good_form,126.53510029850412,128.21099430607705,175.29434544100658,176.7219859010759
good_form,122.22719519177153,127.41089257277147,174.8155159717436,176.08568190335538
good_form,118.25686072721001,126.76104661496186,174.28834781729822,175.04463480860093
good_form,112.9121649286177,121.56806793129704,174.20287327567908,174.64031032809154
good_form,109.79421928936733,118.84815451153207,174.7055621577091,175.34592373263288
good_form,105.80729724158482,118.61112628722611,175.29655813408138,175.4434434820709
good_form,102.72649132238598,115.65870744990573,175.10363615112925,175.147773765739
good_form,95.67882371264,113.26925476189734,175.48547436999732,175.4504369703451
good_form,90.57797329080233,98.62160569115986,175.475454145903,175.93151041779439
good_form,87.73305979280792,99.91574890535725,175.5424804356938,176.0278313045263
good_form,83.84028067215439,93.16302679670582,175.5533877835323,176.35916070663575
good_form,81.9915011925475,88.08951979433829,176.00368534687473,176.77323378012522
good_form,79.83980746309106,88.54688343637679,176.32591390843757,176.82542049966094
good_form,77.69422010657792,86.52318612452228,176.80389331868741,177.0183011624305
good_form,75.73494047879444,84.64672402004351,177.43679236609196,177.9313130175365
good_form,75.26885398412344,86.96439333863873,177.89972548962712,178.4781538203069
good_form,74.02448565118988,83.85979222659029,178.75476013051934,179.06267482347803
good_form,72.48727711561884,82.37478090997286,179.29816138543018,179.1590190799218
good_form,69.91850466365537,82.27063274032463,178.837724855802,179.65149171402462
good_form,68.32496293542277,87.1469113635701,178.79311623821167,179.8244079961455
good_form,66.89457317940173,78.08360727004509,179.0987694191348,179.9193908169968
good_form,65.1451044765555,67.81249947788025,179.63332651389481,179.12210658012467
good_form,65.64783825578866,59.89338386198211,179.7467799275907,179.00052862920222
good_form,65.01444256836186,56.05603877345968,179.51221269294223,179.02159270956025
good_form,65.51087657503723,55.460727293790264,179.48036796611288,178.96992344201604
good_form,67.5635442040907,56.777478317181206,179.63336682746313,178.31983797561742
good_form,67.65445608656898,58.40058221806254,179.69374274480285,178.08815951805116
good_form,68.40621068046875,59.28224338437159,179.39480771360547,177.3901757150325
good_form,71.3558450440201,58.93178054459131,179.48654558034858,177.26299533398844
good_form,70.69285803458513,57.444006787646174,179.23105022223723,177.32372173787303
good_form,72.58847372948577,55.9217942605328,178.93696126905573,176.7102942730543
good_form,72.88250132910565,58.437542961315245,179.03079095081142,176.3450043591717
good_form,73.50267680787061,58.459029876997946,178.87854876780028,176.2178898581592
good_form,73.53509460210284,57.48511147088348,178.62460401379494,176.16711287730527
good_form,73.44611396766442,57.41286106319669,179.08823327994088,176.497938172637
good_form,72.31221748208071,57.18616813071797,179.12635097191392,176.5627150397404
good_form,74.07556172715402,53.87627556492634,178.40335829699265,176.58133400070193
good_form,72.78137644401244,50.517072619735416,177.9516124016613,176.2078680255811
good_form,73.81581920123512,52.34274606886585,177.47402203564172,176.28073333356735
good_form,73.00339972309473,55.15665058572073,177.9605301754551,176.98365797263162
good_form,77.54628514091968,88.6887899159671,177.69570810729093,176.95652513438566
good_form,81.09269655288847,105.21701167618747,178.02603285241463,177.52872286116124
good_form,89.28274394503245,112.94431196172172,178.7231251201435,179.0499133873864
good_form,93.06200097650975,114.29983949603994,179.7527054458967,179.67467043143282
good_form,100.05762120986344,118.0179912095746,179.25944320406285,178.97569405384695
good_form,103.17180459879614,119.89928085085305,177.92103922629747,178.08453103741928
good_form,108.88125944522139,123.29098086340397,177.23776218748947,177.0922775751537
good_form,112.32691992348376,123.70730240437913,175.20068462570433,175.7981435730979
good_form,114.3633292258115,127.18654808527191,174.5598537161585,175.09093847897924
good_form,118.8801229591732,130.9489428358527,173.6282843034581,175.04406401210318
good_form,128.28581313290837,134.2197807356794,173.54509876355823,174.75282015982543
good_form,134.15974613775927,133.0119056250027,172.81048497940998,173.72717680506537
good_form,139.02098422351054,133.59466193153324,173.06210019945587,173.44356710017175
good_form,146.14162628545364,139.5981313109595,173.539795191783,173.92030937161627
good_form,148.19076115084266,139.60073579368145,172.5742636063806,172.97650110434157
good_form,150.14196051114496,140.67051722981628,172.17637402431532,172.97280749587893
good_form,151.024730359815,139.8104824757065,171.35457498579478,172.37904871775186
good_form,150.91900209514642,138.58137805591613,170.6176754754172,171.49327979444854
good_form,152.41834908831305,136.84002641127915,169.97786377417677,171.09771191751653
good_form,155.04696124660512,137.6773897183979,170.3724025748406,171.69874447517614
good_form,156.20511688692844,137.5216078474459,170.72167716677725,172.25193433671848
good_form,155.76602015989087,136.36316273733806,170.9402866239179,169.292471083489
good_form,154.7363187682102,134.64371879754808,171.0060969333526,124.03130782197445
good_form,154.80989314120865,135.1677788175876,170.99843666156778,156.41323118778936
good_form,154.90796484595737,135.2152867506827,170.84410674491474,162.8603912025737
good_form,154.7464086623859,135.42589229212024,170.50557717363847,172.20037976930197
good_form,154.75235456360093,136.26779205000432,170.33202096700907,173.0190540111068
good_form,154.77336870720964,137.06731210665046,170.44887075109526,174.02026985349627
good_form,154.6055890288287,136.77672844564557,170.50341725283633,173.95090011945763
good_form,154.64557508513863,136.03150927748092,170.4989237734943,173.83108050975397
good_form,154.3819198883757,135.55477524131942,170.53625079016862,173.3963422668958
good_form,153.7624676739127,135.350982377223,170.57958307859062,171.26029124774314
good_form,153.42152481817945,135.0971098842829,171.36418035716372,174.13190405654962
good_form,151.2977564474102,134.28830174828929,171.65106668728959,173.60760298243343
good_form,148.7528753169808,136.88742677705974,172.6980444851631,174.05419602518714
good_form,142.90894317594854,137.33725178684176,173.0587493212059,174.45006834825335
good_form,136.82789065167495,135.94883713023037,173.5541497625715,175.113397539251
good_form,128.85910227188737,127.31099839408668,173.40955186868214,175.26167818192297
good_form,121.15479855869003,124.06775801692834,173.74296532799477,174.88593350051602
good_form,112.90224806281228,121.48408259757065,174.06824565687538,175.163540222762
good_form,105.36737966495906,110.25112153226158,174.3815190812324,175.25072479867808
good_form,102.27905849097402,111.38493421487152,175.4180243790005,176.59067029597125
good_form,99.37308331120761,113.80065173289921,175.69861330822397,176.31267756845713
good_form,97.79903713175031,108.68581972636201,176.77706106085398,177.21990589402293
good_form,96.05521310482993,105.58562066726566,177.47273018556615,178.53975388999586
good_form,94.9068254073544,104.77307958433275,177.6079970538351,179.46054598329187
good_form,92.74671452019862,101.44628669904415,177.90077005663366,179.66196360236245
good_form,90.89974429449859,99.17684939388886,178.40512420306615,179.95669241494102
good_form,88.19890715916148,98.7317570843527,178.78716425973258,179.40020725333514
good_form,86.42823095109082,93.89849481038755,179.96204657791725,178.346264307872
good_form,83.7358364554367,91.61249346379026,179.97643975926562,178.1828226844924
good_form,81.60003256494645,97.81867623110134,179.98802272800393,178.25587184443964
good_form,77.3496298811333,94.35893955487194,179.69778948623386,178.52614207269838
good_form,73.58101614409878,86.98041361440653,179.61612261312578,178.3490444356655
good_form,71.59218290951776,70.44970853212641,179.57088816984512,178.32394222570304
good_form,70.78497032321064,64.21908183967179,179.02855785293426,178.02852544228855
good_form,67.96188924518367,55.941701836970644,179.09677383201637,177.40984124840594
good_form,67.19434906852678,54.01466232007055,179.05630540007178,177.38020612747394
good_form,67.6664427077506,52.598534409804635,179.09023982279635,177.3007120327505
good_form,69.28499584525036,52.29018242425461,178.92182676492988,176.8526536341842
good_form,73.82789366050349,54.053342509867576,178.83245669178646,176.5410416095273
good_form,73.24372580098913,55.23407075174368,178.38748156100945,175.947991817734
good_form,72.46032976433412,54.686041668949635,178.12860623232618,175.31139757483842
good_form,72.80487229008912,55.48121141982499,177.98601959127305,175.18209683288225
good_form,72.48080464513119,55.8416236276792,177.8634010254318,175.04915784496356
good_form,72.93526502592498,58.26693474225515,177.98313472632492,175.042533068612
good_form,72.781504871231,58.19300472840816,177.74530384480437,174.66039421443384
good_form,73.93576089112895,58.183882565681735,177.5469626131604,174.8509568865042
good_form,75.6615589375711,57.39322953889488,177.17182754328218,174.45727435484903
good_form,78.77996509374088,58.81314270320188,177.28867215395636,174.14833664657758
good_form,79.16947851576896,59.6321012521314,177.3614846833429,174.21669389885494
good_form,79.09388216379972,53.284442147084526,177.1090125574522,174.34707260346016
good_form,75.82074335949227,53.218626078394855,177.11115455294507,174.60811399457518
good_form,66.74984459056526,52.96065373023917,177.10551154204873,174.79135372390115
good_form,70.38373487822571,55.74155087332216,176.96771993625327,175.02112630368782
good_form,74.83915058986645,58.066683051611335,177.20693523898808,175.2089569629351
good_form,79.7584385581535,83.99040964261684,177.79371900234923,176.197110856136
good_form,83.78780560807206,91.72043684550846,178.29400626056974,177.0711306384255
good_form,87.93320195125136,115.19792710587038,178.40330127787482,178.03987397279306
good_form,95.70017556866827,109.54927829738196,178.90679357832167,179.25172299727186
good_form,99.91481145206018,110.52090865140099,179.30479335080113,178.9866006075803
good_form,104.27423791768413,117.02757463898399,178.92969351783756,178.54889891704568
good_form,111.0287379731019,122.56492497743508,178.85015070138283,178.4712654938
good_form,113.61082339527502,126.5317646756811,177.826484197035,177.30287815223528
good_form,116.87816319503173,131.52610044290617,177.1587612740922,177.54091310564206
good_form,121.71892498431123,139.55627249859748,176.2172500543173,177.20959372893398
good_form,125.66025842352593,134.96850824997844,175.29914180091248,177.09865505955887
good_form,135.80636456569312,135.80446391018947,175.40061847129542,176.9718821974347
good_form,141.9374438479126,137.41932462827148,175.61416428835565,176.6514966565887
good_form,146.24427764404604,142.4160221652714,175.0734889899108,176.83079032222136
good_form,147.79697770196896,142.22009860594838,174.91634569696717,177.16008169015828
good_form,152.6977857691806,142.19159069201854,173.90777465716607,175.39071723924317
good_form,152.46525542116632,141.13487453767056,173.01736643916223,173.57743407148436
good_form,151.8827870470677,140.44622876498403,172.52199661622333,168.76024004774405
good_form,152.68570846447275,135.28230032076138,171.31364463421738,170.25026974581147
good_form,153.93223851506642,133.91108683859636,170.711775447043,170.69164942192174
good_form,154.58455183391297,134.39861739676272,169.9698086889299,170.6814639811938
good_form,156.04548977332925,134.317805316097,169.71043190686066,171.27683811713914
good_form,155.97603270509427,134.66612663736367,169.49033600929926,167.31393815211058
good_form,156.45658343031792,135.201110161475,169.73506805403116,171.22936712203662
good_form,155.67929797205454,134.87636087848938,169.96203383369374,166.03255954786871
good_form,155.04070433966635,134.42096818503933,170.16498311939446,172.1511029313869
good_form,154.7972245206275,134.79394396673408,170.34599578521372,173.74839005796724
good_form,154.79249124270024,134.84804145158049,170.52768023607717,174.15183127365023
good_form,154.56894736082663,135.43735991960324,170.71497709308002,173.43252366645063
good_form,154.68995704995106,136.2597261679538,170.9154134642582,173.06210306971
good_form,154.63599609623014,136.8399557183104,170.96511649290954,173.6357968304613
good_form,154.61398666289972,137.00691595621356,170.91292476069682,173.4549255986267
good_form,154.60236324017148,137.0560801424696,171.0017104752789,173.92720249545343
good_form,154.512179441622,135.85582513043374,171.03579704080755,174.16136024991215
good_form,154.25651982546344,136.53910460309206,171.06968974045265,174.33318364114257
good_form,153.45622323956857,136.1000304398946,171.33160542249956,174.71960695142374
good_form,153.18798735652925,136.00943811934653,171.46844464936075,174.6953136065947
good_form,150.20608127959812,136.3306982857188,172.07913596337917,174.42617983953414
good_form,144.8039581104609,133.43872619293316,172.28245508599386,175.20386646823
good_form,138.78846947115906,129.42749459436698,172.698378644805,175.4827434860751
good_form,131.15331290455774,129.70550997084706,172.79879328828645,175.48871493214008
good_form,120.28486566408588,127.22546895975844,172.8383863519161,174.62457578366946
good_form,112.80678331683913,125.20105138633471,173.2304210970541,173.99702435330707
good_form,108.37036313703209,121.86972400604,173.7691008234388,174.43835164758121
good_form,105.03445274093002,121.57156527564487,174.26825109608967,174.19010522760848
good_form,100.99144774062108,119.74691996546727,174.83027674215637,174.55561263950926
good_form,97.05800871056783,108.73592226226137,175.20199425550328,175.52469506055144
good_form,92.9073667634301,99.67005273113966,175.38849261593094,175.77498447880265
good_form,88.92991573409404,99.35354270969799,175.85937691440415,176.54688863111153
good_form,87.74752752282734,97.65831108436743,176.39162855951298,177.01645622325816
good_form,84.9512704490196,94.32177843736167,177.01918910020947,178.4408803361914
good_form,83.03868305873851,92.81607116820351,177.16561004252344,178.7925748238746
good_form,81.70164713469472,94.05874919342489,177.9514050230029,179.2760902766444
good_form,80.05270066120204,90.94166143501525,178.28654050315296,179.9123686623123
good_form,80.12126482466863,89.33900455844781,178.8887751635395,179.40676277994092
good_form,75.20049007419442,86.96680008076135,178.76384466823518,179.41982480109775
good_form,72.7930954579889,70.99199212814739,179.40115808801303,179.30091692010026
good_form,69.40481934322588,67.54022209338484,179.37206116351402,179.44744598275358
good_form,69.11313188185022,55.53630327772277,179.46831536544926,179.37459780022328
good_form,69.39400176325034,53.44754710362138,179.7231226632976,178.25652684594755
good_form,70.10729046967782,50.64420904576027,179.93202635841945,177.6421993683814
good_form,77.75707217558767,52.60204919599618,179.99201221165018,177.50658650773363
good_form,76.62564883183865,53.05166030389872,179.5468337075794,176.57827545274512
good_form,74.68700742344889,53.61288249789542,179.7379130275205,176.82454622512995
good_form,76.2039344286291,53.99470165461323,179.83185937285515,177.20505743048207
good_form,78.97606549998358,53.32255082731771,179.84002066094595,177.2163892205933
good_form,79.46064266257224,54.16718271232976,179.74976109643146,176.88662437416764
good_form,80.3919763109962,55.87299971520926,179.49174021614772,176.94969765692122
good_form,80.3544313998359,56.94079278124499,179.53788177418264,177.01106489104288
good_form,80.56035129427812,59.138162891525056,179.15758360531728,176.8274741451919
good_form,80.90220515841008,57.43882480943727,179.03217217380535,176.78265583816884
good_form,78.52889653681126,57.170145024633335,179.0465556125534,176.36556900955364
good_form,78.75163516083813,56.46830280672281,179.05730071322785,176.45205769836406
good_form,78.51176630582012,55.43031899246303,178.75907456511544,176.5322621984466
good_form,76.21193150879549,56.25927233144811,178.3514088526069,176.70801929465225
good_form,76.83466924286517,56.799726060574336,177.9181823766431,176.87006813344743
good_form,79.15197760577888,62.344968388355426,177.79418158120157,176.98212758759044
good_form,82.23009334668336,80.32737318280789,178.22484849434124,177.7476791143117
good_form,86.12102345135503,101.0296974383337,177.5825033570022,177.03750201987242
good_form,89.80261817966596,110.61966184908974,178.09067293691376,178.03650315122343
good_form,93.20283577425516,115.39484943317956,178.4555352299158,178.97645151415657
good_form,97.58618097382185,120.97374257593074,179.63717529371456,179.9878989725688
good_form,101.02390043552043,121.35969512206955,179.52078802596495,179.55474546219835
good_form,104.97593168305929,120.21106888039668,178.97146548309937,178.91910102641177
good_form,107.40222229457606,123.6850187540818,178.00501425840872,178.2670278023412
good_form,111.56515284564202,132.63277645570946,177.5134743349593,178.0710534709711
good_form,116.72231623941221,134.29905902447547,176.76781302846342,177.7860651223132
good_form,126.69407115394893,136.8888124933608,176.680584393763,177.80466908205688
good_form,134.20089316140474,139.60191722543826,175.81911613707922,176.7937462212367
good_form,144.2669856970673,142.82100185277523,176.17706692030612,177.16916617872977
good_form,147.3015624951193,144.7462648516744,175.19681210318117,176.0956572618519
good_form,148.9455235145779,145.48368907269386,174.62699658410213,175.25772828803073
good_form,151.33370560399356,145.42050144328456,173.55896678058357,173.97387125177207
good_form,153.45197206674248,144.43057064459305,172.90152488672402,172.89900716073316
good_form,155.07603373622325,144.61613301191875,172.70248003545265,153.01516438328989
good_form,155.24112598705804,142.55139187621126,171.4521767134918,167.67269447684438
good_form,155.69748735001758,141.640172981547,169.97466308024093,168.3337468069474
good_form,155.9723527231951,140.09967736867384,169.1504617811994,165.7946144603658
good_form,156.58013396733418,141.4225688903865,168.81047855295918,169.63689966303025
good_form,156.66161538553953,141.4493831340673,168.85468649037554,170.38122003122004
good_form,156.97337472695014,141.40296145517536,169.25745011258218,170.8154365867799
good_form,157.3922524727642,140.42505279630544,169.1169762246683,170.8495437674879
good_form,157.34934691676756,139.7819078892094,169.01738800863288,170.57460700226773
good_form,157.36087253654642,139.21655728091864,169.08428007943996,161.11499614344865
good_form,157.25397424001557,139.09456995691133,168.98746328234822,167.7869567344586
good_form,157.1144655293793,138.64555283957202,168.97911449602222,169.83576313717523
good_form,156.9576858639433,138.688332706856,168.788363855488,158.1280073105412
good_form,156.65065079272017,138.52651171024368,168.87474380911482,146.58445882019205
good_form,156.62659464611176,137.48579395612825,168.95758262735026,152.08651092860805
good_form,156.74166891371564,138.05766063603096,168.94728541888335,158.47959544929566
good_form,156.70771436332203,139.26348650279712,168.98856709326287,164.19189658420046
good_form,157.0687082968683,139.3514106618814,169.0139143757663,157.50272485486082
good_form,157.15736676075292,140.15294190281676,168.958977421685,169.27471586211576
good_form,156.98704675297395,139.2568088754448,168.97100263393716,172.17044247525828
good_form,156.73060529333003,138.39699245060143,169.2349540844728,167.6204435286029
good_form,155.46441687158884,138.01772890222938,169.40413900105438,163.90795079019546
good_form,155.25963261240523,137.9612046525315,169.75175799296784,171.39911330767666
good_form,154.99285415641796,140.0536437803542,170.07622071086095,171.99862033517076
good_form,153.73505881845458,140.28171814610053,170.97960193345298,173.74547958365807
good_form,151.32932382213392,139.7763980331016,171.33138192317884,173.74002770160763
good_form,144.78123061290444,136.67725119339354,171.81826238168924,174.68799151122977
good_form,135.19192999177454,129.7370566061586,171.8770972757673,175.12916015748596
good_form,126.02565817992888,127.12594566665243,172.37214327246096,174.48068334809193
good_form,119.17975300468984,123.51971008412809,172.52597747341682,173.1948319462837
good_form,112.65229617119488,120.40514896979494,172.62319296684203,173.4080346120074
good_form,109.79155243408698,117.00714661439855,173.45039986073292,174.2209185015032
good_form,105.9200536816854,114.96896061685041,173.65217702833573,174.21613263524947
good_form,99.7107365989333,105.05788301855773,174.57351871524293,175.03229465836466
good_form,96.25957691868535,103.55984257983067,175.1275510912044,175.7565730059111
good_form,91.89419959004545,102.27521575735835,175.63074455168842,176.72061039363254
good_form,86.40257183588977,98.18051113370774,176.39698583539365,176.8115114822401
good_form,82.19178551628386,95.2456906237453,176.8634232108776,177.87792514531003
good_form,79.24796116386591,90.81821537644674,177.3434188812947,178.14646470932078
good_form,78.49989144848922,85.70735618292991,177.61068043815467,178.39010051226225
good_form,76.2377442005776,84.00570366276048,178.79282469447023,178.88657550701544
good_form,75.78028338576473,86.35864141346752,178.4522665104568,179.7324103092516
good_form,72.70699183917753,82.4710182277887,178.21471473720268,179.98135468837646
good_form,69.51727933042281,77.77845801075642,178.6636289708073,179.5529249075328
good_form,67.01412354831461,62.38530272048762,178.74822387082384,179.9708181353673
good_form,64.30147767760911,54.86596461085638,178.55879215322219,179.58981802297842
good_form,64.20651217616717,53.7627446812969,178.8803141460742,179.00963798788052
good_form,68.74247364597079,52.5676252712153,178.98610012244407,178.75183781488283
good_form,75.52257608326539,52.17031634801605,178.99129854518432,178.3397297654726
good_form,71.9475236133448,51.43490321149758,179.16424841643533,177.98100090242943
good_form,70.97222157598793,52.633042091391864,179.74811740952265,176.912061409668
good_form,70.5442990796821,52.41924204051772,179.81410120446503,176.75215396759782
good_form,71.55651258171076,53.22935258696221,179.96968808104916,176.8859470281493
good_form,72.79890726993273,54.15868682474438,179.48387262063028,176.27314473993346
good_form,74.65962113275697,54.310865691920014,178.90577685315716,176.2606396342705
good_form,73.97891427678343,55.50927876604184,178.61042453285344,175.81340465657144
good_form,74.27630404677615,57.51149802359202,178.69852290175604,176.0304737478217
good_form,74.0318315283667,57.63094364309833,178.7047496998999,175.781499459171
good_form,74.39352761818549,57.333982493931,178.63304609483296,175.9796454380647
good_form,74.61231965005913,57.3369807917546,178.74959861395695,175.9138517534428
good_form,75.14937397028302,57.17362604957845,178.62859581002914,175.90664767926847
good_form,72.50878091854361,55.925112287329014,178.68987114235605,176.06987177928494
good_form,74.3339312567162,56.00246747728723,178.34364033934222,176.24175578230026
good_form,70.05293908620791,52.69615921787439,178.30488215909628,176.3990217084026
good_form,71.90748356320319,57.25159455314781,178.49784526389533,176.97968934624825
good_form,74.81336785707549,60.33982068985531,178.48009156610414,177.55486186326226
good_form,78.64763182879796,88.23303648581032,178.06504832869877,177.95985467020955
good_form,82.91270660089998,102.15894871337275,178.6204746701805,178.56007154212688
good_form,88.00262779439271,109.67871733465313,178.5989290283808,179.1619537780996
good_form,94.13372780614128,115.8235891409717,179.49357488610474,179.54690038929215
good_form,99.37035236311209,118.461549306775,178.9273766990106,178.6219417329829
good_form,104.56359495217524,120.5395078154072,178.3957840732738,179.01116078299867
good_form,106.8361158099593,125.0894461722985,177.59151417638722,178.17578567338543
good_form,110.73053725050059,128.42642518021287,177.45626115522205,178.17440633509517
good_form,114.84517139332348,131.76703117625368,176.9061376271938,177.77426655999582
good_form,124.55813972335716,133.97642659900234,176.40975145204516,176.78715486778978
good_form,128.12324143620216,137.72785557816582,175.19855847040827,175.71612460881425
good_form,137.18494209488492,144.9025971979646,174.55989769481926,174.61245913836848
good_form,144.49496672591985,146.1842640730178,174.19799661008847,174.13411183026912
good_form,148.5859560504387,145.9920023483433,173.48768930927827,173.68538771124216
good_form,150.56146344430604,145.41695433737735,172.53860254697923,172.38220889021414
good_form,153.92150696885585,147.4698195825506,171.53740613535797,172.25390846335804
good_form,153.09652197897262,144.8211138141221,170.39066663027916,172.0811891197994
good_form,154.2650628238499,143.06457117348762,169.90094326973795,171.66918255235032
good_form,154.3421585869579,143.8267640096044,168.8747478019603,171.11415356663082
good_form,155.11786798699475,143.3105721816003,168.02160388802358,80.80111999176233
good_form,156.87896485360173,142.6461156665024,167.47052108559487,95.61563407850338
good_form,157.55385783953835,141.18357611293976,167.44042030378654,117.17771270930552
good_form,158.5579696534795,140.710819330206,167.5451130609355,166.46944026459715
good_form,158.64127323355333,140.2296614310743,167.2914547035252,160.49691739828594
good_form,159.29101608041924,139.75215383760755,167.0694634184484,161.41539236165127
good_form,160.24239593124304,140.172454351608,166.7971804790087,161.63559074517485
bad_form,50.962141821513114,58.13734822684018,170.70854644879796,175.11238921502957
bad_form,40.84590111543227,53.42010342183327,170.94830944021064,175.17184075517042
bad_form,40.11479400466344,54.01309975021728,170.44088776705064,175.05097908998533
bad_form,37.07559315626641,53.78430577174245,170.3819407722468,175.34469040445978
bad_form,34.99145556348152,49.49712651983308,170.2970668386702,175.41949718512774
bad_form,33.94329242991913,53.193502310402714,170.06908437816895,175.42818271755516
bad_form,34.741299350124486,56.01955228854862,169.8734150690056,175.4382062237905
bad_form,35.32636398811158,56.16550235609245,169.6453615586859,175.6962560208748
bad_form,36.460592275574726,56.880700307180376,169.4478881324565,175.73510594367937
bad_form,37.12257100669481,56.73108388989236,169.57686699146012,175.6135871785311
bad_form,36.700685889923584,56.76453431161237,169.4993084449213,175.5646037858305
bad_form,44.39914572085882,59.70495624216841,169.57648878695562,174.76672737629656
bad_form,40.7584003216282,60.76959322793567,169.23479376590973,174.5652126442541
bad_form,39.79057458057591,61.672302091584505,168.65915329465867,174.59114385830784
bad_form,41.018612800838035,61.41334228623322,168.43981778540578,173.97941090490943
bad_form,38.60816398836911,62.283514269644684,167.95895811784771,173.25389885349273
bad_form,42.4580319085018,61.50845977053978,167.74721769648713,172.80704274792518
bad_form,42.22538538236616,61.759802200548855,166.94209858843303,172.2100764584753
bad_form,56.82059860403063,67.52898824790914,166.4970392904603,170.14677967161114
bad_form,56.109535254582106,70.10420910628277,165.5647473495963,169.74889466785544
bad_form,67.1059659921839,73.01456023285485,164.23137925555454,167.60271120782127
bad_form,63.157024682541234,74.76076243243223,162.14220101143144,166.96143164753556
bad_form,76.9591002904031,78.04212493707043,160.56371282823034,166.02782253584127
bad_form,91.80353300393955,84.18608730577566,158.37682879374478,165.00377779463545
bad_form,95.32751103747955,91.4029072284736,157.04799167421632,164.3294374660887
bad_form,104.48839663200383,98.58106275271399,157.06647222789996,163.74378122824655
bad_form,98.74055096937707,103.10665155417202,157.14966173018476,163.59958429907826
bad_form,96.78009138796459,105.94305012338428,158.1014362147317,163.57308378674225
bad_form,97.71881038475738,106.3523879471732,158.3790828207328,163.7640421136941
bad_form,97.653380028895,108.71502787546883,158.4013913466376,164.25001887917318
bad_form,105.720188890212,111.95039609251015,157.46294762021284,163.65865179448417
bad_form,111.12475634248395,114.93339793346135,157.10735546872115,163.3079071194994
bad_form,112.93143893724367,117.5518319455894,157.54900728981946,163.45153694997683
bad_form,112.82046030507905,120.94285863200605,157.50532347264922,163.51495324897093
bad_form,115.9329805302369,132.74463929094674,158.0177850944897,163.2329864662018
bad_form,115.84837846138201,133.8913069747198,158.50683555271277,163.86905971320158
bad_form,120.35847818884982,139.61005538826365,159.45410130961423,164.60560067515928
bad_form,120.4009270394649,140.68195175354975,160.13824894611622,165.93856043872674
bad_form,120.77928073651739,142.80327674266533,160.56950817787725,166.15329968455535
bad_form,121.67995710176366,144.39836328449124,160.71920678627527,166.55236984026087
bad_form,123.30694738392963,145.4075626605302,160.85214582470854,166.367882576681
bad_form,125.8471599135581,148.63748702557064,161.2247347904292,166.6292759604025
bad_form,125.22301039900105,149.75171683674137,161.3125589837056,166.37360358734753
bad_form,122.4050126806793,151.03397195847356,161.13101732611912,166.4234145716716
bad_form,121.71875243201389,151.92655288669323,161.31305375093925,166.1934554480456
bad_form,120.86413961823975,152.03853674116334,161.14773387757475,165.95808320756262
bad_form,118.74670472009703,152.18463354168316,161.73888605126024,165.69070667052176
bad_form,115.16075689994797,146.65181086632222,161.2074116417348,164.53376663067218
bad_form,113.26813279192807,144.3154332512377,160.9377922973731,164.3174525667782
bad_form,115.12791355355684,142.8109314753496,160.2864237102493,162.7088126505213
bad_form,116.86629400499531,140.35882136091175,159.15576394984672,161.01729434879775
bad_form,114.13473266379299,137.58636138439536,157.8210213346001,159.73637283649114
bad_form,114.31853155213477,135.07955207196537,156.92879337281946,158.68426721403242
bad_form,111.91139495621661,133.754223850203,155.67744318072187,156.88531386829123
bad_form,109.93424185051347,130.34104289668983,155.36509322787072,156.88852343754115
bad_form,109.51256407638915,127.09456744265887,154.96555120556835,156.86217187309632
bad_form,106.17268552387114,123.53722541786142,154.68058666493522,157.04625525315072
bad_form,104.45800983886642,121.13527949450219,154.18991821198642,156.8959740632673
bad_form,102.8500244948222,119.10013361934406,153.9684865602564,157.1525195267626
bad_form,101.15591961174484,115.89825773177373,153.8544174235443,157.42718473487946
bad_form,98.76751039814401,114.04623734864599,153.1273436257775,157.48079009493205
bad_form,97.58408752663134,111.67209775880484,153.1352746423388,156.98521242600503
bad_form,93.1963606924929,109.58668230677311,152.6713960586568,156.87182257695886
bad_form,93.39609705703941,108.64210328059174,152.56840252701565,156.68257256612782
bad_form,93.29519097213421,105.3657167095496,152.38234992450955,156.03831715035395
bad_form,93.23901081165391,102.16341605696286,152.71329284507806,156.99553522519318
bad_form,89.00666885667127,101.11040829143242,153.42489667066113,157.4183280055795
bad_form,87.65633719912648,97.86441708167438,153.77696806298113,158.07810104927745
bad_form,82.8754009204712,93.94381227746736,153.99981276774537,159.10830577137963
bad_form,80.86042391940259,92.34318950874653,154.49250647940707,159.35791402527778
bad_form,78.05020510067497,90.91278574481646,154.91839732920218,160.1137224363764
bad_form,77.6879685453322,89.68239098450533,155.30797754096932,160.75893675847902
bad_form,75.31771168572219,89.31060875816301,155.5391352989551,161.17129666673472
bad_form,73.89534736973371,85.93695385301382,155.67090592460502,161.08731742295942
bad_form,71.11148716824222,87.4617101616369,155.88390079279284,161.05584624457475
bad_form,77.50487660724772,92.25335536048208,156.23831681557817,160.85328410836527
bad_form,75.43660825864072,86.153133510393,156.39802967727897,161.02892616520822
bad_form,77.70646711891911,91.0353265027883,156.87233981800358,161.26375492947687
bad_form,80.68175714578919,92.55951906935516,157.2357353652597,161.53672133049338
bad_form,84.02842153684267,95.1282089709844,157.78965635725226,161.56230205798286
bad_form,84.65485630778548,99.54348738393014,158.01649336046336,161.87446385818706
bad_form,86.00323433139769,95.48010278024422,157.93687279717346,161.8491305992551
bad_form,88.48978502330093,101.69008833607342,157.6180369511692,161.9129579236809
bad_form,91.85065790896425,104.01064792601674,157.03193324041254,162.1871423757763
bad_form,93.3112555411529,105.34582790373076,157.14354434923268,162.33576245059825
bad_form,94.36052521248455,109.23293984602059,156.91920807667157,162.01489936650714
bad_form,97.37765670038047,112.06460087664499,157.04534436721625,161.69498528645883
bad_form,102.20895047982495,116.76863548973289,157.7607610459362,161.973614672616
bad_form,106.51217143641085,120.51412891541582,158.0744197725514,162.73848450873075
bad_form,114.93586857966741,127.00890245718305,159.07098822037574,163.30738068362209
bad_form,121.63158933846131,130.84149019410333,159.9890709645284,164.0043765597328
bad_form,123.64014500539767,136.6412880766208,160.81121126311604,164.8972625725234
bad_form,124.03378624200319,139.17869505354147,160.2149632007485,163.95009308616216
bad_form,121.92909433164802,141.67947036616684,160.5628785961343,164.31198954150312
bad_form,116.38205769569133,143.36429959828337,160.06370606965208,164.3687696689739
bad_form,116.3313445831709,144.15560019929887,160.11605906993992,164.51060827897686
bad_form,123.67944502748439,145.85906618507047,160.8472348628603,164.54728088446637
bad_form,126.91655942276675,149.84496216569008,161.21846131713588,165.3376783571626
bad_form,125.67419090237405,149.57617525516565,161.7964133103692,166.26211909498548
bad_form,124.96778850476578,148.17425927269895,162.1998002752532,166.53492042467707
bad_form,123.57177121138638,147.40745745651142,162.5833802545294,166.65660294971784
bad_form,124.74597004465012,147.00588609939913,162.9946346064212,166.4074412827083
bad_form,123.15246592107971,146.36439429733537,163.1859811234774,166.35442773979884
bad_form,121.66247903440055,146.20563580048034,163.39391712593388,165.45754701352882
bad_form,114.171487626874,145.7083209461463,163.4081068128455,165.04248353563327
bad_form,111.4875106179016,142.954302547721,163.3198076937868,166.1329265782361
bad_form,110.4639024382422,136.6219234183388,162.56940829619177,164.9929750677903
bad_form,109.07121195528913,135.2334575216089,162.19841982271348,164.1751261277848
bad_form,109.06896047572553,131.52950862982274,161.97134818013538,163.4130243126252
bad_form,108.19152731308618,128.0646201559782,161.41763221111864,163.769921718562
bad_form,104.99650567947916,124.71925361547082,161.40311349559278,163.1837982423598
bad_form,102.64442625240854,123.281954664056,161.0989382020279,161.88287374613094
bad_form,101.03330011922054,120.97355934414193,160.40264259180103,161.69763649974487
bad_form,97.65910380984215,117.46728883832249,160.3507721409577,162.41804550318253
bad_form,88.49771734708698,115.21571794549673,159.73176497561178,162.26355093350244
bad_form,82.43721940910235,112.90348160390624,160.01257053236355,163.04045864973003
bad_form,80.77235409083053,113.03737713113958,160.04545120922438,163.09447961835662
bad_form,76.71388596624563,87.86370660348537,159.92456752190287,162.9388546920681
bad_form,74.7482911407641,87.02809422860514,160.2242012077139,162.84447694943094
bad_form,73.75497541660972,85.11576711782027,160.30485395214652,162.9171604779626
bad_form,72.56343610520068,86.24751273452382,160.24832025081625,163.2442360931826
bad_form,69.64200750629155,85.14042827180917,160.13889794145925,163.43325319266089
bad_form,68.52584953489524,87.6048002386911,160.62022449462256,163.48451044886124
bad_form,67.99432352289685,89.67745467820352,160.2428959638513,162.60835361755176
bad_form,67.78399401701635,88.65069989773306,160.50922891992226,162.58133280386306
bad_form,64.94894623482905,83.6422570999219,160.8672285407816,162.77048177429444
bad_form,61.121894226159455,74.8505827696717,161.6254533906292,163.60494413904837
bad_form,51.57859532014193,69.74398660841153,162.41130726796985,165.41851087059956
bad_form,49.97765274538129,63.90738988726359,164.83111447175307,165.7102940848964
bad_form,48.62994637563005,57.28942476175716,165.5912323114237,168.74275000177093
bad_form,46.561629825891835,53.79819314127574,166.03398927889882,170.36807776661593
bad_form,40.91138774701816,50.20715987263014,167.0043201268363,171.76623698808856
bad_form,42.05439847181469,51.86635522537297,168.8419454829587,172.21657519467067
bad_form,41.876425840159094,49.714816424251204,169.85684344328058,173.0754042677189
bad_form,40.31422255075276,48.37693359139804,169.90657149439426,173.6182412675334
bad_form,44.81369701498611,52.13759571334301,170.6353094548123,173.89999137489548
bad_form,45.20730653261619,51.86432723474386,170.9892890731338,174.02265075496422
bad_form,47.32988497706381,52.415398893916546,171.88400434263883,174.68963175623531
bad_form,45.21004961562513,54.25432364034963,171.87218619027612,175.52968641493075
bad_form,41.26618536246479,52.6612936547887,171.94247304351214,176.0638120725681
bad_form,38.12747499142916,53.680396001886066,172.54061563455028,175.67995161985306
bad_form,38.15672090104072,54.1867259498089,172.72739603956066,176.59851548241343
bad_form,39.797268713026696,56.52966048817962,172.7231224618778,177.31086765612977
bad_form,39.32727592144131,58.20892540832475,172.97177409916299,177.24405120749984
bad_form,39.75711667675012,59.4447807263514,172.76849326448223,177.12568042359757
bad_form,44.402781743644525,59.3015086328798,172.67193525967224,177.15002734206757
bad_form,45.939032982222024,60.221386947054384,172.47499001511667,176.73335922412178
bad_form,51.13651128643516,64.30354702089919,172.39278482290322,175.8455273558086
bad_form,50.620425709393395,65.02358589835985,172.1468842696235,175.82716530091622
bad_form,49.36220855117374,66.6655336905363,171.99281245305926,175.81303479863067
bad_form,48.3380287108269,66.89881420746633,171.88682478296445,175.79572504236432
bad_form,46.74616584735761,67.46183018110445,171.766539009801,175.54993251254606
bad_form,44.31330654125637,69.34013205381213,171.71303346869166,174.91689444228624
bad_form,42.56896856922884,68.3375247902878,171.53414529551324,174.67689988827007
bad_form,43.002168959540946,67.3226323525168,171.19485792079084,174.65756817209748
bad_form,43.27538567190662,66.69084372098922,171.05326194810115,174.56137029741714
bad_form,41.87888617858586,65.53626977494004,170.7637288580867,174.5302480877152
bad_form,39.71098916788867,63.47756464516528,170.42604573391102,174.58724701264762
bad_form,40.87197358658308,61.37843467729329,169.80526670103262,173.93755977623766
bad_form,42.16867819492633,62.93238190886772,168.9630828160051,172.97887784549468
bad_form,38.570537309365186,62.28255666701885,168.41208093558717,173.00868636265906
bad_form,38.450146488404584,61.95513915249609,167.4600977347525,172.22249761691413
bad_form,39.03463139733339,63.71746010792188,166.66017950577816,171.15119999876683
bad_form,40.3819453451955,62.40628508282685,165.55417904202696,171.15144072624133
bad_form,41.73532695816452,60.961748609847334,164.9716663087455,170.8921850111937
bad_form,42.98232777422862,60.86431000647993,164.23558769972175,170.3668404604466
bad_form,39.67426498509676,63.64144820911143,163.3554158157004,168.65914420552159
bad_form,36.16938841728797,65.22195962915004,162.14665345637135,167.7961650037935
bad_form,34.511536963780586,68.83413173781763,160.7853925829935,166.14118420931499
bad_form,44.8810099183811,73.66793135024751,159.93326970349963,163.86475290433629
bad_form,67.74392632968647,77.16174083227202,159.2168976252072,162.40195964080274
bad_form,81.05256774107025,84.33284174868709,156.6491997518076,161.76813635544372
bad_form,95.58165849950016,89.17205284992542,155.7063050086685,160.65123017292453
bad_form,101.22441534710451,96.92897173575439,153.82917270802747,159.44276794072127
bad_form,107.768754598163,106.0695285049253,152.65655739974187,158.6878121673997
bad_form,112.35279096457772,112.50564677977297,151.66133825272973,157.60905323363673
bad_form,120.35402074677225,120.36988232877466,150.77937465974082,156.84246810480914
bad_form,124.42989385952757,124.53785490567103,149.3173759581214,156.3994307653211
bad_form,129.73704163600175,127.7105852260543,148.03409113555662,155.86790830117303
bad_form,128.89999138577733,133.89557834773913,147.42981389507915,154.44151014284694
bad_form,134.34122716486016,135.154992155615,145.63504089371253,153.45609999067145
bad_form,137.80972444711128,140.11357778417133,145.35944648882793,152.95067775957367
bad_form,140.2182781797256,142.81691406041497,145.336702271305,152.34786986373246
bad_form,141.19778040670283,144.68885396132458,144.86802368452655,152.20415723113402
bad_form,139.1231075098367,145.0317656282483,145.11071045197832,151.77622961093422
bad_form,139.83668309049918,147.19005801805753,145.50760319300298,150.83134103934248
bad_form,140.97187137005534,147.82576685363418,145.14881355850866,151.13588846730647
bad_form,141.37138449035766,148.3747242015073,145.0482570677735,151.7615016874584
bad_form,140.69548854941738,147.8974270011276,145.61304748359382,152.08966094391295
bad_form,140.26239479316584,147.8387000335325,146.54592234240542,152.32436804535013
bad_form,139.8860165452334,147.51358566059673,146.91948644429758,152.30568983983554
bad_form,138.83009643267474,147.48053088202138,147.22737624537072,152.70057754293038
bad_form,140.1272792315756,147.0639417927965,147.22914369681374,152.64924750192841
bad_form,140.9118265625114,146.71396765748804,147.51000023459983,152.76553238845534
bad_form,139.9962431243181,146.76821752018142,147.75184106558277,152.45195609836082
bad_form,141.22389201542563,146.90456249195657,147.33226692044175,151.9519071421897
bad_form,141.63446938340508,145.86221037273822,146.64226043632732,151.09238258467116
bad_form,141.74292367024404,145.68270105456563,146.60797412840458,150.98046120466927
bad_form,135.08789762650946,141.78316171823076,146.2756680194542,150.92921116317913
bad_form,131.77900268048836,138.07025982736008,146.14405991122499,150.91573306947302
bad_form,129.96412788357634,136.836614161921,146.05557327746487,150.2821685909056
bad_form,129.11413041864967,133.98619910071037,145.83237988051175,150.3010847178335
bad_form,125.47382816765565,131.6769821955051,146.0238671662817,150.63429974636912
bad_form,124.04366974059633,130.66833610735574,148.05732726952482,150.83646182117903
bad_form,124.12194915441559,126.06814449588516,147.8542192269762,150.4456317004352
bad_form,123.50111867652163,121.17493806527773,147.45456240026928,150.43905211712163
bad_form,117.56020519812913,114.7100360451002,149.14381502755194,150.40722320044296
bad_form,118.32201625124978,115.74346434513187,149.60098363319022,150.7410560712882
bad_form,120.12319579143846,114.08208636050281,148.87705527137337,151.58848421992343
bad_form,119.0046473758491,110.72734591498471,148.9510542266248,152.34117692645862
bad_form,121.0673756386037,115.72646458493888,149.2148780383264,152.73165617430342
bad_form,116.84301777194266,109.72632808995633,149.73498946174027,153.35277511888685
bad_form,111.88969692351579,111.62741147386524,150.57421186429156,154.97253019634582
bad_form,107.63152515339083,112.25747549203187,151.53750219157118,156.62252907967763
bad_form,103.8277314744604,109.57842133652535,152.73167202392818,158.25177865562102
bad_form,101.0363675594635,106.75678395057844,153.75774442997377,159.7432196049037
bad_form,102.33904805413795,104.33966849827797,155.05276067124137,160.5875221882432
bad_form,93.92554933798942,100.12351053185446,156.61802615059668,161.83837919020937
bad_form,90.51898085951618,97.73223232044427,157.76290142670572,162.9220323231043
bad_form,89.71003853823329,95.83344196829849,159.06388019725827,163.8602886221833
bad_form,80.56022573387308,89.89497918348202,160.49009857581365,165.21294852728624
bad_form,67.7401958443241,84.51077611252624,161.7610284152525,166.48523687505104
bad_form,62.5893307414879,82.26569035584241,163.0395456146997,166.72673952539378
bad_form,52.007763216137946,78.68141701124188,163.40129125364243,167.98935287699948
bad_form,48.80624516557243,74.97893002693802,164.37083392598467,168.9635104620684
bad_form,44.90301241576078,71.92740720636569,165.5452916994965,169.72797475302573
bad_form,43.5694807475939,73.41821514641445,165.98057833910465,169.9871239383487
bad_form,40.90898551571078,69.99115580530227,166.2678055586725,170.44115797832163
bad_form,35.69740102598218,68.5336918697964,165.92571972547432,171.0707407632568
bad_form,36.91116466709224,69.61299496657392,166.04961925109342,171.34417454107407
bad_form,35.378945031416755,68.17415250326773,166.1553925435851,171.13270787270835
bad_form,35.35735152558143,67.89056341357575,165.7265115640177,170.6912677586292
bad_form,34.70579009377467,63.6899568638851,165.43966154923064,170.49766514492802
bad_form,32.882688516636776,62.578937047880885,165.11702848176037,170.80338463267887
bad_form,33.93345490502898,61.153388760337144,164.7729584396018,170.5613496272106
bad_form,34.89208644284334,60.061256732032625,164.60591889451067,170.4842573215096
bad_form,35.63802417999194,60.9977458975747,164.48887067265701,170.06830976479932
bad_form,39.93896741116581,64.4194249633541,164.04825126013932,168.92106224043553
bad_form,50.82449250796248,69.53450023947862,163.45721265872703,167.29006967069645
bad_form,44.26210849717519,72.46779246209869,161.76153975923287,166.5391009307706
bad_form,51.694534595184614,80.1737608726731,160.96677338940842,163.815869939528
bad_form,50.71859856845903,82.46608970399471,159.81210444565764,163.33121051065552
bad_form,74.46942706016858,88.74621875273577,159.21162632696314,162.05044137215995
bad_form,96.28599262488584,94.4210913240998,158.40454538844205,160.92450855740907
bad_form,98.16905930789562,97.46793992896396,156.84574485981932,159.97030473428245
bad_form,103.29788475916175,98.66503119195656,155.60628239628295,159.07181392697296
bad_form,107.31160547417684,102.8366214428839,155.52429823497363,158.39180990322248
bad_form,107.41139913268911,110.05233444421535,154.36641384630184,157.61476124507232
bad_form,113.4066426243325,112.62855368695939,153.25678154892609,157.3347444559795
bad_form,117.33359956865444,118.77630885579677,152.3341897084902,156.64578491395486
bad_form,121.19053586157463,127.30503217107615,150.41060243582658,155.87621373682873
bad_form,127.26215915674095,130.92364878444738,149.4741725725684,154.51549865121217
bad_form,133.4211704302723,134.0527678508262,148.3376137556113,153.3290928474997
bad_form,135.65438502788035,136.2977977239831,147.72796590363706,152.23399485259597
bad_form,135.82537317421236,141.02216467916145,147.838005544703,151.8055353793983
bad_form,138.91010211955756,143.31384601916994,146.63876017887665,151.88460154268242
bad_form,140.19836277627047,144.49692557479665,146.10507950501307,151.86383722039827
bad_form,141.58070249429164,145.4640567621445,144.97752838624297,151.05187739305035
bad_form,137.73223694465656,145.82527754644718,144.415603178334,150.25605918599035
bad_form,137.86725498617133,146.7131236204497,144.58897471456848,149.4904825847461
bad_form,139.45642755443995,145.5657607075924,144.45880597753714,148.91481661274253
bad_form,139.75150863702217,143.37761470693312,145.19196804242733,149.09295546584713
bad_form,140.085375789082,140.29649268169985,145.74980807116498,149.41458155609453
bad_form,142.0564389377912,140.47594075469627,145.89433464474774,149.63691993002828
bad_form,143.3720158073753,140.85084352367005,146.5522467349492,151.4418765874637
bad_form,142.79741085214675,140.7510572977821,147.70309509609552,152.29907371801775
bad_form,142.24132586005342,141.39485869947106,150.32115908625016,154.69494798248533
bad_form,137.59225341569606,138.95055613691235,152.87844414340108,156.47989728457313
bad_form,131.1004708858009,139.59414769233078,155.15476298865374,159.14447765321827
bad_form,126.68554522119418,141.37373781082655,158.73361255472582,163.08889989417378
bad_form,118.47741720774299,142.17145259431214,162.6680064216508,166.5971816777149
bad_form,112.12211958274905,142.3264660835541,166.7670853214034,169.95726587709433
bad_form,112.65432872352098,143.0396384871961,170.12857547145342,172.89229408105373
bad_form,105.31946228686732,143.5674919621733,173.30478609854208,176.27045649738778
bad_form,108.33369594958248,146.1566842688152,177.5858126883922,179.39430869244669
bad_form,124.83573589566905,145.17299677641628,135.22779851844197,130.66633226561225
bad_form,128.43337844050387,144.3917808277626,135.20094714859857,131.55312217172389
bad_form,130.75075768476938,143.63687691490628,135.10760635766206,131.89338014903734
bad_form,131.68818278022,142.19734225392082,135.28237875930893,132.51462051518328
bad_form,131.38129384436158,141.41387517821934,135.67988785813358,133.2105356867347
bad_form,130.15549466404448,140.81472732930376,136.07921987288043,133.74805562737174
bad_form,128.9062347972775,139.56737521909372,135.90845132276908,134.05227764820873
bad_form,127.7631654024722,138.96281852530294,135.85266389224665,134.62201967389632
bad_form,126.16520285556838,138.66754673465041,136.51857210528996,134.93506468379383
bad_form,124.72826004783306,137.17456694328467,137.1277778620067,135.06865473774636
bad_form,123.74143752397562,137.19333284529247,137.25033544986246,135.10128178362066
bad_form,122.76451413995123,135.3291141012283,137.96677128608806,136.25734033231151
bad_form,123.09685601576003,134.0745095588992,138.17208085463002,136.93635806582702
bad_form,122.82884006471981,133.42649636028455,138.0561997136995,136.93296114519083
bad_form,122.32891363661729,132.97463648859247,138.13273446733604,137.16368740009028
bad_form,124.5324235445639,134.35088500789718,137.86184052156364,136.89999780091352
bad_form,124.39809159034512,134.46407793358037,137.7152443676523,136.9715714042138
bad_form,126.24738038979973,134.17128317149601,138.06626841857923,137.300797629475
bad_form,125.75468160523043,133.61168030708765,138.05387823998097,137.8867147330371
bad_form,126.59169949311031,133.43163955501214,138.19541431809853,138.19581511899713
bad_form,129.67778097576172,134.8260572068038,138.45031774590976,138.08498567383788
bad_form,130.52642449698413,135.54079706570548,138.84537252262075,138.10877881820184
bad_form,130.53826661447007,135.5780096481211,138.89897440713327,138.77289805401023
bad_form,143.75811991572107,133.77628583117982,139.09068431317607,139.28031749787766
bad_form,152.23641030871306,133.05202229650126,139.05188900656577,139.3120259132247
bad_form,145.3446167242071,133.0973029623667,139.4035754846933,139.44702487525117
bad_form,146.59927430396507,133.718359870363,139.46363774175515,139.67617646004257
bad_form,142.04430890110447,133.22335637875148,139.57312567304677,139.66427447946282
bad_form,129.84479224489752,132.76766848241317,139.60297483705529,140.14825852317975
bad_form,129.3604971290974,131.94316017786232,139.61383961758224,140.4650755482972
bad_form,132.35387466999873,131.22668344454527,139.8784357576075,140.72037187969093
bad_form,135.96282260477872,131.15088295900458,140.22867243642082,141.0891853528869
bad_form,140.9695074346652,131.47963840912342,140.37626730946712,141.26554983931257
bad_form,138.0445080750733,131.63149718055638,140.7372589758508,141.74323459721074
bad_form,137.47648536353975,130.35706943865668,140.7775083510209,141.79301908712125
bad_form,137.82590865716293,130.70865108061903,140.9634805768975,142.41670732370324
bad_form,138.1917614339996,130.1490507328982,141.2169703115205,142.78698034620305
bad_form,136.04251256843676,128.93759305326174,141.20233262654182,142.85083167024376
bad_form,132.5429538530005,128.3595658028641,141.9241707042337,143.045780914769
bad_form,133.51804676461578,126.59912453844677,142.4102736712674,143.1417051209252
bad_form,131.13206727295358,125.79643311678605,142.69965245398984,143.05281792179107
bad_form,129.7491478219595,126.29478740881125,142.70575421677887,143.1625865239859
bad_form,128.16068321921392,124.96015226054125,142.6698038811161,143.35311789014722
bad_form,132.43823463015568,126.24331450926398,143.8120942195793,143.74186978666367
bad_form,138.3607011803544,127.50896890784028,143.69218785401458,144.03776048542653
bad_form,139.50993671585795,128.35991266244318,144.63029696661124,144.59262430084985
bad_form,138.9608182978776,128.35542625938373,145.05474401774669,145.31241959556485
bad_form,137.60795675774702,127.62270291134428,145.51951178438264,146.24787318260138
bad_form,136.6415761322138,127.4267528494932,145.06660582007365,146.18979765468492
bad_form,134.01392019751273,127.98320883152947,144.9208068490076,147.04873991473298
bad_form,134.8867877160622,129.35443305045015,144.98158457028705,146.70069242602247
bad_form,134.62348693323165,129.98428737784926,144.94404886415964,146.3337481583362
bad_form,132.97163489160747,129.15920498333847,145.6610008482422,147.39312507499085
bad_form,131.68781440351674,128.49303501601383,146.87059258385332,148.16636143781903
bad_form,125.04210474623528,127.82602169519922,147.49042387956257,148.37384725281652
bad_form,124.70151019619013,127.33723137442638,147.99537070381774,148.06315624824776
bad_form,127.34635370556889,127.81354329857348,148.49850278479707,149.04142179921087
bad_form,126.93503738523852,128.3401367273297,148.92890684106283,149.69798950804804
bad_form,130.17942834712804,128.61325476422437,149.643789218635,150.37960097670089
bad_form,131.0017155837155,130.22438020498592,149.56744559429757,150.0375734213924
bad_form,131.91625108675734,130.57510986961327,149.8265220754161,150.3061316933111
bad_form,127.6766070436766,129.7999766958971,150.19825326789325,150.1052717531109
bad_form,125.74525604747599,129.89274089165045,150.75062092214768,150.41346006394858
bad_form,124.71599016846807,128.4617147249452,151.10827605113417,151.0241163145061
bad_form,127.07130361208614,129.001670669366,151.29114881552155,150.79915419971033
bad_form,125.97513647917401,130.729647932831,151.8513864181526,150.95544785374685
bad_form,124.02302863764146,130.54168750867044,151.8297184339369,151.2351782861338
bad_form,125.20471202274437,138.04105079199215,152.00215107714087,151.59307027408198
bad_form,122.82343114415882,138.9258558322161,152.1796088248049,152.4922041937377
bad_form,123.4724346531293,137.49989208563883,152.42904870820615,152.81253144151887
bad_form,124.9996385097322,137.36658981323401,152.72697256369776,152.99630509191587
bad_form,121.76127371435255,134.21224107068656,152.81586705160603,153.0317249238461
bad_form,123.83129799090267,136.57872248629698,152.9122305578834,153.45617065387117
bad_form,123.8824375557731,127.869453239263,153.04027663137836,153.77016976420992
bad_form,124.12215407045231,123.04043499664454,153.03904847276294,153.73475224938514
bad_form,108.52182139707497,125.74320735791058,152.8200313162415,153.55672179064888
bad_form,111.20162434770981,121.62171640390896,152.99364025313625,153.47829950621576
bad_form,112.03299270902599,116.08634553176313,152.8583579680025,153.0641712964425
bad_form,116.91167631487215,116.96619518676727,152.14118915853481,152.52358489597356
bad_form,116.75885522683237,119.4546348172603,151.95586310484552,152.49136890745393
bad_form,126.33276298697905,121.23331464212792,151.38625826467168,152.07385067811376
bad_form,124.09103305040425,123.16779065100513,151.06737349100854,151.64173362337894
bad_form,110.32148585139623,123.731795426026,150.33586266814496,151.43545345208278
bad_form,112.35659681278327,129.95573642623626,150.40104128031842,150.84963714846376
bad_form,122.95893844630069,133.30778084918444,150.16112753807346,150.43016677842812
bad_form,129.33019151764628,137.5612023673741,150.10214862081398,150.14454391579423
bad_form,134.2920296888449,139.6801993074193,150.40811078369998,149.43661697840795
bad_form,135.92398014322268,140.5951457882595,150.0029390096327,148.73143371684154
bad_form,136.61929234559386,141.6453628031204,149.78616722289442,148.4195087228564
bad_form,137.36082948513146,142.75853961987227,149.57541554251964,148.12335210086084
bad_form,135.8538238219454,143.17658241115407,149.64258766359345,148.38979377537302
bad_form,136.465905886053,143.20895190463597,149.20667364346744,147.78609847540017
bad_form,135.57444973972142,144.0428564763735,148.85360069421552,147.37092326046036
bad_form,133.82557774997017,144.82199716873342,148.63738036270348,146.80401818475855
bad_form,132.71595940844173,144.69256591176875,148.2558158345659,146.1587224899313
bad_form,132.59604532929478,144.4914391825621,148.50019625218013,146.71512239923942
bad_form,131.6362781677307,144.5155352843468,148.95939509559167,146.72975947618977
bad_form,132.35282757408015,145.03178989050895,149.00781833982452,146.78960818526852
bad_form,131.54642292228667,146.4710735307928,149.60284871322708,147.3095585774339
bad_form,130.84385408885763,146.17224853726475,149.9595786324572,148.26033339385893
bad_form,131.86481145196416,148.1736135335196,149.87757078595968,149.11958538636594
bad_form,130.21110179235438,148.3292834662212,149.7734707217617,149.15629110544432
bad_form,131.22940063598205,147.84700330871613,149.47445758761341,148.78822324460313
bad_form,130.86519911292632,143.9845438173768,149.11023740481482,148.8258350874228
bad_form,128.0366228904118,143.4547720439665,149.2885913027263,149.90376086801328
bad_form,128.9745178509181,141.83983290300424,149.3117241491254,149.71909027901162
bad_form,129.05851471464092,141.2408776465335,149.36092792142568,149.2606979226456
bad_form,128.93318603313517,141.1337016013524,149.34282818573564,148.91181028205173
bad_form,129.47980282581577,141.35783065483537,149.7938617679659,147.5641887972501
bad_form,129.70985749345962,140.89506039321293,150.10231534796776,147.28335083071684
bad_form,129.2280720363864,140.87727880705341,149.28416568981297,148.08094104127895
bad_form,129.19507552784341,141.4919571259444,149.1831040265649,149.99742045581195
bad_form,129.76966924607976,141.38230379631705,148.89022417229873,150.2943476686535
bad_form,130.1272004895915,141.0886615133915,149.34262933873396,150.57068974602007
bad_form,131.20229056094408,141.28822717276296,149.73040046985483,150.8290141441498
bad_form,131.1162800158131,140.718087613314,149.78771803125957,151.71181360581156
bad_form,131.08539732546325,140.65027989665333,149.86979565556845,152.873541647839
bad_form,131.50958097832662,140.19821716494607,149.49572761780527,153.03465116419596
bad_form,132.27839142161736,139.94691090786674,149.34310688632735,153.64882144651733
bad_form,132.1858793771715,142.1786330910753,149.48989020952297,153.76283465107954
bad_form,132.4952598438148,141.99158319566925,149.50519307585682,153.85949575235142
bad_form,132.95339242739473,142.26729092164868,150.54397721837856,155.440519389448
bad_form,133.40072161501988,143.21554718638026,149.854989336079,155.50136240168817
bad_form,135.10283389371574,144.62244976728024,149.75721972220612,155.78714238786895
bad_form,135.17304594700016,145.2511831153965,149.69967989998457,155.58491509736092
bad_form,135.34974600968238,145.60060763575072,150.03022375619392,154.5324576483649
bad_form,136.49363852047134,146.16014556030112,149.63012445288905,153.31969565438376
bad_form,136.99674945480132,146.61418117072748,150.0396631621472,153.3969761652251
bad_form,136.03342671657464,146.34789631091616,151.17383977645017,153.81145457584918
bad_form,134.68363585886874,145.86721431491048,152.20677986896277,152.56294189535518
bad_form,136.0595588189375,145.28457819547745,153.34965051330647,152.9477130049993
bad_form,134.91102592082424,145.07348173705438,154.75051220125738,152.5416817642679
bad_form,134.95174361884062,145.27501926435178,156.01051195198596,150.75388483665702
bad_form,135.94701707899992,146.20752802499953,157.5777941603351,150.7020039715177
bad_form,138.54802868844385,146.14161283648622,157.77105428250297,150.30729513665563
bad_form,138.71676069564208,145.58337186036357,156.4781500388519,150.28446593932918
bad_form,138.83772781177402,145.17016270820332,155.8310580463165,150.38023806981514
bad_form,138.7945311275155,144.99867413167362,154.87055053612744,151.06029142207552
bad_form,138.07741261276024,144.27980573076232,154.85519151064156,151.6160709094444
bad_form,138.0727148760887,144.0584946307958,153.46948254405345,151.89253968054194
bad_form,139.97874653283873,143.56018272508558,153.53050024174817,151.55776362883842
bad_form,138.01386068773635,142.93383536764244,154.16925740982677,151.13043920671606
bad_form,136.17261681009415,143.47281376335215,154.80682705771278,152.06747364365404
bad_form,136.1918992613193,142.75032856219775,155.1844962423787,151.1487375935387
bad_form,137.41033040909937,142.97507552469102,153.6277643710382,152.89777779900942
bad_form,137.90540140838402,143.63100113743914,153.18399016633379,151.31947489743976
bad_form,138.74966002692452,145.67789897456768,152.74288048484826,152.5975588968716
bad_form,138.11327867997886,148.06191862266581,152.16058868786828,153.07319643046628
bad_form,137.24950453548803,147.2170492253688,151.93775571236606,153.77589714948175
bad_form,136.75318509741632,146.37102558239127,151.85554718710335,153.98668410960087
bad_form,136.89400982759017,145.61802235709447,151.95196400773776,153.98073913308568
bad_form,137.84035961168414,145.44306719403164,152.16960909068408,154.56144263423568
bad_form,141.23772547026715,145.4188378216233,152.9141088827,152.87866555721223
bad_form,141.10717465944091,145.51482512360963,152.07148671804984,152.31018661019837
bad_form,140.26019588869747,145.79493269403395,151.62838014149818,152.57305370195377
bad_form,139.83523840195437,146.4107982816374,151.40354811636425,152.6666288560482
bad_form,138.26064689206794,146.79139031284257,152.19662919911025,152.47916851669143
bad_form,137.67950459820966,146.31647751430444,150.16089937467723,151.69432487291562
bad_form,136.77690826635924,146.9052107917125,149.6390735791096,151.7765566406444
bad_form,135.89108514385293,146.88469489683195,149.35360274083376,151.64497516138053
bad_form,137.17772691271654,146.29869769060969,149.6207274160216,152.07458922860027
bad_form,135.75293432338367,145.73215646803285,148.95207141329772,152.0911132229858
bad_form,137.8753392227447,146.32225549533695,149.15877180759367,152.1969832555765
bad_form,140.35780004978062,146.6064283136997,148.95909288151626,152.18211567041408
bad_form,139.78060883210557,146.45127410532464,148.98639520989997,151.80536676380834
bad_form,141.76741784878854,145.43828840634396,149.20771319988202,150.97881811651305
bad_form,144.25033478662596,146.74512468452568,149.08901504588428,150.2571667867006
bad_form,145.92586752470444,146.57631506457523,149.16201475367407,150.36226123482848
bad_form,142.9270252219259,145.7352021055446,149.25607666054438,150.29543273463463
bad_form,143.79276631419322,144.80788598484853,149.22217940548083,150.0300045904511
bad_form,144.28191633811582,143.8559451992109,149.53223739899664,150.51753839561866
bad_form,141.56937547534375,142.40731940316107,150.77393658197568,151.15208943969122
bad_form,142.82165695068892,141.0884957815002,151.37584595924375,151.65783931008437
bad_form,144.06305284980712,140.32623445770486,151.73449305057179,152.13024602357004
bad_form,143.1602357533727,139.6881180606659,151.7887469219335,152.34699020837866
bad_form,138.74744836023845,134.38448332121698,151.37331573405598,152.70731570643102
bad_form,133.43477634233582,132.5645002445398,151.35976833270405,152.7280389426843
bad_form,131.16974841933802,132.31357836684148,151.9662804319284,153.08234676170628
bad_form,127.05289917899758,129.35239091774494,152.93315710496898,153.66059570460385
bad_form,125.16281955875564,127.3926085517903,152.90663200635106,153.97981029210564
bad_form,122.14455569125812,125.44878333550967,153.34832599905826,154.01718908820226
bad_form,120.08089780386284,123.0455064882364,153.53355253664347,154.58314500492835
bad_form,120.10453594065913,122.55617103379801,153.90048937560715,154.67322024543788
bad_form,118.50482389488475,121.90664696862594,154.40122248226487,155.1920550851545
bad_form,115.52157087840169,120.92707824753663,154.04707352971613,155.44286662562297
bad_form,115.80735705528652,121.20798948467507,153.8600408294702,155.45453758416835
bad_form,112.67060902349873,120.85993119358743,153.92247276791983,155.6575652296098
bad_form,110.81719551707022,119.87408258233133,153.8739883951585,155.4861280416485
bad_form,108.56273264194334,118.19635524130885,154.06420240435017,155.6678352322785
bad_form,106.93905198309737,119.49476600693926,154.23857847741226,155.6522154780902
bad_form,105.49437335160245,118.99204325155665,154.68940359684635,155.48596731961598
bad_form,105.31883204875848,119.86791814925036,155.052896566382,156.0599005434559
bad_form,104.76861973547047,119.85245579961841,154.7662152065747,155.26383111886264
bad_form,104.10172133073755,125.25504084423221,154.7185392678053,155.2459733721326
bad_form,108.1194831431544,122.84790484340459,154.46673443835166,154.9346967689057
bad_form,109.34786847213589,118.40780157709746,154.02213346006707,154.90114542518927
bad_form,110.14160826213885,120.63929412119505,153.85912797392584,154.26457558518157
bad_form,109.93618064830775,119.48083835594949,153.70239176060227,154.1950038516245
bad_form,109.55524751218408,118.37858829538584,153.6520444984624,153.86782846243082
bad_form,111.09653700443687,117.36803834394281,153.81412652749643,153.66202439144234
bad_form,112.65780204253575,115.74773775121304,154.39811614398943,154.3690985042542
bad_form,114.17141964574589,116.55888125097232,154.79618595484854,155.018181474786
bad_form,112.36644770406205,115.31395879322565,154.92215681210237,155.376876772847
bad_form,114.25348067724512,113.47311535507836,155.33337328546517,156.4862900563112
bad_form,114.67933408018433,112.19140863489059,155.17659579469645,156.34525654029156
bad_form,114.45824309689505,110.79640696223228,155.63217078613374,157.1667188639145
bad_form,111.36666560613386,107.10834298842279,155.20632822389877,156.7995486157885
bad_form,114.78827211603297,105.5735412076711,155.43460165517777,157.1526080665972
bad_form,116.71742157813296,107.08961550576171,155.74311548963237,157.1997963678563
bad_form,120.1007030692984,124.72606850394816,156.56723398028902,158.2805072339515
bad_form,113.3608537704227,122.46665896702474,156.5009210929415,158.27735339600088
bad_form,109.30917397422452,119.82132851049046,156.61160871838288,158.75985949892694
bad_form,105.01328574675985,117.3157177925862,156.76530286869064,158.5779198343223
bad_form,109.33057174687607,114.84622203083349,156.9765780578262,158.1480394855162
bad_form,109.48377598101148,112.79667230228442,156.77026111425565,157.94444355242192
bad_form,109.84199610216852,112.21212838511548,156.8153694475507,157.74842626208073
bad_form,106.26977359590492,109.95932425047747,156.62905489741982,157.7342999618054
bad_form,93.86651653152659,112.88392056130473,156.62984221159522,157.79780887369023
bad_form,97.27674161975949,110.31718376839254,156.58511267570637,157.46962534050792
bad_form,90.04113331168207,107.18417615472362,156.9173057501182,157.48872561299572
bad_form,84.13193250731884,105.61397065138483,157.11441353434958,158.30068178984948
bad_form,93.87869547091996,104.57350439508055,157.3501091179752,158.63247221599588
bad_form,88.97360757121037,104.58953296676309,157.94437375022596,159.92588751450324
bad_form,83.77039804530934,103.84860661131104,158.17019422036233,160.2322016143417
bad_form,87.5634452945944,103.88354212266391,158.46844584231695,160.8364891737531
bad_form,99.1482549216717,104.22062463180292,158.8355090212216,161.09696630581163
bad_form,103.80773861620605,105.00671279542692,159.06784312206415,161.47727249411585
bad_form,102.21358409485005,104.60966733738867,159.0046936148104,161.27137514331312
bad_form,93.61769341624962,105.45333343789305,159.1016561284468,161.3221871122356
bad_form,84.59094628945853,104.47869290546741,159.04765293505852,161.39887698423922
bad_form,80.0486873384096,103.82092349004247,159.0476620341671,161.35966672556833
bad_form,81.88149585674861,102.33214114152217,159.02644578587973,161.2941050416603
bad_form,89.49365970926908,101.67752509341828,159.05009230448366,161.56926204727773
bad_form,88.52794434697239,99.58614102849342,159.16617745430165,161.48007542291415
bad_form,81.06695685672778,98.51857300210038,159.16468860377404,161.43089495420654
bad_form,82.63537770461309,96.54182863707352,159.2895879329611,161.392553817317
bad_form,84.77632049317317,96.62287028565625,159.3439384277648,161.369826148887
bad_form,85.98741564636842,95.91149185893032,159.55356773232688,161.5246626803349
bad_form,86.1015448690002,95.4228929443785,159.60113067528252,161.53174058683317
bad_form,88.53126590201929,95.02665084709612,159.64216825796106,161.49734553230925
bad_form,91.62617157977857,98.60290809264477,159.55293064589307,161.32695444546658
bad_form,95.4901561200636,103.85398564333742,159.70461954250393,161.00292200182727
bad_form,97.69859138462883,105.78269655948642,159.6482114648273,160.8022502148596
bad_form,96.08814697623103,109.14665666327409,159.5774924195524,160.47638579922233
bad_form,97.97042464228984,115.45140536188981,159.6020346593513,160.26862967147642
bad_form,99.86038406388629,111.17279313207484,159.2821812077313,159.9740775359836
bad_form,105.27770660253198,114.13929059848599,159.1872932464391,160.01215972789916
bad_form,110.80633606684134,118.6659068828966,159.4064482358259,159.94840798058829
bad_form,110.52663643905089,110.8988576257161,159.36201189434811,159.8878200724369
bad_form,108.19724044463523,116.47128587636989,159.20163636227122,159.71086890148277
bad_form,111.1595450742781,123.65819255671602,159.2436799203389,159.6391129609364
bad_form,118.3033806246168,121.45164591346087,158.9227295016982,159.90008194708975
bad_form,118.83323000084805,130.67514880694424,158.83331205725977,160.1081106022979
bad_form,123.67253891974566,123.73389717482358,158.96893880122076,160.3805194464587
bad_form,129.07614923805176,121.59048521411187,158.93022646245362,160.156674336932
bad_form,130.18504348617526,120.86653952452697,159.26938838273836,160.46234568010703
bad_form,133.82943212986928,119.61950491942696,159.19654282367074,160.8157463519715
bad_form,125.9910588881823,120.44240362196724,159.3302543509805,160.84431762445223
bad_form,123.99868478786887,120.5682882470331,159.32255287635746,160.69717816028563
bad_form,121.6022154419988,121.34988134636325,159.32096245634656,160.29797484432635
bad_form,114.51245626223697,121.43881203507569,158.88965022999813,160.04722525359298
bad_form,115.35886121274633,122.3581252040837,158.67206733223225,159.86278402949208
bad_form,114.26210204342637,122.43168786087338,158.3800267496319,159.5640953749188
bad_form,112.71228927900944,123.97627905484418,158.2946220791575,159.98837739327257
bad_form,117.66535953430865,128.1210405900328,158.05223485908286,159.6239541562042
bad_form,115.29756699971212,130.40347577905786,157.96166039811374,159.65646968037237
bad_form,114.33619714646987,132.32029288452628,157.96779888802064,159.32027021473186
bad_form,114.23780311469315,136.53487154840934,157.8689125977916,159.01081992490057
bad_form,117.36910407814634,137.77618116980483,157.76670698606134,159.0462274428565
bad_form,121.2527113658213,138.96232786180627,157.40341804799777,158.69080177716955
bad_form,121.79817808462298,139.3869877609403,156.9801891464649,158.24966327471398
bad_form,122.89793509695988,140.10110451881087,156.6691635433111,157.59354983910538
bad_form,124.55039869826768,140.2697776706288,156.3188553508801,157.5256007355072
bad_form,124.0925058021078,141.99426580071844,156.65796147180473,157.8786729419752
bad_form,124.83393420631424,141.47042743207453,156.43933618397548,158.04019189254967
bad_form,123.55920398444748,141.55789371920284,156.30827778394553,158.28816781355715
bad_form,123.60084512295487,139.50954614887235,156.43139812870277,158.2324028434316
bad_form,123.81109408207199,138.86340807025246,156.36734628611205,158.40412547107502
bad_form,123.66280633290015,139.5113619533738,156.23326104791428,158.40851644510045
bad_form,124.82498833065372,137.56185653954722,156.1529632579672,157.7262977261554
bad_form,125.9136883730546,135.4196483819325,155.86236850177846,157.59257093761917
bad_form,127.72860045370872,133.90129122379673,155.70401992377572,157.60200815853023
bad_form,128.42731223759586,134.13803945242947,155.3784991925083,157.6486674109449
bad_form,129.44310580478273,133.36015545109836,155.30804447075212,157.74445957468168
bad_form,130.25771146706788,134.8004349666896,155.38116507392473,157.9498432949079
bad_form,128.85099123816715,135.01489419229048,155.53100454474844,157.5980786760312
bad_form,127.9187092491807,134.45456005489197,155.45556538373816,157.26257305780433
bad_form,128.9405241010999,135.3533452161423,155.27228872573738,157.1111010332703
bad_form,129.08957205519937,134.9968859807185,155.06889468784624,156.52334318575083
bad_form,129.9835451277126,136.05864539196773,155.18131331076458,156.6937836936678
bad_form,129.91585677335019,136.31052395332213,155.27416923331597,156.87604888555333
bad_form,130.10906247520123,137.484153324802,154.71580902666227,156.66026679380602
bad_form,131.30846441575403,138.27492539180466,154.05339302887722,156.21280414395105
bad_form,132.38593982668405,139.1515430770113,153.71211718263623,156.15849231616681
bad_form,132.57037827376396,140.0202973265975,153.6350373141692,156.00480036264014
bad_form,132.943778417786,141.11923487689108,152.9208700383994,155.4195229106272
bad_form,134.3282466737951,142.9191637571594,152.88686462499916,154.67825182180755
bad_form,136.42497080741953,143.76789271307803,152.57570461534914,154.21460974372926
bad_form,136.3251422719757,143.8514672657637,151.75836728131168,154.14363185519377
bad_form,135.36213802346145,144.31080002920308,151.6835885819059,153.48700659032613
bad_form,134.65562758793786,145.0293957149985,151.43624003145686,152.93417924298475
bad_form,136.3295451403734,146.12888244029565,150.3191449704175,152.56951574096573
bad_form,135.01672158309847,146.35960642813856,150.04070664965138,152.2793188916835
bad_form,132.71126941849332,145.0138740929567,149.4511561637052,152.0502308150516
bad_form,134.08841226368088,146.39943410830364,148.32587071301603,151.30161632770339
bad_form,134.71267963568187,148.3934291253215,148.33664920224817,150.5544264719292
bad_form,135.8743057895045,148.5737324581249,148.08128752409107,149.70506161608512
bad_form,139.43892508039175,148.7830775201479,147.50055631432633,149.47970328638806
bad_form,139.63756319099167,148.42665698250119,147.27584574299584,149.03739731601848
bad_form,141.02584123248948,147.9607212396068,146.53679291062616,148.34205068005676
bad_form,143.16308998091188,150.12668406700865,146.23774279663908,148.09484726117373
bad_form,145.53180665728522,150.7954346447267,145.21921761051283,147.69473590333675
bad_form,150.10929656382976,151.58573116067083,144.58452776150224,147.4572252785826
bad_form,153.84860651954193,151.28353416046937,143.89521670759297,146.30014047934782
bad_form,155.71079791381587,153.22108495973106,143.43023902665078,146.15636236118644
bad_form,155.19215605996922,156.34587738800386,143.2262939224438,145.52009861913513
bad_form,156.1109259835194,156.37548939753512,142.82466177035462,145.0980482280976
bad_form,158.199214036349,156.40851332027577,142.5595043645209,144.457623682343
bad_form,155.64444665618373,156.24056342180074,142.30666069454267,143.75344945240633
bad_form,155.80242443138,157.70629127691524,141.96365443385625,142.82087664973068
bad_form,156.21431990502225,157.65653185686736,141.33759506573472,141.25586385080229
bad_form,156.1309975012616,156.52284020933166,140.95911165176994,140.87184747505114
bad_form,155.93456206206494,157.2025604438633,140.23966858145104,139.81636633818718
bad_form,156.00883785360702,156.94246961971527,139.91163731079675,138.8073053038364
bad_form,157.42790862052863,158.2653864410228,139.18838666550218,138.66338774000187
bad_form,156.37313821268052,157.83328734191144,138.49685834368944,137.99660716584143
bad_form,157.11405816228168,158.3489640690547,137.95429184836098,137.56590111480148
bad_form,156.55058328902052,158.01558864484252,137.1077672930938,136.50245353195226
bad_form,157.417668677125,158.83546246124484,136.7785503518324,136.21192051613036
bad_form,157.95972154238206,158.92077361593223,136.12451037054822,135.20128803117285
bad_form,158.01146257322537,160.73779261071203,134.90293833176457,134.09525629099943
bad_form,157.63842461795394,160.3804005404615,133.90634101781998,133.60227603012734
bad_form,159.51522452662581,160.5585773166244,133.45657440485553,133.4253282895303
bad_form,160.54804485673196,161.70307762462366,133.95497013174145,133.51080526230155
bad_form,160.72652015564108,161.08200861464545,133.15182644541483,132.69182233929666
bad_form,159.66613931622095,161.23330612267824,132.6564587701108,132.49529571884528
bad_form,158.48798623181767,160.64730028079515,132.53938021012084,131.8746218189126
bad_form,158.2371629422313,160.32678915734084,132.4719084631683,131.8450269960798
bad_form,158.31033986229127,159.22812771875772,132.22486675215183,131.16164155784804
bad_form,161.07119484689622,159.73883875608993,131.70876413975088,130.48833468798648
bad_form,160.9445067589629,159.73737105183855,131.84152291624216,130.5575950720971
bad_form,160.97620295987707,159.62542693991205,131.85243012033254,130.7050113692888
bad_form,161.05893987843896,159.6872091806302,131.7286503901455,130.6157753237532
bad_form,161.6303923283975,160.13095824516722,131.37170821793634,130.40628103028504
bad_form,161.88813496330056,160.09258812650148,131.20853015774546,130.3956898169253
bad_form,161.526587905852,159.61719832077372,131.13287985400365,130.57435033654102
bad_form,161.33274863482936,159.73263456663008,131.36281762100538,130.64474732078503
bad_form,161.52956411216542,160.76714639665204,131.49208375123965,130.89280350850066
bad_form,162.99343376148585,161.28956141260045,131.77796959532367,131.1671917133734
bad_form,162.42133957920285,161.65462341603467,131.8990760549087,131.36296334836106
bad_form,161.80008953826066,161.3922214163197,132.05494177764484,131.54628102605102
bad_form,160.95243494207048,161.30922630719328,132.1670904951329,131.74756415370214
bad_form,161.03486779284373,161.70847927635668,132.28271023882442,131.74834124553502
bad_form,160.73595164102454,162.48482850729835,132.58169823569855,131.99204878803445
bad_form,161.06323408359316,162.71791012098151,132.5940048396007,132.25204037530045
bad_form,163.05521609379164,163.22586549748314,132.4627940631725,132.29431766274377
bad_form,162.72487879269173,162.4287609837126,132.54597401463423,132.47029151232562
bad_form,161.37405441399207,162.36034720005887,132.65268115597542,132.29082660985742
bad_form,160.823961820832,162.4458335129005,132.72213277755404,132.4208293157196
bad_form,159.692611213707,161.51878425831308,132.99369758399493,133.16479185487924
bad_form,157.78271169870425,160.5753994671469,133.603236668654,133.922109041226
bad_form,156.425603154077,159.4578513779409,133.78649040142525,134.09787502874258
bad_form,159.30069320520002,159.0869779408469,134.10221461253653,134.39286627735905
bad_form,162.26614132931937,159.2357635622522,134.21904405304832,134.63258611020473
bad_form,161.50544954022703,157.53341823906217,134.53556244456473,135.5679225984913
bad_form,160.51411317921688,157.22951244586437,134.90182160018034,136.06805114905006
bad_form,159.25606458819772,156.8941003688981,135.60164543232327,136.97937929628776
bad_form,158.55913901028984,156.34736073987497,136.37557216489097,138.26440751781843
bad_form,158.51394957944697,157.5751536276306,136.8086945818222,139.2222400040543
bad_form,162.60383929753266,156.92973517606964,137.52400789450863,139.61013011144937
bad_form,161.16601783411542,156.81541910776966,138.4136831542625,140.23471608258816
bad_form,157.8828758799448,156.34126059279131,139.23201787365156,141.35885053423831
bad_form,154.91954103787324,156.02707362674852,139.56029215294134,141.5915277349029
bad_form,153.14931573865238,155.20159584324142,139.8936332490592,142.08967174326523
bad_form,148.31156631591088,155.22922577470513,140.2374127101928,142.6974100571958
bad_form,146.21000708211957,153.027618516244,140.65132432772623,143.19382492800716
bad_form,145.0940570055061,152.6874321016521,140.7528329269417,143.18573205805373
bad_form,143.5209704153189,152.04669834099215,141.15661579872767,143.64406545557614
bad_form,140.72205074117437,150.8193452388358,141.54713012245088,144.2187826628927
bad_form,137.48339054452725,148.9318632225572,143.08665270885942,145.30435443600288
bad_form,135.60660382037506,147.67556202232274,142.710280670615,145.64490070443216
bad_form,131.7481163588069,146.59119728432654,142.56917369816136,145.7032388248935
bad_form,128.9981159673396,145.72425903079636,142.5417484948361,145.67084675455544
bad_form,126.77813060545282,144.09512322152705,143.28249390171206,146.2715923650998
bad_form,124.65459317939595,143.42626670108152,144.0947218337922,146.52496845365573
bad_form,122.8560343091944,141.39025408008263,144.54811542916315,146.85614489351715
bad_form,124.42226269071472,141.52583159600422,144.52721099087853,146.80253367350835
bad_form,124.09581951359662,140.30252853426092,144.95332425766054,146.89973983734131
bad_form,120.89747779688068,136.96713793887676,145.2741910507996,146.8840169090003
bad_form,119.39205270924698,134.31977224226077,145.3037213301446,147.0136828996098
bad_form,118.61391261917022,133.50896918698842,146.19578872537107,148.34508413868517
bad_form,117.61951054981495,130.96271002876318,146.59136460310512,148.554266770838
bad_form,115.7661950672986,127.1097323499502,146.8073148221538,148.88902163825028
bad_form,114.79098719360728,127.24520976460178,148.1716626167876,149.58154013592693
bad_form,115.40449877197902,127.95045084688876,148.91988193499984,150.0574698656085
bad_form,135.45918323222097,125.7595044494063,149.06189358139503,150.35414809099225
bad_form,133.1029371056904,125.84413857558161,149.39563655410004,150.46187624010676
bad_form,122.77674561961477,125.55691626511262,149.6674751974905,151.40587801926506
bad_form,120.9424949961619,124.48579962647443,149.30393286027257,151.71643128886944
bad_form,119.86733480631142,125.42094759064993,149.08001273308645,151.70107087902005
bad_form,120.14907678272037,127.50103236509686,149.98525617713275,151.88696908126508
bad_form,115.68396071302806,128.02921279240866,150.50961741647686,152.23959248057434
bad_form,113.52475919942466,123.7976790667753,151.05952051712714,153.21845418251257
bad_form,111.04696039036675,120.28149503313249,151.63167905282188,154.08727829389184
bad_form,111.86148699193966,118.87784195866566,152.35664139945288,154.68994995871913
bad_form,121.8684283278167,117.05299684716626,153.05460797600176,154.9365276718371
bad_form,110.98249422614369,115.4228891815299,153.35009347250426,155.4047427122538
bad_form,114.68660486435259,115.76699209748953,153.9806085524219,155.81819453539205
bad_form,113.24001972874753,112.62387308759646,154.28668944897237,156.0751312107086
bad_form,110.84844662394985,109.90892239980627,154.79785624205013,156.55545018023403
bad_form,106.87155430134457,108.61737602140556,155.1562675000815,156.96541692158843
bad_form,106.13197347387957,108.64823365979936,155.289283249973,157.31562176713086
bad_form,104.3051747411395,108.53808991672267,155.44013813182588,157.05948881598303
bad_form,102.36939445655034,107.64338231556827,155.78013027693996,157.17784351899104
bad_form,111.11620829101165,108.06309314210257,156.39471539038078,157.55172440790707
bad_form,118.41962243260636,110.37093736085194,156.91972429856722,158.08800951783266
bad_form,118.44007196190098,111.9785018611443,157.19930947795459,158.6197075369977
bad_form,119.24393389922426,114.44025128466214,157.53006895686462,158.8913406317951
bad_form,122.05681462468033,114.18382438714946,157.5457751466979,158.96619164880315
bad_form,119.43411585041746,114.07790714279658,157.7991317241515,159.7778208407479
bad_form,121.62839577120769,115.95543211605214,158.0603393789118,160.25394108520314
bad_form,122.5357781605171,116.011952305179,158.37919079969816,160.57508956242918
bad_form,116.78240118479398,123.42882639950693,158.39192928368053,160.21402584691927
bad_form,118.76099164546659,123.117160296234,158.31444708416976,159.94871893625742
bad_form,119.6951263133141,123.20787341925036,158.63589854038284,160.11034190543086
bad_form,123.1204946387099,123.05755850830133,158.5836607127918,160.08744926855056
bad_form,117.23381251826801,124.70598184062119,158.34247524024542,159.78161331996304
bad_form,120.78600390781082,124.2171594102578,158.24937874047995,159.67777979639916
bad_form,116.49434979858728,125.13847116354724,158.21922181215655,159.49043331323966
bad_form,112.58482792778442,124.12913238366623,158.18225323251207,159.44217312957565
bad_form,111.71566073678183,121.65778722693898,158.17198342427403,159.3696797238793
bad_form,110.90554663414956,123.00027870084992,158.22038965077553,159.35557134427162
bad_form,108.9917115382203,121.7863775859493,158.24085259889938,159.33724442018726
bad_form,107.34545255560761,119.63407355385091,158.16391605856785,159.30536367744642
bad_form,107.90624308597287,111.46672805019271,158.04836380030372,159.17210036717304
bad_form,103.8662969961982,111.8039648696239,157.92582300655528,159.19024452627932
bad_form,102.45234338803895,111.53686796036597,157.75681795549835,158.8763994595389
bad_form,102.33145703064434,108.80258884722203,157.46912064494975,158.70552192408937
bad_form,104.22118020062535,111.76153296212055,157.41457393616204,158.9475211132502
bad_form,106.11317205842387,114.78908944616533,157.04960100667,158.52429702644824
bad_form,105.2130580841302,111.2494939354979,156.7634419091842,158.55940798259388
bad_form,107.41629755404209,110.03754389855345,156.72840935089164,158.62310704698652
bad_form,109.03448998296942,106.357466547306,156.36507368615233,158.52185402631926
bad_form,111.96735235229866,104.71184588910978,156.197204927876,158.23182958154365
bad_form,116.66127201048079,103.79747661465352,156.30379039857183,158.03741621796036
bad_form,120.47345595724629,110.8134855049684,155.91152724363883,157.85990036124153
bad_form,122.46926940735568,108.81558374475894,155.98011484960963,157.69526172176222
bad_form,123.80825816283298,107.86603533803728,155.87236091234314,157.30958084134048
bad_form,123.58903075545548,108.56765014719413,155.94548658107828,157.27077254792707
bad_form,120.58052684227444,109.76836383726749,155.67527867592477,157.273805402444
bad_form,120.52760227963199,109.60761074527423,155.63311360052305,157.2482769877947
bad_form,120.18021071768783,108.65637827302915,155.73876488269985,157.54098949135116
bad_form,117.63657733992113,108.96960175580371,155.67545738502213,157.21317617119
bad_form,111.81492530545785,107.536349697769,155.53456156509782,157.09499606139588
bad_form,113.98400763819278,107.51963798991271,155.5249560841452,157.27422214034786
bad_form,117.74451389376766,109.33122942766195,155.33759193559393,157.3099765599155
bad_form,119.11526210097979,110.25060340182179,154.8316433137224,156.91632517256423
bad_form,119.19270464138624,110.06375367586189,154.22043688656296,156.19537045225707
bad_form,119.36368904539778,110.96874321243237,154.30683127747943,156.05575318752244
bad_form,124.43676275849057,112.85774690943045,154.53917859801686,156.19516319657274
bad_form,126.1685606436584,114.53218916039324,154.58917787773885,156.2465272195433
bad_form,125.0330280466406,116.52631815595657,154.47344839287717,155.93316182381727
bad_form,123.66776886035808,117.20478086150777,154.23635683245539,155.60560024322965
bad_form,124.93221108765583,121.60101375651409,153.74615826694495,155.17613018456575
bad_form,126.04874376516491,127.72828959461029,153.59457951265364,154.55531252388528
bad_form,125.18383385437362,132.56186712821068,153.70804288594624,154.57022369889725
bad_form,127.22059612065415,133.82920838440785,153.4168379355762,154.44636389193064
bad_form,126.99013567982263,134.04976522180223,153.1816144794901,154.44582026506274
bad_form,128.01331392969263,135.23830709898704,152.65141869338245,154.477290701455
bad_form,122.43892023210746,134.9171239613718,152.2267381265771,154.55927269256912
bad_form,123.78261736588213,135.0715617763465,151.70839829256624,154.40299632862437
bad_form,122.10059901611704,135.5305265139543,151.76298660952463,154.16356095419408
bad_form,125.9146090869766,135.6365315027768,151.91947397481647,154.00140124835852
bad_form,132.36876565108588,136.0351161242319,151.98096606217143,153.9034259310771
bad_form,137.8136712154427,137.93099811410576,152.1721544148915,153.9684534336058
bad_form,137.6264179173137,137.86733466492436,152.04937661812943,153.79029280396296
bad_form,134.71430408822155,138.59104131126733,151.79852187651005,153.88149358144085
bad_form,130.98906830521787,139.54651035546044,151.7551523023433,153.61822205337342
bad_form,131.1408243241032,140.48974620826976,151.54130040878204,153.49154553646926
bad_form,130.2829497427807,139.83043989335616,151.2501613714036,153.66202936982384
bad_form,129.44716499974956,141.20541782590098,151.16833023854824,153.20296196560417
bad_form,130.79012512090048,143.30207747168836,150.68183531960605,152.72485712151357
bad_form,134.9839883673888,143.3751282185209,150.89474338069402,152.96486333482946
bad_form,138.5617389133864,145.20401806484165,150.57279209009488,152.4508329528781
bad_form,134.22346442697804,146.82715429676892,151.54443730564626,151.645061315816
bad_form,135.2914256815608,148.10376036212529,151.24581044432125,150.5361839829036
bad_form,137.11407447736534,148.07855915594718,151.47187215874737,150.02799219621767
bad_form,137.03989399493287,148.66841585371176,149.97848157615906,150.45115545248362
bad_form,134.37842646738332,150.09828793750262,149.06334407539205,149.86183946316558
bad_form,141.9743373859518,150.98624573130627,146.92782236129761,149.48126186361287
bad_form,141.75484489145876,151.06396929437975,145.75046358301333,149.46873705129187
bad_form,143.84059524200748,151.43183362642228,143.78761145593302,149.84852804403528
bad_form,139.14323552774357,152.00801464153696,144.69872387665768,149.41894166874687
bad_form,141.22974747876177,154.43210252816536,145.28963821335861,149.50030278586317
bad_form,138.72323572581666,153.58923622168206,144.61898160558187,150.42363524285494
bad_form,133.0202824211717,152.28140927931554,146.28155027858529,150.86874972590218
bad_form,130.82354924045325,149.53272774502835,143.46066390888518,151.58484758663457
bad_form,129.57282162090118,148.39020136829365,142.47946373257633,153.4680492418529
bad_form,131.9517118933018,148.0780884379301,142.23847169346334,155.03018974763148
bad_form,131.81724113321062,147.30167673722815,142.7709533853272,157.36545691868463
bad_form,133.32800868264556,146.60433935474038,145.65426936229323,158.7178478611573
bad_form,133.59107482038237,144.32543501348033,145.95590699492885,159.2204763343361
bad_form,131.72221863254325,143.2842985390064,146.92070815072998,159.91862410931714
bad_form,132.39030146636514,143.25541712151022,148.7288990181945,160.29428961587402
bad_form,132.39711509097626,143.83773232865298,149.54827286797203,161.2029588490237
bad_form,132.05539191250216,142.47826952962848,149.42829048830342,162.24925575199347
bad_form,128.0781994016285,141.90867366509613,149.59172363501628,163.07751417483502
bad_form,127.05179284400603,143.89078935157713,150.23239931771346,164.06132023836415
bad_form,122.50016145088074,142.68459068225764,153.05198265333829,164.43830158124774
bad_form,121.56072710232715,142.36201310294834,153.856183989897,165.54950138360255
bad_form,126.37184430296745,144.6899961724525,155.48404429336853,167.0751154570932
bad_form,127.73872043434086,143.10477931132732,157.44791408325372,167.97006132079633
bad_form,135.6566432545172,143.78573195006223,158.81569900788156,168.89269833080448
bad_form,133.93540836047157,141.70259453179418,160.04299053975683,168.80701414491045
bad_form,131.3293700451264,139.90586941901097,161.32138503899807,169.62510175115338
bad_form,133.307047207972,139.43837390937222,161.85069027356576,169.9652111076966
bad_form,135.48530578190676,140.27348987408422,164.05691777436107,169.73386550983693
bad_form,133.9819419105792,138.98268972355595,164.3797677723967,169.6378569272302
bad_form,136.0210219287935,138.9943709325859,163.8614145450834,170.59357514131597
bad_form,138.91737645061673,139.07316983429902,163.8619624853866,171.31820735994086
bad_form,115.71377487024682,139.48461163889533,177.87913872313842,177.75844848081303
bad_form,112.53116297584288,137.46038738017285,178.32993312189515,177.76663576785205
bad_form,111.05016410113424,136.82779475365547,178.57764626530786,177.7962717781616
bad_form,110.36557504934497,136.28014489935302,178.69307317959246,177.82721360308034
bad_form,109.73446095995712,135.86137384289586,178.75470757923011,177.86842433419645
bad_form,109.0190601825448,135.2426619546773,178.84754786183717,177.92132484040485
bad_form,108.46552559793281,134.80305967140197,178.98095908016748,177.97552284872896
bad_form,108.31130052471887,134.40288905242474,179.1431098247931,178.0013093940859
bad_form,108.23897040759292,134.10995077518623,179.4169601187156,178.1962102010995
bad_form,108.06953056096101,133.76374104643077,179.60883935066082,178.31195779852385
bad_form,107.85310040216703,133.3047793581319,179.77165277967458,178.45889092933348
bad_form,107.49077647432485,132.81454759102033,179.90606278285196,178.5777863800375
bad_form,107.1461270206812,132.45775188300095,179.94695421231137,178.7254564714578
bad_form,106.7031359758836,132.14266818064246,179.69912008734036,178.88062717000767
bad_form,106.44206656767169,131.91691850063424,179.54946566939688,178.92020983427884
bad_form,105.7061828337427,131.69129704952496,179.57316817066643,178.93271738448365
bad_form,105.25622867556837,131.47587040315054,179.54856231011172,179.03864643470362
bad_form,105.21691152519541,131.0477404058122,179.5101970174271,179.1988925525976
bad_form,104.80371139948157,130.86200716313948,179.39720627269776,179.3412337010042
bad_form,104.57335918148021,130.6966051158732,179.282001701153,179.49850528216325
bad_form,104.42794658970384,130.56314037344885,179.12782591631486,179.6400573647147
bad_form,104.07966748527154,130.14626079961107,178.91794977506117,179.82512347997047
bad_form,103.57082840718967,129.15218639328782,178.8371486261907,179.941067210493
bad_form,103.45350477352336,126.94494801952513,178.38330488243452,179.49792714090847
bad_form,103.16752667442476,125.09808981340505,177.82502291811235,179.24605781657303
bad_form,102.54260638108738,122.4249125270551,177.80740625974772,179.09611526765121
bad_form,101.45109413940422,120.62897328077449,177.64349814618507,178.63600150621247
bad_form,100.88071680568547,118.26203930052483,177.55180788844828,178.28682492568646
bad_form,100.80880130159791,117.22406261670642,177.62421680761707,178.38947321916964
bad_form,100.45227647400051,115.8762504747617,177.24345425101077,178.24470737987818
bad_form,96.99853417814148,114.24817677668695,176.91185092718354,178.1429950236708
bad_form,96.68085653392906,113.79579414507627,176.73171410506853,177.89508719375615
bad_form,99.05747041737348,111.61529222736979,176.52804955617745,177.69064474143795
bad_form,98.59391591720092,109.05907736463438,175.9961963228358,176.99956930296852
bad_form,94.18410911333059,108.11895961326215,175.42528727730866,176.73633578169725
bad_form,91.12871130151446,106.8109752528969,175.5066878682732,176.9724935626609
bad_form,85.14909759758535,104.47597367480586,175.7017374455407,177.14453129024713
bad_form,83.33819361395122,102.35764998244532,175.8491726483295,177.0698173094606
bad_form,82.2520423960055,98.78736040748161,175.58859328015154,177.0759122253255
bad_form,80.84582688327247,97.51325651670032,175.55712339678766,176.7829323017414
bad_form,79.62727691102815,95.92661810579364,175.5833232599468,176.2732489206872
bad_form,80.19271815631215,94.36924522587765,175.89183248143163,175.5612515047804
bad_form,79.39985217688323,93.13463224998762,175.88156405827843,175.02203814360502
bad_form,77.8691148524491,90.84720117550276,176.12781724825064,175.16154254858756
bad_form,75.68238477501926,87.74216062824726,176.2108246588896,175.42967031790803
bad_form,74.5557866883941,85.94164497473271,176.1927836947063,175.24647887789337
bad_form,73.58728561008436,83.94548178091021,176.01446715866655,175.33879821497808
bad_form,73.93655807477415,82.38462356660706,175.72135857194354,175.018619840077
bad_form,73.00745573362643,81.16711860616927,175.2736949931142,174.85177082076675
bad_form,73.7484046578718,80.63594454529967,175.06693736330948,174.71388382825492
bad_form,75.44144662802762,79.97186256753649,174.9239990325377,174.50931985935594
bad_form,72.94341794729029,79.44054186088502,174.80740961852686,174.41592036723756
bad_form,74.27189620239415,78.46646868012529,174.5420910681255,174.515501353755
bad_form,71.62316690786129,78.10955627547038,174.38351365070352,174.63291014854116
bad_form,69.20282639311564,77.2174742828638,174.35008978908272,174.82650655431823
bad_form,69.03422981692803,76.4494856571146,174.25167861833378,174.89133119912262
bad_form,70.4493176676345,76.13228656870695,174.10831845333072,174.87931680035447
bad_form,70.80806311027581,75.03392323118354,174.324215925238,174.94434884603552
bad_form,70.21831692846233,74.02700427127041,174.36505954558086,175.08522185229808
bad_form,68.29256052679908,72.29703536479734,174.57578219027897,175.54620920372003
bad_form,65.80574087854703,71.48525856242793,174.46876252769846,175.63722871454632
bad_form,66.48190626312272,70.74875300656218,174.54405096803606,175.30970218882987
bad_form,63.5026245738694,70.04219683559734,174.34484106837172,175.01138337073158
bad_form,58.4733563780793,68.61990862340646,173.8970963358682,174.97033992301152
bad_form,56.17538077697457,66.72393926884975,173.67885146408628,175.12299290412787
bad_form,55.159548237428055,65.90529178248305,173.39443789177184,175.1282407614767
bad_form,56.270780802610986,65.28559436094183,173.4447161957898,175.35363657146277
bad_form,55.72539520530808,64.8762743343166,173.46955030203523,175.50757181116217
bad_form,51.96415865317394,63.376822255854904,173.33864677198184,175.96443305149933
bad_form,48.97709707097019,62.17133473571543,173.18156117605602,175.90948748611586
bad_form,46.22219373992299,61.3247511902793,173.1000798866274,175.90668843632238
bad_form,44.65103226257061,60.495471825757406,173.37293727641722,176.20446117356374
bad_form,45.1230164522943,60.593123925698436,173.56370859798034,175.8440099539162
bad_form,45.371004725938114,60.64471174904726,173.56754611963532,175.70871913770802
bad_form,45.392339638789785,60.533625254503626,173.69997643177695,175.86963771415228
bad_form,43.85846744947514,60.433867167357064,173.52585477671906,176.11457943039946
bad_form,42.49526578139584,60.27796644906447,173.33589826344937,176.19520906898623
bad_form,42.35898334083172,61.1554934687213,173.2579203586807,176.11065368836114
bad_form,42.13691743375596,61.17922256657156,173.2131688066835,176.07740195098665
bad_form,41.9369791265014,60.76383622360651,173.11088858747587,176.11913013382068
bad_form,42.36701284231451,61.00904891542197,172.87569704745783,175.9282593381765
bad_form,42.613064553987854,61.53231125435234,172.72803609757278,175.74399632314825
bad_form,42.819213728939545,62.25150729269127,172.52032291113022,175.45674015309646
bad_form,42.663041292813425,63.50430883089784,172.45989856560897,174.8650865219306
bad_form,43.256323650441765,65.32000802438405,172.23885047507576,174.02267685992345
bad_form,42.94970515465191,65.240735244642,171.6606518502329,173.8250542489004
bad_form,42.72193126554056,64.02000975685056,170.99420979665277,173.49030499011937
bad_form,42.64124453835555,64.87894511148073,170.6070218871013,173.04666454073444
bad_form,43.25807133367888,65.99911926343091,170.47964032632535,172.6897298832144
bad_form,43.45905434662142,68.18098064217342,170.11763829769603,171.72222951688593
bad_form,44.67481324513963,68.72578241220448,170.03029788507448,171.11283117142375
bad_form,43.61451284426276,70.99090221780041,169.8598759655132,170.63689044220223
bad_form,46.634886092039544,72.20949722872847,169.93567096740918,170.33730887002076
bad_form,50.359281497560374,72.73904290005713,169.879730247819,170.51805446050673
bad_form,51.67556301598134,72.96465008407625,169.8056738642402,170.5728635500465
bad_form,54.838468288587094,72.55562861458363,169.55001629904143,170.28954904535456
bad_form,56.883790217491644,74.14364002818992,169.20579264323553,170.1053409439006
bad_form,60.81129620122246,75.27547637504993,168.63464178353584,169.91848366700208
bad_form,64.57128023081273,77.57096057180961,167.99219538475631,169.9837244988942
bad_form,70.86999729864255,81.15981833948479,167.65236727563925,169.36886440769763
bad_form,72.51004314978812,82.8958628550455,167.37218218024265,169.47632507723262
bad_form,73.69466365572636,85.85320330464194,167.1193608032598,169.40984018663409
bad_form,77.68828164031744,89.6118128684584,166.72901211693602,169.07755284896547
bad_form,84.92003099584227,92.02975547729177,166.52533345181166,168.92978829138536
bad_form,86.10992286664217,93.94981348299017,166.04285726575827,168.2806552245802
bad_form,86.78121062902892,95.62848249169386,165.84696330591655,168.0855240272291
bad_form,88.04687528364897,97.07135257758837,166.17623348036136,168.1173023122757
bad_form,90.48603640291127,99.15031534920124,166.1268517188928,168.08593385018403
bad_form,91.46300607554987,101.15172679863046,165.9774703455227,168.17568452679268
bad_form,93.68258119264341,103.37031498111925,165.69480608884763,167.9939058766216
bad_form,94.71531430823197,105.35947533222442,165.4441565830914,167.61598938418555
bad_form,95.43406958645909,106.32015415147971,165.03439270203538,167.40099803182218
bad_form,96.58462693069674,108.01640533420272,164.7372920406806,167.04471609635806
bad_form,97.72581132847652,110.95838330334139,164.69713621794506,166.63602860890236
bad_form,103.11755049505065,113.40010509039375,164.82278561103803,166.69175065157995
bad_form,106.71479161428641,115.64558532111504,165.17995366233447,166.6940479194686
bad_form,110.83238182670173,118.36172595370563,165.41753360009514,166.8386777134095
bad_form,113.75514545255965,123.02629142815412,165.22511599847823,166.73704152117256
bad_form,117.55630690291409,127.17739993381899,165.25060980483414,166.79500044576753
bad_form,118.27047918876458,133.34682886266776,164.9813952954138,166.5313869576589
bad_form,119.87580219936584,138.20940778643373,165.16418482552297,166.70716136553338
bad_form,123.36080586213633,142.35340376712003,165.3961407395927,167.0172355852646
bad_form,124.5639243726294,144.07528584829606,165.34626546954124,167.18392494636512
bad_form,127.68741535716069,148.39145538007742,165.38178850127792,167.4433976010272
bad_form,129.56860210910727,151.1328718293053,165.5503642144092,167.76214351683691
bad_form,130.75126342323034,153.30750546268004,165.94228121629024,168.42968574235368
bad_form,131.5101285929931,153.74661581542827,166.12162876412768,168.49813400354236
bad_form,131.42743358896914,154.73706683576475,166.39931417353586,168.64526765435713
bad_form,131.0983897942393,155.16213262072264,166.6638550762968,168.81458733142745
bad_form,131.79762029746945,156.18877935708235,167.02727080281616,169.0294828085336
bad_form,132.5476299355805,156.4414242606848,167.15099397221573,169.29628616962066
bad_form,130.48958294820213,158.04335062071854,167.4832003782295,169.59596158031695
bad_form,132.52712371043592,159.6020263303744,167.5839340937533,169.44213322539338
bad_form,138.11150072765508,160.97075424565227,167.81303101329323,169.58922190471313
bad_form,137.7058460517369,160.990175116002,167.99058810870005,169.9432427156737
bad_form,137.00701077381018,160.77777184950102,168.2556255983227,170.25744883168161
bad_form,133.0993647756428,159.88165192605985,168.55709793466144,170.38121516866178
bad_form,131.2831430700958,159.39696419133662,168.7747780586618,170.62030911414297
bad_form,130.6310073944438,159.00780962347832,168.83439480151813,171.07023561148256
bad_form,129.89201472161577,158.5799108164909,168.87219517619363,171.32850532143425
bad_form,128.64325090055462,158.00575558388397,168.89255327011685,171.52793382434885
bad_form,125.38999804802843,156.13898361465513,168.90265281920782,171.84695177423944
bad_form,123.11321804029639,153.38262820586885,168.90758350646763,171.9728763276634
bad_form,122.49620643156534,150.71954438684674,168.80721987114296,171.97857624197192
bad_form,119.96738809717537,145.80778220565225,168.5039332739468,171.11996448882482
bad_form,118.37259242027277,140.20466571137325,167.83030472097835,170.47568834567414
bad_form,117.26839451926895,136.86917961846203,167.52443649797488,170.02668843657986
bad_form,115.89527472686636,131.8040615769894,167.13887282991465,169.49738373712225
bad_form,113.42868138482889,128.0228726716096,167.16073433574095,169.39450071734737
bad_form,110.29255831904013,124.59529781177032,166.83577041223296,169.1044562353227
bad_form,108.560410723953,120.92443328227533,166.76063380483387,168.97797637100928
bad_form,105.30203167830746,118.44307214646987,166.13716971717977,168.53629834537824
bad_form,101.04691406492995,114.96197216799915,165.94049979949665,168.4039086908393
bad_form,98.86699386986528,111.8916932627971,165.96577923262728,168.33234952875696
bad_form,96.4122539208989,110.74371165185505,166.18560626615752,168.32171474120403
bad_form,94.07610033110585,106.93054661659178,166.33091422822238,168.20008925412716
bad_form,93.33743299006743,103.57048703781511,166.25736084842777,167.90936517534732
bad_form,92.40110544875814,101.14634859508814,165.86708749626467,167.50562541548518
bad_form,90.67312877373111,97.07750237823406,165.81634360293134,167.36132798433073
bad_form,88.06676920106727,95.52219908319708,166.24632878660162,167.68845700427363
bad_form,85.97285402384206,94.8310881273148,166.41490562510944,167.67793901206926
bad_form,82.17952217785053,94.39101195925859,166.24160842079638,167.37414230789415
bad_form,79.34101040258524,92.9200311371641,165.974222155796,167.1509979001269
bad_form,77.2080780557616,91.69862220549464,165.76022918107174,166.90421341185694
bad_form,76.12415156217213,91.2077305550038,165.75981160568267,166.72740802461956
bad_form,73.7590080825097,88.02795537297987,165.55165044914145,166.31943574931498
bad_form,70.00146815267539,87.13249229942515,165.4146684631161,166.11090244561336
bad_form,65.2966420616961,87.11672275758728,165.38163014537585,165.89664311979155
bad_form,63.44785356480929,85.98265542662796,165.4697391971552,165.76192988323726
bad_form,63.9447302698407,85.61555975395751,165.5785710348361,165.70453481248893
bad_form,66.54911151140789,85.26494703345074,165.43829013985902,165.54460340873155
bad_form,64.5756419357185,84.68797970313763,165.15789668409406,165.74477561355351
bad_form,62.97188032393871,84.71604315650994,164.8855928167429,165.76089020921762
bad_form,64.03190407685595,84.4878209828413,165.05529546450933,165.655291659658
bad_form,63.05482402756236,84.18453623247896,165.096716082601,165.4655991317205
bad_form,63.4412918371976,84.18734745266907,165.054755108758,165.19935486352256
bad_form,64.16527488058468,84.03052862824656,164.7851289979715,164.98975846794815
bad_form,61.742106788806495,81.90405312118666,164.48067959012593,164.77155520306425
bad_form,61.622224133634134,81.22669194733446,164.14511904443285,164.84186937108828
bad_form,61.7844649046463,80.99305521709407,164.06868376898694,164.76801767269018
bad_form,64.14870979698014,80.65161547331778,164.2710265864481,164.83173372074376
bad_form,66.38289828062508,80.5825405392337,164.3032467872296,164.81055872815975
bad_form,67.19897674212281,80.32196842545129,164.14179410070153,164.84889431244383
bad_form,67.42707393266652,80.48370117317562,164.01712876509086,164.8468475455408
bad_form,66.94585115089623,80.33024117590315,163.92859136348474,164.78713742072154
bad_form,67.24199198619148,79.85606849433618,163.71493807501375,164.7092566279666
bad_form,67.51087956071731,79.49886158944591,163.4170543600524,164.63486651195186
bad_form,69.20440076106296,79.5435066155732,163.14121638662698,164.49523625491173
bad_form,69.6957187150171,79.98314955951163,163.13179130608063,164.24825120216627
bad_form,69.8026729408332,79.92901967517174,162.8992419663869,163.98120097844608
bad_form,73.41077137037175,80.60315191519628,162.75180618288888,163.5755773943412
bad_form,74.0565894533141,80.78383000338795,162.48405401941235,163.29732835029293
bad_form,73.99166873950101,79.80898919155437,162.0752326956856,163.11794446647104
bad_form,71.59209013002277,79.86193229660022,161.7337805301522,162.95588147044523
bad_form,71.04067137546724,80.16288845519902,161.6158310908098,162.70384426362824
bad_form,74.2307395817482,80.87425326476782,161.68511010013796,162.60257727155394
bad_form,75.41093121909736,81.70792741641299,161.65289631831706,162.32969049967596
bad_form,76.04075215152078,82.50024842077151,162.67616044364885,162.79010575183958
bad_form,77.0879580193014,84.74614624770426,163.02855322179073,163.14167254927645
bad_form,77.0802027381414,87.17552299740079,163.22094112615014,163.6090346483211
bad_form,73.52266640383418,90.1818074954819,163.32317993652097,163.96869957276897
bad_form,73.69756688711206,92.22180099875325,162.73296057647391,163.90856229432123
bad_form,77.17804530214663,93.91765334701388,162.82283626139278,163.71686177951668
bad_form,80.52944145997748,95.46234169224266,162.7593895856528,163.93616352210714
bad_form,83.72653249270434,97.61310645403357,163.17571475760366,164.4520937510164
bad_form,86.22447274973477,99.55263010317097,163.14952846370534,164.6866164820789
bad_form,89.06098678203051,101.58132090545553,163.2471450008425,164.60764848531872
bad_form,93.21655079629603,104.53016465457443,163.29490972157498,164.640697769946
bad_form,96.67711417740449,106.91328105729721,163.16271309731906,164.76867889031365
bad_form,99.89561906030575,109.19057088838424,163.36918863063664,165.0366168152855
bad_form,105.21098940564552,112.38228245289228,163.50403881007549,165.25425955520805
bad_form,108.6194003848642,115.27393258817874,163.89451150469068,165.35205406673919
bad_form,112.61862122073924,117.948985858066,164.2279792392864,165.413984218075
bad_form,118.7045840249632,120.89437285140998,164.18861432992009,165.60385953369646
bad_form,124.99727747927038,125.22954213381277,164.3141817935763,165.4209327240069
bad_form,130.87883994817528,129.68517969888526,164.39818374349272,165.57950945945134
bad_form,130.99699004257184,134.52830025559942,164.26378039128716,165.60220429111092
bad_form,134.26687007833183,139.70481745990622,164.35153675596283,165.51536388768113
bad_form,135.84806073356376,144.6982623693168,164.94184253811633,166.25930372218332
bad_form,138.34776647623826,149.8460942811249,165.50795414102907,166.27436462293207
bad_form,137.3300645245412,153.8655113048248,165.23566194973424,166.26086486319738
bad_form,138.7202374837832,155.7045771461738,165.2600279589829,166.4925051548093
bad_form,139.0984732661077,154.28048456656904,165.42659246517053,166.7475219575551
bad_form,136.92454652629442,153.56624335086343,165.53367146271714,166.97075479100178
bad_form,136.1239898964034,153.33452749595293,165.5702936189245,167.19569069345164
bad_form,135.67338545491415,154.00701850237996,165.6375051503144,167.14544336248304
bad_form,138.02182063630087,154.44963013585476,165.81658248261732,167.13305694976134
bad_form,139.04466290376993,154.64685778178188,165.919417154005,167.1701482428716
bad_form,137.92265432089653,153.95977993824198,166.07826754459447,167.19161235205308
bad_form,136.7559817262029,153.37568328962868,166.11230207644493,167.19181276997608
bad_form,134.54851331263797,152.408630273935,166.08306310077577,167.20362770905388
bad_form,132.4808518638389,151.6119965318212,166.0967612889322,167.26295072867146
bad_form,130.3349108097926,150.9851750136976,166.06634628169806,167.30483498352538
bad_form,128.69337042459915,150.32881879371536,166.04049182623214,167.44532154574208
bad_form,127.58529097038739,149.62449868894507,166.04560355726528,167.7528022280369
bad_form,127.10040769906723,148.64370623371752,165.99276572519554,167.8957228022075
bad_form,126.20990768918934,147.4582844737473,166.0240059773842,167.90828159643314
bad_form,124.7205025824096,146.10859684925632,166.00961064317832,168.00168290557392
bad_form,125.25916158214596,143.81721904562428,165.8595698617693,168.1077808101554
bad_form,124.5435509683328,140.9552016784723,165.89976867910187,168.11085629429093
bad_form,122.47198374944811,138.75273759908,165.76783071038466,168.06844950517015
bad_form,120.8951265707396,135.62295145133191,165.72734168396912,168.05994624454507
bad_form,119.65057664580371,132.3366839127573,165.77628240164896,167.95770972599337
bad_form,118.3349077364581,128.5154193432128,165.7251764438702,167.58454758067217
bad_form,116.35016834866477,126.18492790654473,165.5100493046672,167.09834278784479
bad_form,113.05443955212213,122.88280198981828,164.91171080512143,166.7619976787909
bad_form,110.49417305465306,119.02602772109618,164.51142798178807,166.4423860469591
bad_form,104.08922617384354,113.93903832873973,164.57599449807822,166.4413924202872
bad_form,100.52647572310511,109.55540073659665,164.7523419952035,166.54113669449308
bad_form,98.76010577228693,107.8326736149187,164.73707363166054,166.2781134965811
bad_form,95.5303366936846,104.44940488418146,164.5449425501275,166.0812213085843
bad_form,92.63749714328132,101.56059141416388,164.19216578222176,165.7867619329138
bad_form,90.07255973533132,97.82818013102818,163.98163291255628,165.7121678190704
bad_form,88.3639329782027,94.87979173845504,163.94355080008683,165.7117292591113
bad_form,86.84643750602487,93.71668041018924,163.84749498503456,165.3819041473148
bad_form,85.2323502902499,92.14437597937737,163.53356070782348,164.83620519245724
bad_form,85.98372080574933,90.64185883908448,163.2135492773045,164.36741728143008
bad_form,82.39052312678648,89.77195738702316,163.30530912836937,164.05715386721278
bad_form,77.59268419266333,88.65959517889132,163.10956855102657,163.73264499193252
bad_form,76.7755396038507,87.23748045089968,163.1098065339376,163.60131626718155
bad_form,74.61580815683025,85.35905421105143,162.97242026964813,163.24071104090902
bad_form,70.18849874412237,84.43463443802861,162.89999193680174,163.27593231502584
bad_form,69.71418717066199,82.70476751063573,162.62882940557262,163.1665395339291
bad_form,74.06326185364169,82.13096348396846,162.5896790140446,163.2357894181142
bad_form,73.85025300080075,81.43730102581988,162.4357008077105,163.4381660028507
bad_form,77.60438157879302,80.91343543397186,162.41081944964145,163.50253362005787
bad_form,74.12733341156938,80.20943661193903,162.0614130827437,163.23715421978113
bad_form,77.73103514594987,79.46871210967674,162.28104904431038,163.48048805739413
bad_form,74.30070877744141,78.5288980354447,162.39893460500673,163.62571308937916
bad_form,73.49456766433997,78.0928446045724,162.55084959516904,163.76439624638815
bad_form,72.168642422876,77.41884796606651,162.49825236689196,164.02745066288082
bad_form,73.79293407237711,75.98589611907626,162.55223767269916,164.23440730638856
bad_form,74.12839813732704,74.30128060928864,162.5456438511175,164.35088292236617
bad_form,72.99980806366828,73.41654625301753,162.68878882452634,164.16410895929312
bad_form,70.73581520359092,72.40681484314537,162.63469740146851,164.34161297288333
bad_form,69.56778252643839,71.92992652605163,162.78912133904734,164.28087665659703
bad_form,69.94004521118526,71.09150660475824,162.79032320598554,164.40751063694478
bad_form,60.60226033587836,71.43573758439237,162.69843397018562,164.2181196440844
bad_form,58.71606438862795,71.45283762972205,162.59098465691835,164.1144743625376
bad_form,57.55748997670404,71.07368160318866,162.6587508387992,164.35975302547308
bad_form,50.47681770128763,70.92440443923367,162.73601611544692,164.44634617457814
bad_form,47.223876174209195,69.82930943130354,162.71519629529848,164.6543229112738
bad_form,43.41584837135832,68.6392005604554,162.759419335063,164.84815431080992
bad_form,42.573700823181426,68.42109198667953,162.76591836800853,164.9893889062365
bad_form,43.80751221946008,68.89058258070776,162.7062927303086,164.98479352975284
bad_form,44.461579158265,69.09092965340845,162.68671988191036,165.00183805803132
bad_form,47.353132518560166,69.11885686949275,162.71350643907704,165.0069938519893
bad_form,46.95309123421703,69.06099128643953,162.7530188489364,164.93263518585695
bad_form,48.233979035330776,69.03239017823391,162.78558727086215,164.61788123695266
bad_form,64.01998309819537,69.33279279770169,162.89121653984463,164.62916255200017
bad_form,69.06038144902777,69.56806591723672,162.7525664359928,164.61380850754787
bad_form,67.70953243238966,69.3078394083393,162.66023054098847,164.71848083018088
bad_form,68.95608213471117,70.1902256537207,162.6826150040825,164.78369705616757
bad_form,72.1652801240861,71.89694804318597,162.9792166861021,164.5258776972434
bad_form,70.82693196370332,72.87299162927276,163.40581731399234,164.6488216704306
bad_form,76.01071898509508,74.72499481039969,163.57419299207143,164.21679499457758
bad_form,73.36626654034792,76.77355588589158,163.41499778821367,163.93377183503617
bad_form,74.9838258420901,79.86467374818456,164.09048702550325,163.982127227317
bad_form,73.95326531757081,82.56568893359537,164.40104690813453,164.02937903431803
bad_form,76.34028804923003,84.4922111028517,164.55346820927932,164.2683024369094
bad_form,79.75962155858183,86.17292653352601,164.33978772829957,164.83776302610863
bad_form,81.78033833295723,89.90517795055857,164.0085758337472,164.96501988681726
bad_form,84.93970440713441,92.08419534443827,163.8243574783575,165.30644330917045
bad_form,88.62401693250821,94.40138572253302,163.6895408510857,165.234339291398
bad_form,89.95685642295021,95.35018913932366,163.30796289173472,165.42886550196135
bad_form,90.74591962830415,96.89067284179798,163.30569958662758,165.38705299319966
bad_form,91.34629573271799,98.26019412394753,163.29468609551682,165.12391328682105
bad_form,92.86767625272284,100.72694258738262,163.1002478890352,165.263116150998
bad_form,94.69996888302822,102.65829870922678,163.34326001131728,165.3491663834727
bad_form,97.14589175062795,105.49663850018534,163.9880399955469,165.906255835548
bad_form,101.608815832472,108.76287025168183,164.2043586758042,166.20093238802434
bad_form,109.3516679217195,113.63614097609842,164.25742787064704,166.07029267865232
bad_form,113.52600973632073,116.39038183707494,164.55875560866104,166.4485171160387
bad_form,114.9558799141952,119.83439975930486,164.7124787528609,166.54977232152655
bad_form,118.00688857296214,123.93870002190326,164.91045543470057,166.73709128448053
bad_form,119.00704120067589,129.78185848769107,164.72440416935302,166.74734448685064
bad_form,122.14283012157061,135.19767862869148,165.04776737112144,166.74474672967483
bad_form,123.88544583570523,139.92914929351565,165.51269155033333,167.20272126588475
bad_form,124.09438269846756,143.882928667702,166.27804092392012,167.05222055576138
bad_form,126.14327436911414,144.29558393307332,166.55452428561605,167.09755298822282
bad_form,129.23444062868273,144.38177835446822,166.41553902357086,167.02768604327542
bad_form,128.91999357057745,143.51566467408526,166.27941220073836,166.90672661468346
bad_form,128.21869101878062,143.5855485246459,166.27519205857578,167.08230130513957
bad_form,127.39923801536548,143.1629998180683,166.27032677330294,167.14825669223268
bad_form,126.73852569026765,142.90599094265488,166.32749954654136,167.31475155212536
bad_form,124.9595368318286,142.66693070279408,166.46938771389856,167.5591277915115
bad_form,123.88038808227088,141.9839830717412,166.59385242684593,167.80337305188928
bad_form,123.36786034415371,141.6769738737284,166.77766832503687,167.89054814978567
bad_form,122.35031855141149,141.5628081249386,166.7785118175464,167.91384908123536
bad_form,121.53088408852331,141.3805537585896,166.67740275115733,167.93838777396158
bad_form,120.65546293186173,141.05536886357478,166.65852822038696,168.03004379389688
bad_form,120.30021489755075,140.7199873121425,166.60090496097862,168.08448872572197
bad_form,120.1456057642815,140.21592333015235,166.58543822146794,168.13882878865422
bad_form,119.30802351434781,139.42955562506998,166.56992166425403,168.26872098987215
bad_form,118.0151058623346,138.79225570977334,166.4798451033848,168.2007953562967
bad_form,116.29265637646982,136.86069457947397,166.32396191036227,168.08132059613112
bad_form,114.87458781274044,135.86163690174607,166.3168314832072,168.00031910463372
bad_form,113.0882254462885,133.0103076029979,166.1126895983718,167.83488824655058
bad_form,110.95291488468752,128.61086977895087,165.92949343468734,167.74820736793637
bad_form,109.51267997643997,125.82432877392584,165.72788653832325,167.63704155747988
bad_form,107.71789789373176,122.33901794738016,165.71316427621622,167.64651028408292
bad_form,105.80608144722267,118.19109076479918,165.4264866874484,167.6270455869823
bad_form,104.12144720682673,113.79917650491755,165.03834779434195,167.1640253272191
bad_form,103.18746371677413,110.51433175661352,164.73331116079206,166.9013386975711
bad_form,102.0250105182434,107.78323771920851,164.99690764774954,167.10504896834723
bad_form,100.13754104420798,104.93664508304826,165.11160137455295,167.15778287195926
bad_form,96.98413291339533,102.05162077175741,165.0331473411783,167.14730984094518
bad_form,94.91317767566804,99.44736293164678,165.08532972347032,167.23086501953264
bad_form,91.87204770345679,94.99422279147521,165.2181359825116,167.2483373828742
bad_form,87.25726818644404,93.26101566702775,165.38623764363868,167.2925231944614
bad_form,84.10697373581125,90.38312057961782,165.34401331732255,167.20266133712883
bad_form,83.28403613235594,88.60563147776925,165.12225423703345,166.7430425331597
bad_form,81.34340938633548,87.37368145851549,165.02025287250103,166.35337109602446
bad_form,78.08149976218756,85.71062618973428,164.89409042273385,166.19235164513188
bad_form,74.91774902760231,84.79588873020778,164.9486434661536,165.93999952503702
bad_form,72.54362642078296,84.5313362595513,164.6251969336488,165.54467812054162
bad_form,70.4803804707155,83.61484201585269,164.09480336235046,165.23252086240595
bad_form,68.32354680678398,83.11982174422009,164.04606746978573,164.87251374009156
bad_form,67.20320445243674,81.94994128055842,164.0733972165647,164.76968343677407
bad_form,64.48363720270675,81.02274105421276,164.1575190255921,164.9347473430019
bad_form,64.97660061459437,79.01688405605275,164.28971491177964,165.1136576358785
bad_form,64.85511302142663,78.28882742842903,164.25620913564035,165.39855150647733
bad_form,66.43673305019375,77.20789795835276,164.21266232444984,165.51359522099543
bad_form,65.31976142603999,75.71787958222392,164.64675892564452,166.04172495168683
bad_form,69.86855802934642,74.45765365601018,164.77134857549032,166.5622686246641
bad_form,68.77948581868816,73.45835852712632,164.66989520652152,166.58960952603502
bad_form,67.95963216860021,72.27655018391697,164.6991796904652,166.6022596898165
bad_form,67.42727037112903,71.83621035128544,164.96908919271573,166.7131072197829
bad_form,71.24857029980849,71.4879399458666,164.84378648410362,166.6206181629828
bad_form,70.41328473324208,70.25279709787056,164.73609928639033,166.47753704663987
bad_form,59.40029792185708,68.6690513851545,164.65826561420104,166.92746654276814
bad_form,58.32583679901021,68.3444561368585,164.58768916448855,166.84506675014111
bad_form,49.31772501667193,67.870635749667,164.3845038460635,166.8497523224585
bad_form,45.80713275195387,66.75051633496045,164.41870814896245,167.27346476181026
bad_form,39.95510650483189,66.05969256310719,164.4004798589667,167.32651302167525
bad_form,41.574168100102966,65.58063130460832,164.67419197938997,167.56634261394538
bad_form,39.75043754635018,65.04418152694807,164.78018329662777,167.75565869380256
bad_form,36.229988327029126,65.20484643626052,164.83375606089652,167.70468007934952
bad_form,34.89967853143264,65.22496227675117,164.9219220312851,167.5756902179689
bad_form,36.71755381429817,65.25547207330145,164.99987529766312,167.54991179395438
bad_form,39.901481888853134,65.33495833208703,164.99532091229736,167.53969553079781
bad_form,42.08032468702069,65.2989577849616,165.14430427844297,167.51017894411746
bad_form,55.637938029889504,65.30607267520213,165.1231864212982,167.3426749458403
bad_form,56.76560797938292,65.21736109514707,165.1986001520097,167.34292403867764
bad_form,56.39749930109409,65.6698079979719,165.26801996711038,167.13603684289072
bad_form,56.83153166983445,66.00581777493962,165.3333780814469,167.3366341647389
bad_form,56.91064967050243,66.53194549834976,165.25729813966794,167.3684087791117
bad_form,57.521908808073626,67.32176399933378,165.33147013251417,167.35736753191287
bad_form,58.64957097299229,67.89314943038808,165.31991828908428,167.39812148178177
bad_form,59.41678724800209,68.55262875739788,165.2078298381369,167.22599479176054
bad_form,59.79166769841873,69.39992793882082,165.31782241289457,167.1458656221581
bad_form,59.931614606969354,70.70840602656314,165.38109161327623,167.141011434599
bad_form,62.925971622366674,71.92476924800262,165.2342343096091,166.9913991028353
bad_form,69.40615369559389,74.50828110028971,165.40518270749254,166.9288413446781
bad_form,72.62808028269325,76.27538986194024,165.46750774359032,167.18048200234324
bad_form,78.1875519105896,79.12644266622735,165.66060456870616,167.09287877130413
bad_form,79.65015364764078,81.41681254981933,165.9332753708329,167.2829484067553
bad_form,84.6072293423821,84.73690758645378,166.13916253762753,167.40948343695382
bad_form,84.07466585664173,86.48474692422123,166.47901175495258,167.70054860279075
bad_form,82.5473978966306,88.82424146203788,166.42018810918904,167.7829325146261
bad_form,84.4111556856714,90.86497759010267,166.33786703900373,167.8114033097706
bad_form,87.06275391280069,92.61914579226227,166.39958160124132,168.05953231229537
bad_form,92.06033474842353,94.85828765697546,166.53794644226932,168.02377071627845
bad_form,94.75870317341072,96.4794339430149,166.5099020231753,168.3198838244135
bad_form,95.83607171049323,98.5213140817981,166.5404423111865,168.3757725170743
bad_form,95.88890092371835,102.05029704722092,166.57278387629498,167.97441663663201
bad_form,95.9906453802063,103.85590508675476,166.90561628755296,168.43550513544568
bad_form,96.50230659407192,108.04261465038874,167.32606798278306,168.7749530151014
bad_form,100.17849881287988,112.25286035669662,167.31017921830167,169.04406457861757
bad_form,100.77639656710795,117.331685429791,166.90091384046787,169.08476958551947
bad_form,104.38082361150981,121.90869071614487,166.87009271968265,169.29809564552764
bad_form,111.25655916237808,124.30144050948567,167.51891887787397,169.92673081466566
bad_form,114.68991342566063,129.10809224589565,167.64830536704662,169.24262576870368
bad_form,116.06206385757037,132.58940226152993,167.8399236658762,169.33506356745693
bad_form,116.78292731696057,139.16554307977893,168.0024903911963,169.30886885595262
bad_form,116.59961170538347,140.93495769783814,168.55419046743924,169.33829161904623
bad_form,116.01024008644282,143.6495172878287,169.30158751409388,170.28681952685292
bad_form,117.05719704357556,143.41751203846644,169.54222982260882,170.3196921844611
bad_form,118.89256165686821,142.7467841223018,169.58467247404883,170.30396264757874
bad_form,118.54643208699959,142.5031111362027,169.46345273223162,170.64191559075687
bad_form,116.37262752781243,141.38534045454207,169.5296854941181,170.86319768126177
bad_form,119.31906183837893,140.71539336222912,169.6411800266995,171.04853977785078
bad_form,121.14446590803473,140.82905029076704,169.85230399934647,171.22789649136007
bad_form,120.676890118204,140.72021655603373,170.0802429560931,171.4832986946889
bad_form,118.1680396688406,140.49167118966756,170.6771664935025,171.87488066109987
bad_form,116.70958793445972,140.18748967322966,171.12423815958587,172.4709046480605
bad_form,114.73940790349569,139.84728029685476,171.24787912114738,172.60834468685397
bad_form,113.12265077597374,139.4205623938588,171.05447976070687,172.5115920149756
bad_form,112.1028191530143,139.1827890367042,171.09418476131978,172.62713399059865
bad_form,110.90840613021939,138.86135500486859,171.05817288983434,172.63481097032812
bad_form,109.94299120470122,138.52242310624317,171.1152970061116,172.70407408300952
bad_form,108.808683503005,138.24267292173562,171.17073890704447,172.94480716764508
bad_form,111.12417275698165,138.46269264008072,171.24004233130088,173.09449010277052
bad_form,112.18206055433026,138.7627532534993,171.27547925635017,173.21527579266942
bad_form,112.92322259753419,138.9616618044425,171.35960882070412,173.4093988169941
bad_form,113.07398781375471,138.94362161719337,171.4761575309155,173.53078786780867
bad_form,112.55461412263264,138.92005177338982,171.66306907610164,173.64302399176293
bad_form,113.07636998825532,138.92355262214016,171.8374965331167,173.71478089665183
bad_form,112.61070916948539,138.93527184104326,171.96218945937733,173.82630399410832
bad_form,112.46678160570569,138.59855900637695,172.17656682930846,173.95709112559996
bad_form,111.95808786419414,138.47641534257693,172.3488314627915,174.11784212347294
bad_form,114.04807310363631,138.62185605571543,172.53576822759186,174.36383284464134
bad_form,114.94569799141486,138.722908821712,172.6774813390421,174.5774730040232
bad_form,115.12703999862151,138.81851489698528,172.9776557789409,175.23832414095781
bad_form,116.5267178048479,138.95415904789272,173.27615271624921,175.85963676785434
bad_form,116.89951579962529,139.45487401636052,173.7242459361144,176.44022759614657
bad_form,112.15605222138053,139.18718848157243,174.06856235380803,176.62179819175515
bad_form,112.58934662031304,138.95043433060883,174.2602302282604,176.87995145685008
bad_form,112.2084731700685,139.01755416633037,174.33561080863439,177.43059076943265
bad_form,108.66900320642168,138.99521993276693,174.65668871643481,177.75074455879684
bad_form,106.07393254611685,138.99214720432263,174.97758816322352,178.2908671581995
bad_form,103.61749852086746,138.94043291604666,175.15829387796865,179.07270783137614
bad_form,104.56784685058176,139.12525449753437,175.36669563877783,179.63999413336458
bad_form,104.7454545292792,139.2003122710251,175.50526814149046,179.77040076424157
bad_form,105.20161525940894,139.98547734628323,175.44502217865775,179.01101799829547
bad_form,105.59793661323644,140.55875243413178,175.7934370913089,178.60817478620075
bad_form,108.89214588737411,142.1515192303153,176.15331181713205,178.23729970757154
bad_form,109.39888756485905,143.86589841612297,176.37391915267153,177.94310698772878
bad_form,109.81326049708734,144.9028377262124,176.55719890127378,177.95676278019076
bad_form,109.74456519441773,145.98123254374806,176.6422019157862,177.73394479300484
bad_form,109.73940967114045,146.7585760154329,176.99734448914114,177.49630020084936
bad_form,108.982444023846,146.52324033582076,177.24093330685903,177.45729246017297
bad_form,109.41986295676112,146.88332930443713,177.58756945701316,177.3757592187331
bad_form,107.84398829942518,126.66806771138222,177.9182056406595,177.2728353610569
bad_form,109.67103973047556,130.0652890381812,178.2995025351799,176.96709901152772
bad_form,112.42403753647017,130.9564595054522,178.7783023714673,176.6205696489358
bad_form,114.8380768469628,132.82509865410648,179.41329185126483,176.38946998158949
bad_form,118.3031474069958,136.19778669103283,179.45833840658545,176.38424326120295
bad_form,120.63836756590952,140.24722972669574,179.8401221529665,176.11173205452036
bad_form,125.11592811013831,142.92713690720865,179.98810834164453,175.92374847815307
bad_form,122.40352567575145,145.83674945654138,179.6207469404428,175.76949035598673
bad_form,121.01368050809234,132.86236197605027,179.36699130994762,175.73050048146757
bad_form,121.38147204794399,130.89790091243006,179.35421706070053,175.128369267935
bad_form,115.92701767511676,130.84066665501717,179.13171466781787,174.54249806550771
bad_form,114.20080113947711,131.87351828300683,179.08062965107592,173.60413041825325
bad_form,109.28200110824909,133.4571278369268,178.44632732673594,173.08683575345404
bad_form,148.5852046259761,132.58980170489417,174.91817394420625,175.2317868692481
bad_form,142.9825289958411,125.11936229131467,176.70833046026104,175.73542502092988
bad_form,140.4806235810725,121.887636849096,177.1703228891803,176.05103456799105
bad_form,138.98322238155413,120.06061072791056,177.23490126804174,176.1419375834371
bad_form,138.67668121555306,118.72774637016346,177.05889560680566,176.0783793855101
bad_form,137.88705909245584,117.354187953848,176.8800079151585,175.98479953792983
bad_form,137.42506827169424,116.94567364255053,176.6216585988302,175.87766426708353
bad_form,136.85169234485912,115.98160136400531,176.30777220683024,175.668845257722
bad_form,136.24254928929696,116.51845770277828,176.10179747567813,175.48969685219188
bad_form,135.67601975041205,116.88320986947423,175.82478751926013,175.27089461646244
bad_form,134.22917149626736,116.90760867160373,175.4209595843833,174.92368904888332
bad_form,132.41968255580883,117.2658179379925,175.17816914660054,174.71283733974528
bad_form,131.5898416323864,116.69228042405865,174.7336758500911,174.24767509750555
bad_form,130.53909293417848,116.08239118811491,174.50471837736202,174.0088506015957
bad_form,129.7931069603959,116.28234830685551,174.10441925464838,173.75043516466513
bad_form,128.85428641765628,116.21916543802746,173.8963476203315,173.5630657316303
bad_form,127.15588947449069,115.84146949044967,173.6474248275784,173.32465192654593
bad_form,125.70203027970129,114.87026222210054,173.1964197505465,172.9131468572473
bad_form,124.5980076698365,113.04921773840951,172.6946121866041,172.4297840567637
bad_form,122.82269678967245,110.66977720352946,172.49004810582886,172.203475605999
bad_form,120.67970675123283,106.90169311696897,172.37124413771664,172.00290910140632
bad_form,119.88082875967288,105.61729806543147,172.01294197219104,171.66259466231347
bad_form,118.84733177838976,103.7399555189458,171.85707122045812,171.61731701033227
bad_form,117.6407657295511,101.78012576043716,171.43350045985494,171.25467205091323
bad_form,116.78915828789513,100.30513052739991,171.12075846476864,170.81837531601707
bad_form,115.27922709093392,98.82107730515492,170.75216304615896,170.52516472799263
bad_form,113.60940040691969,98.19364741214832,170.3087031589473,170.253974672772
bad_form,111.7565380177511,95.56046350558546,170.19646758773118,169.8745919246861
bad_form,111.10906369853006,93.31145305099835,169.86262278406895,169.36190192664498
bad_form,110.105702647188,91.98513775278468,169.87515231204912,169.2066488069204
bad_form,108.67015793384832,91.29783847293794,169.6712465433369,168.79742933966654
bad_form,107.20008249452377,90.82173726105503,169.7704694307644,168.4974540867579
bad_form,105.7197858314205,90.30042092611563,169.51728931725538,168.14356841232345
bad_form,103.24028370743031,89.86872046402459,169.3699634019215,167.43281321187155
bad_form,102.75633578545097,89.60850595020099,169.10992165075137,167.019081643816
bad_form,102.35904789123435,90.04757372538216,169.04800638382352,166.79898222608816
bad_form,101.93751171926243,88.31159550486075,168.78730709879582,166.60494949296057
bad_form,100.68536102668503,87.82395244671096,168.61844638408266,166.58204654981824
bad_form,99.48031840373841,87.31731060867764,168.47809139583282,166.5152927978654
bad_form,99.54201841296833,87.76276389710148,168.40243190914543,166.7425981980192
bad_form,98.76249093775971,87.18480686471213,168.33760550816925,166.74523948724155
bad_form,98.04478331663802,86.6601044218637,168.49948106899276,167.04710813169945
bad_form,96.24982846282802,85.76043607870582,168.9874358785515,167.09580876015136
bad_form,94.9590003833826,84.4252140117535,168.9941550544368,166.98318123695978
bad_form,93.26348286960786,81.33719178108015,169.20008658104754,166.68118313721422
bad_form,91.8534747502892,74.60567266013476,169.19716889029337,166.46973438551794
bad_form,90.24125502692505,70.34560732804692,169.23539784439888,166.53266743913147
bad_form,89.07385678530255,67.72597734786308,169.42046354358132,166.6550813339034
bad_form,88.91727357157555,67.55038626698513,169.10964398938307,166.93425298713802
bad_form,86.6551833880269,64.84384442017387,168.88585309120816,167.0471655993704
bad_form,86.42244369409087,67.73118509101374,168.77456477458514,167.12998586350324
bad_form,84.61268405562907,67.89521964356516,169.0450290171922,167.23059944144077
bad_form,84.56658801562384,67.87320957468097,168.80823813176107,167.22055091226395
bad_form,84.5722221779859,72.25325093932804,168.5759492043071,167.1106790732658
bad_form,84.22277109305026,70.64662012820992,168.3772121019662,166.89477504360383
bad_form,83.18318022667313,65.00106079251009,168.03203434025028,166.50175157876976
bad_form,81.11292080574577,60.218868197836116,167.96748628339355,166.1502837503516
bad_form,79.93678642364324,60.068671389717565,167.91004081114536,166.0556570241276
bad_form,78.00950056673105,62.950879612371125,168.15931219886167,166.30820127032018
bad_form,78.45790638640273,65.89227239643441,167.95041916116222,166.46205280047724
bad_form,77.59064693806192,63.4342021671186,167.9197199348081,166.2385935165826
bad_form,76.21282776830714,60.78918254373468,168.20794064979694,166.15615604310312
bad_form,74.67291044997535,57.54243833721097,168.8790844919948,166.4321435615063
bad_form,73.4561920558931,55.450270722658786,169.39035229340888,166.8954084647206
bad_form,72.92024582296597,56.23193422403256,169.5172548364786,167.31750221188534
bad_form,71.71361295439596,49.764602420242625,169.67123193590703,167.3644866083601
bad_form,71.20735985545383,52.33078484117567,169.8767949230241,167.46393006248604
bad_form,70.51677309519124,52.06921166606821,170.03890845030253,167.60545639075733
bad_form,70.63470874577098,51.483822052873904,170.08786186991819,167.7864823048744
bad_form,72.57965713044337,57.07195587813351,169.82556571679288,168.34695423924583
bad_form,73.10491058421843,58.29118329294363,169.95073531112246,168.47292955961086
bad_form,74.46226832722203,57.49234036988213,169.931036874463,168.35208007119533
bad_form,75.12539537904223,57.21743611045224,169.95309369645148,168.29436407360214
bad_form,74.73186496848462,56.40937190186306,170.26077939532985,168.36464846735507
bad_form,75.82757459549504,55.69179450356841,170.28031478788603,168.52196442534446
bad_form,77.16123011027264,54.016321675442164,170.26749298387787,168.76396065190033
bad_form,76.9011749874187,53.32459703099995,170.405933353131,168.92547148553263
bad_form,77.24983655410341,52.79519096884722,170.42709360296675,169.07813474372782
bad_form,76.84825561797788,52.57794901470288,170.57161037074044,169.06001064808586
bad_form,76.72976396883882,52.64755393510083,170.6222970377805,169.00000773130282
bad_form,76.63922886061067,51.92342511127255,170.66818082868937,168.9722861664186
bad_form,76.61173445594034,52.24821063697223,170.70675303503276,168.97996288650305
bad_form,76.6267091494575,53.16650614898232,170.76851375745707,168.9944597590206
bad_form,76.94892789017331,54.18268687953479,170.76812477540912,168.9807543460642
bad_form,77.19661505259342,53.802994012820626,170.74776619246225,168.90903777850778
bad_form,77.78234983530928,53.72115559909139,170.63111923137265,168.84842189938328
bad_form,77.69835359187022,54.176452952710555,170.5448096892825,168.65657863215569
bad_form,77.4875979186383,54.549452787754625,170.35679208668864,168.29720883533233
bad_form,77.37109707541197,54.405514202085826,170.2327807417157,167.8798944081597
bad_form,76.97788497394686,51.844009991903874,170.10941299157963,167.53070523331806
bad_form,77.37465060925626,51.3158265936906,169.84193574336598,167.11574829910495
bad_form,77.84338185737226,49.881352904387704,169.59309239867994,166.7568593476072
bad_form,78.36303964391425,48.23958948491969,169.5344071768037,166.5541697747429
bad_form,79.36358869456046,47.039177558213,169.3407070816407,166.49121462825167
bad_form,80.91472667566768,47.81222861796988,168.95171669363208,166.4794033890358
bad_form,82.60949635754145,47.729818104720266,168.4918897516224,166.30084030017312
bad_form,85.02700743454062,47.94704209709823,168.04677075206618,166.29432790793473
bad_form,87.94577370661989,47.22099232419271,167.68152374526227,166.2035070414088
bad_form,89.31342587680865,52.66073871837682,167.87557248657686,166.24454467621547
bad_form,91.0934308102332,55.92317486741206,167.74895820213766,165.78665690170118
bad_form,93.00186737633311,58.216422012738064,167.76929135472705,165.8012221589221
bad_form,94.3828005105849,60.08532875529181,167.62028616752826,165.58042725957424
bad_form,97.13551300941066,66.03926511743498,168.05622909391235,165.87679431699485
bad_form,100.57949408959576,74.01851339984171,168.1488223380742,166.16567713623053
bad_form,102.45689480520991,83.4855765393537,168.381803939679,166.5622791643675
bad_form,105.87014899404883,93.14827912967047,168.30703218570898,166.8137138929778
bad_form,108.64995033289031,100.1778217675876,168.35580657463743,167.04146972037248
bad_form,110.39821521265392,101.14539730675341,168.3346083279448,166.96411051882487
bad_form,113.07305120932784,102.76978642696275,167.96347948570042,167.20665322805257
bad_form,115.72980232318295,103.18995247648849,168.25476774308058,167.26282308734676
bad_form,118.8578055703976,104.55130378441734,168.19021877753764,167.18242104766009
bad_form,122.0868585901463,108.73520534157015,168.2483009212535,167.22804040414985
bad_form,125.3364966982221,113.02816224183326,168.3810038794345,167.28670184412778
bad_form,130.36753314919372,114.85323720929654,168.31670865173166,167.82457746028882
bad_form,130.72394027747455,110.65849118521291,168.73637701969238,167.99380503774054
bad_form,133.95558432570544,114.73437492801361,168.73752901054993,168.28142084825737
bad_form,137.28328560710128,119.04274561056769,169.20309789670432,168.30668188017114
bad_form,140.51735852934857,120.92732312937008,169.37843481290085,168.27260617207216
bad_form,142.4915669524143,122.75609441120992,169.90831104642504,168.45060115341735
bad_form,144.7803699604066,124.11547823625352,169.98565661131457,168.98018847068968
bad_form,146.01422131292438,125.08027122408771,170.2579525622285,169.49939605033825
bad_form,147.077176810066,128.5970217978355,170.4574418573246,169.79940643708773
bad_form,148.16602310014875,131.63729672529703,170.81951063856445,170.12267700906048
bad_form,148.35691087319682,132.50153828658344,171.05401665116392,170.37749130522016
bad_form,147.94401863533898,133.37443424967464,170.91118033504654,170.33126037919655
bad_form,147.9762333197983,134.1665039962214,170.78549084684465,170.13500359400408
bad_form,147.68529389207464,135.38628891602804,170.71047155760567,169.98455603730582
bad_form,147.57612019334474,137.69760913312328,170.67101319107806,169.8961725563135
bad_form,147.4697953755778,137.0708381199737,170.58578322889988,169.87090142106004
bad_form,145.79944085575806,136.08872440319095,170.69479252110213,169.82867830922703
bad_form,144.10731901433982,135.31607349411377,170.8207005408686,169.81511122347973
bad_form,143.07544063129959,135.00492180676238,170.41048134811254,169.48490510525656
bad_form,141.95929154395046,133.73831230492578,170.01533344370654,169.02544082352418
bad_form,141.27484480166353,134.42624773182314,169.64619947052304,168.65692994011093
bad_form,140.7422650962821,133.9360829782809,169.2651868623569,168.2242850165902
bad_form,139.83431060088893,133.47485456390126,168.96266630018195,167.85466685622268
bad_form,139.24826026577358,131.750300904017,168.3939750855013,167.35584450428098
bad_form,138.56716216588822,130.93923593028455,167.89373887238034,167.17706869547916
bad_form,136.13996353796583,129.0790568266109,167.81351847796796,167.4837748112498
bad_form,132.21503019322913,123.01264683287727,167.99104236408388,167.45037794069722
bad_form,128.07392606218568,117.42694741531847,167.969018118957,167.122553069669
bad_form,123.56425257254489,113.58380541383491,167.93696687914664,166.89141603214944
bad_form,119.45316922788444,111.11543963999898,167.76904345984082,166.68044108670327
bad_form,116.58834030480872,109.2473862480006,167.61512408010094,166.51569906765053
bad_form,113.90429783257406,108.56323207950936,167.13292062649936,166.06300631260504
bad_form,112.47892881572588,107.16136190081758,166.78415744164727,165.80433875586877
bad_form,109.76528608173757,103.89055709960718,166.68570285584158,165.50154645127597
bad_form,108.6079480396811,102.23712269973265,166.51202362466384,165.36980217324583
bad_form,106.22071998880983,100.03386079919574,166.7328706422291,165.36717656707444
bad_form,103.27940844870602,97.76845797571423,166.72467603840332,165.33695949827953
bad_form,101.83895244093793,93.13604014504716,166.78632091280213,165.47411222491215
bad_form,100.74241344605588,89.80528668980548,166.4136500497058,165.13998722313278
bad_form,98.73699426701415,87.36369864756824,166.5958176749194,165.0820077481769
bad_form,98.02322868748047,85.72300398121104,166.53017840008124,164.9699828847868
bad_form,97.24979481237455,83.04351631779542,166.3346432672815,164.80471136754318
bad_form,96.63006801921455,80.5696684409101,166.0561032818613,164.43797640691054
bad_form,95.62880528723122,78.87504951521123,165.77187130550854,164.64074693571598
bad_form,94.49571175806994,74.05766355020683,165.78582210912296,164.75634629278287
bad_form,93.37042610175223,68.83882568022301,165.4719439515279,164.16099423229215
bad_form,92.19999291012994,65.80410713598206,165.3379469127575,164.006683762383
bad_form,90.6473706584494,64.37528518795739,165.1488093708058,163.68242952894758
bad_form,89.78689243071551,63.28671077515338,164.79439827583766,163.565037294447
bad_form,88.78543708347314,64.21099472456467,164.41632622912067,163.38195300796656
bad_form,86.70671851181578,63.236843632865714,164.43595662944793,163.3464342473079
bad_form,85.32839090743636,62.59123313317269,164.81446259209847,163.5997269864548
bad_form,83.59742173970363,60.049185279765766,165.02268149331445,163.72696464054158
bad_form,82.12683711566876,59.66166875337808,165.09100360436972,163.81406409314135
bad_form,78.01679254437579,55.48455149004917,165.57508680178725,163.77255866274106
bad_form,76.79130450921315,53.18794502249824,166.0629113478935,163.97240784734672
bad_form,76.31112827892844,50.80315523654957,166.37640157961005,164.3204037628057
bad_form,75.52682971422746,48.17024153241721,166.69376275340466,164.49851103329598
bad_form,75.40577780219076,47.54906330513961,166.75668724434155,164.74347326625045
bad_form,74.56734899522058,46.086280288427986,167.0383742444825,164.8092161898378
bad_form,74.30954521297423,44.68239029620196,167.21977185948435,164.7711390489983
bad_form,74.20819005818964,44.234657312661966,167.22327764564938,164.68384696122837
bad_form,74.39705173006655,44.20131942680962,167.1834267954463,164.63330152619395
bad_form,74.25876912779466,44.28351826106433,167.28439546137182,164.55128921588226
bad_form,74.22511697785632,44.62267440724719,167.5263315479513,164.62831506137192
bad_form,75.5424420474506,45.21394867138582,167.5377189523355,164.82722309486604
bad_form,78.07313387183632,46.69421216353726,167.5615337303002,165.0120352820354
bad_form,78.1250526312657,46.95541564838754,167.5384309743301,165.13675211497025
bad_form,78.5913268928532,47.237377253705176,167.56776089404858,165.23991152083093
bad_form,78.91672700806049,47.02233830274332,167.5519798934223,165.44011757259312
bad_form,79.49154223400325,47.13189860084606,167.3286284823025,165.42715147450198
bad_form,80.7589780762629,47.87225427066079,166.82346893861654,165.2212122508699
bad_form,81.46699175639753,48.7289764465055,166.50932984172204,164.74647832679057
bad_form,82.27139416369363,47.52977314172938,166.16652013783113,164.1721596222262
bad_form,84.53375865171216,48.333602190452154,165.69064668148175,163.7808770488322
bad_form,87.1972773262936,50.061028843536235,165.51504268952408,163.7346435797725
bad_form,88.682662162795,53.385858578390696,165.5797581447903,163.7803471269997
bad_form,91.86650785391134,59.54955026208444,165.64234736968666,163.92021887147547
bad_form,94.0726624824531,66.25755227188557,165.173726298209,163.70477672371433
bad_form,96.04427296560112,72.24351436114864,164.4470043215024,163.4258268257289
bad_form,97.63043990317647,77.25778840636059,164.09125625139637,163.2955485115879
bad_form,100.27362372149207,88.84155686062644,163.77279242565223,163.100585675775
bad_form,102.17687059707089,94.58169743889721,163.6782914660176,163.0444475801817
bad_form,105.15543759832406,94.69295676935212,163.49283057232248,163.10291000817068
bad_form,107.35776519212325,100.218221505727,163.72487306772223,163.2198064445494
bad_form,110.06256973633901,102.1672796395581,163.80349489062598,163.18061254599502
bad_form,111.83613352081875,104.24392782417635,163.87055615168188,163.2241319751176
bad_form,112.91897679395663,103.80047993736667,164.00142850477093,163.24578687718588
bad_form,115.11197924480066,105.90078902260765,164.28337721622916,163.58664290249106
bad_form,118.73934005173436,107.65432006077083,164.4382329504161,163.74373119920654
bad_form,120.39342704251814,105.49949477969426,164.5868606160446,164.26859466127553
bad_form,124.74458577834648,105.2215121745204,164.11145471926068,164.25538308869423
bad_form,127.50606622781669,109.78988876109,164.18629243100594,164.32175956494956
bad_form,129.19280379803413,113.40380238042769,164.38526751915543,164.54361326857318
bad_form,131.1417976971088,114.98520879960762,164.1422402486356,164.27857759975922
bad_form,133.6314352725968,116.65935362098128,164.80354758962318,164.76305606830346
bad_form,139.9509999778963,119.59468616106827,165.2734519375495,165.32949239313982
bad_form,145.0021159515464,122.79305095450323,165.63091269038875,165.86312228526444
bad_form,146.68561010458424,125.27505633101143,166.1758481147114,166.11847851840986
bad_form,147.12376844334085,126.87135434927833,166.5304756555317,166.4759379372143
bad_form,147.723675773087,127.95454960349215,166.642182923907,166.71795948541114
bad_form,148.32143638674654,130.71952230631297,166.64084099002912,166.7377449864856
bad_form,148.09482555227837,133.58311904613302,167.21270751800154,167.20231417031818
bad_form,147.03381099736143,133.5447856522256,167.70246526406586,167.6393916960754
bad_form,146.91139610688748,133.88466550267802,167.88737958691874,167.8810709171037
bad_form,146.73747291456368,136.01708299950988,168.05629674576417,167.96238977846158
bad_form,146.6950383896408,137.99970174406346,168.3276223525487,168.194293395724
bad_form,146.80661035528775,137.76773392518052,168.40287075540985,168.20323653510965
bad_form,146.68125192013287,136.9534068100116,168.39192335198652,168.21502871046323
bad_form,146.60801232683218,135.18040870753543,168.3185857134824,167.9864311721768
bad_form,146.54519201857832,133.2583097754014,168.30822705705106,167.89154394967613
bad_form,145.29675612542079,131.90038242054783,168.3008339496128,167.84972332230453
bad_form,144.49409933307328,131.27594347776557,168.2590069763404,167.78348695144362
bad_form,143.0871272547923,129.34173131258083,168.26357113775012,167.6882451611812
bad_form,141.87707094929564,127.22640099496721,168.38180927964237,167.5443989558277
bad_form,138.67795817853573,125.69535343172458,168.56535997354192,167.61233327109264
bad_form,135.4421522405956,125.4505499807037,168.49541923237513,167.63516706844365
bad_form,132.48932449821797,124.67764886428407,168.2875571563114,167.73364078349903
bad_form,130.51188784112173,122.82101179862417,168.24511499974315,167.98058746482718
bad_form,127.7099879048263,119.73281205453202,168.27702234048306,168.30166475411463
bad_form,125.63809167665241,117.33171458700002,168.34951588601868,168.32539981993497
bad_form,122.65650461256143,113.14873624756737,168.46169982145267,168.49520598716634
bad_form,117.31436424711111,108.9796764520373,168.73099132020778,168.59568589505503
bad_form,115.04479886508457,105.62744433225313,168.35011302400983,168.54119034427393
bad_form,110.79746668607777,101.51182587398557,168.37079924686302,168.7730490201842
bad_form,109.03555344607537,98.17234985522026,168.32564878831087,168.92358418068244
bad_form,107.56880545812709,93.78455277814237,168.39196131182717,168.57756387016138
bad_form,105.4614842429792,90.15610483958,168.49907061193557,168.32931743855573
bad_form,101.91700531906758,85.45908642130075,168.7047456540831,168.00821428641072
bad_form,99.67080863173481,81.41787219302063,168.71414782700873,167.7676804968175
bad_form,95.76456223231423,77.41152481845774,169.2451875174332,167.77573117947858
bad_form,92.2656945743962,72.42182515562678,169.59069664043412,167.8357119900437
bad_form,90.92898808453663,70.41776503536443,169.61234238438456,167.99018076246452
bad_form,86.40036186195147,63.599252002327034,169.847783893345,167.73587870964528
bad_form,84.77426124489193,62.38173636959431,169.49327943611237,167.82082933271232
bad_form,83.69948260424684,57.21738430906282,169.44629406973507,167.60385255068778
bad_form,82.02500784071833,50.65318027267625,169.42760225682858,167.32766888400346
bad_form,81.12010941871466,54.289131936333945,169.56722225279816,167.5563980330662
bad_form,78.8855223633276,49.49197821736482,169.76399184735848,167.61861406814296
bad_form,78.21339516311707,53.38984083721408,169.91633092443814,167.43866481400215
bad_form,77.43243724237942,49.13404621181047,169.76024280697024,167.39069631084288
bad_form,75.68155340498396,51.58569131028196,169.74066732630772,167.35837323552198
bad_form,73.8668808482397,53.98827272147025,170.0543849329642,167.5964496795988
bad_form,71.9734911382672,54.782396354142506,170.373089289616,167.68049732862357
bad_form,71.54840446533763,56.153255217657126,170.7150913102433,168.44596717843015
bad_form,70.42978709313797,56.70334426576845,171.16145024484285,168.97098039838394
bad_form,70.73634521063167,55.65793835450018,171.12673741235486,169.4821392819506
bad_form,72.2348527122117,53.1720199958495,171.55556201949838,170.01571608830884
bad_form,71.73876298117102,53.13518993693395,171.58774627582162,170.21841868536035
bad_form,70.01285591143824,51.718401598809876,171.91578463949654,170.17877871700824
bad_form,69.276637290981,51.07850481933189,172.39248770935936,170.47150030589032
bad_form,68.2985160763324,49.892570631529516,172.97719997489153,170.86207161797392
bad_form,67.36666879971578,50.365515316302044,173.399448502666,171.14712675812336
bad_form,67.83285353250349,51.736228666557174,173.45906050752558,171.32689930546587
bad_form,70.03303074065454,52.312705622765826,173.48991027719813,171.42471217558892
bad_form,71.10798748066006,53.174907490456995,173.75186429020133,171.42511225893102
bad_form,77.06805672494137,51.25099952765025,173.86164013940987,171.6469109629478
bad_form,77.61816350439868,54.59456626304676,174.2009693253961,171.9535177263625
bad_form,77.82971778261606,57.55306293772734,174.01415387799267,172.0138339014881
bad_form,77.62603062505856,62.58761735728974,174.06843406389675,172.062620932598
bad_form,77.60999697370873,63.049279560200816,174.11039084000694,172.214254951664
bad_form,77.85928743741191,63.511791771877824,174.25667126041415,172.14709199484156
bad_form,77.67756607482166,65.14507396226277,174.41061484252762,172.0816023109813
bad_form,77.65075647069297,64.29980527844252,174.45780072241973,172.10177186713435
bad_form,78.29919442866284,63.92658608152318,174.4256703343475,172.16378447009103
bad_form,78.68632443355096,63.899785329461714,174.45622346797344,172.26477317393454
bad_form,78.87769645364612,63.72272162996585,174.4456267737815,172.14657162298357
bad_form,80.72138723802067,64.46653535108909,174.2888555455782,171.98065744838837
bad_form,82.3396166885113,64.58097380087617,174.16938663600257,171.7187452200044
bad_form,82.53946343775887,64.56192868777795,174.15307269705394,171.30427153795026
bad_form,83.35252156853304,64.13084485978489,174.0095686336533,170.98101100109548
bad_form,83.39783740375822,62.04736505168637,173.96802687356362,170.73405281600773
bad_form,85.90748422916243,59.472756574322986,173.63503000806705,170.8269457537032
bad_form,86.84297711606183,57.88527287885109,173.18978257775746,171.05662767483904
bad_form,86.28215517054008,57.19697467226339,172.92672051281954,170.89172580596946
bad_form,87.2618153038274,55.1688934810995,172.95121935807956,170.94343682826957
bad_form,88.84060110728643,54.50985571178384,172.91848517514669,170.94438873365223
bad_form,90.70689649923452,55.600956452932564,172.87711560782424,170.90030521102182
bad_form,93.23807306364512,60.32397589784216,172.97017594008932,170.93075365555063
bad_form,94.6602122933889,62.266092094879355,172.79328333733804,170.7786588115872
bad_form,95.58780101573439,64.55555770252573,172.73085592559806,170.29516310438916
bad_form,98.17251569136187,65.85484846327182,172.93676090214555,170.41370281128061
bad_form,100.09372655997697,65.51814711915222,172.88098637929255,170.3018570031391
bad_form,102.21718165849654,67.46698555114034,172.72360841166523,170.40767299104948
bad_form,104.06884382214267,67.02381226899263,172.7716728287995,170.52842174575807
bad_form,105.78812654969263,68.55560103969077,172.9611972355142,170.51101997759645
bad_form,107.6479168036002,70.3188140297595,173.02298404189327,170.3785751832175
bad_form,110.42034171857748,76.35009227357989,172.63250285157812,170.41728852923788
bad_form,113.52955177845286,86.00892243888694,172.5333402798829,170.76564006071817
bad_form,115.52793632830878,89.92921670628402,172.7735226816012,170.9356339993486
bad_form,117.86586381644366,92.73630715733339,172.70204737643897,171.05302432470052
bad_form,120.46511420699099,99.72436792700506,172.5962500071794,170.96752142531224
bad_form,123.32009858944,104.2722159073657,172.12849997816247,170.95028167359834
bad_form,126.0900582852023,105.39849161551828,171.8444265920135,171.00849850235085
bad_form,130.41589046131713,110.1810308531569,171.81063656921566,171.20569488173908
bad_form,134.35789782479273,115.64879618165588,171.83497262562983,171.12624009547517
bad_form,138.42338295971012,118.91486906338355,171.66411636944878,170.93672754080865
bad_form,141.15597650522542,122.83963615096468,171.452079338257,170.84125585876524
bad_form,143.37590801874248,125.81651893758297,171.27765977444642,170.70903455810873
bad_form,144.76737386028248,126.81514983243903,171.17441507230114,170.42652789382478
bad_form,146.58810301302418,128.6098051379158,170.94641883312386,170.31686479051348
bad_form,149.70550720689764,130.8249684909908,170.4822129621482,170.1164518899039
bad_form,152.03292970038365,134.73049173203992,170.68889024252815,169.92298959694125
bad_form,153.50134710411695,136.85411414328573,170.69775686557387,169.67334001580952
bad_form,154.5318176891981,139.3344963761615,170.69259410404482,169.99053263034966
bad_form,155.1766923102995,140.49560453674164,170.70614796492816,170.0571035415489
bad_form,155.5221031288905,140.1593398201046,170.6645450171535,170.11972639267944
bad_form,155.78371196149428,140.1919401485883,170.50367118551264,170.11864256090502
bad_form,155.82114624743514,139.96823003400434,170.5058829030659,170.14997560202661
bad_form,155.4305867856813,139.80734521130688,170.50704371290965,170.0523521031808
bad_form,155.25176224043142,139.87952874554227,170.50732762646848,170.05720623166255
bad_form,155.08729884520739,139.39656939824295,170.22405061441236,169.71026318701166
bad_form,154.2305708747717,139.19339900567962,170.10226302458793,169.43873922027709
bad_form,152.6102195111432,137.3828996998415,170.00009142631697,169.14348935699272
bad_form,150.7907256084547,134.5484014314169,169.829024336916,168.89475304274853
bad_form,148.2324371052202,133.16917246376897,169.42921320361413,168.660266357905
bad_form,145.73564874276988,132.5121922133233,169.0338851280742,168.57651130437867
bad_form,143.21667929763743,131.51051735316847,168.71343183810285,168.73580046405917
bad_form,139.51284640909608,128.77872933379354,168.75659638163884,168.89466829499767
bad_form,135.28451483493114,125.78182025680809,168.91999998458516,169.07606082794103
bad_form,130.19442324637808,121.05047857821924,169.06625360119975,169.05481154142257
bad_form,126.72115958204103,116.16114124712809,168.9092183906556,169.12779605433732
bad_form,120.54182110143566,111.3679513943421,168.97285441847714,168.99884352684512
bad_form,117.92511591064408,107.938585918705,169.44511843335866,169.49502047680733
bad_form,114.92493687072508,104.1261758159707,170.0100456308301,170.15503057879747
bad_form,109.10663933429214,99.18363095305403,170.05470937902268,170.1173771319853
bad_form,107.59497854123964,97.61964172540229,170.31875567239754,170.3232504152269
bad_form,105.49745956496088,94.43457033698184,170.38044088062165,170.0687776162027
bad_form,104.59930651566393,93.1506345784129,170.15740977663384,169.6801419728669
bad_form,103.11407919948954,90.13284045740352,170.11587646975207,169.50883663499786
bad_form,100.17639937218951,86.80322069820983,170.39446994188543,169.3829084456853
bad_form,97.11266914205487,82.99366759160989,170.69093449979397,169.52500764852965
bad_form,95.6729914038221,76.93270370121508,170.58256387873,169.5112967313918
bad_form,93.29284762876733,73.86033299823617,171.2048714243797,169.63255511470103
bad_form,90.59499901673996,70.37587548573077,170.98764558673835,169.99217452219426
bad_form,88.73804473001314,67.52072453043081,170.59964009961848,169.91505926500557
bad_form,85.68795309836077,63.22600853632434,170.5254666180481,169.47753131149977
bad_form,83.84088993900502,55.57734172817601,170.26974923451482,169.32740609634072
bad_form,81.4068007992775,53.0040532796026,170.11540128165046,169.01449049009534
bad_form,79.88842708027096,48.512026589982554,169.84625206642758,168.37293952078124
bad_form,79.20406749912121,47.347394051062054,169.99678381814587,168.16682055633257
bad_form,77.46234758191326,51.109670016688256,170.24103312083017,167.89091361075134
bad_form,75.95958666362691,53.48598291109744,170.1300397180593,168.01798622488602
bad_form,74.06246406561536,49.57262231471475,170.5300811212453,167.64880022047367
bad_form,71.80294243455484,51.29443917027904,171.19452434779518,167.53973710508657
bad_form,70.66343575928755,55.63437664928945,171.49560815902007,168.23335810879124
bad_form,70.46391146652036,58.22015164183385,171.62726532006477,169.02223595653064
bad_form,73.18277693449926,56.64031998281134,171.811860655874,169.45943960083866
bad_form,74.67495765399605,55.71646037383466,171.90928971946812,169.72188420231961
bad_form,74.16575067072861,53.86307201628639,172.53737966887357,170.223035862365
bad_form,72.87957360061434,52.70870320115633,172.77707394753153,170.52008410993255
bad_form,73.4598699113764,51.67869341908105,173.37048092205754,170.8378407582603
bad_form,72.26316825418245,50.85794586227248,173.82559067535877,171.0995099679479
bad_form,71.94034017050372,50.94097677421594,174.28468446924538,171.35550055083684
bad_form,71.88889477164183,53.31252619639394,174.30996721860188,171.12248781873308
bad_form,73.30681902343765,54.765977420857936,174.31635673260166,171.16688867916818
bad_form,73.4100391093642,56.814706236675676,174.30923302709698,170.89712509583904
bad_form,73.56286908622583,56.14652662497622,174.4554769431597,171.16468495084965
bad_form,74.98064947536173,56.765299475930945,174.5194898120336,171.2466204157368
bad_form,75.43586459930037,58.72301020253177,174.66918471530872,171.3717561609312
bad_form,80.50927565148069,60.55327478738093,174.88494843404487,171.7000076999441
bad_form,81.00913963263798,62.36041146941714,174.8731958973339,171.86017889863925
bad_form,81.83771420898493,64.41539617087578,174.68393839395665,171.98152210428688
bad_form,81.77984616506333,64.75177668653123,174.63879315940298,171.92455438159197
bad_form,81.48780996472695,66.10730475973322,174.62372725950786,171.7712436272361
bad_form,81.46182559394691,65.50921653332841,174.6115485156143,171.741071141918
bad_form,81.77640458228653,65.81965268270181,174.51440516681583,171.78768083318127
bad_form,82.40986464143872,65.50852206239688,174.39474528072816,171.8313653765751
bad_form,83.71143690769472,65.44368256954702,174.35570177675453,171.69085570455533
bad_form,84.70166294319927,63.97906848891836,174.287030148416,171.3053716160499
bad_form,83.0104711637782,63.673665390344475,174.02669957953353,171.0744583987582
bad_form,82.66715796774459,62.61261980209411,173.71627079466285,171.01221672876443
bad_form,84.25857289912324,58.195127647798195,173.09934632611055,170.82574994682406
bad_form,84.82525293391728,54.530348916554914,173.01235570012287,170.86845292339953
bad_form,84.13968479413757,55.47330471175473,172.67557683645668,170.66919518997133
bad_form,83.78670030524614,54.86480544894897,172.58384483912002,170.70698300246326
bad_form,85.62499389020098,54.93599696348514,171.99124530964747,170.33664891725596
bad_form,85.30720613495447,55.559159569551184,172.41131754568892,169.94850402004306
bad_form,87.35011869963114,55.54025671147036,172.4657011063409,170.09291227122318
bad_form,87.61505522270545,54.89586747766572,172.45100037558677,170.0143910604568
bad_form,89.25798385409041,55.79787636517119,172.67297546229645,170.28590920683573
bad_form,91.67085478833866,55.9496175477571,172.8607161635229,170.30484500098288
bad_form,94.05920526793642,57.125313808898454,172.8528443101685,170.5296400849967
bad_form,95.76804041085734,59.76524782738761,173.04129147491415,170.88187614608165
bad_form,96.77418683401936,61.95189108650317,173.3422837520104,171.02203742121256
bad_form,99.42365088466357,65.75838729509502,173.17741546349512,170.9897178201383
bad_form,102.0650158397982,72.97091590534222,172.90938234378598,170.86592380054464
bad_form,103.35978919096442,75.68244149716776,173.13895605743855,170.94190003727616
bad_form,106.52489932761335,78.47795528334586,173.35952617552908,171.21218349604237
bad_form,109.91623284497791,95.49314611869909,173.3936644901569,171.42622093375076
bad_form,113.88940119042596,101.46645589505351,173.58455135704406,171.73923609692557
bad_form,115.37733080340143,100.42444558489842,173.60784244475033,172.04809358132192
bad_form,116.61969356556472,99.61913078374539,173.66563071893268,172.4535505769253
bad_form,118.58289443873176,98.76634158639746,173.96200207570985,172.86489669255056
bad_form,119.9242884940395,102.28269472672508,174.1968908541791,173.08974841449583
bad_form,123.45694253528353,104.20800728255921,174.79621673878006,173.39982923812997
bad_form,127.32041535715243,110.17778988800649,174.68478115385557,173.5097384953116
bad_form,131.85137480232788,113.29780365921008,174.4006630101734,173.54863193925775
bad_form,137.92157987471023,119.51448983782666,174.4372500230262,173.7770363523766
bad_form,141.38017374956388,122.5726082969405,174.9540061515517,174.09677439585943
bad_form,147.0570774973991,131.18633657556876,175.19644481769143,174.45223310858967
bad_form,150.47741702380404,139.25750407866587,175.44200614994412,175.1198340693672
bad_form,151.9851133986668,136.76060584549197,175.59591345415294,175.11274011233832
bad_form,153.506803959036,136.7833782001025,175.8488204776759,175.27306908913363
bad_form,156.28248062345614,140.73295074552743,176.40746601465315,175.8185525642817
bad_form,158.77771329766776,144.96665727191498,176.78181159344967,176.43542691272157
bad_form,159.48389923220697,146.12341309613367,177.42123918053957,177.2707660507875
bad_form,158.32383999182193,146.23770119517192,178.09867214540026,177.91397374493033
bad_form,157.42629524586675,145.45792294476914,178.70894035058802,178.54450668429712
bad_form,156.54579699423778,144.92733795686487,178.8942933807725,179.0270375685117
bad_form,154.55049660151198,142.47633103203384,179.4244610121856,179.48651722022117
bad_form,154.23154007390528,141.9013332760579,179.98483817680744,179.90590529706458
bad_form,154.59394929481434,139.70008263493492,179.9213751178359,179.47399917806956
bad_form,154.12164057658921,138.1501332458352,179.86929626159096,178.64566277262062
bad_form,154.75349000835263,135.36569059892733,179.72866947434466,177.49329600545025
bad_form,155.03281795080687,133.38054479194585,179.34233738534672,176.43094896002665
bad_form,154.43192390795397,133.06359552298878,178.49816610213998,175.6465094041192
bad_form,153.66355508005321,133.0770159695366,177.86611027831145,175.44501125957396
bad_form,152.25366582975107,133.3660405253469,175.891939628453,174.28175931932546
bad_form,150.9011550657133,133.2116733441717,175.44616652254342,173.6730837714559
bad_form,150.4735833152973,134.6127486125195,175.11024458419752,174.31714294234783
bad_form,149.87237429494414,135.04806252816414,174.58528066687686,174.63668311194454
bad_form,148.64156207637717,135.0580740522293,173.07768267590538,174.90767475596567
bad_form,147.93742549332404,135.25834198568373,172.2116366711034,175.08460645034543
bad_form,147.54998447241326,135.5348689949236,171.3639000090455,175.1536764125805
bad_form,147.079582665108,135.01443573273716,170.34723050974335,175.25775834022483
bad_form,147.029563956371,133.83540966143116,169.58153097531547,175.14340242815686
bad_form,146.5401250102272,133.8846880425584,169.26942635124985,175.16289685947888
bad_form,146.243702638067,134.1387121178449,168.86003083760417,175.39278547875247
bad_form,146.23294228891703,134.44262278002606,169.00754194501133,175.80945388016013
bad_form,146.0945370479165,135.09441897072946,169.13201898160366,176.59286544878066
bad_form,146.95517198276832,135.1508844154033,169.78744213944415,177.17731100296365
bad_form,147.55108151922585,134.06485551804465,170.04262310890314,177.6032472170504
bad_form,148.03966497176458,132.72915391635536,170.08299046848063,177.94401667976263
bad_form,65.48610640833859,72.65920658786534,173.8615976788492,171.90810604721133
bad_form,68.52741645491605,73.9468595712353,173.35353385855595,171.43632169573414
bad_form,85.2647850136791,64.43312201506885,172.46374632599222,170.90925678836084
bad_form,85.6631895152687,66.46684342057826,172.06854779246837,170.82529206590675
bad_form,86.37351268039129,65.8088598482349,171.72680871369639,170.59853906531205
bad_form,89.33523904755418,73.56995867252016,172.23479385620206,170.68561522709464
bad_form,91.46113392775004,82.99866054407181,171.665989581635,170.31374413341752
bad_form,98.25356790967163,93.02686205368298,172.06917341110463,170.22557653949394
bad_form,103.01282122424959,98.1294488146234,172.42548699236139,170.22948337618374
bad_form,107.76280716620738,94.01820535973411,172.31778732476417,169.54496534358984
bad_form,112.57080533944816,96.56744091694014,172.66895279169472,169.52511309777884
bad_form,116.2853807664579,101.11341807732373,172.74076038328377,169.04582708403262
bad_form,120.55759222881184,104.25539445925398,172.2462352045485,168.70532506100648
bad_form,125.67946581614683,108.34783087153647,171.50653881101394,168.61312225344807
bad_form,132.45227323234886,112.31400248534419,170.38165439334466,167.7729291542573
bad_form,136.3201769415138,114.19411060620973,170.12880750786184,166.79901118120546
bad_form,144.4973696718072,119.28209211924681,170.18902972364418,166.7851152441883
bad_form,148.72393906449363,121.74898711863327,170.1334472530636,166.77754637611682
bad_form,149.2940236577319,119.44311762157093,169.906018858833,166.58736960416047
bad_form,148.16991534858823,118.68232998099538,169.9922594407604,166.46231847555478
bad_form,147.25353225525535,116.98806389127225,170.47708073129658,166.5212950695244
bad_form,146.37943590167308,111.8481418286058,171.0228573835164,167.09525618376716
bad_form,145.72245771767382,110.73410623670628,170.74036503095172,166.70110986790633
bad_form,145.2035147694024,108.38355222169264,170.64131670368113,166.6174416673723
bad_form,144.84502004996486,104.7677836386926,170.7390962535417,166.66220046784923
bad_form,144.57571367514112,105.8088129889608,170.52630963586398,166.36466624646178
bad_form,144.20299407967056,108.81593786385957,170.48432432875822,166.03869830640951
bad_form,142.9346948609367,105.61526413350163,170.06254764791223,166.04541614308405
bad_form,141.10842658458938,101.97805926002707,169.88033771257443,165.82765213219903
bad_form,139.20182629906114,100.94204160465597,169.35285029257244,165.71905522790047
bad_form,135.84823660522804,101.13867024890175,169.56683976233765,165.98472530077345
bad_form,130.24618580518143,100.86137714682008,170.32244789897595,166.08443852127132
bad_form,125.53346320860774,95.86603953156396,170.74637122523478,166.84092769160003
bad_form,120.85871807027263,94.90803678830207,171.48571227208123,167.41460813816315
bad_form,115.63818564567251,93.74542211647758,172.0064433760441,167.6021904940547
bad_form,111.38852749098584,92.36405622115916,172.27603709594607,167.57216843264516
bad_form,107.52965431892679,96.13017644338771,172.04666071450401,167.99492412786344
bad_form,102.92999448585948,92.0480456657138,172.24284221181256,168.62196257170095
bad_form,97.12697756634378,88.82969446503739,172.66536728006378,169.1400984940891
bad_form,92.67835312952883,89.11363365988944,172.73643305857493,169.1945462560892
bad_form,88.97111648151554,81.97773676993921,173.1016535839278,169.53510810240277
bad_form,86.35729666880462,79.26866470983208,173.26265118628413,170.02659164094774
bad_form,80.8730197092097,92.17365970528664,174.13367878982785,170.89910808612314
bad_form,74.65020040565082,99.45515714735672,174.41891685014215,171.61442860839205
bad_form,72.75275337630359,101.48873041004333,174.42308103264713,172.15846000710118
bad_form,71.12037091904358,89.82713674204155,174.73401637856105,172.25629150624096
bad_form,72.42870299187899,82.42200131322835,174.25681138867816,172.26498313282352
bad_form,68.18061924187765,56.3487200344826,175.0773446151565,172.40735059125592
bad_form,65.73604347842996,47.03632425335479,175.0099690959062,172.50650997767397
bad_form,62.37331171073595,41.363936092399655,175.0384485597182,172.50908985506467
bad_form,60.665945190797345,43.48349830732207,174.89038218071835,172.169867449666
bad_form,57.22809880848155,48.395011574269994,175.47301993117998,171.86894904299
bad_form,56.849675541305544,48.6033593620311,175.8039120270818,171.99074847943436
bad_form,61.26328711714035,47.57944688386608,175.58538282562532,171.92945671443033
bad_form,64.89114040126162,47.14322519966227,175.87531634354167,172.30050001507817
bad_form,73.196325793194,48.20770009466882,175.5775493072453,172.76850286645285
bad_form,77.07789316343947,48.04895099422181,175.9679477295117,173.1344396619228
bad_form,75.32360026335151,48.42591187109269,176.39321658098248,173.20071480316878
bad_form,77.14826485725386,50.1179603731235,176.17546404316812,173.09485402244277
bad_form,77.20086840864111,52.59343049285896,176.84604757034356,173.09999909882774
bad_form,80.94985421756236,53.28572996253536,176.66854314864096,173.63317348187243
bad_form,78.3163381996412,56.07126894664615,176.94320168683433,173.52756139380506
bad_form,80.35173111325376,64.73058295577229,176.97257029196692,173.42748677684065
bad_form,80.49278469746962,64.38286494468474,177.1594433912128,173.24854727240987
bad_form,81.62959000873948,67.29518099845271,177.0599719631171,173.2573355209337
bad_form,79.49848097774709,67.76773390112818,176.99853517104896,173.04643850798513
bad_form,77.3881990051895,68.39904115239999,176.9113026939353,172.75470843993162
bad_form,80.46274588236798,69.77041453767356,176.83823595037288,172.5995380563905
bad_form,83.13931645327742,68.13866551136591,176.49491323221665,172.19524696989637
bad_form,85.44630541447619,66.81081387348407,176.06325487705186,172.23825890135498
bad_form,78.39272150099131,64.82151057773305,175.5248520616058,172.3455155346111
bad_form,81.82408126478504,64.4088502886699,175.7030252006677,172.45594454377533
bad_form,83.50688349102842,66.3444290674858,175.99375029760452,173.56441445068145
bad_form,83.9603092028957,70.58848223075204,176.4812994683363,173.8412268883087
bad_form,84.52151284789954,69.4063205091942,176.3249004257377,174.12081096660717
bad_form,86.99818885905785,95.64142683249753,176.65998364988587,174.44395741829044
bad_form,88.30616825573844,101.87155974046146,176.80904470101186,174.94863127730878
bad_form,89.80599793630972,103.54379896723731,177.17055311961698,175.4194348445252
bad_form,95.46096701017211,108.58228799723119,178.16531580392032,175.5808420972844
bad_form,100.95934696432153,102.48902185847663,179.3354618022851,177.01551704475625
bad_form,107.61418634469385,97.42272804067505,179.4211798895519,176.85100422238335
bad_form,111.55953991296954,100.24650389453399,179.77719357793055,177.26361073187653
bad_form,118.55993875802463,108.38126748185448,179.02940750022134,177.5559554137081
bad_form,124.82171889327205,115.46746584181221,178.71391589861122,176.57157448232658
bad_form,128.85846764743948,118.39321764592069,178.60866825368322,176.26557415786556
bad_form,134.90442409072327,120.54058771151955,178.87225935705865,176.18948922957296
bad_form,139.29652428471533,122.224529181121,178.98467703503633,176.40848944065655
bad_form,146.79518063483337,119.70322386012458,178.4043752375749,175.82221764280632
bad_form,148.9333955214624,119.07039428445194,178.3814322252101,176.09986318339085
bad_form,150.94123222023447,124.67909983723578,178.62984748583676,176.2764970359419
bad_form,152.6285972749365,129.15273954978903,178.05013555678073,175.93637003758508
bad_form,152.5783736026401,128.25166025382254,177.54958959174556,175.36615475277404
bad_form,152.6850937762188,129.08121420327973,177.15065155671743,175.08463743815972
bad_form,152.900190996031,128.98407099736139,176.6095735763436,174.87960255932074
bad_form,152.68567924108854,128.36066138197714,176.39210170800956,174.36994695667227
bad_form,152.31864072941497,128.98802088537334,176.08130002983128,173.72395453536691
bad_form,152.56326613866182,128.6101939011079,175.4271117535627,173.0996874854991
bad_form,152.09727654777998,127.89382893136008,174.88860559056386,172.56526350624267
bad_form,151.6757853993167,125.20039369666486,174.79593245776655,172.48044032928706
bad_form,151.8087488576413,126.0134810213961,174.87434141054874,172.50298412488186
bad_form,151.98694972995338,126.1641156619317,174.93076129127252,172.5379197565485
bad_form,151.79746945446965,125.49296349160957,174.97119780142884,172.57570708920247
bad_form,150.48526833232327,125.04496095981281,175.03112999699394,172.64431777014536
bad_form,149.11464405499132,125.03696527040276,175.03875199272267,172.67037085895862
bad_form,144.19912497823478,124.15081468192511,175.00208364860242,172.67698078759008
bad_form,139.14169770407733,122.40704925967634,175.06659906566173,172.67020387638985
bad_form,134.24507965117957,115.71887381420976,174.66339224406738,172.43751964665566
bad_form,126.10145080533619,111.97353944316336,174.89543949501044,172.02367609087824
bad_form,121.59959663491514,105.97987598277797,174.70275637785622,172.1522633863264
bad_form,115.73813608439482,97.13506462029517,174.91063163957233,171.93747734416567
bad_form,108.98632035979506,95.78185607324724,175.0962699762477,171.56174849766433
bad_form,105.77639881904366,91.08182254955489,174.38697982928355,171.9019345087598
bad_form,99.39664043292112,88.17725223333059,174.43343423818956,172.14744515576865
bad_form,96.20963951289912,82.99653748069636,174.70310464355555,171.8817898697086
bad_form,86.30282825477929,78.48311938928782,175.1683717035664,172.11572160507635
bad_form,82.37690061200146,78.49269751340745,175.0199376296736,171.6335256800938
bad_form,80.63009446993004,101.8745962101562,174.15454991444366,171.18600404743924
bad_form,75.53017618348821,107.33116029215944,174.3766296566082,171.04805229304372
bad_form,69.3290974838012,100.49402704500477,174.88409794880124,170.94125081671615
bad_form,66.01443219844629,92.13843423670602,174.75386852997502,171.1997147179719
bad_form,67.90159134742868,85.2456505282583,174.16203919773417,170.6264450211614
bad_form,67.34799228206901,73.02492957418684,173.86257227148764,170.5899172188685
bad_form,66.65175240217894,70.7767273677369,173.8467670361751,171.0314746126424
bad_form,64.98735238681991,56.849474384938844,173.99813823167526,171.24865111499594
bad_form,65.0881583027342,50.90526089806875,173.9863411788121,170.69286786730476
bad_form,62.76052853072259,50.098943080217104,173.75301879466176,170.30387853954127
bad_form,62.61857113681787,49.637352021068054,173.29963574476687,170.05620381716128
bad_form,63.76003470621737,43.77604376461382,173.2249048968123,170.71844727465904
bad_form,66.22900785620179,43.121086932675276,173.4569440428694,170.84760755192616
bad_form,65.89744363717051,43.6323242410138,174.20012931217187,171.2623273104468
bad_form,66.4136627695642,45.51581705795171,174.68371002754125,171.64909165670048
bad_form,67.21090493212883,47.74661744614604,175.4350259934246,172.15086800900315
bad_form,68.50899418029192,49.914953164889006,175.4236027166395,172.44236748674012
bad_form,68.24056998048512,53.09261814499835,175.77570365160435,172.23241190142787
bad_form,70.54676673088173,53.61254233863887,176.24689076662492,172.627781056145
bad_form,70.75591422232297,54.82924504143246,176.81870588330386,173.0396222202374
bad_form,70.635317425787,54.2781542360844,176.80238578850918,172.8172529804975
bad_form,73.1491265201014,55.484777672485706,176.49316232939938,172.71439384963733
bad_form,73.93024537485066,56.28507702043243,176.34721906988702,173.0090510635127
bad_form,77.10087529992416,57.556769642311366,176.05227377241013,172.8352372585816
bad_form,76.9055195292023,57.568524098434196,175.9165193010612,172.61016456928837
bad_form,76.72581472939703,57.49667046653018,175.75955048090012,172.3494651034251
bad_form,76.71751095879975,60.59230137956803,175.73390341401537,172.2109205040945
bad_form,77.57391072990154,61.69391921086984,175.32787755739798,171.82249095204585
bad_form,77.99475394170143,62.739924040301666,175.1254318282812,171.48988783866793
bad_form,77.1976316040822,63.689087840212636,174.44844312904988,170.91125683758148
bad_form,79.46472265914863,64.71150363808505,174.23594141041707,171.51233203428194
bad_form,81.73181217890237,66.64828324908108,174.02361813042918,172.02015645341646
bad_form,83.2792898533213,68.21965728071208,174.46259934943154,172.2508503112161
bad_form,84.1228653844347,70.54752684551416,174.36603972397612,172.39204896706192
bad_form,86.1728671249495,71.26610911010494,174.45920824397297,172.27006698580269
bad_form,86.72350103363527,82.34109916144916,174.97287060116415,172.50948496516287
bad_form,87.68106594306124,93.4853544726887,175.13692220212116,173.1548746673902
bad_form,89.31300167443288,102.03399892185604,175.33053517376885,174.0905628010316
bad_form,94.37680508821956,99.51552646294908,175.92655805943093,174.65646047675344
bad_form,99.45129967610177,87.28999610229079,176.5898304676417,175.60275581655196
bad_form,103.52530738371087,86.39611611775325,178.22723316007938,176.05672663352573
bad_form,107.36093859754538,91.27422154145489,179.32277241076596,176.40909124609826
bad_form,113.262315722263,103.19431755188742,179.6580666186876,176.66105400430519
bad_form,123.18251540729051,108.50739749520602,179.14479577761168,176.5726843036624
bad_form,126.31090164140235,112.61723619450831,178.95823892517274,175.7350913931709
bad_form,131.9093120631382,118.54939045404998,178.99353937895455,176.14827963884386
bad_form,138.5757147296571,118.97170817430802,178.0698498321877,175.09783136148363
bad_form,144.3883892409605,120.35941409035004,177.7721487330345,174.78652650638708
bad_form,149.84417243672198,124.05781724610657,177.23659350886513,174.4990964771816
bad_form,151.08132170772782,126.26375114169684,177.3973914221424,174.55562892931331
bad_form,149.76447414400616,124.52625996353154,177.09508569234248,174.3291004396785
bad_form,150.53065831918477,124.82228916113158,176.952158519941,174.48491641653257
bad_form,151.28885375112736,122.42734244767405,176.7880329935169,174.40280201901538
bad_form,152.08481238336805,123.25007665695236,176.47449991732918,174.40640790730367
bad_form,152.4502944016087,124.14753360277044,176.30421578048626,173.97081638425468
bad_form,152.35262815431938,124.5870125519937,176.2708467932131,173.71846861404987
bad_form,153.03600594131044,124.85552734966566,176.08368798416882,173.6123939001331
bad_form,153.16616295205955,125.19147164593025,176.085527234107,173.51070692834307
bad_form,153.09828413619832,125.16396578567452,176.11617198470884,173.51512398119192
bad_form,153.27423461131727,124.35238956301583,176.04728108399559,173.46809150653712
bad_form,153.1599415528755,124.69732695848631,176.03777865345916,173.4322946174288
bad_form,152.64813106823883,125.94426037355814,176.04229509164404,173.45427728219605
bad_form,152.14489736396237,125.90388010332791,176.14643703888294,173.47107627511897
bad_form,150.08814231812013,125.53426203273773,176.04551332435122,173.4387687219383
bad_form,146.08288955014686,124.14349689126948,176.39300702409307,173.46495309508288
bad_form,141.74582696257912,124.47497515491,176.32192579273837,173.43280662728029
bad_form,133.22974227499103,122.21639074487894,176.59094404598355,173.45933787023213
bad_form,125.998678877495,113.3195885292584,176.39229879135752,173.25479208575155
bad_form,118.94101187531652,103.86306838682299,176.64250783237483,173.47032600859325
bad_form,116.6716792520796,100.50464719991305,176.65226895989045,173.25796407199542
bad_form,113.80418969505212,95.23953259351202,176.87914461595687,173.07323790645881
bad_form,108.58541133731853,91.59667751546812,177.00603963011665,173.19879036723168
bad_form,104.95702525035563,89.76598883003584,177.24756565758867,173.36855162617996
bad_form,97.76359419185513,80.13617527867166,176.19185273709053,173.5763388283348
bad_form,90.82684956723642,78.36037184152985,176.2987167319989,172.8987102500044
bad_form,88.08376645157762,78.59321255213393,176.1273226525207,172.4521906803499
bad_form,82.82477558597657,109.6170199866691,175.52255571792594,172.11169071088702
bad_form,76.26287952279796,111.01341056769843,175.715351381526,172.20754788612348
bad_form,73.49246303015553,100.73249289833097,175.42899204311271,172.00413007814126
bad_form,70.07569978090362,89.12747928897176,175.2842347655134,172.05796512708523
bad_form,68.38116377533464,83.57754211710801,175.02447175355627,171.988934926449
bad_form,67.58222079112096,73.95706066962737,174.91549778740045,172.04038359290195
bad_form,62.618295143432306,55.35605378961645,175.16998637409978,171.29000244922113
bad_form,61.588479862097074,46.03223266190886,174.92384025181104,171.0780028428327
bad_form,62.52320084505914,44.960767555753726,174.76256915425952,171.24487922764882
bad_form,60.700550947267246,43.5950836859083,175.68569893445894,171.57907437445306
bad_form,59.73336595931304,40.86933915505591,175.53794981811612,171.69742896528848
bad_form,62.805117991046664,41.36455180656804,176.22410685695047,172.27670779767664
bad_form,63.2113759833701,44.10689014075267,176.75818978744272,172.48758210367345
bad_form,64.25459671331302,49.033928126040664,176.86852878271486,173.00021950745887
bad_form,64.28666341349798,52.25715356778993,177.17042369225933,173.21346376735758
bad_form,65.9050148044121,51.980938114855114,176.9617306539159,173.05475576188272
bad_form,66.7838036839219,53.00362334137016,177.23569227938597,173.0062798876092
bad_form,66.96139159157545,52.27961512447495,176.8884325206236,173.08049599834894
bad_form,69.20248661904446,53.28660102369156,176.4918688514046,173.03929689074988
bad_form,69.37556011226864,55.188769445954,176.22214962326507,172.59962032126535
bad_form,69.98958852232508,54.9533743574738,176.07862718957298,172.6858677142301
bad_form,70.22215320932563,55.11894361323836,176.0704295018539,172.76329888345828
bad_form,71.37981521182047,56.119411744073695,175.79671509148795,172.63152335332592
bad_form,71.77426098613027,56.89455473752465,175.53084636387638,172.53085624424233
bad_form,71.99090609305757,56.79184575749284,175.47094049026256,172.53991416853262
bad_form,72.54095886141845,58.83080329286332,175.24381140596455,172.41540233549244
bad_form,76.07911139371969,63.1325174292937,174.80432465231848,172.0018678208669
bad_form,76.80661700873446,61.598634257526776,174.77056273731822,171.59121168115905
bad_form,75.7977608532741,59.017545300966404,174.41855556396112,171.46958961505584
bad_form,78.389677140397,59.982217337507244,174.48228721030785,172.1034573921671
bad_form,80.53350817654575,63.868394270477545,174.42037978163296,173.0288808107778
bad_form,82.2596803118646,74.48156480679633,174.61081371620696,172.94818191331012
bad_form,79.76947925077224,78.95566881619952,175.34831291817056,173.409976157253
bad_form,81.2503679567642,88.78042357950176,176.37993784729636,173.27196555658867
bad_form,83.90972875427587,97.30784232369552,176.15320528652703,174.2699754106891
bad_form,87.0847670261806,97.69429014152786,176.5598739641053,174.76925764303016
bad_form,93.21742626106874,98.09275006074938,177.208940066576,174.31516077282092
bad_form,100.95766262293444,87.62770468287067,177.63115505381077,175.1604526497096
bad_form,107.30901612946866,91.02710330731514,179.11275000923365,176.08587355756538
bad_form,115.66631170135119,102.51125410628902,179.38010454232497,176.12664341268416
bad_form,122.77297548051948,111.68366918910212,179.5133331149109,176.135013938061
bad_form,130.96365823544068,117.1687284349808,178.1497050995748,175.94147002625397
bad_form,136.46145216126942,119.9948053018285,178.0053154064309,175.46975917140983
bad_form,145.572824462022,121.24358876926365,178.2597606289473,175.6635775147022
bad_form,151.35397044864393,123.84156549601212,178.84899878656873,176.7759773494213
bad_form,151.79834224744445,125.45016893145711,179.40330744893305,176.97530026867622
bad_form,152.10741135024605,119.85073733575274,179.23819422402468,176.70652314918473
bad_form,151.8792961322093,118.84075031501098,178.92307019635118,176.50887248348832
bad_form,151.90342885178504,115.86834923632455,178.7512451159485,176.06944260093314
bad_form,151.41357192917812,115.54280903463516,178.88066882345254,176.18067205058622
bad_form,151.1753182200011,116.06587060010773,178.94281997786487,176.7259933111194
bad_form,151.02681971470986,115.63988932026004,178.98476524860965,176.88658772905967
bad_form,150.46030806315716,114.5261569387444,178.86688548066036,176.78767162704673
bad_form,150.6214232165633,120.0996459461212,178.84009878407477,177.11177910050404
bad_form,150.68390227855798,119.49461188642414,178.98993755612162,176.83088945524423
bad_form,150.56309769307546,120.3331608974946,178.63095035091197,175.93365269018202
bad_form,150.09648136861244,119.72207555865612,178.44858462323472,175.65182788713702
bad_form,149.2691076631913,116.49439753970165,178.3825174813365,175.3161818195035
bad_form,148.7697942122208,117.02884357042285,177.7677446390373,175.200280596216
bad_form,148.73056244916845,116.72164938735395,177.4843480290346,174.79464812591632
bad_form,148.22741974937435,116.6277081374956,177.8274017612713,174.67837637694
bad_form,148.1214666081617,112.2004013061339,178.0229094111702,174.44770213092173
bad_form,146.09012854893004,112.1091001932821,178.32945380550584,174.66764657183214
bad_form,145.260558619942,112.21083684951782,178.13813883876784,174.62740353551695
bad_form,143.69814614887085,112.56418023356872,178.17834631929077,174.82873560476813
bad_form,138.2573610509797,114.6707910115289,178.08067629752574,174.70882895464496
bad_form,132.1446207701868,113.61398198522309,178.19134556465352,175.02764393465603
bad_form,123.26952817885163,106.76887289995238,178.75741803886285,175.00957093927
bad_form,115.89416144573218,102.3390458342194,178.8368744706242,175.1844629903291
bad_form,108.38513401328723,97.19435890687282,178.8739139679353,175.0841100721556
bad_form,103.76236348876984,90.71273057739364,179.03581282875209,175.02976813140174
bad_form,100.07332735362144,81.67732237295701,178.86192351509624,174.65244971800865
bad_form,96.06061576128724,77.83228230954734,178.35752589066576,174.3250015764268
bad_form,93.20631171801796,76.35657733001312,177.8305390607301,173.86076067153127
bad_form,90.83321330989378,78.36216771365588,177.36725766874184,173.42530150014696
bad_form,87.16805256315985,93.07305075987182,176.6411839260177,172.8914627614932
bad_form,82.01798314893983,121.54928851921792,175.37113139527352,171.93873207295573
bad_form,75.70657868560318,108.56978617927115,176.1831041323181,171.83431941540698
bad_form,72.81263472449706,98.18186978747991,175.57099728520106,171.93975011222466
bad_form,71.20507879796361,90.63664994817645,175.4314559744506,171.75275984735705
bad_form,69.59317752054159,77.57154817704372,175.41959270342915,171.36914548531078
bad_form,67.00709222531043,66.64237125047418,175.79993703505127,171.15428376216897
bad_form,63.29113689875385,46.966890302435786,174.9098956840647,170.856544870913
bad_form,60.77105121046753,48.313095750594,174.72593462613807,170.95757871377828
bad_form,59.38015319362677,48.17400686216639,174.24579974012804,170.73209307676532
bad_form,58.43774026682857,42.61951508655825,174.37513310646912,170.4703484348768
bad_form,56.65430243947401,43.193713261673786,175.01138946923174,171.00938798731033
bad_form,57.497785351239315,46.98025958866035,174.7919697361741,170.97930823042006
bad_form,59.75477966311435,46.51252138135751,175.30661550505457,171.23996586165325
bad_form,58.907952641757106,47.229478140177996,176.52461084421688,172.04354849011057
bad_form,62.22664717594246,47.37263546719154,176.45836463117843,172.5740044849966
bad_form,64.21952999754326,53.24320448804038,176.86501639481958,172.9254061834936
bad_form,64.75258354974632,55.115334469572055,177.1630308811034,173.06070786370432
bad_form,67.3115696006775,57.14658155140041,176.98264502633018,173.43950163067717
bad_form,69.12162386910065,59.40743926071116,177.00546274640453,173.51082796887397
bad_form,69.55184175369268,60.00913583338906,177.03870298392295,173.42228128949657
bad_form,70.78655520699247,60.20962778546334,176.68691088526495,172.9901450228044
bad_form,69.78683905536171,61.68771909476234,176.63159703460596,172.78691870870608
bad_form,72.36063888343672,62.54683835692679,176.74254750749708,172.87636250326892
bad_form,74.20807014612319,63.87833947587498,176.6929709186818,172.88466165515402
bad_form,75.45896621774614,68.41310275977163,176.5748766636566,172.78601868295638
bad_form,70.55743248251969,73.9280858565864,176.65797168599218,172.33435350058247
bad_form,71.26075521625796,67.55161361807336,176.34180427542756,171.74433269957223
bad_form,73.37261996103017,64.73438134857082,175.5503367158851,171.46879710892225
bad_form,74.62965206528959,63.310017431463315,175.4666159646789,171.90255007226256
bad_form,75.85779473823257,60.6136268008824,175.83218234629058,172.62252689577036
bad_form,76.71797212163517,59.93272828943734,175.39881280190474,172.89112874809663
bad_form,77.46664510387359,56.158187452891575,175.5785314444893,172.8934961799004
bad_form,78.38016293208392,55.90316358726925,175.88809753459955,173.0936275434194
bad_form,77.47678927434868,60.866638272906165,176.57415742819347,173.83230873257676
bad_form,80.8692311138559,74.47127106341003,176.61679019862848,173.55028901991273
bad_form,83.70231977558882,90.62317414932511,177.29630245715745,174.9275937769859
bad_form,92.37781638789005,102.96823512462936,178.06352870848852,175.5219165521055
bad_form,100.97308030255766,103.85109524136982,177.96644088048637,176.73827456775427
bad_form,106.2163876977234,93.82719841791362,178.89808420861164,176.94515336912474
bad_form,111.6995181072393,96.35373236065107,178.94468303830376,177.11163433786015
bad_form,119.17691658184339,106.96326229014346,178.83944883568478,177.12720580403132
bad_form,126.08853673666741,111.14441458121038,179.18702869686703,176.4596548204567
bad_form,131.68814707073042,113.30820859304902,179.0423228347822,176.50049839773908
bad_form,139.45496945665857,116.20219686621354,179.10569782343924,175.8559355030411
bad_form,147.81190113277813,117.5237961583266,179.11655466965664,176.72606047070266
bad_form,163.91284284977246,133.2601097421759,156.73457890159577,48.914881476184505
bad_form,160.79348672172017,133.836189201906,156.99095806920934,46.936241485134154
bad_form,159.8574853100731,135.89864317430448,157.7279090052117,45.89390431444545
bad_form,156.30867950747944,133.54738306150423,157.67278930061576,64.3363251366473
bad_form,154.38974511489832,130.54883821287845,158.1040607281515,146.03467332619644
bad_form,151.54903334864682,128.2584984031905,158.01382350776709,163.50867764898445
bad_form,150.3757655474887,127.03100401787577,158.36701606716184,159.68948177129366
bad_form,147.66553199741963,126.31991550127506,158.1188752285504,165.62544092197888
bad_form,142.55528588374534,125.82554644240105,159.302679888042,166.4122265273094
bad_form,139.28111124025108,124.04346298130014,160.5914482116722,166.49753262337603
bad_form,132.7373631669298,121.46615013953058,161.20670032628684,166.76719076496454
bad_form,128.62348494062414,117.67723915794247,161.3248915689201,166.18540845373903
bad_form,120.3466930553208,111.65617796875227,161.96855862209077,166.33694305209178
bad_form,115.64866588099474,107.79156987605296,163.44116435660854,166.38924258131934
bad_form,109.80727377187262,102.60604770386624,164.5074151483795,166.60656454509646
bad_form,103.1144581338246,96.24016115175414,164.71470112605022,166.68030003594126
bad_form,95.86535113574053,88.5818078646098,164.50170822490514,167.28919907575343
bad_form,89.75698930642108,82.7147574974041,164.32880848930876,166.93809563234225
bad_form,82.95623153223829,71.46266536626945,164.19542586479795,166.85022005983052
bad_form,80.87272337508097,67.0377668720476,164.6985121396737,165.85534658090796
bad_form,77.29306970091272,60.80657884475164,164.38001167698928,164.97943257489112
bad_form,73.30291897365043,60.37323258988363,164.39220694146925,164.47414753536924
bad_form,68.55473463451676,64.47685277615045,164.56760045927246,164.43023252086962
bad_form,65.68459134226947,72.50867246707526,164.71990136168696,164.63048143422617
bad_form,63.96142278933752,78.32089338234147,164.74788053215508,164.99023897292403
bad_form,61.33992647075098,82.54337169079542,165.2590834057634,165.57780510588583
bad_form,60.147548063229124,84.9777159363889,164.64933825040794,165.50054463704842
bad_form,58.10947426067787,88.10174355758608,164.81696416360683,165.3785549236374
bad_form,55.92424459923103,89.65862224492855,164.93792691618268,166.28867088471014
bad_form,54.191390109015174,82.38013342167557,164.87888453091122,166.02000510669012
bad_form,51.582736593936374,78.1805735560161,165.0866003605631,166.07326547837525
bad_form,52.09559375877234,78.47187248757888,165.42694581840743,166.22564116714014
bad_form,50.69687057127277,79.79146361116489,165.52341064650847,167.1339121104062
bad_form,50.23117217788911,80.57578620828656,165.7056588326571,166.57677024255088
bad_form,50.517096818932885,83.56918149271502,166.08749596991694,166.9483164401977
bad_form,50.7599667813426,86.6541874825129,165.79006608893732,166.50752114630464
bad_form,51.43983882682858,91.01295084216133,166.42865831299653,166.40435522064823
bad_form,51.45803538311441,124.85179080756632,166.5034958166587,166.52844194065548
bad_form,54.9667632811188,122.27756522899378,166.99344422575842,166.38755225215573
bad_form,60.012129131251356,129.37714708301198,166.2457304930423,165.30482269357694
bad_form,63.35636148725615,96.39734427444017,165.50125605424827,164.5957215067612
bad_form,67.38669154642764,90.33262522650614,164.9635052256251,165.19464431355237
bad_form,73.04896453763746,77.07395621680865,164.8354294186434,164.96624203120714
bad_form,78.76178132457329,70.17196366934309,164.24376969272072,164.45036975834108
bad_form,82.10310398579946,70.2078241412251,162.82116346200496,163.72662934426765
bad_form,85.81875250604924,74.34394846034718,161.49975808642145,163.51886913384593
bad_form,91.79736324100645,83.21890179248572,160.7612675048922,163.23872310103212
bad_form,96.76601041891354,102.31366026781535,159.628392007641,162.80044630910086
bad_form,105.2756952163825,114.9625978534093,157.92411313601664,162.08668711283227
bad_form,115.44702099499884,127.96068404893668,155.77465390184733,162.14675319059864
bad_form,126.07255899284618,142.14033380178262,154.83601745871886,161.10524764419333
bad_form,130.6222719120084,150.0447118235581,153.86101130820518,157.86855400376447
bad_form,134.9778639318568,148.50508404951782,153.30957190907094,158.96005424308487
bad_form,138.84286390569187,146.51859568207283,152.06351337920543,158.3768084874136
bad_form,146.00078861767494,140.26889291182795,150.5598034984733,156.8769967136022
bad_form,151.49911194889148,137.93843084793565,150.3786256698941,157.73779319334108
bad_form,153.57617485401053,135.43036826509908,149.41678886632437,130.70325261816132
bad_form,153.1548289361062,134.2427920700331,148.67396357232695,140.01624601224577
bad_form,153.07106240638703,134.37648765593778,147.89675801962758,91.09831740385255
bad_form,155.27710105346333,136.00376600969426,146.7627914238789,126.6918870478109
bad_form,156.06095082704954,136.09711870324077,146.13273022960004,141.32387328521793
bad_form,157.94698157639593,136.5682594297893,145.5208692948357,144.44599082232273
bad_form,160.42610566044178,137.77495052216977,145.199147792883,150.77089783135455
bad_form,161.34397756367147,138.27086492754253,144.83719545882198,150.36659101183946
bad_form,162.6796038436579,138.00444087219762,144.36125271501436,133.20103981774594
bad_form,162.7771866874867,137.80765377860166,144.49478449886288,136.69516039495943
bad_form,163.25707312347575,136.2202840164805,144.44686991718194,148.48068494062665
bad_form,162.48421241090446,135.96929742854874,144.2032000971756,153.89655785334855
bad_form,162.66928047939987,136.0361353920309,144.08368883680905,154.30679908131896
bad_form,163.34475185826366,136.64857846368554,144.01237214462722,154.1639496854298
bad_form,163.12543215803294,139.48917256449744,143.87080629802006,155.1272040967085
bad_form,162.78118170140678,140.31548470252326,143.86261734989608,155.36045209892683
bad_form,161.01571391629759,140.65974470597908,144.01880322127866,155.41799809720436
bad_form,160.0901886077403,140.10967581079296,144.22308764143335,155.8970253561151
bad_form,155.0139374568344,139.16295853025255,144.57920548305773,156.77206097934157
bad_form,148.1379508683628,135.022802478234,145.3473371749298,156.91151696765428
bad_form,141.4302416890315,129.9592000470977,146.12670534109174,158.55353258766166
bad_form,135.51574016756325,125.18185363388761,148.01327038672028,158.93597533172678
bad_form,128.07613410192457,117.7644500968812,148.84792435282566,159.18002465806043
bad_form,121.81839691631762,108.70816594067881,150.24572959667583,158.65733540562798
bad_form,112.89745592319665,101.24271908196664,152.17488396350657,159.30027897669572
bad_form,104.12215954106247,92.61810719687747,155.35140561141142,159.82894446013282
bad_form,94.77057081725223,86.66482938191132,156.16829116948432,161.01182785294765
bad_form,87.52226065295724,85.31411709186494,158.1674722025729,162.41109547097213
bad_form,82.55737573148122,81.55372007198082,159.41704070486384,162.68986348779555
bad_form,80.76795376964566,76.13183317882738,162.18896925677927,163.57170130679407
bad_form,75.87132665856387,65.72536145349574,164.21185131183725,163.40764583261415
bad_form,72.34650346264851,63.880836044112584,164.71087884407123,164.5959407699523
bad_form,69.20969851486109,67.40471457507704,166.38531947026988,165.83829476734994
bad_form,67.15810167579275,97.43949277834804,167.03766568072675,166.72922303227475
bad_form,64.61442730255862,101.663614769111,167.06733170765324,167.09430543145353
bad_form,60.48615726699359,95.53736836380176,168.5366200176564,168.0338623283087
bad_form,63.25551205877474,94.86758091233611,169.63488099218446,169.18208933098617
bad_form,57.80818621440187,84.11401044904301,170.1339906031148,170.58743588318842
bad_form,54.58313373631489,70.75635274768257,170.9857735431232,172.1376715617661
bad_form,56.443193601108874,65.02937100250858,170.7052571463397,173.22219207346086
bad_form,54.440659427208686,61.80223451278539,170.633912123428,172.607894141815
bad_form,53.577123961253164,48.091635397716296,170.46235518791687,172.325278837423
bad_form,51.75328095653266,43.85256954027645,169.8564748422074,173.24550948723072
bad_form,51.35445609970525,40.403702935875025,169.26767534882862,174.58285399626513
bad_form,48.72039786947092,40.89637584774445,169.7734278819921,173.57711644526017
bad_form,49.769822029033264,47.51577316020673,169.82685652024048,173.36016316137935
bad_form,50.03446574209755,55.018715355369366,170.79876153594407,173.08845628039538
bad_form,53.01283898651826,66.42542376818987,171.0301042964424,173.34826084423094
bad_form,60.09803012873152,72.53541702388785,170.97244774009158,173.80906937329274
bad_form,65.33752524745347,104.66333784001358,172.11490474648323,172.93297588252057
bad_form,69.73273504558756,110.50113219889994,171.12402745922125,170.92883200381186
bad_form,75.17827515121127,115.87037764594567,170.10179434847117,168.7167585497378
bad_form,76.34855018918256,140.6149224818772,169.56810806897815,167.69639871686658
bad_form,78.83219039379611,136.14631674088253,168.56255381659918,167.4353594367676
bad_form,82.15508846221547,107.60699871685998,168.65027279083853,167.26724795397863
bad_form,84.53951284888217,95.4357352789097,167.5726389245578,166.86750038460403
bad_form,87.11441389031751,98.33942953213392,167.21582726412436,167.27093524680586
bad_form,95.48930779380578,102.13321143733697,167.8588772014343,167.67144207670836
bad_form,101.7720196112295,104.33907589838404,167.10788454795036,168.23432688379899
bad_form,110.73904382107494,107.71241547084821,167.75692202808332,168.77034518391181
bad_form,116.03122749476955,111.64400305051947,167.58865123129002,168.56837511813924
bad_form,121.79079690605136,114.59494566303891,166.85854418325442,168.3094075912712
bad_form,125.48753532673791,115.67817096106461,166.75227044993133,168.85076584790392
bad_form,129.92836619628594,116.76297564275612,167.32276499051636,168.80802453516287
bad_form,134.21175523184016,120.33001438658385,166.55563712591322,169.14057206104863
bad_form,140.85853957628066,123.6270462256729,166.18518224437375,169.35618011171013
bad_form,146.6808830678884,126.74580982496354,165.59716262910652,168.37874819252562
bad_form,147.6653722469591,128.770079692752,164.37866355513862,167.92469253681463
bad_form,148.55848979358274,128.14709227368502,164.55775460526485,168.82732075607998
bad_form,147.28122503561178,128.92876631740194,164.3554086698191,169.4575770380827
bad_form,146.45163114343805,128.3648760464638,164.77965245259793,169.89784098124377
bad_form,146.15808367067424,129.7885796203925,164.94880240498088,169.88830091517065
bad_form,146.81117101209654,128.9142457685413,164.94144652111896,169.92184793846727
bad_form,146.58771253327032,127.08769323878383,165.25422473172796,170.1473116541477
bad_form,146.47037015211092,126.9063479964731,165.28170419866777,170.16101656932562
bad_form,146.0188471125391,126.8331050836409,165.32042609563592,170.31917745651063
bad_form,145.684410224351,128.05965210715144,165.36906802301397,170.35956256172815
bad_form,145.54324465147957,129.70295387696748,165.41119998352804,170.39032679100518
bad_form,145.34849740311975,129.94267500421293,165.24650639433244,170.33755246832163
bad_form,144.98578895785408,128.52047940863216,165.23700345623337,170.36583837349593
bad_form,144.83042192852542,126.40521394873934,165.21629021990051,170.19840011723127
bad_form,144.58288316518835,121.33469280618601,165.1673819524333,170.06373846304848
bad_form,144.38730453335634,121.42106916166404,165.18635930093663,169.8984804545748
bad_form,144.1393896311733,119.35501532866866,165.22011577355866,169.7921203488148
bad_form,143.89889728450368,119.04974846076234,165.17835294566143,169.97848961618985
bad_form,143.3646738466857,118.91652358115797,165.1995320440687,170.07335606422023
bad_form,142.44371546674043,118.69052460826117,165.12801449095647,170.1259245918781
bad_form,142.20819878359515,118.27287759400787,165.05037417720683,170.04861465364147
bad_form,142.1826615541026,118.19720406803663,164.94000431751903,169.60328712526743
bad_form,142.27069002704243,118.27707672836567,164.82425933207077,169.34937250039297
bad_form,142.28985229401323,116.08540177440324,164.6837861874629,169.25264532418632
bad_form,141.9954610149205,117.00553176465087,164.53530488600418,169.06309938365507
bad_form,139.26683792477365,116.29253091944952,164.51524806759087,169.14505613021294
bad_form,137.58875964135245,114.60150422548816,164.25126184170867,168.62082531869146
bad_form,132.2450642664928,114.6071571720448,164.42833737936624,168.7226916973642
bad_form,123.74390550749041,112.73013201017841,165.9715555565108,169.34302914087127
bad_form,117.94167409521663,110.12620859774955,166.57904175977194,169.7579854246861
bad_form,112.75463070163329,104.9101810442832,166.91571990034353,170.4303815532285
bad_form,107.04592313092618,100.4436019839236,168.10847009173088,170.73910761922897
bad_form,97.80433358767971,96.76223483274384,169.07079427362413,169.97827717694224
bad_form,90.5364332021881,87.97383489082358,169.37969641311972,170.706507634625
bad_form,84.32629384834053,83.09769301025545,169.99539058273083,170.95094215832032
bad_form,77.43683594299864,79.18663945108688,170.20775793014113,171.7504470623658
bad_form,74.41603698320046,71.54344307622858,170.60162719244803,171.58509365552044
bad_form,69.83017782508324,73.13615359526727,170.54384442010576,171.01753155779042
bad_form,68.85122640095796,74.58702406786085,170.85034603417395,171.908507786774
bad_form,68.6808656855838,90.08266646462783,170.79100265745592,170.59718298018035
bad_form,65.33593964859227,90.880282747531,170.41246271306886,169.76447872903225
bad_form,63.14197253025185,88.88163796681704,169.9174117785807,169.0690702143112
bad_form,60.06475977314966,86.85065702114292,169.29872005335096,168.83140989677423
bad_form,56.653525848451125,80.98282095636654,168.01507934631962,168.05189522312887
bad_form,56.40175978847401,78.48799054286718,167.96864604094313,167.44454868713484
bad_form,54.18754851234178,77.24134813820547,167.32908574454856,166.8132363658397
bad_form,53.59999720793587,78.4660703813733,167.0193747532316,166.8985097468075
bad_form,53.07386109762979,78.36716255221228,166.68555900785478,167.10018734235663
bad_form,52.7983780143324,77.8204828536987,165.73365070043275,166.49214966228698
bad_form,53.09109975031572,78.81712181241795,165.81972537057308,166.29593938514003
bad_form,50.38922069238174,77.21327135406386,164.89885210823076,166.37451835749664
bad_form,47.156063460366454,71.48848216529575,164.19697236078716,166.7904195630679
bad_form,44.79322790487828,72.58790549069204,163.86916424029212,167.53412984530286
bad_form,41.52933125546514,72.36396890943536,163.633218760433,168.8808346464918
bad_form,40.684315206127565,76.40624335497876,163.36041383175333,169.40437439130037
bad_form,39.01317950939159,78.94824657495826,164.23583369965397,169.4410336782781
bad_form,39.50107408091969,79.30154588804999,164.48160605795812,169.39569043657295
bad_form,41.22689847940791,77.01969867748642,164.90393388100438,168.7094682874361
bad_form,45.458717966339464,79.52359892364882,165.49375689898466,168.2244706788715
bad_form,47.630950475149405,79.47538770010323,165.5442806933985,167.45273130936377
bad_form,52.392263682800035,81.72753410361781,165.16294882931098,166.13902842775238
bad_form,56.58425708081353,89.3282498336257,165.08006081209365,165.34220781262212
bad_form,61.929262300859875,92.95933665998285,164.35738654215942,164.13476537471385
bad_form,65.55971031243206,71.7326426291612,163.35307040936453,164.38542874718414
bad_form,70.00030873681862,72.19599141498372,162.47059867065772,164.4516029414287
bad_form,74.19223967879833,80.07209500966655,162.17192674477928,164.38912144459107
bad_form,78.59648714952539,85.84926724535768,162.11980074557667,164.61415913310478
bad_form,86.78681064935324,88.28517798267018,162.0399993045551,164.95908320424067
bad_form,92.03832041154095,88.9635474525108,161.5802191698301,165.34196692479858
bad_form,102.21234477695606,94.47012581759827,161.51580718549877,164.51377086046443
bad_form,110.71124084384371,98.46203775244726,160.6524235835158,163.80627681727458
bad_form,119.10419030829058,120.6802485176091,159.818354580915,164.0954631244655
bad_form,127.62320071439598,142.71069353405426,158.3839665617242,163.38573379069143
bad_form,139.6626785758866,159.98193696037168,158.135801113679,163.02110996780632
bad_form,146.08457985648664,152.694976768926,157.10724105948495,162.71519562922762
bad_form,155.9073421823546,145.95244421620964,156.80054474190996,162.71682968459737
bad_form,157.66917765699534,144.48926039906846,155.73995509775864,162.48773574917
bad_form,157.0715087619472,141.73022010331846,156.0377331989853,161.72727058703646
bad_form,158.85138826742494,141.51840303960472,155.77191708503972,162.07378459249242
bad_form,157.3432383585006,139.52259852311207,155.43719121869944,162.07473424242542
bad_form,155.69321672912307,138.77094723277997,154.8960082706882,161.56981534981725
bad_form,156.39351198042743,137.77269772448548,155.24870630296405,161.75506621107422
bad_form,156.27701517290976,137.9476170167622,155.62613390237863,161.31870668307107
bad_form,155.82209762770339,137.25281412691524,155.4582197537723,161.3425370812633
bad_form,155.04207248599053,136.2986467626093,155.39935373668627,161.47674171879703
bad_form,154.59247994177048,135.19611519612357,155.45356772571157,162.08980118643902
bad_form,154.1243831061036,134.6040926077605,155.54456723727597,162.55965484276365
bad_form,153.94892090117102,134.01670872272408,155.8643021582653,162.9410161567508
bad_form,153.55910356334135,134.13414521556223,156.2697804695805,163.9441903862153
bad_form,149.88807768476437,132.2807440318394,157.16681459243017,164.60673187306494
bad_form,148.19680389919174,131.4179164824661,158.0164283692421,165.57711836322707
bad_form,140.66905359232518,128.78375726549643,158.49364321309943,165.86640989340376
bad_form,132.61720770008432,125.12973797987777,159.2367282012076,165.55879759312947
bad_form,125.83838335134072,120.3003933577817,160.11938051069302,165.36375170641307
bad_form,118.86836657603754,115.57695585537633,161.87330848147053,165.99668619351513
bad_form,105.48122002162967,104.7450677759432,163.1245830000794,166.40208090463602
bad_form,100.42571158979581,97.62603192444334,164.25116068098413,166.50255609978214
bad_form,91.44994024286433,85.31891817990481,164.03610859397702,166.36003176482436
bad_form,83.46864702891935,76.69139721842976,164.50863213473195,165.7173755851162
bad_form,76.78355602732154,71.69629496834506,164.90222030491387,165.047176552128
bad_form,74.09719898535684,69.91330695092483,164.91371377785336,166.07883788100037
bad_form,68.81377960281861,60.295181858355875,164.73416377903834,165.5742141886021
bad_form,64.08783277701878,57.91860881264358,165.25071299539894,165.71971805914788
bad_form,60.73506006176484,71.15181598371578,165.2475724345322,166.00515307670668
bad_form,59.51515562233476,79.3278048138601,165.63968681135984,166.91288380227675
bad_form,61.395611137933315,91.86770022680673,167.1465700354782,167.53749875226603
bad_form,61.638414452732604,94.89535413804936,167.64918437179054,167.8087297545478
bad_form,60.83118054426518,89.31574060125627,168.0831976190498,168.24157063305213
bad_form,60.973662297497526,87.76549881684116,168.12414481089684,167.58650245604068
bad_form,60.995465184037755,88.11474644084967,167.64906122861288,167.91032180241308
bad_form,61.17974246229687,95.25228985758804,167.85700437194785,168.17073496789382
bad_form,62.046171527172646,96.03475774105613,167.91832714363113,168.40625081882655
bad_form,62.69047366255006,94.43607901449082,167.27237210681636,167.57917337447256
bad_form,65.57901141064042,95.4724411465869,167.0149165686814,167.0938958094015
bad_form,69.36805095361478,82.38264699634652,167.73841080903833,168.09619277286342
bad_form,73.9148987233205,81.29747299703712,168.0036851489486,168.2618176720671
bad_form,76.73550846279068,84.1272035708975,167.69811999761487,168.91321974995782
bad_form,80.38531792514146,89.00101703169565,167.55678344262506,168.94271733044053
bad_form,86.46501700750952,93.47504490645503,167.60573771869852,169.31576441913575
bad_form,98.8325024276819,98.94043492373879,167.73650443645178,168.482911590111
bad_form,105.93329409828908,107.27952250361676,166.90657206807148,167.47998655183153
bad_form,111.90609413325495,109.33910075301887,166.43347503548455,166.65428571865908
bad_form,119.9504118197849,113.16196076918331,165.2962784605209,166.40330590766533
bad_form,125.99105223273753,121.29956210769305,164.5992116838212,166.28096173292187
bad_form,132.81143591049928,123.56806293454866,164.14563388753334,166.38193077375635
bad_form,139.94449117089255,127.93419161054388,164.53887255001752,166.97757783598328
bad_form,146.9981873287704,130.92807809189793,163.95640916330152,165.6833000724079
bad_form,151.43943138206652,135.79659715922097,164.04890786163446,166.12229334488754
bad_form,154.59118659592545,138.60011020218235,163.95044881180752,165.58166273154706
bad_form,153.58197361279636,133.00107237553337,163.11768656437297,165.99813883380855
bad_form,153.099427675042,132.97488471660265,163.32300569892095,166.52436315730012
bad_form,152.97714772975277,132.20841461794723,162.8453750140456,166.86884452639822
bad_form,154.4408225815907,132.63470788040453,163.07895503036735,167.1304146872251
bad_form,154.35086224874343,126.70182782547647,163.3380186186217,167.38290516730223
bad_form,154.1388726177762,125.83160909702642,162.6522656162904,167.37283424605783
bad_form,154.48383695677202,126.80426186249579,161.96555333352873,166.34943359721376
bad_form,154.30007173115678,126.86074386406034,161.6017777018175,166.14341335372018
bad_form,154.779128839077,130.58773579184367,161.34367148270553,165.63300045565413
bad_form,156.84058434279726,131.86603448556377,161.28926987375303,165.6222876303943
bad_form,157.8695539566776,133.72716134779103,161.24638564885674,165.8177311123321
bad_form,157.25614181751376,134.63955293887895,161.54341841232673,166.01296825826424
bad_form,155.77553175141347,135.87768439278554,161.64510523013035,166.09396898855786
bad_form,155.72958113061927,136.38890348466637,161.4396153949256,165.5268072143356
