class,left_elbow_angle,right_elbow_angle,left_back_angle,right_back_angle
good_form,82.74450229700658,60.35361149747991,175.38471738674394,168.35724439323167
good_form,83.30227285204886,62.678480632591096,176.02565802618216,168.14137412059586
good_form,88.43257939383665,69.27994895705969,176.79428524297,167.5202669528074
good_form,93.8518566872396,75.22743994533324,176.89994353285934,166.3573734175023
good_form,104.21909218041054,79.3179782217349,177.25802863653655,165.46289636180677
good_form,108.47888607682631,88.69275396243545,177.43082123198315,165.26754656327736
good_form,114.79666982679518,102.7006234528258,178.39774503828824,164.6911554629168
good_form,112.59673281706753,108.61885720443294,179.009387454834,164.8991431847938
good_form,119.40190693694115,110.96908381531918,179.7581542063417,164.81358620024966
good_form,123.82835241484452,121.18254932178502,179.48289956267928,165.32871112168806
good_form,125.23393051705122,120.74571105717573,179.1519995185216,165.49152626328842
good_form,128.49823903274202,121.9010850108666,179.23936949413275,166.04684899438774
good_form,129.22466636334585,126.8225176880952,179.26548001471267,166.34485338022435
good_form,135.57464183557175,126.06115680112909,178.90911421562117,166.80108068104818
good_form,127.9183211457765,124.31961577395464,177.9065023609418,167.61598356654895
good_form,131.93212820192312,122.8299600757892,176.739895982311,168.44849584495594
good_form,131.71742052757924,122.86360288597086,175.5437949487638,169.4331911842649
good_form,132.7303996544806,123.9318457758135,174.8533793649476,169.78278047209983
good_form,133.18756788946257,125.10337883985923,174.91079415799845,169.66617544441704
good_form,130.15139748794726,124.96000760453113,173.7065156130105,169.7996960906437
good_form,127.29213778246816,124.73921950688116,173.21104539604426,170.14076145736144
good_form,126.80976944803112,124.15590133676015,173.01044879859577,170.08103539508514
good_form,125.63290761023606,124.79352187064192,173.105965063716,169.95784920378378
good_form,126.09903870693452,124.06026076707505,173.42827859948113,170.07446258127032
good_form,126.30525674271144,123.81451201533538,173.5119233925656,170.07380816163888
good_form,127.02459827036674,123.40534108832743,173.42127633080278,170.186437471122
good_form,129.6334182031054,122.29865774747928,173.22377119691663,170.00943611976246
good_form,132.62129588930043,120.68267716195467,172.58541605112254,169.72133803473514
good_form,128.56326502465026,116.15810895813391,172.36891558423787,169.17203953624212
good_form,121.488375394196,112.1032558414047,172.49812047319506,168.70086138366133
good_form,118.6989015662734,110.33530458059528,172.59675256875425,168.44943846414333
good_form,122.96479674599667,109.31933450228482,172.6211681318113,168.12904998815702
good_form,117.15741157369484,107.48187875442882,172.45412537222822,168.30978416164723
good_form,112.73218531788257,96.29748280125821,173.6890012153946,168.12187758492587
good_form,108.0559339345275,91.92248547268964,174.53056496062533,167.6470501350355
good_form,105.00292168508886,86.82335264518362,175.34804845826523,167.63302424880897
good_form,103.38819202246714,81.04198904736467,174.85169372194497,167.32988611824513
good_form,101.86610325302456,73.54674998192296,175.33227249034067,166.7679065417941
good_form,104.63195819840286,68.54373173723914,176.04000985147098,166.6259072622166
good_form,92.10199370855867,64.50606704944286,176.13945952248113,166.47911132813556
good_form,92.50089916013127,59.91994168158928,176.7100674291212,166.4961009273069
good_form,88.69798249019257,56.88447854780292,176.67649342617597,166.49977908175433
good_form,87.45423440011699,55.81235284654341,176.25246422220664,166.62555664228742
good_form,88.42169939522175,54.43985584809919,176.2107207279087,167.29648244811068
good_form,85.40960611058411,52.54233376385874,176.05022311377616,167.12383142150185
good_form,83.90575275344682,51.06545763880444,175.289251335198,167.75649309192252
good_form,82.2146365868214,49.702282343044345,174.91548680772158,168.04209799765061
good_form,77.51203833854866,47.48554643997705,174.00961477628084,168.14459540973698
good_form,77.90181481151616,47.66572248041558,173.63889468160343,168.4238669355284
good_form,78.13529451978661,46.52216184805958,173.50986685648016,168.86488236368228
good_form,75.24593642614565,46.00009205781438,173.51658739497935,168.94678114182892
good_form,73.1947565373911,45.35896970009685,173.6557570552727,168.13917757470634
good_form,66.7964950881502,43.891645395631826,173.73553118048167,166.83736525425155
good_form,65.10496767595765,43.29402273268912,174.42146961732493,165.6376017320687
good_form,67.03959980373025,42.784933660281204,175.09389469737755,165.30494503570904
good_form,65.79250594170792,40.61776954184689,175.93819232117224,164.8665451383101
good_form,63.618102494963004,39.02152937935903,176.09405514560274,164.71139433418367
good_form,63.03620879342955,37.332275730480134,176.27485122107348,164.30248457478686
good_form,62.90644025253862,36.49152870460578,176.6148863030097,163.8728968614428
good_form,61.82090614554795,35.614059411471544,176.7707100292273,163.6099485636244
good_form,60.90108757255908,35.985684568375675,176.29209671320407,163.69439859483313
good_form,59.8692103651683,36.00903807890235,176.16958102458906,163.4775752878693
good_form,59.803587119824684,35.89047159922055,176.28178697770883,163.43777567612062
good_form,59.457183425517314,35.887993959080525,176.0430901077301,163.82748034673756
good_form,59.28972956669648,35.91291679092568,176.05455995435716,164.02540885204823
good_form,61.41021849428523,34.913234052481506,176.49475440454145,164.24899781227208
good_form,60.98568398007705,34.83081329364579,176.47092673176135,164.36522629916053
good_form,60.5197676955743,35.00950369675694,176.49985448440773,164.37900431432345
good_form,61.35855364203695,36.332092648105395,176.48001186165993,164.73615108717993
good_form,65.08865180479467,36.79470697109763,176.6119013671283,164.94085639066515
good_form,66.13648718131599,36.97244645058726,176.6703141985243,164.99391451401746
good_form,67.15568478960722,37.33897696973932,176.63518156980308,165.069744632205
good_form,66.8458975120746,40.279086433124256,176.3269258288975,165.67899705975236
good_form,68.56336799143199,41.08215143403759,175.9604581186167,166.104006475968
good_form,69.18986637172954,42.57916056932578,175.95439051280124,167.00874483723197
good_form,70.18308141225525,42.719791218333405,175.8067387322695,167.22470978507127
good_form,74.32307165807258,45.50197698700228,175.81271954118932,167.84024282411218
good_form,76.23473008369031,48.75597285831682,175.671218018659,167.9853726346864
good_form,78.32339481375054,51.40105199677027,175.84110783304786,167.7595696198293
good_form,81.04076666557464,53.21397423808822,175.90334669096455,167.3756199345869
good_form,84.27183738293556,54.59987165604464,175.74943985450625,167.5772659901971
good_form,89.05439590346329,56.60924634856392,176.03625576026647,167.8288166251406
good_form,89.62051091019687,58.7391669249163,175.90661302681946,167.9277536764136
good_form,92.92787265637968,60.89757200011519,175.7862399816968,167.89776205083814
good_form,95.22432083826476,63.37835596018695,176.11101239193653,167.8479748581167
good_form,93.59138907224929,66.5294709934619,176.03832517592153,167.28747795890985
good_form,92.69536197766166,67.97936825492597,176.11189806149198,167.04711101144872
good_form,93.49752509988639,69.47970090333936,176.26430230032759,165.37071849820492
good_form,91.69108613996463,71.27352149209212,176.6050531358796,164.5628310286183
good_form,94.21513933951331,74.86889248467912,176.59047548763175,164.21891347490345
good_form,97.41799028061092,78.4307053168557,176.44916362604607,164.12068535137053
good_form,104.14069155868364,83.66141734995617,176.147501268428,164.3494941147566
good_form,108.98833956289945,88.40337006821336,176.67135513997036,163.7526462282914
good_form,113.64453375392827,94.87010009803522,176.8649550234931,163.70637375693642
good_form,114.46663894762182,98.87902618902787,177.15074598307422,163.3017689335206
good_form,115.00546938761994,108.6414524305482,177.0794775053339,163.2101141991685
good_form,114.44769346628777,116.6625648400406,177.93231328307084,162.44885149482673
good_form,116.8292819282623,117.64473578041319,178.00493992563042,162.28906643195617
good_form,120.84622733859564,123.98215438674089,177.3739919802418,162.75571791841622
good_form,126.39580672951149,129.4453624557956,175.9232038224503,163.06317166458305
good_form,127.9721626719556,131.46335519084838,174.75047353667645,164.41069104136847
good_form,127.34899804509641,134.42141573392664,173.49186341730734,164.93103280371244
good_form,129.80554250484101,134.7411627042164,173.49917460542733,166.02778760458588
good_form,129.41023667924537,135.7559642609183,173.03068611215653,167.10138823945132
good_form,127.86950704616245,134.38739560089394,172.96331729345616,167.34314995574533
good_form,127.33371664155305,132.59249036745584,173.24794227836333,167.4724911369899
good_form,126.90289977880266,132.16253002958854,174.17534573255182,167.52175387005985
good_form,126.77358578831908,132.3322668578652,175.20019125012612,167.74979990564879
good_form,131.2190243037491,130.63836172749987,174.79827905436272,168.3852236494179
good_form,131.72857121017844,132.68494075316258,175.39459312135224,168.40784909519297
good_form,127.9591437257726,132.25082317561865,175.50543555135974,168.10484383995703
good_form,129.05963978044485,133.96207157052072,175.57632859979003,167.65770898122486
good_form,129.0059368331398,132.6285837092884,175.45995696291433,167.80385496833446
good_form,127.7861873211194,131.60648593055592,174.97332987783722,168.73217479251207
good_form,127.45156711702077,129.96045361736432,174.68193219125916,168.99059325306825
good_form,123.42829715986079,129.21219677499676,174.40584115293353,169.74526713069415
good_form,121.8536044092589,128.34139052002715,173.97114795801815,170.08962568521582
good_form,122.33168388109829,128.21853716386894,173.86968936758373,170.28148089744576
good_form,122.64466279252329,128.24584020796823,173.85225860258174,170.66795757338494
good_form,122.48949780295021,128.28776465443934,173.820598075477,170.96095356380036
good_form,121.9661781962156,128.60812846364604,173.67548391068874,171.18071970554175
good_form,122.34249576482361,129.1367076490162,173.59060779072712,171.05659487339818
good_form,122.36628225272116,129.56500035984894,173.5790955267035,171.0431088385647
good_form,124.26964614136261,127.50462799769872,173.40298641783252,171.0793782788222
good_form,128.5678974347405,124.11322429471822,173.4394387020862,170.29844206097732
good_form,132.62753265491946,121.1445230916919,173.63163986694397,169.5798099394999
good_form,130.42275794716846,117.88420590941782,173.52638468538353,168.70942539091476
good_form,124.145433198431,115.61328977371218,173.5144035143209,167.4842084286772
good_form,119.6423026050177,112.95745567217796,173.235156262536,166.61770551271061
good_form,119.40265252814231,111.9182491494801,173.45030276143103,165.9726314708592
good_form,118.58695233916438,111.46389950420684,173.52920295696066,165.5838969551855
good_form,113.72875132636165,107.46115743392836,174.04609199331125,165.35150633120554
good_form,110.74528317306616,102.39459757069864,174.56194152203324,165.43057148582278
good_form,112.23070794427906,95.65274948302657,174.3267625114443,165.3970686858685
good_form,108.51404745957501,93.17941102448377,173.65021995439506,164.93187230221776
good_form,104.65545149909747,89.51668362231264,173.19639532928196,164.23204171919733
good_form,102.17871208841825,85.19657677263159,173.02994986824046,163.93567364461754
good_form,101.60448966924889,75.07448845744605,173.03396591419244,162.90239456744467
good_form,100.17522331318526,73.32576862448404,172.63179772021562,161.84145305010043
good_form,99.42162552602588,69.29539321902597,172.91258338545856,161.58872893744888
good_form,94.02823951352292,65.02918804958607,172.89245721136862,161.44490025472223
good_form,93.57692445366101,63.114500301797634,173.60072231949863,161.33739061753315
good_form,90.50510374422413,62.93851276373146,173.76680211375893,161.14374992589163
good_form,91.76192959852821,60.72717552184125,174.37381412667608,160.9171041522342
good_form,88.70837854267914,59.637943965126276,174.4580519119534,160.66344426067724
good_form,86.98221820428738,56.99956110991091,174.49135917621666,160.95775328189154
good_form,86.92378475789461,55.07797713766786,174.87096227823898,161.51099786616632
good_form,88.92704087455247,55.13297328299709,175.43379943421638,161.5597916819745
good_form,90.7096083337816,53.605967324034744,175.6840021796022,161.9385639136856
good_form,88.42566518602034,51.46412046650058,176.2567807704321,162.56111881327055
good_form,84.61793507364112,49.41239508680677,175.7499965095141,163.31497821519662
good_form,82.62272159332792,46.841742165705185,175.25000277306145,163.97209848471456
good_form,78.41110820765967,45.7246515968167,174.10667414462708,164.98595935459952
good_form,77.14333165680623,46.18360400826655,173.75095281370432,165.67039065966563
good_form,76.36639336895155,45.73180948502363,173.26901249611566,166.00658111266404
good_form,77.73415406932286,45.46255994632001,172.43055505155178,166.64254152960623
good_form,76.77185895973624,45.77121669132365,172.22341249722044,167.18267103352323
good_form,72.26960058490148,46.14704289916011,172.11972693646067,167.2517921378301
good_form,70.51149139147418,46.36871844772337,172.02576073349866,167.34278630510033
good_form,70.69044229535982,46.75706740755536,171.6912835228024,167.18820778242534
good_form,68.09155221810411,45.92449150733472,171.89227350438358,167.05242358139412
good_form,66.92712476527444,45.780554238883106,171.7413594838783,167.75803873359595
good_form,65.58995684942757,45.55373198894046,171.36997763185994,168.3226081300548
good_form,63.701863805581525,45.70587197132729,170.79995975659799,168.77779708482993
good_form,62.06049738829305,45.349211341315915,169.65880366798302,169.09023593458852
good_form,63.94572114629846,44.360380974630836,169.81120520367,168.94369685194897
good_form,67.28849005539244,43.37593391413438,170.71137122240393,168.88436982935465
good_form,69.94940472089384,42.62596998751925,171.83546428867726,168.26744492541783
good_form,66.79370052449697,42.01520621194687,172.669068343975,168.2135668844385
good_form,66.11613508320973,41.76632497435848,172.98027599961128,168.2389494663636
good_form,66.69737349445373,41.040324428663894,173.29291261086848,168.02291933696873
good_form,65.40308680992501,40.57498746549518,173.45762821181148,167.9180733777862
good_form,67.2788239670439,39.542895089939854,174.1151258056114,167.80177376500413
good_form,68.14905319469082,39.47432740885079,174.40977990288854,167.56465016067645
good_form,69.04335489069022,39.32371956242418,174.91496250301017,167.19341654642963
good_form,69.09789215956545,39.76426317152681,174.80875201963337,167.53661381622004
good_form,69.0244635202052,39.789987744358676,174.83738299289308,167.54540063922448
good_form,68.51349803166579,39.39970767335782,175.00566245008207,167.4881162434203
good_form,68.67994251674142,39.54533499336598,175.05945086140846,167.59823048921203
good_form,68.85998147166441,39.40189977710114,175.26616409027915,167.553435936916
good_form,71.33438117005718,41.32824989373821,175.3904588852951,167.0866926772726
good_form,71.94543741069569,43.355697292782125,174.81651483882908,167.10717196606763
good_form,72.12232912921154,45.68260421206958,173.8786289782565,167.37720103665265
good_form,72.85772169725843,48.705317720133344,172.71586045059627,168.17466082391036
good_form,70.92331632096001,48.85671815598767,172.13580073309768,168.41607261859028
good_form,72.48572864664015,49.679160062672786,172.19362250658622,167.80639938476764
good_form,74.35107396576971,50.47612095779148,171.9706473153487,167.56179072078226
good_form,76.90639701307329,52.696371597583415,171.79853517352547,167.59813762646968
good_form,80.06988550197315,55.94584570597973,171.93051104023777,167.69817906114292
good_form,81.48500661956014,56.72970795581246,172.41629555667254,167.8295150802067
good_form,82.01274442354638,59.80192432966436,172.41713656139083,167.726221280841
good_form,85.86102764006458,62.448570567936834,172.34947977909962,167.39223392508362
good_form,89.79856913801119,65.12679832352154,172.36083009428475,167.2824038686243
good_form,90.12679488212189,66.1442180558262,172.40382761834655,167.28889650557127
good_form,91.91033064061435,65.76413728345369,172.48068208051956,167.2291312646949
good_form,92.05025064622879,68.65873858736332,172.77948773955984,167.2130933829556
good_form,95.68286941484075,73.75266462148262,173.5271044208205,166.57938445557522
good_form,93.34806577215073,78.44893201066269,174.13433146929788,165.94702664338874
good_form,93.3713589547886,81.87219103188659,174.32312559539767,165.846569789055
good_form,95.25676078957338,85.53622876499414,174.15982283299186,165.7885234091828
good_form,95.87686391145411,97.12489222747206,174.2964346230984,165.95804617155466
good_form,97.90180905613533,103.8290459271067,175.23454236016468,165.90041624047936
good_form,98.52273299388895,109.9989958631555,175.6619130720552,166.0180826316409
good_form,106.67081386841414,118.41005315328309,175.72101322603706,166.14333841079662
good_form,112.00432990849964,124.95616512258555,175.7792331185395,166.77628501882472
good_form,115.81338082342808,126.58239956827805,175.38579238701547,167.80647736262665
good_form,114.90405412148317,129.3314170959865,176.20650665839636,167.46689489036427
good_form,116.2428389735667,131.98882626346793,176.17985501846476,167.68053595812805
good_form,123.42880681793287,133.3841904792761,176.00783929531102,167.52585061245566
good_form,125.50391098635484,133.36315625020748,175.50482535894315,167.83547860788025
good_form,130.8385174935074,131.41546330987424,175.38282871357163,167.8277301823608
good_form,134.2224782247388,131.3440464090278,175.18616879047775,168.64076941589312
good_form,127.1199932874469,129.88714880586048,174.87155195903702,168.764261274836
good_form,127.12676352502635,129.65989970571943,174.83615806719507,168.77447056011925
good_form,128.6052505324099,125.46002511330522,174.5818215588574,170.1796989522175
good_form,129.86004919026112,123.34071469841366,174.11370146356572,170.8928879360187
good_form,130.90552902611668,122.69665503224016,174.06665574162707,170.62635579321193
good_form,133.28342384582814,122.12116586890677,173.95903123621179,170.35654719939373
good_form,131.84925662035542,122.2910221321664,173.73115360221502,170.31722544893864
good_form,131.6947886133338,123.32362089774786,172.93700063919087,170.37403879964626
good_form,133.25447252641993,124.17007592214692,172.60376362240066,170.3811717432499
good_form,133.6372390099499,124.72179482791068,172.78755819826893,170.41620724699206
good_form,133.74810846596273,123.9572352429308,172.80014991538175,170.74694151112217
good_form,133.99291192682665,124.158492303922,172.93316904407519,171.08396403167745
good_form,133.4139836062754,123.80206919242,173.12880766830935,170.96899407318946
good_form,132.57871116448686,123.67593514224468,173.56487140849376,170.79301383012137
good_form,131.60103182735497,122.82399636039933,174.64635094738344,170.5447240868938
good_form,130.63771821808297,121.98754144396095,175.19442433868204,169.9461076761045
good_form,128.82240515492083,120.829095041925,175.70733514234237,169.67022975373155
good_form,128.03998849637517,119.41327261124134,175.7287151204896,169.53315763153637
good_form,127.2808044702077,116.03994258096104,175.79429167293267,168.92615841478863
good_form,126.42940088222949,113.14656349738428,176.5014058947371,168.60669919296515
good_form,126.60857993533031,108.72291476738175,176.56737520506186,168.6375967224199
good_form,121.9269387717905,105.8298921432337,176.6955054298603,167.9056406728483
good_form,114.3375900522754,102.52972220053401,177.4335989489939,167.36527143924417
good_form,109.61389329607019,100.06899907369386,176.29016504023804,167.28792361523296
good_form,107.91711801701791,91.17577130168986,176.26307764661632,167.86485642254445
good_form,100.50015091958437,86.65537475328436,176.59126109035014,167.43612107069112
good_form,102.99504296649258,83.3994826008266,177.1808012586992,166.88674471917145
good_form,100.54923739361362,79.9355130905619,178.1956334776586,166.09680408077742
good_form,101.72552243087091,76.53390569897861,178.32954450173634,165.8831443203009
good_form,93.88237934410233,73.99981405020588,178.46062273571638,165.1525374769951
good_form,91.43787704343521,71.10197636681828,178.47207729980914,164.9283198620277
good_form,92.67073461535443,63.52100482981783,178.28595549342737,164.89640402191395
good_form,92.50139416196168,60.21957429853238,177.82275343389463,165.15811225402578
good_form,94.95618824467687,60.399933191650405,177.16317609603084,165.5203478957014
good_form,93.91373849750165,59.853337618827354,177.42983886253504,165.50232059378544
good_form,92.96227319086242,57.71531770950853,177.34890782464464,165.57183253523775
good_form,93.95270768187437,60.574716072568044,177.6088533813148,166.1484695050165
good_form,88.61780811646337,59.01597354643925,177.76140167091555,165.91537014554547
good_form,87.69186359454318,57.82892510662149,177.85264022935917,165.58200179761704
good_form,87.21786108523183,56.17289099007684,177.92730424729172,165.48013362686308
good_form,83.80694728086587,53.927469317542915,177.9426318836666,165.61686323614498
good_form,83.09112112841746,52.76300037378635,178.03175028075643,165.80958040813854
good_form,81.31126213232177,52.40851026889895,177.77160617092645,166.00288029657577
good_form,77.47190451187961,51.48601518919225,177.94118696544123,166.37057942611193
good_form,77.82660897336112,52.019072825539645,178.5949767053075,166.09631306791928
good_form,78.31659786034848,50.980492364339945,179.3853604066194,165.7762101095977
good_form,75.68755814253875,49.8757538125183,179.91270544527555,165.20414360224927
good_form,74.00611451888939,48.88948025889207,179.81412391961726,165.3944624173216
good_form,74.84625955598666,48.444891233069995,179.67924165771734,165.15833216650165
good_form,71.74009404176795,48.44169404581144,179.49494106649618,165.27881101651136
good_form,71.73340271233526,48.514249981560475,179.5236893379275,165.39397200547893
good_form,70.87792315677049,49.1166962412916,179.4275175813818,165.50810951613303
good_form,72.51814719840011,49.009979736430076,178.67846857273994,165.2464186676081
good_form,69.4744118715341,47.65453637346431,178.7921492094369,164.88729327322943
good_form,69.17881494635468,46.87575068357183,178.8290138286899,164.374237575232
good_form,69.12210604524617,43.697521832373,178.77958796387526,164.32550581485336
good_form,69.30801767306737,41.54979788800514,178.94110250985082,164.10701774732493
good_form,68.95280924433908,39.953353257473985,179.0274792625271,164.20754143704798
good_form,70.47377660265879,38.87054856347554,178.55754564200097,164.24367835192027
good_form,69.86844643063151,36.75565687386132,178.41293250893366,163.26683398290416
good_form,69.0831981893337,34.85384053596237,178.08090682776458,162.88809221538213
good_form,68.70123621274631,33.904351368403766,177.98415096253126,163.05288814861723
good_form,68.78521215282844,33.37481037447457,178.13571163395432,162.9170693514194
good_form,69.78079311479665,32.94748272400585,178.81258742285735,163.2931425783492
good_form,71.89546725328164,32.43057940799001,179.52841406860423,163.6302248455083
good_form,73.5110750132145,31.88081271264295,179.87861906561542,163.9804839192195
good_form,73.88876629091479,31.31258035968594,179.49945002846246,164.13555697757363
good_form,75.57798754597503,31.27375489765477,179.49653123112955,164.153843109908
good_form,75.47005806559868,31.678007174730997,179.35279349813882,164.76602518733995
good_form,75.44796886925651,31.502417918414736,179.4382267936236,164.89406371500476
good_form,74.55179965530365,30.42911265812829,179.02266709463703,164.88925866528746
good_form,74.41757112313873,29.80603721069403,179.10001310629193,164.836191403026
good_form,72.1448194621995,29.37325588687004,178.0900567952078,164.47899318158358
good_form,71.23606441978309,29.272019156187127,177.5030019016056,164.457277508148
good_form,70.80056002600979,29.32586227997294,177.52252828376496,164.63790011605084
good_form,69.8461293458927,29.34070411884902,177.41566117503936,164.7551921587054
good_form,67.79981291170601,29.760022575817857,176.68972417905348,164.69181231038843
good_form,67.20917031662594,29.146856060883547,176.64793079730245,164.64924887771247
good_form,68.70917556098793,29.118819479495,176.50345139022008,164.59245232218947
good_form,149.6559603035096,164.6689802304548,175.3736676677537,165.88900485853267
good_form,151.20585826670805,161.6416840394392,175.60613518304254,166.33813639732284
good_form,149.75158567708084,158.9587041515427,176.14038188366035,166.3711696518329
good_form,147.6851453178305,156.5812193327164,176.36351669361608,166.75365369541063
good_form,146.71593557080806,156.7154756932399,176.0975093510801,167.93026563256777
good_form,146.733442613963,161.50142413343895,176.50940246896025,168.6819216462842
good_form,148.0715114016383,166.25470936706512,176.15031015438623,169.58871490295
good_form,148.30195868358362,170.36489228941136,176.4771208867699,169.92503585372162
good_form,150.32944922619322,174.78383642158119,177.4451185101421,169.92828312448452
good_form,151.08512383364737,170.47188282908007,177.31230569045047,170.13085137705775
good_form,150.7876089410512,166.46000375666517,177.91350789764965,170.10256743042535
good_form,148.79732646685085,164.69880730533302,177.67491160898615,170.05085009826823
good_form,147.8744397370589,163.2534316964269,177.527684402153,170.07932978524556
good_form,148.33120205867706,163.5353557229653,177.22804970494028,170.12851576663914
good_form,147.91590550525493,163.28719116030294,176.91993916034397,170.33099485256906
good_form,148.36107866676582,163.47042100781783,176.29363854288815,170.81667145474086
good_form,147.33133756025097,164.0818018452045,175.62106334126523,171.46889513564105
good_form,148.32372822281533,167.0989046520209,174.0859169440536,173.00214647524186
good_form,149.73738354006898,166.35435851008944,172.90414676795535,173.17332094061385
good_form,151.1380124918123,161.53771931585294,171.91936895786125,172.50659176370175
good_form,153.88851110213344,155.73171053079616,171.24867892895952,172.1241838864384
good_form,153.71811400672001,154.89588680037184,170.64190211487048,172.06361122888177
good_form,150.29535903756047,150.38471946510404,169.6664464753968,172.0592401470882
good_form,152.92254107544198,143.97202956716495,169.38035778739,171.94175403524793
good_form,153.1320951650204,131.44289151089282,168.74976351486242,171.86391435054443
good_form,156.39182567059586,120.55354230558592,168.28812637839027,170.83950180914718
good_form,156.02393945995786,118.03597863309614,168.23497568395308,169.5234340467025
good_form,151.58886254408495,119.85930637194814,168.1494337262901,168.74474913121398
good_form,139.00374979914622,108.71442189728478,168.00481369808017,167.6387782643095
good_form,134.51575698364772,97.65697645206615,168.1075402834245,166.3023497898556
good_form,136.05290920564875,91.45372915059073,168.85773048713102,165.13183482040364
good_form,125.64358684970381,89.02773639795156,169.05963818475553,164.5886473472484
good_form,119.61577162593588,83.51421905451772,169.61929082478895,163.27975086835966
good_form,116.00871583063137,77.4427058625917,169.78563516917606,162.8753589946767
good_form,110.16037223712397,76.79835974578177,169.93623330512182,162.42306530978928
good_form,111.51274228406359,74.2985940162313,169.9104358331233,162.3307974882594
good_form,112.83178426160981,69.89748645907198,169.69337031420542,162.52237430476745
good_form,109.88260319372324,68.75975142754457,169.9125951526816,162.46305837288355
good_form,103.46301865686749,67.56096936245622,169.7952542721116,162.57792168700118
good_form,97.62745694786238,67.27094890289386,169.47426628532259,162.81974879725692
good_form,94.18571846131688,67.3781370352288,169.1066195935873,163.36739164082783
good_form,90.46734306671901,67.93421986081498,168.7659453820034,163.43098152762363
good_form,85.52466269176936,70.1828122139131,168.58646513878045,163.474916339343
good_form,77.90820945868167,72.28552441764018,168.579256549393,163.4963587064832
good_form,72.77743178360132,70.70125461943876,168.76268428675465,163.3958435558235
good_form,71.60747046450503,70.18621634639959,169.00031750271984,163.27559223017147
good_form,67.6617356974642,66.93079300559317,169.05177645170258,163.03976215589228
good_form,59.45898223199552,66.6570717915808,169.29099030306213,162.57005406719279
good_form,52.294207649925774,68.2917649232803,169.9711853432731,162.47687382298352
good_form,52.07234987404672,69.97130657738997,170.14425850104072,162.33544407858867
good_form,49.50889896014383,70.10064947160066,170.35231655206726,162.21608152952655
good_form,48.4042617446397,71.07851269840742,171.04397218325983,161.87631151093402
good_form,46.51519155632963,71.16218180857926,172.04917307698747,161.369570643829
good_form,46.22703596296384,70.41401447804469,172.45665685496397,161.268651689145
good_form,45.72487649124672,69.568763470866,172.85655376669052,161.07371464773755
good_form,45.49458641346381,68.23318288350322,173.3657071249112,160.7277037824212
good_form,45.39608394080092,67.08489141746875,173.76187458607902,160.57133591067245
good_form,46.001298284214,67.59191811294579,174.26294451994133,160.51290922875228
good_form,45.75647587344005,67.47366454418187,174.57327907949377,159.77396737960285
good_form,47.12164243500854,67.23226623671346,175.073252112485,159.45873795143325
good_form,46.81053747360476,66.9970963468677,175.05392886147993,159.44922057389732
good_form,46.51113702781911,67.06934781905126,175.03528725825325,159.40168207009933
good_form,46.884595180777396,68.74732827291206,174.9904333751482,159.29749674667858
good_form,47.16797264200435,69.43305690226049,174.9820515856458,159.25046997771165
good_form,52.013629810108895,70.67724917980843,174.89525880964442,159.40638248439285
good_form,60.06899749437759,69.16811106075949,174.80573723784877,159.46231245087344
good_form,67.2591936789839,70.28377629870293,174.82441978715354,159.3765263130605
good_form,77.22576232709045,72.08469109043311,174.72372883548348,159.42735248498857
good_form,90.46999068779819,72.67257442022543,174.49062380437655,160.00362721455318
good_form,94.41984677614352,72.20925755892385,174.12677996537158,160.26721551012818
good_form,95.85565981195056,71.09733471331947,173.9856554858493,160.11514997371134
good_form,95.90488206310908,68.89499742742409,174.10173252513493,159.68064235332196
good_form,97.928222587489,73.26726138965822,173.95440147850252,159.719133531181
good_form,99.52225835853721,75.53476536365947,173.96250266075162,159.85202496126124
good_form,101.12228973392848,78.17465642208275,174.03489127474225,159.92228640744145
good_form,102.81282686865995,80.58366576917999,173.88827827661493,160.16502944083703
good_form,103.95815810095928,88.66296293188819,174.10144534925695,160.4566564721565
good_form,108.7054473227779,96.82626099908522,174.12404753736504,160.70539968696252
good_form,114.80423958708752,104.81492883867875,174.0202533437207,160.85242339725804
good_form,121.33946928383551,110.57304381915574,174.6960929015707,161.08836343783247
good_form,132.81644354328463,122.55573897102344,174.3914218434671,161.8380212129644
good_form,137.30657972527118,137.5130265404172,173.40796525462832,164.60982603613084
good_form,148.073031207924,148.60440087160882,172.9237071264881,166.04473164350756
good_form,149.46709172871982,152.5762449581194,172.8002937832399,166.99891583179047
good_form,152.2189794525086,149.83012211093194,172.85057339758302,167.66685011045183
good_form,153.3620097280103,147.18402849912437,172.70912866304647,168.7791394453046
good_form,152.327478527668,152.36728747796482,172.78010694175796,169.12029095915258
good_form,151.2858434849191,152.4140107755143,174.54938615209588,168.89051202748567
good_form,152.96587571444525,156.4519500221891,174.6601121112441,168.89029454138065
good_form,149.1408406414593,157.51597628128388,174.1630309052657,168.9489659389498
good_form,149.03406459289852,162.69124672594455,174.6640497535975,168.9602388962986
good_form,146.2418907043085,162.73984455261518,175.86755535062989,168.839183631836
good_form,144.4565711779529,163.16717546031865,175.8538444420364,168.90371434089607
good_form,148.27352944243148,171.26777402892603,175.4242291356917,169.1306772328015
good_form,149.13698039646616,171.0020156412036,175.1792764735411,169.4371988952386
good_form,150.84135361571313,169.6772517494371,175.0827202158267,169.60609071047529
good_form,151.59898140004177,169.65829249537856,174.69913275145402,169.96231544057423
good_form,153.17776870851165,169.46400103599848,173.99729394446805,170.19021098446004
good_form,152.97170762382848,167.1922708250651,173.71021611310883,170.27742818976628
good_form,152.40070340578802,166.3948199290601,173.61870823694224,170.3259136588487
good_form,152.2763205930916,166.14120457773112,173.52749880850868,170.39239870105567
good_form,150.9628350320858,163.89882873630802,172.3735552459836,170.5361235990335
good_form,147.53991999125347,162.31075416691195,172.06833270136576,170.36714705193498
good_form,145.0819474863737,156.40132598234632,171.85918276710595,170.2911024792664
good_form,144.14464697341919,151.96587844719838,171.09442424647807,170.29558430444766
good_form,144.82758240534508,143.35998037662486,170.86892238801818,170.00781367921996
good_form,145.07469062779998,139.14071204320015,171.38102953473432,169.6627926907005
good_form,150.70364258355838,133.68099958700046,171.32155397168438,168.87402925191444
good_form,149.17274652616047,128.20114881616067,171.2958015633545,168.5829298723971
good_form,150.98219874957135,116.41543277468423,170.5633928249234,167.80171959157224
good_form,147.4068232638683,111.91595417166086,170.91445683461913,166.61454905991712
good_form,136.2133645137755,104.70954966249509,170.81154573128782,166.01426455862597
good_form,122.26714338979926,95.48150146454377,170.44149439641194,164.827235853174
good_form,117.51236723548459,89.22661697495222,170.23708298082008,163.63102390398365
good_form,113.14694976959697,81.26710257805301,170.9415325707975,162.77365197074872
good_form,105.22977945295423,77.25115569228416,171.0094167013089,162.82640659016315
good_form,102.73786640295009,70.84509134060941,171.55831996874826,162.5043472099127
good_form,101.2450698544185,66.1682420695623,171.63388851624083,162.1215938974214
good_form,98.50596744845225,63.67747561726002,171.96999593104758,161.68453457261202
good_form,98.67602976090795,59.17751636657687,172.21148960273112,161.35201542439177
good_form,100.10811286611212,55.08413754554779,172.1612425195325,160.74488667732504
good_form,98.45367975375821,53.80977537353506,172.3850692827573,159.86811261227655
good_form,94.13085959450133,53.093997370834494,172.29705829268005,159.88891252088584
good_form,95.13352090240299,53.371331656370565,172.47777113642175,159.6447020770664
good_form,91.86526461292338,52.855830067482266,172.84190856530566,159.58363426955307
good_form,90.98962791676986,53.178432439990964,172.9180494146794,159.32838049241983
good_form,85.44449867995783,52.058631861310275,173.42512492118962,158.95201808624336
good_form,79.9499888019336,51.17464010093968,174.01534585281254,158.23965750569639
good_form,74.33625134503279,49.02874518506697,175.96144173585984,157.92245101530048
good_form,72.54251831999339,50.9158468860918,177.45292197280529,157.52875888900093
good_form,69.83364000948133,53.86391880288214,177.9095547912101,156.63470495470813
good_form,66.13763825426291,56.86752509860351,178.62337364929215,155.84401073143482
good_form,65.75899568534192,60.188553003455965,178.40831965791656,155.86966913512245
good_form,65.52398324003494,62.42740154976026,178.39988586355636,155.96858862069723
good_form,63.40360392176846,62.434617098228266,178.31531001185104,156.1524936606548
good_form,62.24099312353675,62.2938332917285,177.8082906724512,156.14281859479937
good_form,59.137589835987015,61.70310265619912,177.827870481823,156.29722081322632
good_form,56.6560138932796,62.168154128843,177.88074613155166,156.4452968931671
good_form,55.434338446554975,61.54982281140853,177.8899272983302,156.47017156241262
good_form,54.815475297606284,61.59727093890131,177.96790139713545,156.42560336355962
good_form,54.70837597438876,61.08367039699951,178.054667286506,156.3198561277203
good_form,55.45646600012932,60.98479976728967,178.19050867354994,156.2591249398814
good_form,56.1150875251967,60.73122110528803,178.2571035283748,156.3887833668646
good_form,56.136529183789044,60.37963809433288,178.19778729466088,156.45857218664568
good_form,56.36629509069889,60.12863696053727,178.02136273135486,156.46512694669968
good_form,58.77674859428664,60.95969567674689,178.1964507028572,156.4744945307392
good_form,58.87063874797782,60.449404587988504,178.30579330194118,156.6427417575915
good_form,61.855272717326486,59.2253381536356,178.76260194614395,156.56271926406254
good_form,66.62795601291334,58.889652613955064,178.7093233895738,156.6511746936604
good_form,70.43077750330211,56.44049701908647,178.26926441248077,156.9259339435459
good_form,78.24693839468151,52.82029802052519,177.42076231866844,157.29828978128637
good_form,88.83677864069622,52.65935603590394,176.17586597213483,158.56426009307015
good_form,90.23327913101991,52.81909082631075,175.14708443919798,159.4913787037707
good_form,93.27918562088303,52.95708517437321,174.63149600020583,160.1927272897368
good_form,92.53724786468827,53.595986196825436,174.62784189015593,160.2454135893459
good_form,94.21408856109953,55.86912242550517,174.59128287150497,160.40586979190633
good_form,92.0742600299176,58.59592743197051,174.68367011878325,160.55570280616797
good_form,88.0492629755062,60.93060803886619,174.79058520463738,160.7074867390415
good_form,91.32003287642146,64.18148737961772,174.8728794943794,161.35719040336622
good_form,92.80497191850469,71.8487108182033,174.92660344628217,161.6353194234162
good_form,97.48684140971125,80.90884431966396,175.01760608544478,162.12508588897288
good_form,102.91640135179694,89.3539616500462,174.93112481248835,162.20912716850816
good_form,105.50110388218579,94.91478213205379,174.1191735941087,162.71111669851896
good_form,115.8541849207196,105.85376648445967,175.46581815672994,162.74651142964578
good_form,123.11760758867601,120.55063124738142,175.71378749085852,163.1906569099128
good_form,126.13768527199082,130.94600109058186,174.89582623799416,163.71455017163038
good_form,130.33297374549875,130.67155002550004,174.04736124530407,165.32713232832106
good_form,136.12502845153222,136.3081942041795,173.4983318519435,166.32483584456503
good_form,139.8919956272559,141.53129146048875,172.7454672530185,167.29649389865276
good_form,142.90621956792214,145.79791572000727,172.71636872428394,168.73510072917819
good_form,145.3967081914615,149.37300688605075,173.13990873362206,169.1757322675647
good_form,150.10302149528016,156.9929342888145,173.62328922365404,170.25992959370433
good_form,150.2733126950955,160.51999533420917,174.0778529495071,171.74244772440278
good_form,149.13131806828008,160.44532730409264,174.09501709746544,171.97550023836985
good_form,149.368374894432,160.52100152030124,174.02106581273995,172.05280791761703
good_form,148.72345957084818,162.12322194127532,173.9246995063343,172.1335642755388
good_form,148.02129293595107,166.59097915494783,174.0694364193362,172.09711682610452
good_form,146.39268553908707,167.32380665029726,174.21892592960438,172.0053229735545
good_form,147.24290522817972,170.26815021611537,174.49410914874184,171.8284024761765
good_form,146.94192778800974,171.07620457652146,174.41867780126196,171.67387543553372
good_form,146.6528057301744,169.170709112091,174.74594814041978,171.27702712852525
good_form,146.4592939855226,167.90688160567922,175.11583256763848,171.1464657238287
good_form,146.39655167422526,167.7089547140841,175.58494515475553,170.83566247402158
good_form,146.19290501416734,167.74265876795513,175.69670387570486,170.49663778375296
good_form,146.85336443868493,167.84373057860157,175.72600018241909,170.4971446125576
good_form,147.58255844867796,168.3542866156828,175.75771905103974,170.52085294573885
good_form,147.99599742495633,166.1456258295372,175.83827513828098,170.3619077094919
good_form,148.66212870180556,164.91883023674083,175.92833781813295,170.371021390839
good_form,149.15339899814578,153.73484863974065,175.22961706585167,170.18190246341817
good_form,146.8185928448755,145.99512916872678,174.62600123864354,169.49395390529526
good_form,148.96759323323795,141.6222962755018,173.70548292314618,169.20087180156682
good_form,151.38341246501815,134.84643809607897,172.4569903043204,169.4834835410826
good_form,152.34872292572499,127.8457469035437,171.5593121322969,169.6355711694077
good_form,140.5797141995723,115.06094567039035,171.2699878993394,169.45196631270724
good_form,134.53718490917785,106.17077511111252,170.52611810357715,169.01265615821535
good_form,122.48669944730727,101.43821458145163,169.28564932220874,168.38523422143817
good_form,121.84695078468553,93.86211677644877,169.41744537981396,167.72630490183556
good_form,116.38307654816626,85.44492542470259,169.68309752756286,167.3438659478085
good_form,112.10834357493547,76.56324343849359,170.16293098039247,167.1039046297961
good_form,109.67358335945318,73.26647124966308,170.85159150361628,166.53992267852507
good_form,108.22725460084133,67.47924575474302,171.08123343962671,165.2917372507047
good_form,106.85381542348414,65.17718682390668,171.43535306831728,164.550186547628
good_form,103.2787851975134,61.87531622065121,171.7868293201096,163.79680589582563
good_form,102.54991584944823,59.62549571206956,171.82467303781027,163.09975414074285
good_form,105.29877032339286,60.055478423597734,171.6260143005578,163.00701118450644
good_form,107.61952513967276,60.261249986150354,171.3885103173771,162.7392115273996
good_form,104.53434638254322,56.86526455374836,170.87999389401514,162.67343287401133
good_form,101.37990389550647,56.91956936376328,170.47739893004183,162.41778594580327
good_form,101.6024013433133,59.67071560334889,170.12596069852782,162.2145267097039
good_form,101.48059071096134,63.11481058362856,170.3536591074485,161.69904413294506
good_form,92.53176582970728,61.8788775196991,170.52216630226093,161.38709664596806
good_form,88.23513347230217,63.93580646512006,170.8662690596745,160.8811633350776
good_form,84.42125880402398,65.92240587864806,171.44658226212684,160.4508670213962
good_form,79.47194687594249,68.89329804858467,173.43670557203814,159.58682736850918
good_form,78.51139804351605,70.78535562223527,174.83253039353593,159.12862754215365
good_form,77.5324624682302,70.96307493301533,174.95110231656494,159.08705861800522
good_form,76.0649574241742,72.16902995520206,174.9454029967251,159.03249460689784
good_form,72.33793920205471,73.00115071014459,174.76817622761916,159.0373656480455
good_form,70.90000281802365,72.30938611151998,175.03455932274284,159.03358047983536
good_form,65.32928244015648,71.89163728210235,174.65782183127797,159.53269775701955
good_form,62.672861720738815,71.02339718915404,174.4656121238077,160.00577057501158
good_form,60.90586639179231,70.7719847621258,174.20708405107797,160.4442424438278
good_form,59.186295095979766,70.71080011780057,173.94681849377105,160.76876882780002
good_form,58.130488144395784,70.4113929857701,173.47422899070065,161.10132230326366
good_form,57.79283353959723,70.50838569621939,173.18423977355826,161.22195750906698
good_form,60.47736114314491,73.02099797338859,163.89225059283308,165.72758918676874
good_form,60.05942232517995,69.9404091096568,163.70288049127166,165.7417204225525
good_form,59.85591236185837,67.43671596485366,163.60177559652644,165.719260793625
good_form,59.68738465804998,66.32874556923066,163.5249116420755,165.64738412937376
good_form,59.1950908994534,65.46946440421596,163.49315450324252,165.57816596179381
good_form,58.78140106975935,64.90103223193064,163.48008452086026,165.5556172161393
good_form,58.54426715864744,64.44112876006596,163.48303447909583,165.54287010100808
good_form,58.3618570164266,63.92379190555961,163.45281916304702,165.4888591290598
good_form,58.314808583734695,63.52658774776308,163.41019165652062,165.45027242462484
good_form,58.16827796976346,63.16870966687296,163.36022463786298,165.4425546462118
good_form,58.068229342752915,62.61333002806501,163.3298215299406,165.48086053823138
good_form,57.974923029973226,62.093624009939035,163.33262666598145,165.53154553185024
good_form,57.846528426371115,61.43139592547586,163.31543908838725,165.6030030677678
good_form,58.12175178633567,60.63248892717712,163.31776642011695,165.65146511610718
good_form,58.680742133595814,60.18669595317777,163.339713033314,165.55708960439324
good_form,58.98989588638294,59.77445358705658,163.40411745763703,165.43332289585518
good_form,58.30230138507376,58.8769034058465,163.46456200354245,165.4169169182865
good_form,57.98759216668435,57.50206750054396,163.5863494363693,165.48769593228576
good_form,58.31410587957684,56.023931428815985,163.77664333957463,165.49672474273984
good_form,58.83256096996669,54.98292595076466,164.08589349530178,165.56033069437075
good_form,59.09747045443338,53.9260658796887,164.30902845829033,165.59295010433993
good_form,58.85656134088997,53.121431993557536,164.49378317331355,165.74916501262553
good_form,57.79757691214133,52.35591184118741,164.54054842764683,165.93059146398195
good_form,56.456232269270956,50.95672949521369,164.51666887796682,166.22370286237296
good_form,54.83030385495609,50.92205611823401,164.4258802664462,166.54602448874726
good_form,54.99928858161174,51.33935462284884,164.2425702007907,166.82626106661954
good_form,54.77313894847293,50.73250700912912,164.17389200845759,166.9563429681459
good_form,55.34868999991437,52.07300873586088,164.11493478863454,167.09248935628347
good_form,54.7566034875481,53.56392247016375,163.9559193831339,167.40630844767622
good_form,54.911686706036036,54.79414121954559,163.78971717665652,167.7474549082984
good_form,54.40796491219935,55.736177528388744,163.66505849752173,168.0150495966567
good_form,55.302445973175224,57.704345006175565,163.60366184405285,168.14984441701418
good_form,55.11159716573264,58.53211180192019,163.75515857765333,168.1132679568726
good_form,55.30218536191155,58.82200394582967,163.76272660195232,168.01584767694786
good_form,56.13381620248842,59.11046896021033,163.877237215114,167.84959556366707
good_form,57.13708642620157,58.76986477112641,163.93513645138572,167.62824648188231
good_form,59.08205724614109,57.575764814276184,164.4064254817472,167.32696265205553
good_form,60.683478335555996,57.58895632081446,164.72224883335576,167.25115618865433
good_form,62.45958655829098,58.23078087750407,164.9261212238295,167.34030461477707
good_form,63.67442788741086,61.38856968303823,165.1321929415836,167.30595117119955
good_form,64.68433038777941,63.298680673884924,165.2350559999246,167.2886461302361
good_form,65.70326488651219,65.54773363516964,165.33127496460702,167.35631903648706
good_form,66.8244309203961,68.58886246995634,165.52402681750957,167.41105722335996
good_form,67.76693469965751,70.36804397924391,165.52956558850443,167.46944848067866
good_form,69.50314846426316,72.51604059945726,165.5526420424402,167.66253379621406
good_form,69.84145174572495,73.9305713492229,165.49708116013883,168.12248638522777
good_form,70.78791988155041,76.15660652649883,165.52114470974234,168.44093018166984
good_form,72.2550646182487,78.39478197171846,165.51783108568986,168.8150848980123
good_form,74.02079178023774,77.28218270461144,165.51200613441299,169.05855632230802
good_form,75.45383395312848,75.44933890835239,165.2431524398291,169.48399348768552
good_form,77.37310656758194,77.4052732259817,165.0502858133069,169.38088724559367
good_form,78.96012638343478,79.29117342917286,165.0486412122612,169.08944164474497
good_form,80.71141890180826,82.07633842836537,165.1190825584768,169.3291171115464
good_form,82.30026045939513,85.82525209506224,165.87563365579334,169.4581456194101
good_form,84.16692535428439,87.16144163434164,166.64240255129627,169.47127351790206
good_form,86.98359704910723,91.06960767245779,167.5807141132458,169.43704398591163
good_form,87.25260648105171,95.06329440899907,168.0072748861895,169.4329175427193
good_form,89.8117704166616,96.66740144422472,168.7285334490842,169.86764447888322
good_form,96.36404359275349,100.22445704186562,169.4416828508133,170.00285048587753
good_form,101.50199964410956,101.051401388049,170.0386013448411,169.89362567854943
good_form,106.92507842912653,104.3657109821851,170.31221216094187,170.08996270645844
good_form,109.4515967681615,104.83746397896063,170.61155762263252,170.22962887696917
good_form,115.71020053719033,106.33940416245834,171.08488647368267,170.200603145513
good_form,122.75351957067181,109.70810838811049,171.51012286781236,170.4090010326745
good_form,125.2797298407823,114.31290606820625,171.91703833853123,170.51114404500638
good_form,125.90052060207947,115.95072014991985,172.488005544493,170.5411901890786
good_form,123.69196752950404,118.03276317418764,172.76473542275795,170.42917498892996
good_form,120.89303094712608,120.4406250995322,172.83142901981446,170.36900244485548
good_form,124.21533411791964,120.3995383455884,172.88458164216743,170.45372601656754
good_form,124.35915886645597,121.12140430237129,172.91184138352588,170.53265839034862
good_form,127.5260453469983,123.87316454001386,173.05160619501706,170.4773375440128
good_form,127.3914059090863,128.55551146177243,173.0209671706489,170.5352717816604
good_form,128.74882645042086,128.09130128464804,172.94960351095253,170.77630139453433
good_form,128.31078336579995,127.963899811092,172.74500021050406,171.12873188892198
good_form,126.18075690048934,128.96262322579025,172.59368409377313,171.5413758445826
good_form,126.94772394417018,129.0296056281418,172.59550761185207,171.5458654357867
good_form,128.8051664461936,129.2827877172164,172.39495544147601,171.58896097524186
good_form,129.159268327384,126.23687082951045,172.44747155725426,171.72247175975318
good_form,130.07284558674502,124.6537949605237,172.4816855795807,171.95016128966853
good_form,129.45090452638863,123.37109699882319,172.5683699945747,172.0364394261202
good_form,127.68165875240649,123.6304235154432,172.6028928344475,172.11777504055775
good_form,128.03161760191085,123.72932222298509,172.54940707872495,172.08074894574597
good_form,127.70204795418354,123.30575510416826,172.47657074319156,172.02510914416268
good_form,126.98210739967777,122.95903632926118,172.30109767660568,172.10917585487377
good_form,125.5855298602176,122.67157404200557,172.27811319830067,172.20837484365185
good_form,125.00581236667088,122.18278957494843,172.25062220111127,172.22737967107636
good_form,125.2016430622543,122.13095747923154,172.25944562553715,172.2589580492263
good_form,125.23036062126081,122.98734242659229,172.2190037837374,172.32479258855238
good_form,125.01465991315021,123.20599651879088,172.02639326643285,172.53674192034424
good_form,124.90652843731797,122.89169125622644,171.76312026959027,172.7704473108061
good_form,124.95912907739279,122.83068261869369,171.528172021804,173.10975391042018
good_form,124.18962396317986,122.65710300636117,171.2562552441923,173.33847829583905
good_form,122.9669765525625,123.04886900998181,170.92608565745053,173.59651814690255
good_form,121.96564619059276,122.48461937139352,170.53093389106547,173.57603744766314
good_form,122.34205099863951,123.32203040945596,170.19070358474195,173.69036159413093
good_form,120.78412020438321,122.3160389176687,170.16746613539917,173.72729812168785
good_form,120.22423658954102,124.24638013675423,170.23857699913384,173.5583992897731
good_form,118.7461407847608,124.25176464841041,170.23288547240801,173.1982966866195
good_form,117.12630771290614,123.67261301573977,170.2014411293217,173.1630303746219
good_form,114.98663643195701,123.31542205319458,170.1867352714768,173.3427213051102
good_form,114.32460757012885,119.59675707784163,170.16968964253678,173.2746564108063
good_form,111.96687762491084,119.28725845566728,170.25608959347807,173.31477892525567
good_form,108.53657871499857,112.99326120403691,170.27940240746827,173.17161490844217
good_form,110.95855589094444,113.30907841376667,170.20388492344335,173.10597775313514
good_form,111.78466600638262,112.62969887695424,169.98090113883575,173.21775486045553
good_form,110.1335230946672,114.48536930344987,169.56316617831075,173.25823314620078
good_form,106.94217648160657,110.03180714416888,169.38945062859463,173.2624301678645
good_form,103.6623293053147,107.11126644150234,169.2780684968272,173.2885447355334
good_form,101.47100263980116,103.5452171387042,169.33930640331062,173.16910734828932
good_form,98.9737697150743,102.70214640899826,169.33334815260704,173.00801794125474
good_form,97.26073824497831,99.49881439111377,169.2328815108879,172.85955142484212
good_form,96.37590724811417,97.24669737171031,169.2158213156,172.69745377862193
good_form,94.54939365471415,95.20774728844796,169.43792511624653,172.68740358572774
good_form,93.23258679246783,92.46352511451941,169.6336705933125,172.65030030012863
good_form,89.78859737351473,91.87577612837137,169.64124659248938,172.55689330838715
good_form,86.23370462913272,90.79984223384088,169.83944013798876,172.2511999668723
good_form,83.69312253094853,87.90217659589258,169.88579599630103,171.96291240690186
good_form,81.91177462966346,85.90413276688861,169.99852028070302,171.22334982756283
good_form,83.4771375283189,84.88516086306716,170.3034123691107,171.03317037143657
good_form,79.51774410548575,80.78564007155806,170.65180160480244,170.8347209153559
good_form,78.22153741585402,78.94494892523946,170.8855394838255,170.06170911111218
good_form,76.2020112696182,75.23749067805491,171.56685184401292,169.67902765390474
good_form,75.36022225564221,74.33653514474406,172.01990728446484,168.99777172901196
good_form,74.63707110982818,74.80922605937096,172.35699968114676,168.3422471598007
good_form,74.05159855153738,74.56565236310044,172.42471464998218,168.1372123392844
good_form,72.42406574720447,72.98529134494898,172.3492837301321,167.59540431545204
good_form,71.8395625562954,71.64057144599934,172.24363562001218,167.38047661853713
good_form,72.00794622087842,68.20699756869065,172.21629375880516,167.01740913163414
good_form,73.01519009064482,66.07849096035174,172.36211223031825,166.64513236109195
good_form,73.5612667249554,64.94457137282406,172.37323927423535,166.30795750110556
good_form,73.60597494945041,64.56079564265782,172.34807939418934,165.94755199900328
good_form,73.92515233686144,63.55582671672122,172.0821588722557,166.2863156309962
good_form,74.58016571083088,63.81047152811776,171.93114789747312,166.55371946812465
good_form,75.48765138251632,64.67059658004857,171.8963179488273,166.66308367169574
good_form,75.78321227978824,65.40418208401773,172.0080056138818,166.93085953913211
good_form,75.36073390992057,67.25127169653173,172.296439892157,167.15981376984672
good_form,75.03940612340877,69.67964083176128,172.47377620091535,167.44437575937573
good_form,74.46872429295345,70.34269579712716,172.6009064377129,167.47045374655752
good_form,74.53223121165229,70.71999906764675,172.4754011050808,167.49973819673144
good_form,74.22347374553308,70.70061976285928,172.31268412507208,167.5375984815882
good_form,74.75690377547193,70.46116298978463,172.12887258937187,167.53975574660234
good_form,74.28392652134316,70.75405341395637,171.6474702943492,167.5646553906371
good_form,73.63082696126826,70.83203739030549,171.18735036780743,167.72932677776848
good_form,72.99152107137704,72.00093145897787,170.74757670418373,167.8725959872494
good_form,73.61539368779307,71.57693498139679,170.59889711401735,167.7201437593389
good_form,74.08309753796935,73.09888581074264,170.3827395798058,167.6297985586132
good_form,73.39262405354195,75.03204014600658,170.2978047898797,167.41528005539953
good_form,72.96734997194584,75.32191246239012,170.27764556187583,167.20654685090145
good_form,71.1674167689011,76.97714737163602,170.3041215854,167.08392549116076
good_form,71.29092052295152,77.55757439349874,170.4201318111092,166.849465834383
good_form,70.78202564933393,75.86511606722391,170.53356900452204,166.54233873466217
good_form,71.48561945683025,75.36456124654971,170.53598772648155,166.19734287725626
good_form,71.97916042692648,74.45508079663885,170.52491841892837,165.86853689264717
good_form,72.27580112425791,73.32518742223601,170.5321399582997,165.5066599690331
good_form,72.69245091191034,72.66838840843845,170.54028130567247,165.17974624711803
good_form,73.08192401923074,73.28673283475138,170.61355570455518,165.11286689424477
good_form,73.66066259142511,73.55726898837086,170.55664072214435,165.04405340930077
good_form,73.6975602802597,72.78442190780659,170.4510092598593,165.07135347637734
good_form,73.15351454258374,71.04259862616875,170.32477831976138,165.11929111861446
good_form,72.46518205740306,69.91067179827262,170.2823586049635,165.23764508051752
good_form,73.10726813955016,68.97904806026152,170.31380170550585,165.27112793812006
good_form,73.31319190318364,68.84160058616389,170.3627057399381,165.17118930338992
good_form,72.81631692703176,68.26958004726949,170.37777696244058,165.0784561227479
good_form,72.43422412570447,68.154904557055,170.31115438491648,165.0568196744934
good_form,72.01080971001217,68.07452188028647,170.24162864369202,164.9797823288169
good_form,71.66175007014998,68.17705619969985,170.0900139803282,165.06491119890498
good_form,71.1848077497399,68.34463149128743,169.93681256617208,165.05298497446617
good_form,71.25280080830119,68.51938599407649,169.8561610165862,164.976157053728
good_form,71.45567814226924,68.57126685039562,169.78614968732202,164.94048316680906
good_form,71.2232046592272,68.34788103054801,169.64741316553386,164.91205518143073
good_form,71.15078073400319,68.15849235451961,169.50492645480844,164.88609724121386
good_form,71.01519812984732,67.63718097198591,169.27400826984314,164.9772715107158
good_form,70.86711579352766,67.20548288052198,169.14003670091645,165.10637135042236
good_form,70.72734123843921,67.03256935135512,169.07337473490776,165.12286453559017
good_form,70.70627727260477,66.92141518598969,168.99109692461755,165.14698115591472
good_form,70.52084914248604,66.61745629225426,168.9906110764075,165.1307784654657
good_form,70.36522182151093,66.5927036868506,169.07673444781625,164.97275253040848
good_form,70.41598227905604,66.7593855974055,169.22951340512807,164.75252526811175
good_form,71.04037650700818,66.69450055116538,169.64065931055632,164.7308270981937
good_form,71.07240260876824,66.15808064874139,169.89730755770898,164.75519375330143
good_form,71.09047987281384,66.08225298074179,170.09450792948283,164.72687682675917
good_form,71.16586458768525,65.21144955690153,170.12099858607237,164.73514195553597
good_form,71.24034410323783,65.81113940713136,170.16042267251737,164.74511769619872
good_form,72.31405546988915,65.75911829914453,170.23375337296034,164.73630338146157
good_form,71.89725666926088,66.59883249550117,170.21703010542907,164.7611631692821
good_form,70.49254352480014,67.3066155258845,170.27780426345262,164.8375424696786
good_form,69.84596518281546,67.93213746424968,170.31248069001288,164.85485563878484
good_form,70.8389950485276,68.42994807020459,170.40537644806358,164.85523459536608
good_form,69.91712029539931,68.30720815995835,170.3974407979271,164.91604393560658
good_form,70.19344140506968,68.24726759224168,170.28425214489437,164.90839329009603
good_form,70.4440883284674,68.65925060389264,169.90466499410348,165.0366066327175
good_form,71.00361822098907,68.44555539802145,169.65918455809583,165.27193454422715
good_form,71.56562750566403,67.159298152146,169.69145224743718,165.46491280194962
good_form,70.95362951083034,67.63715432180045,169.62458858427763,165.5070507816608
good_form,70.6691672570413,67.8851112854101,169.5275712355246,165.73067877421374
good_form,70.2009404957209,68.33181178749805,169.4771218106573,166.07988250028106
good_form,70.20364211681118,68.33102997991243,169.4677773765907,166.33206700423835
good_form,70.16893417853491,69.05812799242237,169.37341036132406,166.51220245165018
good_form,70.57009386483166,69.2573552021142,169.29302912267352,166.79014373492504
good_form,71.68046782122025,70.02862381699155,169.215965328107,166.90572649510176
good_form,72.56324237317375,70.52468625906214,169.06243956610194,166.95092379683825
good_form,72.48447271406376,69.62724777700937,168.94064287563654,167.12026280181226
good_form,72.74239986182535,70.0963733908472,168.9465385311615,167.17885087564323
good_form,72.38133328823704,69.87975581351417,169.03028234596,167.2127088445726
good_form,72.67042236865323,68.57398202923368,169.11003980891843,167.17082005491517
good_form,72.41174556967903,68.94720333984976,169.2630810978166,167.18407717011016
good_form,72.98050277566728,69.94632706727306,169.35083353597273,167.29281394987225
good_form,73.37318352970986,70.8476922790327,169.44854252233523,167.70629695296995
good_form,73.94184915433938,72.31295225476094,169.5025097406695,168.14224142097626
good_form,75.98547748601582,74.1501584605055,169.44602958462767,168.75960485718943
good_form,77.98135201858125,74.50250080568625,169.40412473670062,168.960192034415
good_form,79.06772359505452,74.29044588241737,169.41523029618673,169.09213204708428
good_form,80.12173692036993,74.4769871785007,169.37190839303443,169.32536140008145
good_form,80.8153543942376,74.45390494501382,169.3330395074065,169.41471919869963
good_form,81.5779009999244,73.94221272610118,169.26431181560113,169.5976929117207
good_form,82.09901800999893,73.2026519347847,169.4276688889355,169.8359938466109
good_form,82.99431678808497,74.1708030924038,169.6299664184417,169.80295927261753
good_form,83.75697484669911,76.51607203215187,169.81808075518563,169.98553088069855
good_form,84.39358215879838,77.85347390751421,169.84235698096433,169.98816430851235
good_form,86.37803120097897,79.12481903186465,169.7581832732794,169.9503280689257
good_form,88.55116425853885,81.08274490862748,169.57555950497374,170.0020826640296
good_form,89.66221330553094,84.27243135679929,169.4464507667958,170.0174981515722
good_form,90.79631088221754,86.6187567454477,169.329255997894,169.96193923984194
good_form,91.05652386718498,87.5677757589041,169.25712943159644,170.0385975894576
good_form,91.41854831520908,88.24956372922567,169.17768328411168,170.051176892
good_form,92.76470604014702,90.33808740769548,169.1029236168683,170.06280973691076
good_form,93.66823682274457,91.6088144628533,168.8244039952791,169.90245999209762
good_form,94.08721362329942,93.37704766095297,168.81451303888667,169.61139582315496
good_form,94.74119333384698,94.36513287533052,169.06280879990354,169.7361306887021
good_form,93.60315576619791,94.32799240118368,169.1439976500609,169.5819327394941
good_form,93.15923139805943,95.41848149750531,169.45152969118539,169.6719362212115
good_form,92.84407129070792,95.30217086871617,169.88751492810525,169.72514747826418
good_form,93.50673152193974,95.68001360135807,170.28310781592967,170.25979399060762
good_form,91.95311574551658,98.76409899156494,170.41672290894127,170.84545264046255
good_form,93.72286044074917,101.18309303696228,170.22299865084744,170.96372169521146
good_form,96.22300307721417,103.20522526775882,170.2094061839726,171.1141204306729
good_form,98.57541593101371,106.93267009646647,170.23776301579272,171.1557213352105
good_form,99.23268255216561,108.53117604205059,170.25020852503548,171.37125175152534
good_form,100.63427355556786,109.9583640123253,170.0792024940416,171.44557777277157
good_form,107.10766104720258,111.91151878049897,170.10931700851785,171.77377806962255
good_form,108.64785256665002,113.8985527443686,170.131414617015,171.79592869805535
good_form,110.13031522578555,115.06395557548072,170.2313552561958,171.82421827779345
good_form,111.37545649327964,114.89950413415889,170.36000888290798,171.8385774979422
good_form,113.4558514011778,114.33232686303293,170.41936318958827,171.84758520539683
good_form,118.44869454092796,116.61113557943425,170.4842648058048,171.94475010661267
good_form,121.36494138118451,118.01515465155525,170.71138859198098,172.14189414562586
good_form,122.73245218010956,120.48284238481084,170.97182585938918,172.2355795649592
good_form,125.87037466468223,121.92060113949512,170.96639690486674,172.3432621114055
good_form,124.91938827952595,121.65866718023723,171.0133808755394,172.5239728813932
good_form,124.12923043801754,122.82380682907976,171.1194894531045,172.5618924945765
good_form,124.71122701152888,122.29118138738875,171.30623653734463,172.4664760710425
good_form,124.329254864159,124.34901513271814,171.1407379031964,172.51162895106407
good_form,124.32470216320434,125.83069312546303,171.09472557177625,172.54733301694594
good_form,124.73481203678392,124.93421673226308,171.04419470410974,172.8409676565796
good_form,126.54307639755166,123.79722085956341,170.66217214625158,173.63773037118835
good_form,127.92271381901148,125.64645644835468,170.30082274898757,174.0302168996462
good_form,128.6514446784087,123.52144850468325,169.87810154016987,174.30555222369992
good_form,129.983649205334,124.87373429284689,169.34290104096266,174.40139774719023
good_form,129.43427491779929,125.00634008803002,168.73867479668704,174.49859558910617
good_form,128.5873742158181,124.11674250000671,168.34613119301272,174.4898260164595
good_form,129.57173422877247,122.33949908081878,168.18600729538633,174.37577833522204
good_form,130.5295788581637,122.38402099687514,168.0864407330997,174.31549468097796
good_form,130.72270016555234,123.58937854684798,168.09006247586427,174.23554240415226
good_form,130.7743070791604,122.59781885225843,168.251475641934,174.1837118613051
good_form,131.38681140316052,123.67033558896541,168.55389879270845,174.16539006386114
good_form,132.6602456275431,122.62893146463153,168.82036348765146,174.18990621354686
good_form,131.60732211620257,122.03057688096894,168.90900428218336,174.22949865862842
good_form,130.20177645566713,122.78321412947761,168.89734925230547,174.19133807219094
good_form,130.62396180438893,122.86109224194938,168.79862939501385,173.95588889583513
good_form,129.93374475461275,123.10839344305654,168.85104028653487,173.7358508057415
good_form,127.63970759348595,123.94269138156265,168.98822165516594,173.52912998987142
good_form,128.26921997779488,123.42492324159127,169.21294250195191,173.41615290042307
good_form,127.905354361924,123.50059689761005,169.36129535845765,173.3666631828505
good_form,128.84320125792465,123.91780972079553,169.5143611471797,173.35610074063146
good_form,129.96484798094139,123.69467031406414,169.65736893890698,173.3550509668144
good_form,130.08940648454833,123.51815756384264,169.8055651982966,173.3284599298631
good_form,130.52770715287986,123.54390853808336,169.97777696250247,173.3724506533076
good_form,130.13520701643148,123.11103910538984,170.348777773008,173.37259290888505
good_form,129.62280085649402,123.15854799612958,170.6190742203825,173.34513590010638
good_form,129.18115539292899,123.31655438569423,170.75147127685815,173.32272481910255
good_form,128.6814282665393,123.85697539856011,170.8546385477085,173.3447754354084
good_form,128.426591788976,123.9163268589518,170.94773607246896,173.35980277425176
good_form,127.8919766893265,124.16277277896985,171.04193115538018,173.36459618284098
good_form,127.58711887333607,124.15694297679738,171.13266515268873,173.34302478792307
good_form,127.49044719737302,124.42217385623778,171.22153873509515,173.2002077513671
good_form,127.43608262222807,124.78344931954872,171.33282828346114,173.0423957935565
good_form,127.33340458162468,125.45928493535517,171.4500292050477,173.0459771691416
good_form,126.85066147969374,125.52896402833376,171.51219534754122,173.05764135581592
good_form,125.94490758407275,126.0484309814626,171.60897334135615,173.00782342414198
good_form,125.40276432711647,124.8485689972034,171.61772288881474,172.7049169440759
good_form,125.22833684038324,125.07889125441633,171.5883789174142,172.5884241219951
good_form,123.24753221616714,123.81935877264435,171.4365040477121,172.63319203936214
good_form,119.88358831783586,123.29881833723852,171.23683745171385,172.70353156726077
good_form,118.51450950147455,122.01340574989099,170.9589718252783,172.93013184459704
good_form,114.07976754590945,119.81433995736124,170.54658349424565,173.27567796769682
good_form,112.01482158550178,117.57774633609885,170.29245166584718,173.71996707639852
good_form,108.72158176586737,115.39792708551023,170.26047785567167,174.09385947204635
good_form,107.65811170285465,114.76269815272857,170.21368383820294,174.29250482139
good_form,105.48490428956984,114.42180042511289,170.2042381744226,174.37853674000107
good_form,103.28996135560755,111.13874321654907,170.3362104152203,174.37556558118322
good_form,104.04718706681595,109.6189573397346,170.1456485249157,174.404606123678
good_form,102.82926374483162,110.48709414945083,169.8820910088503,174.4511690439655
good_form,103.44077132265255,107.42529743625425,169.8320105796892,174.80463462941583
good_form,102.52390440900848,107.90433617069151,169.4909944568509,174.88698110762124
good_form,102.18116238686997,106.99338851637141,169.2286624867913,175.02946630160974
good_form,101.49820842236693,107.34795538557164,169.08932190444202,175.0101693550765
good_form,101.00445519645501,105.71184494089553,168.9601533979949,175.00081337940526
good_form,98.17196346118641,104.6909596091078,168.58990038909116,174.96345263226902
good_form,96.15703116588372,102.3515773046944,168.56285295311278,174.8908564990301
good_form,93.14398898960695,99.94641256820003,168.5608608783558,174.80440687294004
good_form,90.4571003393533,99.20002280395761,168.49453492063074,174.46734251205783
good_form,90.45844591266427,96.6825914041617,168.46666333794158,174.3018089363882
good_form,88.38957974395186,93.63542121372188,168.74526000547536,173.87185773295963
good_form,87.99255992890454,92.35238293802236,168.8994755124871,173.45833228850128
good_form,84.90010651172264,90.79115379320766,168.97078928063675,173.06531417521
good_form,83.09219413813793,90.3230550126326,168.7981482422224,172.54593080175803
good_form,81.44313687500323,90.83662308908816,168.79368884344865,172.34004419660224
good_form,79.95340580295618,90.05570636410624,169.04157646939439,171.67456563546784
good_form,78.03061333060151,86.12568026144187,169.06746654427081,171.2859452004205
good_form,77.51194348292302,85.4241395019101,169.0291225741799,171.0614957418068
good_form,76.83205802962783,84.74937906642835,169.0357619952273,171.11182582217825
good_form,75.91984081565772,84.32419930504767,169.0411290070475,171.06210761966992
good_form,74.01151267611488,82.92417881880056,169.05420967343298,171.1957442692949
good_form,72.39148315869005,81.34239820191692,168.66216312266556,171.42780425951076
good_form,71.13520846223531,80.50123902980805,168.5379592121575,171.7448326763883
good_form,69.54201138627701,78.94285687658306,168.45846460149446,171.97397063910367
good_form,68.5021075869247,77.61709191622315,168.3173477439948,171.99974475692926
good_form,67.70559015238399,79.16824847679027,168.27040906256664,171.96125788577444
good_form,67.07358517574494,77.99389364981246,168.15010598002587,172.05977697511895
good_form,65.50757823459472,78.2778640734116,167.97814437883932,172.05078160550826
good_form,64.8736635770129,79.7448213420727,167.93549441089453,172.03852811084613
good_form,64.44942173736627,81.27514916398498,167.6939782592881,171.91246213487466
good_form,65.62350560229805,82.52406149029493,167.0358408105484,171.7999171139564
good_form,66.3031836804291,82.28719167759759,166.5635905182617,171.71711072568075
good_form,66.25009253900427,80.477590042533,166.15353039499163,171.50752008105187
good_form,67.15289615512164,78.12308439714761,166.01247827946165,171.19396835688156
good_form,66.72506322448699,76.94123462927921,165.90227781706534,170.97283869330636
good_form,66.23746760628678,75.9555214071457,165.90296901467266,170.81640126957356
good_form,65.65341837928875,75.3092785699624,165.91357344176444,170.69615892154164
good_form,65.22257198287872,75.50656242713828,165.94169802793726,170.5975469602582
good_form,65.92766064633093,74.9171333938321,165.952889023533,170.55121363585351
good_form,67.13099483123153,74.91048455337514,165.90441573432776,170.443365075427
good_form,67.91636467473933,74.97396501370308,165.983835659955,170.26243134097348
good_form,70.2950063213472,75.63257959440371,166.03834077592208,170.07346597199336
good_form,73.06564430614762,77.12236503287868,165.91262708179985,170.16903212280545
good_form,73.55752984522573,77.2722365487407,165.88066327760015,170.28589331278405
good_form,73.90196934370512,77.3767656977463,165.86617094787826,170.37485282666228
good_form,75.19405925325097,75.49153442615243,165.91026587808852,170.45299179339187
good_form,75.48779881983847,75.48394398502448,165.89272853231478,170.60082084635087
good_form,76.14702624214276,70.05115787344593,165.61029149741194,170.82705094614346
good_form,77.63787469519767,68.54770616616143,165.18070450141073,170.87317645645777
good_form,78.62483134322187,67.61004346829203,164.77831586362083,170.93790744351003
good_form,79.57938611777058,69.47292196534615,164.4035664020001,170.97896548830778
good_form,79.94814075177577,69.28044049504888,163.99647755904653,170.97047235363527
good_form,78.85344104729323,69.11327214746039,163.48144851744624,171.0698201975212
good_form,77.58439779396345,68.60987368892987,163.1681614624664,171.10107670724935
good_form,76.82336750778319,66.65706406855861,163.20473408079084,171.03697077116507
good_form,75.79626178794,65.69714992151543,163.10257814312558,171.06290769075883
good_form,75.24289304922844,64.55165029313294,163.0441396917486,170.92374552621365
good_form,75.07884176093533,64.3308566255468,162.91835219119747,170.89937776043567
good_form,74.67285956411853,64.82229796388815,162.74192809061304,170.93529297166265
good_form,74.41163055399294,64.48652717794562,162.6122275359643,170.81885740447
good_form,74.08255000815556,66.02356743150433,162.50039491371632,170.73910684321044
good_form,74.52688551371399,66.40264034948454,162.33838544531037,170.64183822272304
good_form,74.35667026536494,66.46794590669498,162.22108436033201,170.59912881967136
good_form,74.55383876411535,66.45391394393431,162.0583631537368,170.57031356672817
good_form,74.66081036964484,66.00483278780304,161.963170243368,170.55353141945122
good_form,75.4352812082628,63.6949771242712,161.88546174108922,170.54511560224915
good_form,77.12512397469789,62.85731403132869,161.71228549939613,170.60481700481512
good_form,78.90259087867874,62.42277985757859,161.61186034479533,170.61485960582422
good_form,80.27943162122364,62.60725720595688,161.53380358643213,170.5983275296055
good_form,81.50303311398758,61.6261532461943,161.53926363321386,170.48838592700727
good_form,81.63491477339635,61.676005861654836,161.62135029671063,170.406724406319
good_form,81.54491867640048,61.58255513334575,161.64187764605893,170.285122389741
good_form,81.1350715265646,61.475454842948096,161.6913910642309,170.18575482913306
good_form,81.11504877784176,61.52112480273064,161.67925981892867,170.12073011287598
good_form,81.55994309277827,61.75818466588636,161.76342791236223,170.05892291119466
good_form,82.3242486982837,62.036613993477715,161.667373062899,170.02311914852288
good_form,83.40662470082181,62.23302527353756,161.5119680651937,169.9462178499814
good_form,83.7976030986238,61.922463174726,161.42027515061488,169.79943548686526
good_form,83.59567942632536,61.5942168685763,161.4354375639939,169.64023505105956
good_form,83.68117729981363,61.39907228898637,161.5323091268191,169.51098388123128
good_form,83.38243094441484,60.86952337082373,161.64561727555682,169.3097897753294
good_form,83.0426422556455,59.78600270471503,161.74006112603155,169.04826033951502
good_form,82.74606890172899,59.122037840514906,161.88964797754548,168.87776325964697
good_form,83.00673882041853,59.16815163989895,161.95157835784676,168.73329153412377
good_form,83.56759369599408,59.14944689242472,162.04713646162796,168.49522614699762
good_form,84.0640724952499,58.9492980820504,162.11880343712636,168.30770366368944
good_form,84.3728879314468,58.3214698564009,162.13609555931615,168.00026129168134
good_form,85.09190940662923,57.93838403530419,162.13770883312048,167.73754531157863
good_form,85.1411104724246,57.999098633327165,162.15714230618963,167.60343212250706
good_form,85.29240594890875,58.83968155658632,162.1754791213393,167.5199628246536
good_form,85.57815423964887,60.636170537023624,162.2012613601712,167.38667603984675
good_form,85.86800542824501,62.91185301179753,162.19865435802274,167.31888280922826
good_form,86.14250910416003,63.82426276773234,162.22886690908942,167.26985106480632
good_form,86.32593308070228,64.06907872532821,162.2607996633886,167.2617578142695
good_form,86.48549530091405,64.05481237849844,162.314862175812,167.26713825432319
good_form,86.33342836579291,63.36083255162053,162.34342376531617,167.24453462228774
good_form,85.95646535340589,62.568046936425944,162.37843176602556,167.21503926916117
good_form,85.81966795192061,62.534452748218364,162.4057795926058,167.1804905597668
good_form,85.55142780082801,62.904262317383846,162.45157261410588,167.0740165243387
good_form,85.1813465987898,64.23269385116716,162.5121784586359,166.95175419826055
good_form,83.92727286910448,65.05492692072016,162.51624756069026,166.91610363931952
good_form,83.35096193383313,65.23531714185326,162.5394566652503,166.91321446622786
good_form,81.67493233681805,66.20532818540416,162.47556622827975,166.885422779207
good_form,79.91770468003145,67.09893859080553,162.4053584528997,166.90103352226632
good_form,78.86962165279773,67.06051057260626,162.40507838972903,166.92019405809816
good_form,77.07401582274002,68.19080409148592,162.38164457131842,167.018169607306
good_form,76.05744809166626,69.6725266154099,162.31384774164204,167.10610689595688
good_form,77.02527226872661,69.14679879881783,162.25949870678642,167.28661192607387
good_form,77.44509007507823,69.13847364891396,162.19853262142902,167.68496242889344
good_form,76.74103514134546,69.52001877966535,162.1977555637379,167.97499062647648
good_form,75.57695196584712,69.58383862670644,162.18801852847932,168.2700697976381
good_form,74.97914005944996,70.182479657939,162.4314354802116,168.36293222526336
good_form,74.4393629459338,68.24902694174055,162.69385479487872,168.38363296230162
good_form,74.70265077837807,68.3680753220401,162.98188255543005,168.43628569334697
good_form,75.2567869295723,69.19863882362323,162.97430967436063,168.40823382365124
good_form,75.10713908950743,71.2168428390786,163.05604456426292,168.60077489484948
good_form,75.89420786963916,71.78550427978357,163.17344090806125,168.57043768160202
good_form,76.82256059729615,72.43203562379267,163.1430940689333,168.60843860614256
good_form,76.2587414051067,72.71165012633054,163.23185491113392,168.65525683037137
good_form,74.8360567925937,72.5582799001017,163.36547024327174,168.60660103593762
good_form,74.12528543932564,73.35731964272412,163.46844415789562,168.6464149225699
good_form,74.09722655507667,74.43611033752231,163.54062007166127,168.8172112213996
good_form,73.66928130480359,75.74066272508561,163.57737573881815,169.07150162530883
good_form,73.80412312128533,76.89123044565856,163.64110008006756,169.34414921808153
good_form,75.43005292290188,77.47500594054185,163.74344421724112,169.4329318578301
good_form,75.43040916514926,77.46966835589959,163.78384620280482,169.552954819884
good_form,75.45128599261524,78.32501915516549,163.85137493341136,169.63873510059506
good_form,74.40733978979115,77.30479476957903,163.87807807047344,169.59868281300027
good_form,72.82754069932338,76.87623930172256,163.9155062612914,169.62099829492684
good_form,72.15386411999367,77.61604548266929,164.08147501394325,169.61181863201247
good_form,72.91841830621496,77.97807972822623,164.34113607104064,169.60722447003488
good_form,73.9448792428064,79.37780499996262,164.40670160010686,169.72209849774106
good_form,75.23311705615686,80.4271160298699,164.46659179604816,169.75195827048435
good_form,74.83011120002067,82.21608152538235,164.4310793759464,169.67939811639684
good_form,75.56844686596645,83.4358630426577,164.45102179941983,169.73569635806734
good_form,75.9170396461048,84.65493386949292,164.51051778393278,169.65343407382224
good_form,76.44199909076855,85.7629125030343,164.6144459842314,169.64884816062326
good_form,76.19596274022803,87.71756213720583,165.0928812338227,169.8341180559871
good_form,76.58517819556408,88.40809316542537,165.54549773921886,170.1476783473773
good_form,76.85085172389392,90.36442405719386,165.50905805102727,170.3564251339317
good_form,78.00612955264427,90.89312413133081,165.62883122509012,170.4804503187121
good_form,78.8541180395884,90.98878073197498,166.03657448637537,170.48198677765993
good_form,78.94265603173267,94.78240860893027,166.15834955013398,170.51826450274564
good_form,79.25250589743905,97.50654396840483,166.42619699718128,170.52417724161614
good_form,83.91685560467016,100.98380505891944,166.57778500345663,170.56935162301332
good_form,86.93203073937889,103.81184524708873,166.92509557102753,170.60237473038063
good_form,89.37923354299568,106.62146587361718,167.0132952688417,170.6681979326455
good_form,94.15259037256362,108.49064222117964,167.05851701770425,170.82453341960536
good_form,99.2556498811062,110.64498998117759,167.5131511088312,170.95904719330363
good_form,102.78040148015543,111.41240505022216,167.5295001653045,171.00579860746925
good_form,106.84787683939018,113.35438629343231,167.7581392555803,171.182666190465
good_form,110.14148621594632,115.11055098001103,168.44005448947146,171.42531242317196
good_form,112.59348577055863,116.81160884320848,168.81464530872697,171.65259052904153
good_form,111.49523343447237,118.88927715898716,168.96706900554176,171.77379897089523
good_form,112.3327572026366,118.07166892167002,169.18770485041108,171.76625805431257
good_form,113.89132969834759,120.74718026066338,169.66655582521,171.74772077564165
good_form,114.98934162760492,123.2585738827608,169.9941390925654,171.90405766596632
good_form,114.73686159411872,123.34202938218425,169.93511738689577,172.06443418953472
good_form,115.26038834095178,123.4901456662868,169.9239753160419,171.9421388509435
good_form,116.11756215714743,122.1325815169008,169.86688182432314,171.9240436790979
good_form,117.14701593562305,122.62546486577435,170.16629468055586,171.7408164105624
good_form,117.72938495599118,124.3261818919578,170.3261087796814,171.69349575727855
good_form,117.6100344692224,126.5666169123437,170.56798102152814,171.6839957187061
good_form,118.8728158085176,126.0599088789636,170.5599227997496,171.69621856775268
good_form,118.7681641792891,123.47247526449415,170.66843691672977,171.69100547950643
good_form,119.63566248372291,125.79958217847843,170.5602324285346,171.69323257327733
good_form,117.9109665825915,127.51156462817112,170.6049887294543,171.85308549311964
good_form,117.74893522224997,129.84127336228954,170.68353798420222,171.79023360759433
good_form,117.24943250145924,128.564395095953,170.6348857281232,171.80951469068117
good_form,119.2758623734253,127.39632812777147,170.5839799972898,171.77503927641303
good_form,121.13451533864358,126.9969492571966,170.61762585673276,171.60294151479803
good_form,120.63121630313708,124.93346784236996,170.71076112181424,171.33400808816364
good_form,121.08170504247377,124.53886710092588,170.77916540462817,171.25933542812544
good_form,120.7594619480374,122.95819518491159,171.24594182328985,171.21583998523548
good_form,120.46385901178905,120.50802999222778,171.5803943856764,171.20635591176955
good_form,118.55736769645574,119.92575495026107,171.50656200460526,171.27864282760964
good_form,117.15562257060787,120.13490360826808,171.50992782190306,171.27130275135076
good_form,118.31180477634283,121.5230518177744,171.5113456958695,171.28673185477606
good_form,119.39132561648887,122.90986744281992,171.46808601766958,171.18076993570608
good_form,119.39647301564759,123.16014014565464,171.45176271171223,171.03211735570812
good_form,119.55583750096386,123.11125115260404,171.63268834360255,170.8485445965614
good_form,119.44619457673829,123.01072260690249,171.91958423426942,170.72823326544045
good_form,119.08774682564953,122.94524812587058,172.0552719364156,170.6947178570977
good_form,118.35743665816435,123.04061788662491,172.08354292149662,170.71092072346474
good_form,117.82569143236194,123.25611407638888,172.03353358980334,170.80014305213163
good_form,118.27853091797871,123.99969834605294,172.0693343349734,170.78752842094715
good_form,118.81799829576406,124.83203520679417,172.0200718176988,170.73954562790334
good_form,119.3581609102039,125.86831167032996,171.8978121740656,170.7072499220431
good_form,119.71503415341877,126.55771622881052,171.8645546459581,170.64843322528856
good_form,119.89862555670842,127.25953011648204,171.90776082543215,170.63400532635876
good_form,120.0382995398617,127.59102922817662,171.69555736599185,170.60382934531097
good_form,119.89739721434978,127.53668460066294,171.50190396237033,170.59295154409892
good_form,119.77840084737883,125.97384651846933,171.39252956934507,170.54481767849035
good_form,119.50088979806256,125.57199342404468,171.30637077658335,170.54008979496936
good_form,118.88816740425415,124.17131373296738,171.18571981235422,170.57966550760244
good_form,118.14588026083698,122.1574299678508,171.0768738499719,170.58291503607612
good_form,117.37493307907926,120.83884452588947,171.06401116005352,170.44479088784504
good_form,116.26650354484207,120.53269670001072,171.14666023957432,170.37105829922766
good_form,116.11564931850691,119.74119135702519,171.26140798548934,170.36577435524705
good_form,116.30101172966133,119.08751866329463,171.3168315605027,170.35788918078867
good_form,116.1953552646952,119.13124859131949,171.36027323385892,170.3453695917081
good_form,113.94468176730919,117.34793820245712,171.24205138795008,170.42459773510637
good_form,112.50865326092517,115.02311210534305,171.1978547796511,170.48458467993512
good_form,110.9823653024284,114.09999056572778,171.06004761303353,170.74811171348583
good_form,107.4777005015695,115.27225509533619,171.12294629995264,171.0530670835004
good_form,105.12259105657321,112.26504262353946,170.8613173649921,171.62589773534586
good_form,101.53522757598085,107.00890336158511,170.62191230160667,171.86578718710862
good_form,98.99129745662111,103.17179320992821,170.4929948381261,172.01582206916433
good_form,99.23140333816343,102.05707583440447,170.17917777923984,172.24637514178008
good_form,97.39748869551988,97.74603129528671,169.79485159651026,172.51630921071686
good_form,98.84937921054075,93.7918062226351,169.7362692545756,172.66547994327215
good_form,97.55801826774268,93.56628938232396,169.5151815807224,172.94600313484312
good_form,96.00499224040362,93.21942412910701,169.39678037170896,173.28154509135365
good_form,95.36674049745085,94.17161867929542,169.37353946303483,173.03255639443887
good_form,94.94641827151037,94.25099194060112,169.29304221083942,173.04699655991655
good_form,91.40044819925646,93.1245055503586,169.2358945967403,173.11007346116668
good_form,90.70744700389395,93.51639950330052,169.193523901641,173.05848153573572
good_form,85.51872068309984,92.07519532219001,169.1019227779432,172.97104846028958
good_form,84.32252651590807,90.93745028844452,169.19172921414614,172.89326368973025
good_form,84.30946878902881,87.44930079924404,169.29513051335493,172.6122487108599
good_form,82.26052122768556,84.79177573304011,169.03329940069722,172.2931792008042
good_form,82.24407732598382,82.35880235827017,168.95407243154085,171.86980139774934
good_form,80.07277679465233,82.87385124917452,168.92302619551654,171.2170571662951
good_form,81.86624921964636,80.62251540276641,168.98232613578085,170.72161354158334
good_form,78.05238261745535,79.63162366510485,168.90210543406022,170.7639886530771
good_form,75.462916419463,79.27238880288529,168.9651581729133,170.7290530622319
good_form,74.77646588796938,77.45221600941501,169.08183513374829,170.77023473274775
good_form,74.82099174838675,74.97142227689413,168.93753087892796,170.9584370137249
good_form,75.02412246428372,75.04852993097421,168.8147095808155,170.99857077964586
good_form,73.29729023155534,73.41859869547974,168.81461018414964,171.04087236338083
good_form,71.93966793433844,71.12507356544711,168.68097900970173,170.83150868462684
good_form,70.85564916937113,71.19524579710807,168.64952297532736,170.50523957398158
good_form,71.45205960290188,72.21871034514045,168.37259572621508,170.3266296676974
good_form,70.75062998931254,74.28495066050529,168.27586057538193,170.1593029924389
good_form,69.57442640172239,74.37938031388676,168.23761304036444,170.12692848226843
good_form,69.01554135374226,75.4511295673687,168.22253655370469,170.08329226338685
good_form,69.88498059847035,75.64945442115771,168.19814410847883,170.0589180511522
good_form,70.5324240660173,73.4960080887688,168.3052770503193,169.7698191457172
good_form,70.65645812022714,73.56554175211252,168.66424454328822,169.6846820727461
good_form,70.62860086601849,73.90395471355244,168.8923700602289,169.5948916389999
good_form,70.98380735824159,73.56815877827457,169.4255617848935,169.48749049144075
good_form,71.14916055774563,72.32600264173351,169.69920839976209,169.32116766009563
good_form,71.41369267457405,73.52489975009526,169.9577371440562,169.2976636992377
good_form,71.09073465226184,72.49690849371135,170.04898726146922,169.2422953479687
good_form,71.10747013458865,72.14441007217442,170.05784613683687,169.24980645140704
good_form,71.92209492398358,72.03647273530974,170.04858615242574,169.26050389606735
good_form,72.98911615839938,71.658047147391,169.9526147078798,169.33342381580363
good_form,74.53098108940698,71.85208632193489,169.89042415024863,169.29152554417772
good_form,75.92391730433621,72.4125216771128,169.7049342033225,169.30032741440453
good_form,76.67314847783514,72.37398726727655,169.50375559280621,169.35068844196718
good_form,76.97829052213494,72.95973975817486,169.34016337012363,169.34236327732816
good_form,77.33521309997812,74.76794681207586,169.24639276939413,169.33382595408116
good_form,77.65898349574336,75.4978929960194,168.919506105379,169.229164848669
good_form,77.97187510544184,75.42568009940778,168.5393320831404,169.21312701374967
good_form,78.61112969656733,75.37136632216047,168.3604468908882,169.26661955439306
good_form,79.02399248671698,75.21266250038657,168.15100361339677,169.34199212731045
good_form,79.37203207797488,74.92452095020565,167.965139138679,169.50163049547885
good_form,79.12083075445585,74.70813799246869,167.80531709513127,169.64769101999622
good_form,78.77460167130081,74.99120427132745,167.64093577945164,169.79697621432308
good_form,77.65971794908134,76.23785965457135,167.52869411246635,169.8840051326679
good_form,76.3622228455546,77.6339974231216,167.43368961122232,170.0026395801232
good_form,75.70538725122502,78.7928452529703,167.27761912125837,170.15995359655275
good_form,74.87962727825098,78.40345091747132,167.17296341588417,170.14288069904225
good_form,74.45801619265217,77.42602102782953,167.17764777636998,170.0193768959332
good_form,73.92185494613615,77.16334047350956,167.15693165760456,169.97619750856012
good_form,73.88120110534851,77.58834033479332,167.12425408334667,169.86703700459407
good_form,71.9564628429731,76.93558187270422,167.09349586043032,169.80245253133867
good_form,71.38566641031024,74.18789581771401,167.07002299645956,169.75972847302734
good_form,70.454073543722,73.55069678620572,167.0629166166856,169.67896476698618
good_form,70.11969463634018,74.27597411260899,167.056479395268,169.67562677545607
good_form,68.74450684663276,73.7151349847501,167.0478059168741,169.6712867529969
good_form,67.81834725552872,70.9092719524108,167.09720750262093,169.695346839082
good_form,67.43588397588836,68.59724190799497,167.10337547965443,169.73367727458165
good_form,68.27747965961463,67.86373303823093,167.028261150555,169.5879690127225
good_form,67.63340008428736,67.23409660872437,167.0750752668151,169.5633502010004
good_form,67.65244934691155,65.98212926787421,167.04552755935165,169.660233347315
good_form,66.7818263585288,63.89797038813079,167.049985845638,169.7431703048463
good_form,67.28984299352263,63.11153840853359,167.1283906165711,169.70299529794187
good_form,68.36529665762461,63.155463325327275,167.21192334827973,169.76135534375513
good_form,69.70108903229384,62.996212355688776,167.09294395693178,169.90931172600276
good_form,70.17928395666452,62.91062286790488,167.03125014943782,169.8597636785489
good_form,70.31677733075024,62.67468824018153,166.9142267306291,169.92992864906867
good_form,70.50113664430211,62.116731607137446,166.74749959296483,170.01976564672756
good_form,70.86301682170766,61.7169574557399,166.61303453680227,170.06212551879798
good_form,70.77723926484703,61.7608677736351,166.44342618331382,170.11846036249904
good_form,151.65024753140972,161.99808784670358,169.05985010708784,173.69459153208047
good_form,154.89458221691817,161.40805292357388,168.06208916821527,174.21794451645758
good_form,155.48221847984055,160.94904570000756,167.19755262944017,174.6438636869761
good_form,154.655421211046,160.2106446460468,166.73732383843137,175.14042971747512
good_form,153.58597360091161,158.74110904896978,166.4892296491001,175.34910755712718
good_form,152.21254011700478,157.25862682247046,166.1764095307601,175.4491663149127
good_form,151.0172292564371,156.3550781914821,166.04056059461445,175.39354194115683
good_form,150.4800101086778,155.91189470431027,166.02484728354102,174.87628196315606
good_form,150.88546878394624,156.44751190787997,166.06371947266646,174.08789766218447
good_form,150.59519578909698,155.47615604708724,166.1047212367385,173.62772386123936
good_form,150.38032730228556,154.79310962008037,166.11612889367373,173.14833065736795
good_form,150.18153104661027,156.1273668607929,166.22553650153702,172.67197723677666
good_form,150.0208994291898,157.09699234391925,166.29230984956268,172.65320622961465
good_form,150.03966625330705,158.6486494297524,166.25785174339876,172.72998556913188
good_form,150.87391104920164,159.5736953917072,166.01073107183413,172.8686653522298
good_form,151.77276466064504,158.85584784963947,165.39363947225166,172.83785516599514
good_form,152.64385547874213,158.47720329152128,164.68097538083097,172.67446322093963
good_form,152.51565630763838,158.13615099108213,163.73186102329066,172.71655748333825
good_form,151.60404621074252,156.89360626823557,163.20961877883795,173.02852201624992
good_form,151.10643344535404,156.25371378379666,163.02635445226437,173.1885748101126
good_form,149.28106849576272,155.16904416247317,162.92227551836945,173.39761540487103
good_form,150.2445845409531,153.60261949527222,163.02174562513736,174.0759971178795
good_form,149.2952005332132,151.9180752406048,163.219224797599,174.65156721846319
good_form,148.3597900580416,152.10127480920656,163.0644354432772,175.09169996417998
good_form,145.8026416039516,150.7766318317561,162.61750205413907,175.3171845182387
good_form,145.75836291443017,152.3404938093763,162.62370410932618,175.7158595847342
good_form,144.81054417879525,152.6315184763517,162.61656971951177,176.0372592824736
good_form,145.41010933161218,150.7937007211991,162.92414075659286,176.33786602578385
good_form,145.84485507364795,150.65426284676548,162.89636719886718,176.45240447176147
good_form,151.0625215422127,148.37482717217605,162.66861253331982,176.5348273370465
good_form,151.44362604635532,148.9593700860186,162.78602072005023,176.36580178666776
good_form,150.43640621671588,146.5580362778096,163.18076566676785,176.30049901850552
good_form,152.71603923545533,143.5648023783603,163.7840605756626,176.46482393169924
good_form,153.52607729861262,138.16654546164816,164.6103633774428,176.61085756153435
good_form,152.93708450429187,131.13350850258163,164.64107802731655,176.34483260104173
good_form,153.52368514735124,130.07248555727648,164.64479869305157,175.68783533086983
good_form,152.0768199459198,131.51209252424013,164.10751743869844,175.3842086107214
good_form,150.9552912625611,129.9920553086709,162.92017474631032,175.3241490317105
good_form,143.8416859049974,128.1962510356552,162.2973861444616,175.24399907342206
good_form,143.13870426596708,126.34402941837261,162.85445752354434,175.16743338605366
good_form,142.90122487225793,122.89387323437478,163.1237045960412,174.71613296925113
good_form,146.60767466077237,121.01361813691625,163.6787694197451,173.93130530232148
good_form,139.53725700047679,116.93341149030056,164.26957237976,173.17448683140373
good_form,137.20314189706164,114.59207725873067,164.30206424020952,171.6599792385973
good_form,133.17211153234226,115.52279544633211,164.87951209643663,170.7751200736022
good_form,131.5242163131455,116.6996490980076,165.32161347872193,169.74605486587174
good_form,130.59983501306613,112.74648392268158,164.34353056022417,168.3734402408874
good_form,126.05675768863983,110.65866752741667,164.24323532070557,167.97442113087982
good_form,125.11364177666394,108.86309871909967,164.2658850286975,167.2398148696232
good_form,124.8997924666788,106.17699108892154,164.30576260309957,166.34822146613533
good_form,124.02888042073491,104.75433365641653,164.23153307164324,165.52771704232273
good_form,125.86381602456674,103.47178349884143,164.32923864113346,164.9908146621921
good_form,125.73229051412223,100.80156543620284,164.6020152773784,164.3045821058304
good_form,124.18303611680803,100.056758366021,165.1324915029975,164.53620916375726
good_form,122.80066008599559,100.53181436196408,165.28739462853065,164.47589870035497
good_form,121.08645618263435,98.50830964312622,165.45189509929557,163.97811088013472
good_form,118.24451637838624,96.75130230949694,165.30986785709402,164.36308382158515
good_form,117.12820018818806,98.48710294911739,165.04407550488963,165.31379512613992
good_form,119.41742043310082,100.33085220293796,164.88522155744556,165.77985148309344
good_form,119.35262635399823,99.72084290462223,164.57871332291256,166.06639730635288
good_form,119.69081180475389,98.75747621387245,164.761250223525,166.21744324337615
good_form,118.6586850517609,97.79607710787948,164.5619188602865,166.24453418817944
good_form,115.1565757177211,96.47160283237353,164.8277679673262,165.97503718556752
good_form,115.54812565349565,97.515302113694,164.76785862274798,165.66669197773047
good_form,115.13398966555847,96.21470148865053,164.6739853273807,166.06069408180835
good_form,112.52031458464623,97.01916213404081,164.4807299143696,166.49455913901807
good_form,110.89237317701252,99.0564403377974,164.12266843277044,166.66340665343358
good_form,107.5927309176397,99.99876598214215,163.76328489783256,166.54303731393537
good_form,105.7074108596538,99.33122993094834,163.52994189398768,166.39523928173213
good_form,104.89703378446015,97.66869418461759,162.82569776410435,166.59590425833107
good_form,103.73120203532905,95.55429534468661,162.67296703089926,166.8592419730312
good_form,101.5353393499846,92.27209972252503,162.46508691061345,167.08659448617448
good_form,100.18784527744684,92.48758526158198,162.26369697552846,167.12789882722907
good_form,98.74363370025219,91.91276099472138,162.25863187783386,167.03166716922897
good_form,97.48619847318564,92.19203726614384,162.22214536552553,166.89955000683406
good_form,95.83845038091053,89.08088150834682,162.13693611917043,166.59183314505188
good_form,95.31380488343065,88.41207656028239,162.16085478846696,166.31124753872734
good_form,93.92595641586803,86.03195556647454,161.84468945202346,166.40816122679357
good_form,93.79724706158142,84.90859562831704,161.65494300983488,166.61043795450485
good_form,92.86350571949832,81.98987867768834,161.54097638709376,166.85608433051212
good_form,91.95119616078588,82.06522170394359,161.36368909758485,167.16280358498582
good_form,90.66230288484067,81.85144733751149,161.3198943662301,167.02264671022223
good_form,90.19369442967736,80.87157367575965,161.31040787969562,166.74412361355982
good_form,89.78534080638732,80.34120041686923,161.53230792872324,166.3139766554473
good_form,88.9236220755934,80.22886036992038,161.38339442148938,166.33675006035037
good_form,87.81678931953554,80.04650082975438,161.44330440435905,166.0584545357001
good_form,87.02272364620238,79.93237174581999,161.34470653288736,166.054089141448
good_form,85.22994801109216,80.04068253740185,161.30731974571782,166.2210698000369
good_form,84.5830261676167,79.56061132320953,161.38158876193648,166.32418810872295
good_form,83.63651551648404,79.68779948687285,161.51742920598093,166.29588883324078
good_form,83.42903940608744,79.68381068260084,161.54650564296503,166.33226330612035
good_form,83.211593896956,79.63212561541388,161.532246659125,166.3233472860691
good_form,82.48184989728658,78.80743852474366,161.65649706574928,166.37728036815867
good_form,81.52123108970316,77.66124151319059,161.95371899753445,166.31970220995532
good_form,81.14808196526378,77.06189002485843,162.2339250832105,166.22271550048814
good_form,81.39862216535884,76.14049173079432,162.47653197727334,166.04190748269582
good_form,81.70497252979546,75.50050285167302,162.78548021577203,165.69298787221942
good_form,81.90734051902308,75.19185557074715,162.9817444276259,165.6383081342064
good_form,82.16955862259455,75.14540052359598,163.09864068944447,165.76985385332128
good_form,82.33609072075028,75.08436391264314,163.207212943939,165.8175640063998
good_form,82.37616937219664,74.84070052502689,163.49257047714946,165.73704593841637
good_form,81.92489872810383,74.69206101639928,163.74977256473338,165.66672593731485
good_form,81.47701492861525,74.7108368742126,163.87293294762839,165.59665214314657
good_form,81.19008936727232,74.77979657629466,163.9443557764439,165.47623616930915
good_form,80.89809584197833,74.86031433974924,163.92835187270254,165.27297699266055
good_form,80.64052810861686,74.93689616893468,163.82313520294005,165.15030866893238
good_form,80.51194962935982,74.93727935430441,163.8446243979775,165.05135663780368
good_form,80.37496245604936,74.96559019240078,163.8868779503916,165.01604419098413
good_form,80.0539629283438,75.01215596259026,164.04563068683598,164.89845860164792
good_form,79.87497549121365,74.92918643822239,164.15598061660756,164.64519865888394
good_form,79.69942945281934,74.95521073924404,164.39332706834873,164.38123985875362
good_form,80.24970745703789,75.24169403750477,164.559793026674,164.28090638110257
good_form,81.06707384594256,75.83962403731725,164.6481502392359,164.26627030565587
good_form,81.18776744174275,75.90578798633786,164.93368262426446,164.02621481763796
good_form,80.81445309264716,76.0683750079774,164.94975207551195,163.85732286590863
good_form,80.52977082647674,76.27769315734548,165.08877109288682,163.58596248992208
good_form,81.4418738574714,77.3299072177544,164.90137252314491,163.44993757656212
good_form,82.24390147089304,77.76982788442137,164.62731127571564,163.6055385616686
good_form,84.52435814226489,80.68296815507392,164.45200338425212,163.65006694715157
good_form,86.53793462683242,83.96886034277935,164.4585290703436,163.32475526759325
good_form,87.36355339428279,86.16174678606917,164.49378722285354,163.0869646898249
good_form,88.49436128236806,87.3760554611519,164.50840840927725,163.20367881650986
good_form,88.71409270934383,90.73555471373139,164.3222534772107,163.25772771635462
good_form,89.66805674889156,92.67989377383786,164.46135606604295,163.3209805788253
good_form,88.40307121237957,91.73539077100207,164.79082778326392,163.36699395946945
good_form,88.71237691533878,93.25987630389805,164.97715738615733,163.38143454395976
good_form,89.30518580335048,92.5153469560176,165.07432585216927,163.0763787054099
good_form,90.14980999311005,94.59553704973658,165.20971535627,162.9633518684935
good_form,91.39376297393049,99.41717861879302,165.30070916816425,163.04721400491476
good_form,90.98598103154562,100.50662275314289,165.38236265938875,162.9876431514153
good_form,91.28731744310704,99.70710631430735,165.3739702209506,163.02935600698476
good_form,88.84583726328255,98.38835912114402,165.36251723283027,163.1513971456069
good_form,92.89487079154114,101.3138309666554,165.2139201736743,163.3534788859838
good_form,94.02703195332752,99.48399947528027,165.19506388084145,163.400134464199
good_form,95.64179633842757,97.51595360560864,165.06316177374111,163.64216812838595
good_form,98.69214579651572,99.55751155637326,164.8757480831369,163.82214405717613
good_form,101.49845213352751,100.0019471353079,164.5075791515471,164.2306495395084
good_form,104.14803214739547,102.02308138448174,164.04482352458209,164.75804180585774
good_form,102.95928958325948,105.57469361745699,163.90221641774937,165.03477181004212
good_form,100.39554250436413,107.50838793396053,163.94460015594245,165.14356469409623
good_form,105.0437499438591,109.01330414624178,164.0209854735056,165.38742308049868
good_form,109.2731249579574,110.84743425768463,164.00672359407864,165.6539527882408
good_form,113.74554829107808,111.40923564973728,164.19801372509048,165.73699838106282
good_form,116.37603715779193,112.80474820316522,164.65562938021625,165.86542853575506
good_form,118.03269879665305,108.14813003774088,165.01637418804327,165.8317860825975
good_form,118.5588405265976,110.82519342816646,165.17404709681304,165.98221810990097
good_form,118.80096953726894,113.55040455901845,165.05293288854926,166.07033640861346
good_form,120.12491797957927,115.87331826233208,165.11651443728846,166.190269222159
good_form,121.90094829035903,121.25472103524035,165.13706176611527,166.34965262004428
good_form,126.14528539463015,123.77315683836753,165.39592134861007,166.7083890308817
good_form,128.02364295452637,128.01433330545805,165.49047715311434,166.6349348919936
good_form,129.75731369961792,129.00916549923332,165.58202200694896,166.58527947542706
good_form,135.2231137187558,129.92116789835333,166.11200797715074,166.8824214780978
good_form,136.81324249381382,134.69516545023217,166.02252761999486,167.35127736596684
good_form,138.28144851867333,135.71407236311674,166.10441891610122,167.37600365716816
good_form,139.53439113662168,137.5905644298225,166.34845641606537,167.71725133717507
good_form,143.76972842640913,134.95998937323992,166.39893980725336,168.08949496471448
good_form,144.74770886151074,138.6162238153946,166.81194944699436,168.41671415414234
good_form,145.95634046154262,144.63445061097804,167.20580161000225,169.0982758909138
good_form,147.4713427219449,147.53896261615884,167.58786888646918,169.14271547457201
good_form,146.844179688668,148.41832361131108,167.72852332903128,169.28219472591712
good_form,147.2609964867438,149.79497435011552,167.95286141781702,169.55420282451027
good_form,148.81692215506274,151.89236971078705,168.17466874855558,170.57820369803989
good_form,149.57989282680614,150.53955897699393,168.3953452019736,170.95022117448175
good_form,149.8416795094421,152.8074586221926,168.11001893842007,171.36019673937597
good_form,150.2475627605441,152.88428262738373,167.26474413338943,171.62345392020302
good_form,148.94095807748602,153.27296295609136,166.98195000056828,172.11327044570933
good_form,147.28453962041922,154.54038460900756,166.54862347453576,172.18481740125875
good_form,145.85861226887224,155.0196982107373,166.23967616576755,172.18220049165228
good_form,143.21353899166147,156.41220278276646,166.0621027206489,172.24777969437494
good_form,142.36992794082835,157.36454532913118,165.54784478372395,172.46423473403556
good_form,141.749800351352,157.16374526410078,165.73081718718396,172.4770524229334
good_form,143.05747348080405,156.5571214662875,166.1190201620095,172.46621902250038
good_form,142.2773415818739,157.35632264753377,166.420113056106,172.55898098071833
good_form,140.82537930177858,156.7020425037989,166.57778228152546,172.3747827556685
good_form,139.2944019385587,156.37916431598734,166.72356584807076,172.47556878585743
good_form,140.34303497892944,155.9453161358454,167.03589071999767,172.25086010151307
good_form,140.4113116799516,154.78038423657955,167.4414105589365,172.10859089840537
good_form,139.05067692407556,154.94172963188032,167.60989011037856,172.00420205585675
good_form,136.37252229926645,155.30940427281473,167.88671936979438,172.0583937631826
good_form,135.8883518731401,155.79841437939143,168.21853116646386,172.06310223934773
good_form,136.07032375361317,156.10657248752108,168.73080508963196,172.16692662233422
good_form,137.3174263396109,156.6139432771757,169.1993560285894,172.27626216789292
good_form,137.65895870952943,157.2868187470991,169.41296696353928,172.46816158250832
good_form,137.65311782066885,157.5247384350781,169.31633617874382,172.82394380434707
good_form,137.54783579692685,158.5867376174192,169.12384483586675,172.94191880102667
good_form,139.16179474372885,159.03338631651678,169.1138104776477,173.17425039212623
good_form,139.38195922679577,159.6922794360703,169.08000811513796,173.23750824400352
good_form,140.40746887387863,159.5048116438302,169.04582992326002,173.53071164192306
good_form,142.19975445884438,159.848917561215,169.26625928572568,173.54777177069553
good_form,142.7023664355997,161.02035604937635,169.55658764699953,173.41038569424373
good_form,140.9700709340683,159.7836157137167,170.02087925610635,172.9980158665721
good_form,138.7534416734243,158.6276015463466,171.0124005852748,172.32104057780015
good_form,138.45178382508482,160.55537558703884,171.01533589976424,171.94271658449142
good_form,138.27370126829038,161.33914980034004,171.05910669394126,171.63548133607827
good_form,139.17480116226636,158.69783056610564,170.7962958506104,171.51509439591442
good_form,138.22437245550697,152.34496531447604,170.5702103148828,171.0460452167137
good_form,139.31205395535116,145.0872221775395,169.6960127939606,170.89585986303317
good_form,139.43477280824084,140.5195379240277,169.3136104101423,170.40812425913398
good_form,140.56243477544442,135.95170538756142,168.96829100166173,170.47025352038935
good_form,140.75218476004065,131.91489960707736,168.5877411707,170.23556700260778
good_form,141.4135781271039,134.40220338156902,167.38138246942373,170.3697604237015
good_form,139.76855264581906,131.20312686048217,166.55526680109813,170.52363504185064
good_form,138.98534367084991,130.25274437531664,166.41914041104684,170.74255316681135
good_form,137.4217997558253,128.09364592036655,166.2829704089753,171.0767538264159
good_form,132.93933483170468,127.09798378876802,166.18167077291554,170.71832108500638
good_form,129.9244124998995,128.45097136687664,166.21333315453052,171.0441218850287
good_form,129.56336586375565,123.97352063965302,166.83830165443013,170.8995298374537
good_form,126.78927959523574,118.27806683170655,167.77630039565335,170.7619661307124
good_form,122.65350036718516,115.95829247184979,168.4913786630135,170.12633536223123
good_form,117.53198978506137,117.36270546783238,168.58874463572852,169.65367201212987
good_form,121.87717784330957,115.91523145167278,168.53726615109395,167.60745941316392
good_form,124.13679912277783,111.66099154445436,168.61265490781057,167.35251283584472
good_form,117.40794486306086,108.78503245646132,168.08470689794342,166.18364140506392
good_form,113.17056901993686,105.89435488397598,168.35670737727918,165.4559773293787
good_form,110.8817581035693,104.38491197848612,168.2071602846024,164.91479767910673
good_form,108.66627859322423,102.39177058181114,168.30024585379147,164.82198066510574
good_form,105.21772205729422,98.70739979700069,168.76567045520613,164.74046119474602
good_form,102.12913028907076,97.77842468955986,168.42262703479665,164.42477355673654
good_form,103.27002844350943,96.4332360444373,168.1414637971594,164.0671426044303
good_form,99.85452752366649,96.64028149571338,168.0485207091053,163.57846651204434
good_form,98.50195968963476,95.63162283604044,168.0933869431455,163.2360942405409
good_form,96.3999981960578,93.60469486059796,168.41001519772485,163.26321501581458
good_form,94.43473815468161,92.29416249752914,168.75487998294048,163.20680028516216
good_form,93.24171613389649,90.8950076344706,168.75835938092487,163.24660714195562
good_form,90.86932827337634,89.87368147827709,168.97290265497207,163.1194047406607
good_form,87.48802880714916,88.24750282695635,168.95598048461892,162.99221099619447
good_form,84.94965295671378,88.13373198769787,169.01747087967075,162.78880691879016
good_form,82.2020706891052,86.64210504568396,169.32902769083125,162.5820061827397
good_form,83.0819003973845,84.55662229533262,169.86889799376212,162.31317408583413
good_form,84.5608204031505,83.2661266597377,170.02023954755842,161.90815821739238
good_form,86.03331043062389,82.59089384096762,170.32782899736995,161.14341387982464
good_form,85.36073458286194,81.03149402141985,170.55569629029804,160.99229792683727
good_form,83.97994282369909,80.96422340494782,170.36432824320232,161.37457747621997
good_form,83.74498978731106,82.50160372094597,170.0722641743132,161.71256433190385
good_form,83.30953149049257,81.86628770136427,169.8219955829437,161.81172775953604
good_form,84.2386328529632,83.04448130923244,169.85844641970442,161.55938455577694
good_form,85.71869649000044,83.02871482607799,169.5706730717731,161.52633682520263
good_form,86.30018527527653,80.23338979637532,168.79735311100632,161.32579807544207
good_form,87.38729957453832,79.31463066163016,168.472521841453,161.21970515775305
good_form,89.5466975860439,79.33890498294198,168.15465738603507,161.11017914948727
good_form,90.55647188544056,78.87767109960694,167.8151113859036,161.0217107074007
good_form,91.76266217809886,78.9618432670325,167.75359493351215,160.90142447239995
good_form,92.67386662101568,79.32490901735159,167.51651687586389,160.8374384380415
good_form,93.03322364530173,77.60396189060093,167.50462839303347,160.747603784998
good_form,94.42868994801627,77.75115184383746,167.4881423319354,160.5737441971379
good_form,96.13316112988026,79.13113601777775,167.41148926563227,160.41298494391728
good_form,96.93201469448863,79.22023390673174,167.50666696561612,160.34396480764303
good_form,95.47364014440589,79.93456893934939,167.86444179220226,160.24061060080655
good_form,93.24707099543174,80.10806442694734,167.68391733014087,160.15161331247455
good_form,92.69530013189218,79.46302262144401,167.51565085469574,160.09354291247033
good_form,91.2172544576318,78.78533546552212,167.3075002926003,159.94275761740244
good_form,89.7385008233804,78.53610178244676,167.07055851341605,159.81179620327896
good_form,88.72557466913722,80.04626906988692,167.00127563584834,159.68920898601218
good_form,87.25922353836167,80.11151439051496,166.63146526413755,159.6479014029523
good_form,85.37415449168002,79.60704956586268,166.57211987771748,159.66899839511393
good_form,83.4619851972892,77.87198677211362,166.5126656889943,159.8322028679142
good_form,81.85266319522509,76.11739147864932,166.5341646800522,159.83046845939523
good_form,81.11813711498058,75.14856895246986,166.4866453466067,159.90384838708022
good_form,80.8021617893856,73.81338400630975,166.44872628917156,159.9916776296579
good_form,80.13775092983512,72.35320590588432,166.4366174581371,160.0716341527279
good_form,79.66954221968012,72.11886912024414,166.47468340716244,160.14545177499073
good_form,79.45358415512048,72.4498479670341,166.49585182331177,160.22015842510487
good_form,78.99112203392016,72.77657590368987,166.32538743679402,160.4075133443589
good_form,78.8289290075732,72.8989144535444,166.03557784086888,160.47737387691484
good_form,79.0593508837303,72.97664628636015,165.55878846063766,160.405263911171
good_form,79.38968435984901,72.97023390913132,165.33009951251427,160.3721781485083
good_form,79.65446345941336,72.89615613711055,165.2485119085555,160.40075242716244
good_form,79.63494164787593,73.18954154515913,165.17200791954187,160.4738576671375
good_form,79.59614664264325,73.25520973605073,165.13980974891942,160.51570656824373
good_form,79.39198256141106,73.61000981757125,165.05534613603808,160.587387081174
good_form,79.41540892080074,73.8485539989121,165.04052288569193,160.65191276465382
good_form,79.38065676194594,74.00998777856456,165.0196714627961,160.6211946970259
good_form,79.31778615958457,73.97260210531978,165.05108355982244,160.52893165066766
good_form,79.27547378510185,74.09962566584386,165.0329149194571,160.52228738667293
good_form,79.2921375233173,74.37631213019401,164.99495479825563,160.52031642017937
good_form,79.28725255968772,74.7864968814463,164.970357455517,160.49175643587984
good_form,79.27154834596966,75.21291041985239,164.97313572010617,160.4826925696236
good_form,79.69456350965316,75.7511954467029,165.0368623844486,160.4771697295085
good_form,80.36057058600218,76.57978363487476,165.04045683260287,160.49182416778413
good_form,80.67123862449053,78.00816839216063,164.91367474202772,160.77686545549824
good_form,81.93354426261693,79.00407009311849,164.9531493154897,160.84386354574298
good_form,83.12372037673104,79.35529606380922,164.98024699115265,160.8803954527324
good_form,84.34153031874689,79.59866636911536,165.01780100724818,160.9041719562505
good_form,85.4389825074365,78.89687753565289,165.23134209603776,160.7914024162863
good_form,85.38975264018632,79.1740893523098,165.39878889154065,160.868360580727
good_form,85.9123199717988,80.28286091685156,165.24793847308695,160.99154814680023
good_form,87.28749557207053,82.15222943103255,165.1778220996029,161.1167961667052
good_form,88.90445925380298,80.28922528686337,164.93617535203197,161.2247208645633
good_form,89.90206290666067,80.38092620952935,164.88521973724167,161.28725870708973
good_form,88.98346650268978,81.34565945506604,164.8073426213705,161.291931823845
good_form,89.62958161399331,81.86458456812979,164.7322518312658,161.30897857065173
good_form,87.06229029297566,82.9324277436373,164.54381907618384,161.37462881469426
good_form,85.35519259654322,84.61143120698222,164.58694945755104,161.5546067471051
good_form,85.64176136758824,85.4022593723082,164.70653184740866,161.7585852237502
good_form,84.89011364994747,84.29824794834613,164.9161769931017,162.0472166405388
good_form,83.82712783002594,83.26128102756743,164.98514047305537,162.52752527099867
good_form,82.95497889311031,83.94766064330108,165.00386248653723,163.09985960699447
good_form,81.08886594038499,83.59692996660074,164.94925820044716,163.95274338559767
good_form,80.68142752285499,84.80574066270822,165.09793293735075,164.6707863970299
good_form,73.50919322906866,84.56374214400685,165.0722938982555,164.97853270182858
good_form,73.19355982060647,84.15645287579352,164.9534313532912,165.4025271922377
good_form,75.15246319877092,82.2037596723132,164.87792392007321,165.68654340380647
good_form,77.41448014409875,81.81253643004774,164.75650782299945,165.90706491567823
good_form,81.00444655096686,83.23486784787698,164.44176681897605,166.0753454544797
good_form,84.090436828711,85.57841296524944,164.15984926472862,166.36078413968528
good_form,86.09261006606096,86.63796699836608,164.09312005056327,166.77599638967493
good_form,86.98308757389879,88.79760080265208,164.2095785285727,167.0735062029132
good_form,87.87712700940187,92.01657114135064,164.35360205095589,167.31256212202192
good_form,91.51429377543406,94.181963433626,164.4793754799352,167.37025726681404
good_form,94.23651238230951,95.10369732777552,164.85332132480542,167.3606600488206
good_form,96.85798727667225,97.33453633446962,164.88317363677518,167.5218769204434
good_form,98.77239159060395,98.84750143246875,164.94913320577527,168.14146074586063
good_form,102.20778934549298,100.63540425748657,165.08778501160265,168.1624385488544
good_form,105.62295536875652,103.71196468985922,164.9134706051322,168.61853581991065
good_form,105.50928567420945,105.20331206788005,164.9383922524228,168.78495519050628
good_form,109.20791472461886,108.82493720050932,165.085812485658,168.88164678198203
good_form,107.08433455786889,112.00047187511342,165.15449162136164,168.93163474969276
good_form,108.89834621648265,113.80183805283697,165.3565671891067,169.30804577456627
good_form,111.67121498863895,119.04237245018717,165.756997410189,169.9264058255657
good_form,115.96756554171984,120.37616419657496,166.0301656810547,170.3600719298868
good_form,119.31760876269877,119.24372110356265,166.86264833521705,170.12356097871324
good_form,123.41606802171071,120.5134737474529,167.46893719797822,170.33975529175137
good_form,125.3495229111333,125.34260624117029,167.47960037201685,169.93304037223933
good_form,126.17403138081954,128.94962772600746,167.48316957856971,170.12491256895345
good_form,127.85249956938753,131.88477679202526,167.42095283073368,170.64644884781427
good_form,129.6370738753268,137.5896499730834,167.44247070631448,170.9756392741668
good_form,130.71468856607626,139.17672609932538,167.34462920150324,171.3973816141927
good_form,134.5741786753605,140.76349349777092,167.52551428609183,171.56353140909692
good_form,137.5952681383687,140.8082937727969,167.57544991895156,171.79475325841935
good_form,139.73934983886764,149.42738438124618,167.95431400816344,172.2897406619692
good_form,139.68356963010314,150.9579383646421,167.8499104504182,172.6014864023595
good_form,139.10360845375044,151.16620637677042,167.8755704437378,172.94280597619107
good_form,136.61729680580675,152.9288353888028,167.93298960036384,172.93625344081792
good_form,136.38431371653255,151.34700338520244,168.55643938658426,172.7033308779154
good_form,134.46842603945947,151.53854872917327,168.53479405066918,172.5279894463537
good_form,136.32403487557428,150.44825031156725,168.27712943160824,172.6877524474573
good_form,136.71279373802642,149.68409278435473,168.03533450513277,172.4809178281613
good_form,137.54847526625775,149.16078986356652,167.79955010124763,172.24125965730116
good_form,138.22380816268745,149.74453962235305,167.68855035644896,172.17086487971258
good_form,137.62184202098285,150.63631720909112,167.53038027743065,171.9264024063
good_form,138.84571566282264,151.24118466748564,167.28027670836317,171.5882982200728
good_form,140.48609558372286,152.20921236854676,167.0754623044605,171.5134543321126
good_form,142.39501679080146,152.88812354771915,166.8241301992433,171.67338279483536
good_form,143.7056942713566,154.07173730362356,166.56447333773247,171.8385718332824
good_form,143.48443202234066,154.9957657805414,166.29419353733192,171.86290428849986
good_form,143.80329144556856,155.91063113053954,166.0124597299578,171.92603046007386
good_form,143.08390974210647,156.98419477035688,165.71464938475876,171.90332516371
good_form,142.94105089083698,157.3170784497491,165.48026273263451,171.6992655007284
good_form,142.87630033023257,157.22557736540745,165.32462908896886,171.6361916218731
good_form,142.79078072016736,157.08702816809915,165.29930618751374,171.49044568986528
good_form,142.77876499322903,156.9423916851235,165.27359615091146,171.40775854532643
good_form,142.66021342237156,157.03810450770118,165.30295607703084,171.25992618732147
good_form,142.1926872688714,157.0796630910551,165.3813194980547,171.08192005206695
good_form,142.04313430727677,157.1785777754402,165.43779553783108,171.058704828494
good_form,142.31976819921863,157.09857795218116,165.46863540726648,171.0110975876105
good_form,142.63973647661237,156.42222075632156,165.45667673747684,171.01078730065856
good_form,142.2380246128327,155.31140056201374,165.42057005768143,171.16481767720873
good_form,142.74254710483908,154.8131476293742,165.36550951360525,171.63249817075913
good_form,140.70090146815733,153.84624708509378,165.228457649047,171.99838738247638
good_form,139.07514292841518,154.25862993096706,165.14912016446033,172.18501359099875
good_form,138.40377186590544,155.27808195625522,165.20454364726436,172.3780577552298
good_form,137.5241210269383,156.33771597727437,165.2102284176912,172.5298385275074
good_form,135.76392519684558,156.05660012417263,165.1952310038034,172.59111885552682
good_form,135.15410266516045,152.6630495622724,165.16583406782374,172.68160379677585
good_form,134.91141096920228,151.30219374252786,165.09680729176014,172.75852260979408
good_form,135.1026403166521,149.1683167566121,164.9341543616518,172.96555128438243
good_form,133.34867770438882,142.34803181060394,164.88686186421046,173.00139644118184
good_form,134.1146689694876,137.0053658303639,165.22231927365243,172.68889983047188
good_form,134.99942105772453,131.25825195963935,165.36713355843327,172.28002940019684
good_form,133.57721198903153,130.0967011607263,165.52037279027968,172.0886941968128
good_form,132.97958192761746,129.16639015871667,165.49176894282027,172.12963709419333
good_form,130.07954604887698,128.31913197382733,165.13034260550992,172.17077157850628
good_form,126.94102504607454,129.17458905961155,164.94366621859942,172.15125969100043
good_form,121.47927620763807,127.74325500295953,164.4474650159993,172.10503620803814
good_form,119.39869580819493,124.92665139730444,163.9832731627854,172.0318343359249
good_form,117.90788420099284,122.24073193574576,163.45713279746715,172.1102833488124
good_form,117.28215542132747,117.97373387775983,163.38721000890797,172.0945585436249
good_form,116.28347350493647,112.53551117600013,163.47677978055154,171.67357387748024
good_form,115.05002692473997,112.32715612712447,163.15035613469294,171.40976628946535
good_form,113.3086145004466,114.59983000678065,162.98909427748376,171.256436852053
good_form,108.14085353698366,113.95305824980503,163.7079281891954,170.9694880284175
good_form,104.56921667843625,111.32124204579827,163.92623851878406,170.93447247454804
good_form,106.1518513492932,111.37802130534932,163.95867181489413,170.73401020359267
good_form,105.26427416125131,108.90421355969502,164.192986321919,170.29330394950253
good_form,104.49162023501705,106.22310698265566,164.44930273478343,169.39640016372485
good_form,100.53957790870447,103.00740023145447,164.38771042712884,168.9284064817156
good_form,97.8731538499323,101.94604400093301,164.18263001303387,168.80132704246694
good_form,98.01546207053696,97.46327580272045,164.50499469308912,168.073532539071
good_form,95.74702935565371,95.32417400794395,164.7115142746988,167.63297089176095
good_form,93.46638722129735,94.3889302698824,164.7520337768631,167.12756308669694
good_form,91.81859758749633,93.8605121590923,164.7904418406487,167.061434711001
good_form,89.61297599048721,93.5499196226,164.69164876439257,166.935763344929
good_form,87.87789037283771,95.39989896753225,164.5979818885462,166.77656378900355
good_form,87.15497526002356,94.6415090718371,164.65915378973446,166.5701032839336
good_form,86.79768676400468,95.3114091456389,164.69607002070208,166.31986562615427
good_form,87.81424827537357,97.72203579692913,164.76984019955975,166.28069498463856
good_form,88.1653217250072,98.70720804005114,164.81205924548883,166.252598141027
good_form,84.91221314183056,98.75973785872254,164.83551310160198,166.34272644217057
good_form,85.88398219677416,98.92511606958814,165.04244320482456,166.28708676765947
good_form,88.11874954697625,100.47936335162217,165.17838455636283,166.19962964269803
good_form,87.74235402110958,101.40841830632596,165.14233326344734,166.16441248511512
good_form,87.75260424916553,100.51173878320378,165.13683040035838,166.0467814373589
good_form,89.42349792709868,99.35698092575612,164.98534284303403,165.9014789869466
good_form,91.06502588348567,99.31318325418295,164.79172851381693,165.7709073122004
good_form,91.88828590634868,99.36269576551287,164.6923717617674,165.6925903850584
good_form,92.41218217710721,99.0110980996986,164.52587209014612,165.50210892996662
good_form,90.51842771964698,98.71282636102403,164.42306887208085,165.20278455286424
good_form,91.43850001057567,96.91845947489026,164.38038261308284,165.07221408892525
good_form,93.40045362240399,97.94174757894434,164.32189259210702,165.0509116526756
good_form,94.07717814871728,97.17997626223877,164.24504333243289,164.85497892198185
good_form,92.65855465311061,97.46545030517049,164.21812932787827,164.68791239080235
good_form,92.9542774777519,97.48418108564064,164.080407652731,164.66289931484064
good_form,93.99853648545209,97.23539524301779,164.09647171455015,164.4897456664655
good_form,94.43878540422759,95.8875429760476,164.11702889003215,164.3129635021776
good_form,94.75465381930336,95.1942806428609,163.90246471064435,164.17139770560266
good_form,94.69494946594237,94.50679184520901,163.79943895024186,163.90398143277815
good_form,94.63098873948812,91.54774738101175,163.84233966623654,163.19165055477438
good_form,93.22767006078199,89.80237183046044,164.0154337475798,162.4429833828684
good_form,90.70726461526547,87.65136146864965,164.3414429454383,161.96864377474537
good_form,89.00588083790946,86.36414982600199,164.64655986358173,161.5367843731213
good_form,86.76112573592597,86.03288489861677,164.76743954578558,161.45306652090972
good_form,85.57236976024011,84.6234150190157,164.84395484907557,161.49307464631443
good_form,84.62181620491266,83.89651688207523,164.87672951803617,161.47184054736505
good_form,84.58938744113304,83.37150817634166,164.94594965199207,161.49826138523747
good_form,84.62143885671408,81.66560370714959,164.96752265058848,161.52530014187596
good_form,84.4361892309025,81.01229187147534,164.88869173554494,161.57661003315403
good_form,84.7084745763663,80.7900184265366,164.73808705312342,161.5199574158765
good_form,85.29426758386789,80.579731424724,164.60502920621954,161.42451037780276
good_form,85.77529440148146,80.64439783741162,164.4774823897396,161.39332738234015
good_form,85.85227632892803,80.95419002304362,164.33518118377808,161.39973562725513
good_form,85.75408198627747,81.09764105765278,164.2164971515242,161.38433760289846
good_form,85.71742212828812,80.83735741172393,164.0999837259084,161.3388693282595
good_form,85.7084198578784,80.44438643742696,163.93605846043104,161.29165068311877
good_form,85.73803570248947,80.033222968572,163.8231997342773,161.272825245334
good_form,85.73869047721573,79.79928784997148,163.6357461747718,161.270840536923
good_form,85.72436582269641,79.65797281579013,163.48356544281378,161.32547704085428
good_form,85.6932072202684,79.55728152674408,163.32148343773656,161.3854356236156
good_form,85.15170523968354,79.49481033086364,163.22424530057432,161.38525542574146
good_form,84.87512663441323,79.43812414468795,163.16524730379672,161.39499660931054
good_form,84.80560174951712,79.27786121935796,163.12920330265203,161.37897055481474
good_form,85.2211185508109,79.36876709474697,163.1071440629554,161.3226595111059
good_form,85.47612895239092,80.44506437726814,163.04415752649325,161.33791044934569
good_form,86.00848347006324,81.25756086178558,163.02669852166972,161.32594180402162
good_form,86.15671036701931,81.75808892249046,163.00228442138894,161.301786048241
good_form,87.6594200215372,82.4432910677605,162.99626732544422,161.34005768684582
good_form,89.71501735570212,82.04529906471154,163.0119853923583,161.51350730003944
good_form,90.29196001064649,85.43177547729373,163.0685115374049,161.59682713036835
good_form,91.85840767432059,87.68844933506571,163.09408408810762,161.74141677594844
good_form,93.33048073079387,90.39039399250201,163.15308278379652,161.75813667986694
good_form,93.71177632965576,94.02733204879576,163.19052404448877,161.9865775117284
good_form,94.39855349005921,96.67195649607322,163.25399000630128,162.2909326739
good_form,93.28211430356926,95.15104002946846,163.33736432939187,162.39628932566634
good_form,91.10150400249123,95.36099601170284,163.4253863295188,162.43060189495674
good_form,91.67210908573686,98.40794439266027,163.58036408475894,162.50072122475547
good_form,89.73433339679798,98.31188712506402,163.780852517174,162.60472307218745
good_form,89.85201126987121,95.04710838421357,163.8740017897964,162.7936274314797
good_form,91.85722041668772,92.74957630272627,163.9801227911419,163.1221291515056
good_form,91.50889918525563,93.16014831582741,163.98360552404517,163.5395015507045
good_form,88.78178302977867,94.29618763670764,163.57690263446887,164.03537193940926
good_form,90.02864627774214,96.10300036339753,163.54913001718018,164.21551697618358
good_form,87.17764091561436,94.1601528886918,163.7743589553221,164.2729198650479
good_form,86.61328663290757,94.36235060805582,163.88184027489345,164.5119923943933
good_form,89.34964968570586,94.55490216515967,164.049361889087,164.7089037991014
good_form,92.79186884876049,96.52075084837405,164.0131735773893,164.9026876692208
good_form,96.08777506306865,99.37999093954177,164.16620338643867,164.9425279011338
good_form,98.42334629127367,101.91468129920469,164.22362346870148,164.99360057043344
good_form,99.4690446565939,101.89541957501118,164.23262752901618,165.17011595653773
good_form,100.6855037580844,101.04810342120645,164.2649771967634,165.52573928656258
good_form,103.67373806844802,104.54010218947744,164.2178003437584,166.0946480487775
good_form,106.56800296792932,108.03388118448753,164.26062750702616,166.42693093994123
good_form,108.17422899788272,111.40339790062109,164.49278270379048,166.54541305267648
good_form,105.96870155574186,113.27560400687662,164.89354082671693,166.84473662254155
good_form,105.8423174280253,110.70106249623909,165.20211924970465,166.97229123111973
good_form,107.37974987510344,115.05974085060868,165.18710925319294,167.44275247826383
good_form,111.94330908173507,116.67080416465929,165.3023904833219,167.56140571032594
good_form,116.37733824371193,118.0256998227554,165.16378289179443,167.7130195717007
good_form,117.94580924978521,121.64617240443827,165.33132499542833,168.4229500585557
good_form,117.91142879622149,126.93672433723214,165.47835106701834,169.34881168595393
good_form,120.93549196735015,126.7324545349945,165.63453306727084,169.68554256996805
good_form,124.16981073692853,125.94137752286456,165.88067164273616,169.81809314267312
good_form,128.53143692640407,129.96794581046285,166.10641078095688,169.92170416273953
good_form,133.61362068690568,132.57672534093328,166.12448107356138,170.47999176244448
good_form,137.74074514940338,132.5512589791751,166.076805849367,170.55197155212085
good_form,141.49123617007305,133.91550380911565,165.94160417711183,170.67956256204803
good_form,142.932865607271,137.75995360897124,165.99502597160608,170.69445455540264
good_form,142.73583096256755,138.71653282556082,165.9073633625969,170.9824056848355
good_form,143.16005154881947,142.87693007137295,165.70743881215355,171.16685856353237
good_form,143.2112470269767,145.6376569451919,165.83119030500978,171.42385672440273
good_form,141.5186490248788,144.56295401365728,165.92967206643263,171.46734511765942
good_form,142.56232074786058,147.88329072312604,166.2045431622464,171.60270348144905
good_form,141.40399940316138,152.43224645329187,166.05758165980401,172.0672633812885
good_form,140.1926245348582,153.57756279244205,165.98334601151305,172.17621695082477
good_form,140.59383181605284,155.32327357373936,165.95562206938914,172.4913040160227
good_form,139.50665910283988,156.50530770489945,165.78541937316533,172.61534198491995
good_form,139.2649457517341,157.46201824088104,165.3969272308807,172.90617716435665
good_form,137.40209527301406,157.5297971407311,165.07798138371683,173.13702075103205
good_form,138.41236082486628,157.3864698843166,164.953511647455,173.20205806480757
good_form,139.94556263349503,156.46673141143611,164.78764893663262,173.1797392170698
good_form,97.14335682055219,95.98447249780821,160.25765639734365,159.8198293946728
good_form,98.79240931945236,97.73801218297652,159.2403255181856,159.7475785216389
good_form,100.62273767355413,99.20447512283027,158.9656594209494,159.8771862277493
good_form,99.75674036050242,100.89974686967236,159.0348811775152,160.38957844825867
good_form,103.71837647533357,103.07771643060507,159.06562795273516,161.09402426825721
good_form,108.31624428617994,100.27027742140045,159.92891667600006,161.20745035060224
good_form,110.95323999579136,106.68169921477525,159.98224296320944,162.46904791181183
good_form,116.54206649912973,111.90944011353633,160.23238515839836,163.39942754641353
good_form,120.86787560051889,117.24480673849284,161.301427181513,164.15661357570397
good_form,123.3058767273441,117.85875342764113,162.23907038676106,164.6422343263844
good_form,124.88923741060273,118.14332258126073,162.34393662473602,165.51639688301577
good_form,130.10155246689945,119.19132995803366,163.12868408939502,165.75336388851127
good_form,128.12113736961965,120.3495823377124,163.63132920187553,166.00073172248668
good_form,127.41700654874288,120.37954871465733,163.9324715215221,165.93259124995598
good_form,129.61401387231058,119.57848337051836,164.06947087015413,166.0708678207245
good_form,131.3519006301362,118.33048142414951,164.13958271633194,166.23486454558284
good_form,128.6983410618271,118.86974890262779,164.11869110599022,166.44641262641662
good_form,126.53360400680478,118.7671917437774,164.07453796071974,166.65837375121694
good_form,126.71180815578228,117.71887178617278,163.94558432108516,166.86396188216253
good_form,127.702709222809,118.79000657295761,163.97280026476466,167.09553894730718
good_form,127.59412865959513,118.82929509188,164.02088611318132,167.19883214215562
good_form,128.3397811201955,116.71314476110328,163.86140409424107,167.15525820835217
good_form,123.4776771801373,113.37330234938825,163.62712449554996,167.14159667810932
good_form,117.74648178941837,107.72340729881378,163.67726966699394,167.08074336601987
good_form,115.3378870542681,101.18388527978433,163.82224460627475,167.0944336949646
good_form,108.74331417824982,94.42485657576886,164.04428411370478,166.36504542001086
good_form,105.66616672997381,90.3689862165426,164.20547598738727,165.4743588168774
good_form,100.53239993759956,84.22620153442683,164.503328942458,164.5809212813368
good_form,91.69099002044891,82.24504908308118,164.473454652842,163.48684361973108
good_form,82.71182543006705,78.87408081852317,164.03616759901908,162.4802674267346
good_form,76.6869589668159,75.97560359766666,162.88029438220858,162.52399313743337
good_form,74.4305486574894,74.14665806273942,162.5016376516548,162.46860230050933
good_form,77.99316556272758,73.10415793274329,162.17130509027407,162.0952150975935
good_form,79.1204161291589,72.21052930802203,162.4738305596602,160.69697530568178
good_form,80.88945715400565,73.60344244515822,162.30021497632995,160.44743343561947
good_form,81.78856854962503,73.96830436975337,162.04780055854948,160.30283674478616
good_form,83.12093231862819,75.52328658033645,161.7814721183836,160.0234910643828
good_form,81.45617842050694,72.09525507125936,161.52696512773045,159.19962920332057
good_form,86.14106986284223,75.58733469969798,161.10880512017815,158.98816651761388
good_form,87.85279365696854,76.81518350538154,161.00159405808344,158.87196827187503
good_form,90.2154154083451,81.9947590487506,160.63727909583514,158.788874918304
good_form,93.13252542819359,85.85967762738477,160.2482064463889,158.80471601263463
good_form,93.86870613315803,86.63271179192745,159.93241413687585,158.8108797289383
good_form,94.05469680042219,87.69986501826543,159.75748771553793,158.808618406973
good_form,94.47213718355778,89.39684470976871,159.48653280280962,158.69099052493135
good_form,93.94322679871935,91.79712858183771,159.3586231086634,158.75298641270186
good_form,95.11516245828413,92.33050862895465,159.28301013166535,158.78762947577448
good_form,96.6050565520414,93.03828305869388,159.16812767236382,158.78378135426345
good_form,97.68123526993845,94.18724995763445,159.09874503684262,158.76329237295826
good_form,98.06807478798272,94.40531977705648,159.04286110964702,158.7579554702642
good_form,98.4142967694359,94.6207473585125,158.94654848524314,158.7185596035601
good_form,99.15027973007129,95.12802505816313,158.84660494696905,158.75386675683066
good_form,98.81447533805813,95.1934972052736,158.65353843024772,158.91346591203595
good_form,99.1059916847434,95.36815923669934,158.46885873119427,159.0323864864877
good_form,99.32987508741769,96.94155927792303,158.173030647981,159.2339536755869
good_form,99.56249982019882,96.58605102509212,157.91053333957925,159.58212778470246
good_form,100.35911866566296,95.13867643197254,157.64783458042996,159.90661013934087
good_form,102.28100593931202,95.02185542702476,157.4867200291913,160.27152780085618
good_form,102.93494128909485,94.98171073321417,157.4543506580345,160.4622258449289
good_form,104.37741046272538,94.17764251062457,157.4747776286656,160.30172956501517
good_form,105.54463070029207,94.21914827667673,157.53209612633955,160.32432229563977
good_form,102.40153749225644,93.66733034611842,157.6217917242233,160.40360374775875
good_form,98.73447503030322,92.11047538356996,157.4227006350277,160.6812717405799
good_form,98.99936258797563,89.776046227978,157.38049179278346,161.154285601072
good_form,99.71090697026922,83.09301608093885,157.53562816288877,161.4560581966707
good_form,97.74239259183655,77.60960538376158,157.9931625689371,161.81464869950912
good_form,97.136702453655,76.56309043102067,158.25801570000047,162.24893651758305
good_form,96.34391242922118,75.38658896111583,158.565920659976,162.20571850072872
good_form,93.13226630019864,81.27539528946407,158.7153020143846,162.35582830052226
good_form,92.75016778951095,84.68483907490763,159.36730492692834,162.3674826364519
good_form,99.19984154603583,89.25887355464901,159.53667838700366,162.3222378823885
good_form,107.440760458851,98.41395031175936,160.71542670874874,162.554821346392
good_form,118.45106899850464,110.7924789233255,161.88175776975655,163.3628513177802
good_form,123.90723434230887,117.32295711428108,162.95457053179203,163.87024027968891
good_form,126.71548983783933,123.14695904233639,162.56146499618836,165.46085742131118
good_form,130.46499106569172,129.25302029850354,162.54677978004605,165.91797470717572
good_form,133.37721790599042,132.0932675111938,162.8565344696025,166.20580682221956
good_form,138.2921732819694,132.98267115217723,163.17735144780713,166.64760623638404
good_form,134.7378729190876,131.2655715578485,163.46179337841826,166.9640653643724
good_form,131.86569737021048,130.31390862910752,163.70052658622436,167.49201356118198
good_form,131.02616884575824,127.32123079465237,163.95919237162607,167.72325489859898
good_form,131.62571890025035,127.85563046374432,164.11913456967693,168.09144101888646
good_form,132.7349768674233,127.01394872355701,164.32257771926967,168.2662814653348
good_form,131.5588383970987,125.80431640866887,164.54894822612653,168.45621384154217
good_form,131.6017031882977,125.05037697107596,164.5799458147094,168.74008688741756
good_form,131.2730203934552,124.58641883507967,164.5337696870711,168.92691366314835
good_form,131.17408028067828,124.38509380139693,164.5460698328372,169.02475396068766
good_form,131.58214542824845,124.96097486925534,164.5707395937889,169.11296618228766
good_form,131.27068576607184,126.98797416448998,164.57887812425858,169.16247637375128
good_form,129.8068668877352,123.08770634562832,164.63012053582557,169.19417503073907
good_form,127.09221069033725,119.63408858275034,164.5262505350668,169.21915710122542
good_form,121.96460438839912,118.36591823869148,164.53146410728453,169.00960351047422
good_form,119.50418655823316,111.72092757096186,164.47070493430337,168.99546334833525
good_form,117.74117836076297,107.98438139905186,164.4225794101881,168.78156556906825
good_form,116.74974422539142,104.04794742699842,164.0154021092097,168.07364848159335
good_form,114.8529317311673,100.3912141999131,163.92454665085813,167.79930237483893
good_form,113.32347290454004,93.6189747978487,163.89529302521532,166.41908750885656
good_form,105.60112786460601,88.57257525555755,163.51118633344586,166.12775220094295
good_form,98.50427131935675,85.47808676216103,163.1248288411444,165.8440420111822
good_form,92.1016981584346,84.3195944889988,162.9669789496028,164.99057994285826
good_form,90.31576060382213,80.0195462894572,162.41865497548585,164.11214501505614
good_form,87.40494417112745,77.37409992869581,162.4307472436148,163.5394736222664
good_form,77.83115897260956,74.91498904915818,162.00949782485307,163.01894982412705
good_form,77.12392742869692,73.60556682522693,161.55425585566877,161.96757770075888
good_form,74.76776777815311,67.98854198233491,161.4509492981379,161.5855907303831
good_form,76.27634027938412,70.47660553821088,161.27524555530994,160.49820107602199
good_form,77.77274973087489,72.88888464900285,161.20276747184016,159.29720222597527
good_form,80.68304815897044,71.34699600046565,161.01194446202396,158.0108354328851
good_form,84.1031421287389,75.68170313259805,160.7526024907036,157.4174576931239
good_form,87.02238272518363,80.4660202838218,160.62422891073132,157.48673117735476
good_form,90.0232926643515,79.04703035906259,160.43395285739294,157.50328490053022
good_form,95.28551516687608,83.93295755878492,160.01740967751542,157.21487553741207
good_form,94.19052067726295,85.99423917783997,159.70018061442636,157.12071172201829
good_form,95.28649809592932,85.97619263549369,159.5526860244239,156.98555435934713
good_form,95.72694034634776,88.3794843845575,159.27279278580613,156.87317006559758
good_form,97.5581319155012,89.74738114610994,159.08418378978095,156.73163289478669
good_form,97.92904936875851,93.58867597482738,158.9945576727281,156.5140567837847
good_form,97.37225043768474,97.12141759986065,158.67679359517564,156.55444085833795
good_form,97.94923987180745,99.39151284847946,158.64337565314656,156.44089787394145
good_form,98.0026545261247,100.44480261671377,158.49143665516857,157.04609923437417
good_form,98.13776995870859,101.61805051069972,158.44119066304356,157.16356141249412
good_form,98.7505380152051,102.01784126167794,158.14025143000316,157.18632350728777
good_form,99.11623149563972,101.78868281943578,157.8302013704874,157.3108281244678
good_form,98.94327209118252,102.60306401754765,157.7301140813695,157.5580518217047
good_form,99.95492692583632,103.33861892954911,157.83450956323273,157.59523812171278
good_form,99.37124228927789,104.14375751917134,157.7153294954449,157.69784749971393
good_form,99.73736480773033,104.40165580185825,157.18169568397707,158.2154225127378
good_form,99.96536190611465,104.71989252076567,156.61504320945173,158.88546561487908
good_form,101.75243390058682,106.17148665259084,156.4104104079852,159.0739737219823
good_form,102.80470012182393,106.86984625058444,156.190320373074,159.66766898348283
good_form,101.32598896486552,104.23246011748977,156.60167812526083,158.9965242093841
good_form,102.08767044550159,101.08681504451887,156.80673869528437,159.32471869362044
good_form,102.7882121973733,100.85797615376667,156.97111095638277,159.65286895887775
good_form,100.35528969355381,102.11713494622383,156.30772483608266,160.3897504784476
good_form,96.90734507634271,102.32481206238502,156.1799645863204,161.2494476851101
good_form,96.81211223704092,101.10687751565294,156.3398950995303,162.22756301108197
good_form,100.0220820969865,100.75494592563228,156.40784823218215,162.57793757753097
good_form,104.19925407850769,98.92973476870758,157.08674493922044,162.5034825043847
good_form,106.87397844959244,94.75787343969623,157.70462333655323,162.67392840791146
good_form,106.0644285773958,93.95944286341484,158.8240582593311,161.93746130045974
good_form,105.36745022777478,97.03587979784714,159.71151490068522,162.17418981042263
good_form,106.87028310024914,100.36459312223873,159.85781105643542,162.927298692508
good_form,110.17942000141818,102.0864962293002,160.07380312914907,163.52618606725235
good_form,117.67822839562703,104.47264319320763,159.9140910417403,164.50283591827593
good_form,127.65939689161462,110.0491093467644,160.3423380669006,165.0464531477185
good_form,130.40317769559607,114.9978450717907,160.89585154283714,165.9267348772766
good_form,128.5044340881733,118.53381818067196,161.27669596226403,167.19577391201852
good_form,127.01554582301114,117.49743738796079,161.50128088910407,168.25792619453316
good_form,131.73720792670107,118.3167419903619,162.2709500714845,169.15596997760943
good_form,128.93306812796496,118.24034973987004,162.28390141987,169.78207502128504
good_form,131.00313197596014,118.80937712605102,162.47560577494227,169.9641524240061
good_form,129.58463625074077,118.02769590610683,162.5377008033162,170.1146885551939
good_form,128.38689962320336,118.90674426945108,162.8390264418095,170.3497332671509
good_form,128.30584009568065,117.5105366783581,162.69379352570306,170.82907680845312
good_form,126.53864295266385,117.79223132799683,163.0931457209415,170.60428362790284
good_form,128.51743658842844,117.90966526343969,163.4850416698416,170.41144322491772
good_form,128.69889850360542,118.37836790149647,163.89624606444707,170.2564407968421
good_form,128.53010712433897,118.74244288528467,164.05323048751987,170.18418090228235
good_form,129.444124877053,118.58304058613838,164.22131094807585,170.18917125603184
good_form,124.45151487977174,117.89786242837674,163.73345655207402,170.45779236805512
good_form,123.2702174955044,115.60172629464728,163.63514127740544,170.6987122127907
good_form,120.97218081528632,116.53168460369291,163.61860874430286,170.70634931538368
good_form,116.81410063723004,109.18836438000343,163.7100780758309,170.6882441534515
good_form,111.08213782436306,104.9053500375544,163.70790477187407,170.38391448034517
good_form,105.68960857396956,98.24184177752647,163.18247614923686,170.17044822285058
good_form,101.29566735667066,91.25334237168646,163.80451391937342,168.98125475350838
good_form,91.21799818812417,85.17009747096054,163.50257674954213,167.91212382093343
good_form,87.9525334077984,85.00634656266499,163.16739853536583,166.8093442932738
good_form,81.12965253373517,84.12542302299912,162.55836471346814,165.1507891791532
good_form,76.20909597899077,82.89075067131479,161.93054636769585,162.8049085082553
good_form,76.55291415440632,79.00000071637841,161.99730653322513,162.00742224361454
good_form,74.72421725059897,78.09593452330233,161.8156740138953,161.8402012473135
good_form,76.47294202801801,77.05588318573625,161.20362854364993,161.52976740459576
good_form,79.18938413411766,79.08256562599547,161.25277574255188,161.52764486523614
good_form,79.69071905563167,80.21658770410276,161.07426516389572,161.60801998428207
good_form,79.80485629427531,80.32004840042886,160.87732779659726,161.10803462856137
good_form,79.54714913934156,82.42282179229521,160.48562485156958,160.76334395946103
good_form,80.43194600667708,82.09129580275187,159.40504299965016,160.72999159467537
good_form,85.9997176047727,83.18031443639336,159.03078190771106,160.67753928140408
good_form,88.28748582876202,85.81025740868301,158.7214184487073,160.56128157555614
good_form,92.43283138923017,87.84873582367055,158.6565808178975,160.28477229351762
good_form,94.48199607505202,89.65493793373281,158.52182022073063,160.08106989495167
good_form,94.77327482908099,91.03774408232178,158.2342640796373,159.80328215252993
good_form,96.79427064260693,92.78681530860513,158.0623073591439,159.09136271551
good_form,96.50897927436928,93.57136194597233,157.89518244631543,158.64940459095482
good_form,95.77170199407739,94.14680124966009,157.79108325826073,158.4332097298937
good_form,96.34483935083631,95.02183380916559,157.71260994742576,158.20600038554224
good_form,96.50943811364411,95.91915436227646,157.68400576036038,158.097122277913
good_form,97.35386145115011,96.13100011885939,157.64166991250116,158.09341258822863
good_form,97.98237352892419,96.52799080071027,157.6166720010623,158.0854532986205
good_form,98.21476075316185,96.80954121441107,157.60267555298827,158.154764089691
good_form,98.44082031610682,97.74249166019446,157.5253292256549,158.19534423812945
good_form,98.73192546604368,98.49293625211183,157.5152812029102,158.10188740801243
good_form,98.85114576540026,99.25350550573349,157.48226665103775,158.11177460194097
good_form,98.87594502370996,100.32252080069063,157.42319689934868,158.17881324913424
good_form,100.26993906133904,100.58888465212881,157.43971206036707,158.18933228931974
good_form,101.08010618429381,101.19548267614653,157.47753172502883,158.35970422736494
good_form,100.5832407079055,100.75558181193901,157.52730703503866,158.64892126385402
good_form,101.52555128127139,100.38813955958972,157.6194228849173,158.81071892432414
good_form,99.14933400692802,101.26924575582649,157.6670360702512,158.93287540228152
good_form,98.94830213716384,102.12795810070297,157.77733611600078,159.41372101512005
good_form,96.90141202428343,102.73029132727031,157.73777985650761,159.63100766074794
good_form,96.28838735915518,103.67614533420479,157.97738381780846,159.7684240879859
good_form,100.00731254732074,100.9630500167215,158.15612821344712,159.8542430194848
good_form,102.32407747332508,95.97324903105353,158.65748947572405,159.6033608015041
good_form,100.74522683759517,91.4538845220007,159.053875291443,159.43299072169117
good_form,99.46224894349444,93.86256204587504,159.48762541135966,159.1726313641378
good_form,95.15271032709995,95.36544826464979,160.0719505423162,159.24063951041842
good_form,106.79107157624372,98.24075814566179,160.2503541211424,159.69633954256588
good_form,114.10201394177514,102.8718717888069,160.56635156579776,160.0940851430112
good_form,123.64039035149762,108.31807457971053,161.4843492050183,161.12594957137367
good_form,127.38427040951129,112.96292364789913,162.56344009329914,161.91825021876852
good_form,134.58843275792378,118.95538625269681,163.01385887817287,164.07067553458157
good_form,141.1267120034082,123.61803082181147,163.54295186645035,165.0060305374287
good_form,144.0876686059215,125.97756240435602,164.3384253022402,165.89018030475003
good_form,145.5438268224245,128.7102867062466,165.00943315737078,166.63339977419074
good_form,147.38336681330185,128.84762312576325,165.13905971694965,167.52551617240502
good_form,148.09710994152317,129.16506979232545,165.153256292952,168.11300294501265
good_form,144.08472197108398,129.2169030525595,165.1371289024201,168.34366434371765
good_form,142.81877918076458,130.469211837512,165.19047034646906,168.43573310737304
good_form,141.79845873115156,129.69069503390787,165.1699786471034,168.452254110143
good_form,141.3347694601233,127.78704012638948,165.08110228625782,168.4657367266457
good_form,140.17757297526975,128.26891438537731,165.031356033704,168.6999858774739
good_form,140.0250232535423,126.97938049466539,165.01358022703192,168.88087092251376
good_form,140.39403384746333,126.14995148342159,165.03078351865773,168.86834620670726
good_form,140.63305523133315,126.38991352185431,165.13595222935533,168.81814227505788
good_form,137.01637932838165,123.79454188718447,165.01297722079104,168.76137872241887
good_form,126.07174770550787,116.51847690086451,164.71629660110958,168.72185731223462
good_form,116.99750737299232,108.26977102244557,164.26878580952626,168.59760670904424
good_form,104.93956066512123,99.96579987022544,164.0916157722282,168.53820847242702
good_form,95.2473329813634,93.71940560253945,164.1840464865543,167.77880022945442
good_form,91.31601094139438,86.86364280346704,164.64700632275307,166.60763783126782
good_form,84.17671629224975,80.2162161865707,164.33994786293442,165.64290078071173
good_form,76.37813693173877,76.2190230866062,164.04171756333056,164.81580188301118
good_form,73.59790652127913,73.28764033678611,163.62152382823652,164.42272131964666
good_form,67.46733112115322,71.76424561796857,162.88565235947524,164.319341458444
good_form,63.57719880672691,71.54624838125618,162.42029890597752,163.22684258948848
good_form,65.53427844758265,71.406094245277,161.56095841958265,162.33668538412508
good_form,72.68420089344488,72.04487078802177,160.0080548269284,162.4034326010942
good_form,78.4634299291895,76.75077952903204,159.43104105496818,162.01933023832578
good_form,82.9250111970385,81.725581952286,159.04734692682158,161.51369231027712
good_form,93.60277121926876,86.87465712737908,158.85302000531263,160.77523020278886
good_form,95.97935946326331,96.06378583018713,157.96925110125875,160.56569977656693
good_form,100.0059301615059,98.51577063502484,157.73030939490744,160.47412634204468
good_form,102.65437800937296,101.93287555237907,157.72319946356805,159.70578982279847
good_form,101.17364281076001,105.05548566315345,157.464287587941,159.66316430895358
good_form,102.42478468493222,107.6529674240552,157.41170852054327,159.47281086777207
good_form,105.1953252494647,108.52520955594738,157.4469534716003,159.27503945153262
good_form,104.736978597078,109.96689302692882,157.4600888808036,159.27437383051927
good_form,100.7209412932436,53.74380436167047,175.84771481064885,155.30370574713115
good_form,105.90934665659643,57.85988384380313,175.91921175899205,155.6042613121667
good_form,108.26740758032189,63.887782613992414,175.8684739499275,155.64099758452213
good_form,111.12985854898497,68.81487884937576,175.83012712592443,155.70255026362227
good_form,117.25493283087258,73.03537513681037,175.1394395857781,155.49492697891802
good_form,121.94518271134487,79.38514395002821,175.0636972306667,155.5649292685476
good_form,128.31251525316128,88.36864455858982,174.99991402436703,155.4480748406082
good_form,133.39634647587394,103.72054690059821,175.3122811157762,155.78608073132867
good_form,135.50391497061455,112.65766936347562,175.6395557837909,156.32850413647597
good_form,137.19275518053217,119.96605992286752,176.2225673182989,156.98566733822895
good_form,134.33707459014198,120.37091542240253,176.70655193067972,158.00918456743108
good_form,130.27113038291947,121.22317498719984,176.7432766559166,159.3848915692039
good_form,124.39618915082127,123.24575276167364,176.8252000014482,160.0634676591536
good_form,121.62915040830373,124.65114108702433,177.04245211270762,160.7487853513476
good_form,121.37027774663,127.10767758831813,177.20718824898688,161.1136035870279
good_form,118.94787145915515,125.46791799767664,177.30539450108324,161.64628765854889
good_form,119.10097157327934,126.61315559938315,177.45765215476845,161.7312116898569
good_form,118.77227763318922,125.14424374985721,177.58511865180103,161.56284959403789
good_form,118.07301233653467,123.90458493287029,177.7869348169361,161.61146706290876
good_form,118.14065674888445,124.52767607365288,177.96250207386757,161.43191757585424
good_form,117.27285410759808,124.07013234823042,178.32512550129965,161.15485778137776
good_form,118.76198788754002,124.04360218520956,178.63994019097342,160.61548443898758
good_form,120.35407339068234,119.12650096946805,178.41105228963508,160.56173259656003
good_form,120.78228755595214,117.08311427729657,178.4601011114442,159.74926384973628
good_form,118.76957195279905,114.09385370403773,178.589733554762,159.25534893759416
good_form,118.52129328534798,111.82609992460304,178.52620848812137,158.75889477162698
good_form,116.84505661335322,108.14407771152204,177.905586530056,157.982805898521
good_form,117.50283380720953,101.70109108725788,177.1239656351324,157.48540533462102
good_form,111.88394923054852,93.65074377235578,176.7999369917371,157.30752284208404
good_form,102.78771021770325,84.85595974273905,176.83142036933845,156.9135927718466
good_form,99.9820214209754,76.03979462626852,177.18857971351164,156.4073755378565
good_form,92.40398794137838,68.34715089953376,178.25228078346413,156.05774636895097
good_form,90.49360381662986,63.17743706744416,178.8316698193889,156.02162484149716
good_form,97.04029288076214,59.34479425316871,178.57110077481812,155.83718819881418
good_form,91.76699250833498,55.64443375090903,177.7299262095915,155.73872699833663
good_form,87.26632560054423,52.839283498372176,177.02817183483816,155.44136866199707
good_form,96.65020943103902,50.927346380924774,176.2695609986423,155.40512291895357
good_form,98.44024064449002,48.05158679128218,175.50254428130756,155.18747195215468
good_form,100.51851746170279,45.868190748037776,175.07117837873335,155.03714105843162
good_form,105.40785559552236,42.949813160119874,174.76933118912112,154.65771649226187
good_form,101.54893023688646,40.879266069911694,174.62518273215,154.32454752463642
good_form,101.60887846854848,40.01120379636293,174.76670576524577,153.491099773157
good_form,100.36759982597536,40.0785764384987,174.78814516751245,153.0241171513477
good_form,100.88179071084798,39.00045029526313,175.01999826776125,152.2117260816403
good_form,99.29374058369184,38.41788682942512,174.88789995006206,152.03292238628146
good_form,99.62951477258558,38.25187707319671,174.9487570999824,151.8883192972257
good_form,98.7715627945298,40.086599286484976,175.01190857476666,151.80290117062742
good_form,99.87407730024216,40.4578377532986,174.82109263540053,151.87392258951888
good_form,100.06760971657515,40.8665826092525,174.88951091994875,151.9792403543101
good_form,100.62379681917935,40.84787139038119,175.050497985187,151.79838872148702
good_form,100.06698618294288,40.500029891412865,174.94324993266596,151.78505598132307
good_form,102.2286684937983,40.5002433630307,174.83000182361567,151.75362521947358
good_form,103.46130332546629,40.29507847599186,174.68266622180948,151.81613722808626
good_form,106.91082447277289,41.6948711527433,174.70012698932334,152.16750948194337
good_form,109.9261404808735,41.28324611468364,174.761310924281,152.18526981347668
good_form,107.37709644683308,44.04968580457132,174.96742582239645,152.74418992806056
good_form,106.79010755981817,45.126650091920325,175.07413453239658,153.67653004067952
good_form,109.53746232946847,47.18799897260007,175.23342287306468,154.22705649480235
good_form,110.46165617896948,49.20061922233144,175.29176288172167,154.70988389750792
good_form,113.0239731579055,53.207430531861476,175.40670198599955,155.20295860568567
good_form,112.16507522439834,57.64256077074719,175.41822161265347,155.7979731683762
good_form,118.08457782694057,59.7921579951764,175.2829399563658,156.33582074587807
good_form,118.17249786498047,66.2208219200962,175.28278411304643,156.47422061299346
good_form,121.40646656974528,76.70767410455501,175.21910340916585,157.0832216998994
good_form,128.19862051910064,88.33658263662447,175.12766418284158,157.60683909387117
good_form,130.07003818252795,103.181456807632,176.19356565271033,157.73924232031848
good_form,129.91851272249053,109.44054165744564,177.62284683630693,157.78085903026746
good_form,135.87746155219958,114.17945925290803,178.1050115798679,158.2529808769782
good_form,138.74244890295626,121.01231932435994,178.34756590820743,159.56915680548278
good_form,140.63924390680197,122.73395433270272,178.7253294476474,160.7353961398697
good_form,136.04582467327188,125.0007281696639,179.12910280248448,161.18346120172225
good_form,133.21699704774443,127.39033554676385,179.40455312148487,161.42914096918327
good_form,133.41178161859148,128.11419599672826,179.79751000974673,161.38644128393747
good_form,133.81887268418876,131.7191329115786,179.64750641398876,161.3514392259434
good_form,130.79692153020298,134.28368334480922,179.3661046165121,161.26526329258178
good_form,129.95565327441128,133.40993102350689,179.25292873492194,161.23937932601592
good_form,128.56755084699876,132.54460554756818,179.42461244568617,161.14103751015423
good_form,127.9692187664804,130.8078153659152,179.57451133813774,161.16205621244433
good_form,127.66843504007181,129.4316260311178,179.68495789400484,161.18884336696573
good_form,127.101594477974,128.83219328675506,179.66612035450453,161.18709106422986
good_form,127.77071110264828,128.02284575229353,179.77883436254558,161.22321401375282
good_form,127.85463114019555,126.91942235554113,179.78898863504472,161.86382691963323
good_form,128.02590067447701,125.37435820795481,179.26515247138585,162.09835633755398
good_form,126.52297246572462,118.8097134214843,179.3306884750876,162.1718933181096
good_form,119.46914299895539,111.07216300011956,179.48364213097767,161.64805554164354
good_form,117.10965817044865,107.41650427510457,179.30312503019016,161.3931232574461
good_form,114.9117639794029,104.00704212309162,178.97833816925447,161.32819219745662
good_form,110.15695243847802,98.15581488861841,178.5842616629532,160.9814095303966
good_form,101.00321332205033,89.98750714029298,177.87790578912777,160.6184974918773
good_form,92.25453096231325,84.89944762133327,177.26692787468394,160.2008757510201
good_form,83.87822129065233,78.2355273012491,176.55986482954611,159.6052628367325
good_form,81.84537315091416,73.43144296756859,176.52966951220154,159.2799751407715
good_form,78.15009715389066,68.0582510557326,175.9973579827204,159.15473813417574
good_form,74.51324985111583,61.714072792331855,175.80938508788665,158.54828014003493
good_form,74.31037287849585,60.53202639284124,175.99848041882927,158.1529453378334
good_form,74.0695313001444,58.76534268092299,176.211453706118,157.97490342154617
good_form,75.56397824566795,57.12679245434729,176.0377999260007,157.81349073452176
good_form,85.02457914472593,56.70931806031894,176.14686234109203,156.09454127632924
good_form,88.44796431696057,55.9918876513952,175.52377442315833,155.98683072176436
good_form,88.67715648614953,55.389597044003985,174.32250099772205,155.88678145160293
good_form,91.70795939062958,53.319035101343026,172.86056514788032,155.38626899955648
good_form,96.03250728972245,51.76254511408892,171.9921353934108,155.03125022385805
good_form,97.30656158175238,51.015593879098965,171.7187631913191,154.89433234513302
good_form,95.58915261420911,48.84941987925489,171.6904790095594,154.63431914776783
good_form,95.56015395371838,48.49514272060583,171.82908696277906,154.1911379469523
good_form,94.28819842671574,49.363640095132936,172.22727494390332,154.0183605316455
good_form,95.48037762868758,49.45172197291626,172.54884016353614,153.84717712784635
good_form,96.48968148477735,49.61024831142595,172.74396205393043,153.62043014833708
good_form,96.22124855414222,49.70059449105149,172.72901748962315,153.40317639197895
good_form,94.80163381791934,49.864029363983924,172.71836083197368,153.32852755098804
good_form,94.93049709249486,49.468781133138286,172.7246983859956,153.1287385903663
good_form,97.30855369861605,49.5754397857737,173.01419442490285,152.74240840366528
good_form,99.98044157130187,49.634341182951985,173.00401634622003,152.7190936515923
good_form,106.33939038524123,49.065290886288956,172.90035931979912,152.8275657149331
good_form,110.87709646221619,51.292569701625766,172.69540313141627,153.1599924733558
good_form,111.71251640183083,52.8023069444003,172.88573880905415,153.3135001950004
good_form,106.32833532212446,55.45604936331405,173.18835466547046,153.30456647035828
good_form,110.03595224407215,58.63929437911601,173.78720135399325,153.3394191090118
good_form,109.70708561252047,61.14101258111198,173.80532147547996,153.96457622465795
good_form,109.92962014339649,65.84044123528729,174.34910558653635,154.42071695052613
good_form,113.9866778501136,69.74226161261763,174.75754752950178,154.8947091185935
good_form,116.96855404515946,76.64383512410298,174.8332560168059,155.18774126301682
good_form,124.40269208149098,81.27099431059396,174.81000675654556,155.45835244752698
good_form,125.14305632782626,87.52879453564096,175.58504248408573,155.30104749834416
good_form,124.38681287463638,100.52890709086526,175.6945944313516,155.89414034521045
good_form,128.86926744515472,108.47959488040455,175.8150687581859,156.71324221894793
good_form,133.53744667621032,119.56564113588942,176.10211701387004,157.3554917222345
good_form,136.3378619116928,122.603961871058,177.1424664751606,157.6625266390736
good_form,136.84610266231851,125.73244577327775,177.7467190938472,158.2909226810548
good_form,135.03563534688323,123.1605852243338,177.7412983676894,158.5181989462583
good_form,129.8890789824505,122.67486540018271,178.18657277180125,158.9077269561604
good_form,129.76908915405642,126.8093097059171,178.2417083810579,159.21564483521595
good_form,127.30930152348716,128.4962778476106,178.36700079861743,159.40574252605825
good_form,124.22044770384471,129.64429795593088,178.37487602618964,160.05848928691714
good_form,125.8573140527638,130.15416280784586,178.35136972986467,160.25480119762037
good_form,125.98620445689221,130.22315453076703,178.21556294258735,160.23547447600598
good_form,128.67777268591132,129.94915827348652,178.0577438563623,160.18200030593857
good_form,128.19728932008363,128.68587602116366,177.9669506077094,160.19599894756053
good_form,127.39484678254061,128.66309462405547,177.96965932157966,160.19505002635293
good_form,128.58378988753032,128.32097404177432,177.75254179738553,160.14799836167072
good_form,126.7931819808779,128.4901150177568,177.69585275887206,160.4823502210962
good_form,126.45943255767017,126.86348563376342,177.58453751160087,160.9003113381953
good_form,124.36975953384248,121.08738552106428,177.4057640361772,161.6723631928599
good_form,125.15580731760244,117.50405363501972,176.83742237396885,161.71439163244312
good_form,126.60806233877034,114.07018015535934,176.304595499133,162.0252947342139
good_form,120.21693485286121,110.66413895583631,175.46281705583124,161.96235289656283
good_form,116.4265161201061,106.41218366797035,174.83353123325315,161.8134931633132
good_form,112.41889122004406,99.09094514336452,174.48205194064602,161.17317586869086
good_form,106.3424569834772,94.23470976274308,173.91135070457807,160.7808172360786
good_form,98.24269825247217,87.54234535986777,173.94000980703808,160.48173570307796
good_form,89.90321418804865,80.11896694723296,173.67252802617864,160.1523874545139
good_form,81.21377517676916,69.78519581043803,173.6616440223579,159.78414586314506
good_form,78.9522437327139,64.77277343027401,173.60677566198936,159.23645618044247
good_form,77.48226035078324,59.47623880742582,174.35101803489755,159.0357641575959
good_form,75.28050387067758,55.18197185774482,174.19478368414573,158.54845981751805
good_form,82.24475842553494,53.90850769236917,174.20577921262685,156.42691908208784
good_form,87.90167460690843,53.44518780062859,174.10520861357855,155.62861428047256
good_form,95.14227092542887,50.756460682756185,174.77351381200967,154.19317482543192
good_form,98.84010944209349,48.86693487891191,175.133499511525,153.34056759547715
good_form,100.04346785886959,49.657365645803516,175.65578312165968,152.34656064262538
good_form,100.73384666019095,49.63632093863682,176.024135594075,152.04044007970415
good_form,100.24085018816467,50.15248638665407,175.9182839014285,151.76309947482255
good_form,100.66721759645758,50.432039646837225,176.44057365899673,151.07551251148652
good_form,98.53670352776469,49.63859260644615,176.39079976236306,150.55025832361838
good_form,98.33241933178634,50.197164690910085,175.69843194834783,150.49057578401255
good_form,96.99785602337968,50.0586604138701,175.58811805409272,150.08882903880172
good_form,96.54206888315906,49.86071927869707,175.44639386817747,149.96164363721476
good_form,97.96931395609317,49.88552394003495,175.35391253004488,149.9345640535317
good_form,99.38419446134552,49.85505114262383,175.47186315096138,149.6964413121624
good_form,99.5443437709994,50.14658319017946,175.56248036510598,149.4167988963839
good_form,99.90538490207172,50.222697036722174,175.53969588943121,149.28290050754927
good_form,100.74628664585896,50.70403907251391,175.183763563505,149.38397323803625
good_form,101.92719361031254,52.02345273800072,174.6893765055516,149.54840692409482
good_form,104.7097037552336,53.35980628779024,174.27447210289426,149.79801849359765
good_form,107.68551183092877,53.5636346004801,174.26122576056054,150.00204315291313
good_form,107.74350987848408,55.63897236700065,174.09734586819397,150.76268626405619
good_form,103.55785315077391,56.84531982118741,174.38169920997464,151.09581125689692
good_form,107.30601440799224,58.04000275306434,174.49211084334345,151.44537416363073
good_form,103.54926452298506,59.892489977697316,174.560814408668,152.06540221480333
good_form,99.94218054937204,64.17086116683036,174.5442406476589,152.61622722334647
good_form,97.968657028485,66.72188060878015,175.0321235660297,153.16572815689418
good_form,96.37168709615338,71.20671833969205,175.19651648993647,153.71901944368653
good_form,96.99409948310017,77.38566562380686,175.15164373620263,154.10976778317013
good_form,99.88947932051121,84.9323631233668,175.2689977530455,154.66130335633812
good_form,104.57535770790523,95.46255601461047,175.3496638079976,156.09794479328264
good_form,111.95572921205903,106.40264463164426,175.23296870408907,157.5050108450763
good_form,117.70685004997611,114.93652075253607,174.51486437328143,160.00902221497466
good_form,119.18664138443569,120.7274518159304,174.74380411475056,161.01439585614293
good_form,124.82828748763814,122.71551840983497,175.28974597447578,161.96369162224337
good_form,121.59475553608917,125.6621098070636,176.40696946442188,161.831435950605
good_form,120.29348730485276,130.70895599168196,177.0178959896469,161.86875938757083
good_form,121.52305808342555,133.60506433263248,177.07507093351416,161.9865345992814
good_form,129.8819784040926,134.35962006612195,177.11590746489645,162.32944175521163
good_form,131.0396084944949,135.40971112071313,177.35238838203492,162.40088614169466
good_form,132.71513754859828,135.83820730307525,177.1896341981217,162.63620202833377
good_form,133.38433167343294,135.5372137584379,177.4188102614427,162.71374074942565
good_form,131.74511435393848,134.52846403232743,177.38716989490692,162.70357208840392
good_form,131.2230290613371,132.52650530626462,177.0705122694378,162.64991791629706
good_form,126.89892304483527,131.80685754447896,176.86581600047896,162.55725489580763
good_form,124.53611965999269,131.2852985070065,176.77667605700293,162.28558674428962
good_form,120.66950037970122,122.0401457827506,176.69595207638523,162.59134202961013
good_form,113.65979073043772,113.04252485470327,176.43813906287107,162.82152938235268
good_form,110.08140545257268,104.38792983753872,175.7599566472652,163.30199993397108
good_form,107.13125575467123,101.50426424308954,175.42775793277656,162.9560639060372
good_form,103.86904580629397,94.35398822964713,175.3167860371496,162.33569746566943
good_form,101.9414433084496,90.18778999914319,175.1641322233884,161.5906656809877
good_form,95.44833266305022,84.20778776929728,174.81237386279165,161.1568972286746
good_form,86.11983982373494,76.29426342532724,175.45806687495545,159.46088246235706
good_form,77.69592391034871,70.20407475091214,175.79332401457674,158.60379414076155
good_form,73.76390954516627,63.73993286905267,175.64843552453002,158.4334200184223
good_form,71.40981327111744,58.437832766231175,175.93392301729148,157.3891821998384
good_form,73.4996680548086,55.14799215685636,176.10966542318363,157.419969419174
good_form,79.45905956133994,53.00661826837046,176.65221497489955,156.4434100403515
good_form,80.26941904868957,50.83818039130474,176.34981126552432,156.0312327681053
good_form,92.37689654083918,53.10137599400329,175.86625525840392,155.4441603691346
good_form,93.5865751840298,52.525268217050595,175.18461707871435,155.09347175837934
good_form,94.20390765707279,51.85333482358053,174.16802397005765,154.47627469893146
good_form,96.25955034754902,52.651333948873415,174.19084973922688,154.22841053629273
good_form,73.04558856226787,78.02350581611857,163.82552712369252,161.26917288100947
good_form,73.0905221430817,78.68574012284547,163.60976745623137,160.8843872841426
good_form,73.71868303181081,78.66511257652758,163.54646642969428,160.7631814140743
good_form,71.97290876954928,78.97493887817686,164.18153438732972,161.03496476520215
good_form,66.61464581345152,75.94830776746883,164.2491397531178,161.25078248072336
good_form,66.81882427747227,68.1561383216305,164.71660369818255,160.98708840866416
good_form,63.37826000729919,66.9952411756671,164.26566605244997,162.22554674265675
good_form,65.73581821002534,66.91677037884281,165.1955452932388,162.36033959144987
good_form,69.85159850633568,69.9328230885463,166.09787213010932,161.89597631872826
good_form,72.52135364614116,71.67497501647611,166.4996382121808,161.62498454301308
good_form,79.82669417826452,75.90568405154752,166.48779856602536,161.11501686980208
good_form,84.19769920558872,83.65495775370081,166.87644328422186,160.75512617112642
good_form,89.22181953454617,93.11055072557707,166.7663206736558,161.24093366014338
good_form,95.0526069719516,103.61777115576875,167.0310419391289,162.26389775157753
good_form,104.69004501998452,114.90857861526378,166.99106050178128,163.1538164742271
good_form,117.9309409721358,122.368691504807,167.45010960349074,162.10845233509073
good_form,127.87636110089986,127.6416166755103,167.34941538455368,162.2458229123212
good_form,132.2933054806223,130.76785353545822,167.65385971300492,161.82881927805565
good_form,133.8936978348155,132.47061916868122,168.73152819242267,161.72050137173645
good_form,137.66169195015732,135.29270504591375,168.41199766455003,161.42083633445714
good_form,139.78668872978176,134.81717904159387,167.8898286130416,161.2992719768726
good_form,141.55740730710633,131.92524888019082,167.3859314873177,161.31878190715796
good_form,141.57759359685198,133.51664515694728,168.35235099595621,160.4875109486973
good_form,140.53685633596453,136.90081799426915,168.58092519792794,160.39934117997183
good_form,146.37839875509516,141.47479894906434,169.37733243200816,159.16039255797682
good_form,147.80028185868343,143.2257623074827,169.5382134041904,159.05983740517766
good_form,153.84953743830235,143.89905337811936,168.98049937533133,159.1573482662891
good_form,153.82712434292836,144.2695796846235,168.4500215423726,158.85487771337182
good_form,150.89852486357347,144.02319443917247,168.79569543012937,159.30146467657343
good_form,148.42798969584146,143.15826292168208,168.32983631487195,159.29621268109452
good_form,146.5714686225235,138.37604493281324,168.47572442257447,159.35674544080385
good_form,141.88893083396064,126.11868960190274,168.63822714890128,158.64355762130802
good_form,135.0504111177005,124.12272608807098,168.4052870631902,158.8228930618733
good_form,129.07475466311735,122.5597360527684,168.11744672181246,158.98448974632393
good_form,118.81679425068924,120.26098301893173,167.85082077964228,159.6650833987247
good_form,110.39551737656967,109.0342894031513,167.59509045101618,159.65945516836464
good_form,101.90900961662896,103.02122332412871,166.9730120707073,158.8538891924176
good_form,97.02479581611993,101.24077543300324,166.42783181070513,157.71685538607576
good_form,88.61413194604097,92.85515997749172,166.4919615101784,157.07380401844011
good_form,82.727655117528,87.80773478313512,166.21936098589185,156.78442840093857
good_form,78.79383144712574,81.88536445642262,165.9086614431247,156.27210132934133
good_form,78.12038125319384,81.6754888038171,165.72260850427872,156.3583957248825
good_form,79.49313425838848,81.93185314418777,165.86250340240358,156.20716951665875
good_form,79.93711522414942,80.53469631724981,165.38207968655303,155.9433124445588
good_form,79.21719319019527,79.30315300463886,164.30263126608384,156.20785602265227
good_form,77.84504738213988,78.57813553806555,163.53725927116838,156.74757927141542
good_form,76.59463293130837,77.57651475572632,163.45404769699576,156.92538237429298
good_form,77.39339729425497,75.84798977100947,163.32682050186986,157.19735126791187
good_form,82.90574297660179,79.385884920284,163.26550439265574,157.1935146834415
good_form,88.41144835231091,83.94785459094473,163.48789074542398,157.14059887228242
good_form,92.21160525914502,88.661996543267,163.8604620957788,157.12586735066714
good_form,91.72052765053841,93.61014586177399,164.00885083138166,157.48574609918964
good_form,93.3669745779269,96.37875718092937,164.22688095634945,157.40841062057493
good_form,92.46676373917714,96.1905527545505,164.37712826122365,158.02448131320406
good_form,88.71868657811953,94.76960307184672,164.2791068796945,158.59877445212027
good_form,86.70076598787327,93.14183587487912,164.14234675449612,159.17603221461667
good_form,85.88519693474913,92.39555531915289,163.97384654735077,160.02975120185943
good_form,83.82554614233855,91.86729218752501,163.7822602553948,160.898376800154
good_form,85.10761209808763,91.27364770314243,163.4551268052637,161.30041508341338
good_form,83.54852833785031,90.94443201999488,163.14199290115812,162.03481450830313
good_form,82.35908457144583,90.69387805206301,163.03521034236414,162.55935707186987
good_form,81.80267562072113,89.80277424470853,162.84239331284581,162.81562696078532
good_form,81.12346778647714,89.25849552607136,163.03919250652288,162.98477212533413
good_form,80.32788668173859,89.15647049649971,162.98519342507876,163.12998727511234
good_form,79.64044838009617,89.68928397305288,162.5741656288901,163.4917688362462
good_form,80.77875557677586,89.36812091166152,162.09360445977498,163.70775680054203
good_form,80.55268114567384,89.18970775643226,161.12386072122518,163.70367801616572
good_form,80.19596896456142,89.43597159983608,161.36734187068234,163.28154839468434
good_form,76.2888208031589,89.12238592088369,162.372577403688,162.5897346019649
good_form,75.79601144647606,85.57093533119087,163.34314171391628,161.7619995439309
good_form,72.50538292847287,83.62939043699804,163.9984052223932,160.83651391810275
good_form,70.6851731772658,82.19680696848792,164.45657397843559,160.48675386563343
good_form,67.32468149349019,79.15644796399596,164.41303312181773,160.77510757128087
good_form,70.74175995640071,76.89579243277079,164.194614791989,160.91849265693057
good_form,70.62930912706936,73.86107492879837,163.93420471523507,161.17141298362327
good_form,73.34108070091959,75.0753848944174,164.08287813997754,161.66929096902123
good_form,78.75534091959486,78.72792754837286,164.18009997381367,161.97780448317926
good_form,83.18474482051988,81.11720167978156,164.34518473665275,161.05049303369066
good_form,88.7646203474635,87.16843531300285,165.05684234782441,160.77187283992717
good_form,93.99229312315794,90.95791935447852,166.1478333984238,160.97696809505507
good_form,96.46954092443303,95.99101447982295,166.1270562758897,160.74409808552085
good_form,97.714269146302,110.30298556582663,165.74406464859263,160.99999949582167
good_form,100.40671538575015,118.6650423639087,166.2686342598911,160.20746734662188
good_form,104.65694874814005,121.9170226586614,166.97704369331234,159.77025950314447
good_form,110.72468620927083,125.43688585969467,168.3776911832469,159.13255840066054
good_form,121.3796050274556,131.32010515885216,169.1610461253475,159.88961265299227
good_form,131.59029047540588,133.5471620075508,170.37520590553336,160.076761480905
good_form,135.6118353367948,131.53526791423533,170.266244449507,160.83763545192676
good_form,137.61733755280133,130.59594934367732,170.04340030727064,161.2986517528447
good_form,142.17164371150363,127.31000375189001,169.72526919115302,161.10602710866857
good_form,141.6269238397077,135.00755737133184,169.76040350448224,161.92364364785658
good_form,143.01788123623754,137.0047740752781,169.713973259043,162.15963506784766
good_form,141.2898781470942,134.8570546904374,169.83319768316116,162.12312144781913
good_form,142.27248693825325,136.09905484000217,170.17617061825197,162.11726839764822
good_form,141.90232791955904,135.8403932478642,170.30454482952166,162.23368928100788
good_form,141.07781998261052,135.74506568019555,170.335161419003,162.44437556091455
good_form,141.79884648225672,136.87099481060133,170.48420025513164,162.46800607886593
good_form,140.43533906857814,135.30186806868937,170.75840123882531,162.60033509202646
good_form,140.69872943818984,134.37524417394687,170.81589880576666,162.64572210501416
good_form,140.8909949093281,133.6936763661695,170.9208756062483,162.7369226378916
good_form,138.1581622161203,134.88805209351622,171.06706609632988,162.66424353886305
good_form,133.71827447168963,126.43047197735065,170.71936660101315,162.58458443408009
good_form,129.51520236083374,120.85244637839098,170.2067549678991,162.48232437574987
good_form,122.68933156216818,114.62824239311604,170.84792921979243,162.22828133508887
good_form,117.3037549187516,110.43764684010199,170.31825141083544,162.17447824766725
good_form,102.51110009257638,106.71561368152854,170.78013642968972,162.11512817167323
good_form,91.1553343044568,99.24772883699947,170.75149678127534,160.93559905145239
good_form,88.10986690058581,97.24529030109899,170.63451511173918,160.14799672965523
good_form,85.89078935552925,87.18694585979766,170.85218401146724,159.32465396994775
good_form,80.78464754168573,83.64122331797992,170.14006952629197,159.2229639588026
good_form,79.6663084822752,78.83293241626419,168.17011728017144,159.4271464899854
good_form,80.87244556791923,78.11097804069665,167.79227199032317,159.05839307474625
good_form,82.58882210222892,77.31379133505409,166.8565827533028,159.42837668643386
good_form,81.01852055634286,77.65051815434305,166.22045060274982,159.56069652912674
good_form,77.89909843051265,79.68296354037584,165.61603658788863,159.5123863404981
good_form,75.88386916725129,80.2512089359228,165.51754847137823,159.07127561339422
good_form,79.72564890704466,80.83250337407493,165.1549273717017,159.077714582715
good_form,83.13099268490491,84.22604531501345,164.62230769412417,159.3634406344094
good_form,88.22885287086268,89.63768042452655,164.34163800771248,159.46843172979356
good_form,92.05409105052267,93.33832344886635,164.24287699318185,159.43850144150184
good_form,91.9928055501402,94.40301229677449,164.28928068405384,159.5863574311634
good_form,88.66755596997874,93.27166168154041,164.00329040325755,159.81232793018881
good_form,89.12739760534839,93.10719349096433,163.82207270244888,159.8067232255443
good_form,87.6880199455643,92.1620954061305,163.53671975721548,159.94534657543798
good_form,87.45349727037238,91.55491578844932,163.18217016309615,160.12178714655838
good_form,85.93362633478041,90.4833979551847,162.7097166130903,160.40771027870218
good_form,84.16288080887028,89.67758848826168,161.97183234532105,160.94629679669626
good_form,82.89315922749526,88.7820521756453,161.5915382467565,161.3978718916566
good_form,82.38483181635338,88.44381745144592,161.2361487372804,161.7292666500077
good_form,81.9769694476381,88.25642500425957,161.01616460678116,161.94307222663403
good_form,82.9331384114491,88.19532692269709,160.70850853271375,162.1133113248587
good_form,83.26824842294344,87.7608881355254,160.7396109908837,162.18914480477113
good_form,83.97025475907196,89.3272936779039,160.76512185411516,162.10391911815196
good_form,80.55651470592663,87.80058580152219,160.98082566093888,162.00228184979417
good_form,75.452551090321,84.25780881092814,161.40166292773242,161.7336515052549
good_form,71.73230818213413,81.98914170561177,161.62196429300658,161.55364063333548
good_form,67.65086260109523,81.91832843901274,161.65454984790603,161.61376588473817
good_form,66.77632741822991,77.28215202635354,161.44836794993228,161.944854257886
good_form,67.30026425704774,75.37897767216465,161.59209662607205,162.24791276828196
good_form,69.62584945297843,78.5070155275936,161.68903920622017,162.5651050206721
good_form,74.34967924364975,80.02916428773624,161.9004041084313,162.59120933536965
good_form,79.8434561052934,84.65577259773247,162.0833409822902,162.63005808001364
good_form,85.76249618607778,88.57119906588397,162.68011683059865,162.54559797110718
good_form,89.20592602149043,94.79178437114318,164.0677507249795,162.2970170988679
good_form,89.55644989465617,98.82818363623599,165.16273425544418,161.94926918593902
good_form,92.11349031339529,107.32293106318174,167.27118725751023,161.76642570842847
good_form,99.84027013241155,112.91897903873513,166.53197430756222,161.78782025093932
good_form,112.85989247004767,118.89696566579119,168.14809167426495,160.5496560232189
good_form,124.1389201406281,127.40908330434506,168.18293753953645,161.03506911091523
good_form,131.0677011884967,130.8050750449597,168.54653502033233,161.0288044615741
good_form,137.82950559882687,133.24442171120086,168.45332297893475,160.94087653353654
good_form,139.08792295418482,133.28788056257378,168.37702470110798,161.1500404948761
good_form,141.18568430880865,137.07446376493223,168.11288491682606,161.0334277754005
good_form,142.4969504966864,138.20740834857938,167.28464923997723,161.0110571754206
good_form,145.3215370231765,142.0708059697068,166.8412642878692,161.8189100752735
good_form,145.4817052384428,139.82901344979683,167.3546218786287,161.91387440713743
good_form,142.07589620648147,138.3029968061084,168.7920070712548,161.99990571080846
good_form,141.92599870233815,143.06472143765168,169.4348846707447,162.0514221398652
good_form,143.57722956265366,142.97846786136145,170.4473902544738,161.9662034409451
good_form,143.7932125902477,144.9649720503683,170.52702645369143,162.0441556226726
good_form,144.2688096491674,144.19883251798163,170.6053990365515,162.1627420687032
good_form,145.28734731498884,143.03880311061363,171.07145104066663,162.09788135420445
good_form,144.36921278588568,142.22560116290165,171.09554145635104,162.175257647396
good_form,143.9342494540079,142.7605346543383,170.93773210328902,162.19356448738003
good_form,141.64575145099792,143.3619804817531,170.77565183524266,162.16788161259365
good_form,137.57569919668967,138.8036717622972,169.73082193310054,162.07795934993874
good_form,128.34092607980094,128.19574746887182,168.42483247624233,162.1500623533744
good_form,126.12806436644593,118.63717514253302,167.64396481451044,162.08487456566277
good_form,118.63321433147419,115.54393893974087,166.46376329655072,161.7397294084314
good_form,112.31692450809064,112.96115328131202,165.33894799820905,161.41205495445266
good_form,102.02849790698588,109.82162746335587,164.5768305775895,161.586876521272
good_form,92.19473988321232,104.56648318513584,164.7357758242029,161.71408064569994
good_form,87.9766105596351,99.32301303807651,164.90900807779246,161.11677909342768
good_form,85.66609930227543,92.46411544092487,166.16404404921693,160.34564769642756
good_form,89.03958680359119,91.3061487918845,166.3636551480153,160.4596648143746
good_form,88.56859748876275,84.75451630908628,166.31438682255765,160.27080485094655
good_form,88.90662143900477,84.12988202265635,165.98277480215134,160.1559142299891
good_form,87.97792427576577,83.67452348593287,165.20023636679875,160.17728970899068
good_form,84.98769348259705,83.00287758130617,165.0575066348679,160.06919266232194
good_form,82.83879632312012,79.76581094057698,165.09371559478765,159.98785122153558
good_form,78.92170441363434,78.14591184299957,165.37180848795347,159.589996608876
good_form,80.83369151002417,77.46889455309443,164.88590995342526,159.6116272517806
good_form,82.58591006618944,81.13235254736112,164.58153063499125,159.54569551458383
good_form,87.27866983840752,83.84967659630613,164.56890859034417,159.46477705298278
good_form,94.2696333201112,91.48936834568592,164.69666440129737,159.2739407887472
good_form,96.215866625756,95.37909970592594,165.0193116661021,159.23697659892778
good_form,96.26318049247017,98.88628434421547,165.27268673292568,159.22234520719772
good_form,95.41489776419296,100.30477612794094,165.30594558858596,159.30277256142082
good_form,93.28247608595169,100.1565127200234,165.02927888567467,159.57288216860746
good_form,87.9198739587702,98.17806312191388,164.24303045824715,160.44411257421035
good_form,83.67709506127677,96.58584982042446,163.50470273105645,161.31949852336786
good_form,80.99479834243859,94.917627253166,163.14225265015833,161.48490534952433
good_form,79.57736826253587,93.96217261322613,162.83876279429725,161.72615924932396
good_form,79.17979093259318,93.1280987196253,162.64755279147056,161.92267204629792
good_form,78.96574474559782,92.631442610217,162.52773129106245,161.9351975968186
good_form,80.0256908746355,92.9247056934902,162.32312060015494,162.0605796277254
good_form,80.26164161766503,92.7585910879179,162.1676083857245,162.23202053167444
good_form,80.4065285197636,92.59982604973906,162.15449894343868,162.28158044355962
good_form,80.9873828131657,93.14905791547125,162.09720072960832,162.3272426147164
good_form,82.22041183447901,93.6831323930409,162.01945828049693,162.41096833955189
good_form,81.53880880995847,94.02618596501907,162.22991661868912,162.12241624401602
good_form,80.29961725363047,94.20566009815472,162.51208795688058,161.89639308343808
good_form,80.48923242881088,93.73196253303698,162.77630892584517,161.75237320876235
good_form,79.52003587227253,94.91664456185387,162.95825607736487,161.40720984112457
good_form,76.76182580843283,95.66668224668308,163.20048997470946,161.47074758103133
good_form,74.22234898816112,94.35235113937657,163.3411339094919,161.66933827523485
good_form,77.83359192291664,94.43256230005062,163.20946859702948,161.78878773540202
good_form,81.2592681111005,92.96953214070541,163.3215957928172,161.83290750285283
good_form,87.29916225673367,93.94828911593855,163.3106262322379,161.92270459263017
good_form,95.24613564780117,98.91345252109923,163.7185735339353,161.58253630373943
good_form,97.020712247956,103.96552032017746,164.76656275280538,161.65421612176195
good_form,96.36187191377383,103.90671651437539,166.03540132859706,161.30103169997375
good_form,93.7117071109306,103.00048531821125,166.73939211638404,160.71696713010115
good_form,93.48463748034897,108.91750929826561,168.54308101643178,160.42355481291864
good_form,104.37440660878269,112.40787942540982,168.5514326268466,160.27768662067135
good_form,113.3377427954546,116.433861576384,168.72612394777587,160.3974550017628
good_form,125.13783793588226,117.97912666746188,169.38365422913554,160.25018641349544
good_form,129.26342746660634,122.94055102079037,169.72635402050477,159.91120435296992
good_form,130.590256318086,123.1834494385185,170.38781914710486,158.97529627045645
good_form,133.86639980056393,121.61262418141158,170.93700521012403,158.84484525416107
good_form,136.5821652496165,122.5388105367909,171.20032750602059,158.8765672333771
good_form,134.44136303127527,124.75990571396304,170.6768117847386,158.94102659050625
good_form,136.0395555583937,133.39002597863342,170.63502634091756,158.9337298434719
good_form,138.42953999689692,136.35961727449563,170.7754393046763,158.82310198067157
good_form,136.72452336767913,139.6253427052647,171.1174042726814,158.6998958693367
good_form,137.15941819236537,143.15820868924635,171.38655573449537,158.82535184579885
good_form,139.56090087000422,138.98060937103162,171.35882126714193,159.1807024784846
good_form,142.43991329870832,136.63881203620187,171.44320969720772,159.13478178056192
good_form,142.00958986392985,136.23823411844685,171.65455563517315,159.15571615797998
good_form,142.10648679121527,136.86588272133,172.28790809776473,159.18130676415348
good_form,167.41597743915165,143.8608212729286,159.4597547532816,175.1421059355418
good_form,171.34278180427583,143.27155884211834,161.73015604993407,173.0858805810167
good_form,179.65118910097056,141.9568691821817,162.71974244642826,171.93396925922033
good_form,175.17824435590995,142.39762648940123,163.58616400960284,170.82631616414884
good_form,175.85765797351175,142.6098998262359,164.5691540218176,170.43656842526414
good_form,175.8867669259612,142.6771663213803,164.46823388695802,171.3062148025578
good_form,177.82152021178914,141.91772915718883,163.50676094532122,171.60643712839595
good_form,177.89779883563162,138.15668683309698,162.46445346138174,171.89412923776743
good_form,176.8980697747932,134.5348673003434,162.04110264755303,171.07474480205687
good_form,168.82331533204882,124.97693930656723,161.02478372675395,171.82709892410557
good_form,160.1503143433531,117.46269199016571,160.57517563898688,171.18496547238013
good_form,148.66942032950922,118.07987137377596,159.30010087369934,170.3663737935114
good_form,135.63502077993746,116.35826866682146,158.9919428695813,169.43804817416085
good_form,120.21113810159784,113.0924015621124,158.60650510979679,168.85628440216752
good_form,106.99941621333073,111.87887798288266,158.35500582228687,168.49156670238895
good_form,96.0909459203234,110.32130118880214,157.71099906489545,168.7609378997344
good_form,84.73326281376148,105.29685949437759,157.46582393949012,167.6571333857389
good_form,75.16447506762012,99.53564457858637,159.53717211263893,166.77601222311935
good_form,66.94484000249776,96.18261709773482,161.22256208682828,166.5620877402868
good_form,61.752753716260735,96.57828484764475,160.3801171650494,166.95862626567296
good_form,57.56556646720166,93.57423658897862,160.18950827534974,166.2093903030011
good_form,53.127398220086896,90.03869669724378,160.31367729694307,165.64208087148685
good_form,49.56589563069384,88.00817215349807,160.01211452067557,165.29365362311538
good_form,48.58483079355339,95.33763640523763,159.31001698359884,165.26529535348274
good_form,46.61474869009484,98.36070123581345,159.24059420276902,165.01131860815616
good_form,44.90963203238143,97.11428467914592,158.96293236910535,165.80475937478306
good_form,42.001059956339326,93.82223098171586,158.16303538952013,166.77095027227475
good_form,40.37289300636407,91.50448339323448,157.73438257368667,166.6865656790266
good_form,40.99647641242263,87.12520513284743,158.1410741092551,165.9133907260107
good_form,42.95072272655164,85.80674255570874,158.12912797836626,165.616044195565
good_form,45.99936038903736,84.76060855265449,157.74056079081228,165.69284189927384
good_form,49.80230581786559,83.38988631676112,157.85365511429893,165.4756122699896
good_form,53.05529092274294,83.3496091602447,158.04617160595475,165.49667592818335
good_form,56.285778541180655,83.96428632045307,158.89816671128875,165.47412144734676
good_form,58.507026419985,82.51496806430745,159.10529210245784,165.17421685122991
good_form,59.37671413177098,81.94654312295074,158.7771329003238,165.59695626747754
good_form,59.497159137712195,82.94173008867438,158.43027153280335,166.29866799427987
good_form,60.84579421043697,81.71400411533703,158.07106020222827,167.36384508572266
good_form,61.31590870576725,80.7878185391184,158.15968290941615,167.43979477927743
good_form,62.176450004217564,81.6972824201812,158.42828612304254,167.61425789600472
good_form,62.730610350283705,81.55597831072004,159.03657681302803,167.22152943999794
good_form,62.40515568721164,81.11320400061052,159.21299676089495,167.46297776710435
good_form,62.08445890292521,80.89474222573365,159.23315561161706,167.7540443162089
good_form,61.147038316708866,80.3946762653219,158.86780627290685,167.69197997534252
good_form,60.509956107120075,80.6689476985781,158.88655323084188,167.6714905043735
good_form,60.3222866118688,81.34941146451197,158.4856671175279,167.66280146546998
good_form,57.46767008587046,81.80390314816506,158.57122290023727,167.07567911099605
good_form,55.46887463155669,82.6864306910212,158.38974880646924,166.47477574143676
good_form,55.21173480336522,86.34128053881643,158.61176267794036,166.34551310270993
good_form,55.451233381733786,88.1420603635506,159.8036592900855,165.4368194600631
good_form,56.54383905727681,91.45083466741372,160.42682927532255,164.74145658389656
good_form,58.52510942689233,96.74329937300844,160.408354822878,164.15541105292775
good_form,61.81894710206037,97.21152633124301,162.17556270336237,162.98905375499245
good_form,64.7709320698572,93.4972873596971,163.98197111216376,162.75621982500076
good_form,69.8136931595217,97.6793123937716,164.19480131476462,162.60134814887823
good_form,77.81144132304053,104.85210435649209,163.77570587197678,162.60423949181876
good_form,80.62136298533954,109.6902227678101,164.16928556026207,162.17479230671486
good_form,80.78413898160261,112.86442690711759,164.37952642543118,161.90929253776707
good_form,85.03724757911328,115.77980133870163,164.67151858547504,162.67587363970372
good_form,92.55111728850267,119.60979081695656,164.96754709241077,162.5977063699285
good_form,103.2850739789315,119.98325305223302,164.947092021495,164.16595142959355
good_form,115.62061176935464,119.28235153856015,164.30251402229123,165.26433259725923
good_form,125.99744488612396,121.59306634581571,163.15554904800558,167.32311906592716
good_form,131.05593856931046,123.07966439211638,162.92538437867017,168.48892258012938
good_form,138.93739338824767,129.97478547604794,163.0186813277249,168.01838606460925
good_form,142.08384040257337,135.4972075512116,162.97390093215466,168.27406071361926
good_form,150.12916339879953,141.07007266399935,163.13521916529544,169.07598926264203
good_form,156.88442161745505,142.29745362499676,163.31521297338568,169.45497252142238
good_form,165.59653454290847,143.7509764333922,163.86713974329345,169.7582628668345
good_form,171.09014341101656,144.76968278027292,164.07561267186279,170.27087148535713
good_form,176.98085872309667,147.51894403924015,163.72398829747243,170.70240395105117
good_form,177.86551397993972,149.20039977423323,163.24448375382056,171.35521128874115
good_form,173.05433971202257,149.34820427800017,162.72293176955773,171.62212920915928
good_form,172.20842435922356,148.44655406574324,161.75342597711645,172.37909301058863
good_form,172.83581050360078,148.2384426897494,161.07104026920513,173.34633613924353
good_form,174.92504258459496,148.87227436042014,160.83603684678934,173.77702239682327
good_form,176.1938558490803,148.57483398498425,160.5964027981227,174.1890673473356
good_form,174.0027382016163,149.14942473145496,159.80975546691698,174.56313876187937
good_form,174.7787456732184,148.1684225173962,159.14071251856862,175.11708844302433
good_form,177.67307987309044,147.5535765931333,158.98335994956548,175.03042518860474
good_form,172.00719948190724,141.91725594803077,158.85679809702026,174.65705899730398
good_form,166.26465532343983,141.1354390502188,159.2913440742784,173.1316616947768
good_form,151.05540434788347,136.8317321114194,159.52631766112017,171.882006400827
good_form,135.92871674704529,129.37567915741434,160.64619215610776,170.7316610060612
good_form,122.41377886237976,124.54598897635485,160.58331306949827,171.5427135765079
good_form,112.47772134299422,117.87819517902408,160.64128363463067,171.63143334205847
good_form,95.99740603781163,115.01846511052761,161.04095410434024,169.7253511435452
good_form,87.23824743365634,110.25198632404665,160.79646219189593,168.90538998259015
good_form,74.26086014755515,105.60306421290483,161.0031526002009,168.83105456480493
good_form,64.12708413497819,104.6716146255694,161.3245128285386,168.76802745248176
good_form,57.949344867809884,99.66032757658863,161.5137997738201,168.18727725790367
good_form,53.79283555275399,97.29852749720698,162.26686621407237,167.2302798512432
good_form,48.21557513567741,95.32052750094552,161.59978528500827,167.00361078597874
good_form,44.00596408080823,94.55407140590935,161.0378150126462,165.96244239461913
good_form,42.08501510562951,91.47990008235391,160.67035909465486,165.40372739357548
good_form,40.44021685387076,94.86346925343538,160.35955481034833,165.19158620916605
good_form,38.75673551080512,95.53744425085952,160.1100917886734,165.42296995747895
good_form,37.70557423675845,94.86375127814338,159.85787965473307,166.12850005565394
good_form,35.5871657396206,92.83048111989527,159.28926618563275,165.8254499075395
good_form,35.16597929184274,91.94236873266742,159.06078779782675,165.01166806320754
good_form,37.83186552124129,92.94923429362723,158.97910637430633,163.44745551125177
good_form,39.475135480492945,91.10372048478109,158.84692406549377,162.84513214477332
good_form,42.62628951289565,91.27975786558842,158.64904467462745,162.63614388330868
good_form,49.00718573954213,91.11336933473115,158.29759401750718,162.85973563162793
good_form,54.35534927286485,89.32581943942604,157.88746850545235,162.92981174453737
good_form,57.93662324820365,87.03872994455584,157.81754724984984,162.95031762753723
good_form,60.684914272631275,85.10399757729198,157.8011778883272,163.2602198078882
good_form,61.46421775976936,84.03692536684474,157.72019848822566,163.64420382417612
good_form,62.56895250553674,83.38394309970087,157.52989747791122,164.24562763417774
good_form,63.752909560687215,83.26750867544669,157.37767860537343,164.44675185509396
good_form,63.771132977721315,82.95742241801449,156.93130776642528,165.37296502237905
good_form,63.29186436990249,82.53505813044875,156.47586590188635,166.2717022040139
good_form,63.23120959388178,83.13567870438337,156.02250627425028,166.8926241621421
good_form,62.984649689748174,84.0024015816942,155.9982100845817,166.95892644683315
good_form,62.79015996058724,84.29749192385624,156.18852254073033,166.8495838016391
good_form,62.466421439249096,84.0337704241708,156.35704153659285,166.46038026358102
good_form,62.60030478804501,83.82267213462576,156.50580423760914,166.0981426877706
good_form,62.6077613764802,84.1342110419021,156.62554739282407,165.96581179708812
good_form,63.24379006488898,84.54231703590848,156.8401826963696,166.03568346655288
good_form,62.15531935235871,86.08551475139079,156.8369996387364,166.05752506827707
good_form,59.241643557997506,87.65926709981403,156.7677609101394,165.98616782499442
good_form,56.69621502852884,89.69623516667505,156.8182239312459,165.928822511718
good_form,56.286815750592034,93.0233511336958,157.06450866080564,165.34699315835817
good_form,55.37369492331837,94.3709537077772,157.53481504655804,164.59101270344203
good_form,55.07009496046695,95.3674816141011,158.00660792158936,163.6767358834316
good_form,56.53611086729007,96.11391135297927,158.13448705082692,163.74310797902007
good_form,59.55525517695182,94.6594061519028,158.7571975476299,163.18973551075092
good_form,61.56138584740036,98.61001484147285,159.0428939206298,163.0523537390666
good_form,65.97015855933168,100.91286644331487,159.18197182092229,163.27957657795338
good_form,70.17889017484919,103.27573612397241,159.51774746786617,163.68523690669858
good_form,71.98609474778436,108.43034942734897,160.17421847863673,163.457437692612
good_form,74.34763317091802,113.43841690541312,161.4135384301241,163.01772243976777
good_form,80.50461899189156,118.97341664859096,161.59537076108626,163.2997386837058
good_form,89.1149076508267,121.19338040770397,161.93994736776298,163.54030851773092
good_form,99.91479625105006,124.44362643902673,162.58542639144525,162.95141801955464
good_form,113.41672002396533,124.24932182672089,162.12463236379853,163.82408769100135
good_form,121.70274931882423,124.33060342268872,163.3836334660082,163.4432982226151
good_form,128.45877332276314,126.90337710759812,163.9943260120158,164.23673566901329
good_form,130.83087855164834,126.1241943942006,164.22726520453065,164.82993453919383
good_form,142.0632279533129,131.24140981769682,164.25447755826076,165.9165193693713
good_form,145.76243774738094,136.90709368774645,164.2225482046575,166.20599901352503
good_form,155.3018855109606,139.798699236086,164.7910135394416,166.50586064338884
good_form,156.24791545835208,142.05504605620942,165.0052458049351,166.89431723073926
good_form,158.58663509881515,144.49248041021445,166.29879205304562,167.1001134696037
good_form,162.58256735083535,147.31238348074947,166.18223345437485,167.50702139159725
good_form,167.52496585794162,146.19287664344554,166.32111205370268,167.72183377603227
good_form,175.91396818663975,147.1495044781642,166.76456249320103,168.38444203579368
good_form,175.8867769898319,147.24269299971377,167.05757515231284,168.92970865347525
good_form,172.6292151887157,145.98842670862075,167.14926222822493,169.15815612286872
good_form,174.2720475219995,147.33251016399092,167.3561027076422,169.32290802082076
good_form,174.6323585352033,146.0492505416349,167.682934776597,169.18702684549456
good_form,174.50009008284965,146.350809113703,167.3655867605144,169.2021738038916
good_form,175.07244382163694,146.0121896953824,167.25958243487543,168.9835577119464
good_form,174.00557491443809,145.4030466945507,167.1315848201074,168.79790167789554
good_form,170.05399370921688,143.38269855845795,167.15483710103942,168.28962612135714
good_form,162.96587820779243,142.05296400738936,167.09929838387566,167.31913649650843
good_form,153.110768664826,144.7419763241415,167.1118131912196,166.2750365158003
good_form,142.28902734505547,144.41004822847518,167.19342503129855,166.04091372690226
good_form,128.1696866998275,139.64923357995264,167.46700591446717,166.03937079456324
good_form,115.97212621676744,138.87779431896143,166.64289281740605,165.87297459634115
good_form,107.74117843211599,135.37342121004036,164.5537592075562,166.67363791964453
good_form,99.97899760397081,131.3501752621399,161.95984315480754,166.73687469635416
good_form,90.64059266039447,125.68879069852555,162.12201502453496,165.57425197963863
good_form,81.86867942845367,124.65213620541243,161.6024233760762,166.23024001540145
good_form,73.78712101373367,118.73291935460307,161.10240036423485,164.9311510121581
good_form,67.24680354653344,109.67349876960405,162.72224201207558,163.61353793871652
good_form,62.94928719960559,104.8962010272723,163.33155675804161,163.13444908627974
good_form,58.560678660413814,103.08166681229123,162.7863693485969,163.28053286770268
good_form,58.97306990034673,98.90541034366697,162.0601780983944,163.36423198946113
good_form,59.7498377324398,102.08497606848235,161.51631922874947,163.21641290566654
good_form,62.1198411451398,105.89775323380361,160.8943228504921,163.8052731182742
good_form,61.51689185327026,103.240061462205,160.6998742233912,163.89805689837672
good_form,62.457675695003395,102.13235805708172,160.59673637352532,163.66433888210813
good_form,66.19552082294334,102.65808430060596,160.4936306814951,163.89819507773672
good_form,69.7149109476126,101.18001760588892,160.51273104189434,163.78387376108296
good_form,72.31512591798774,99.88862367707144,160.40965644070843,163.7402436215952
good_form,75.8992451198955,96.59881056903814,159.55761271555411,164.0398332777151
good_form,76.54396344666822,93.46880997222082,159.21770308545823,164.00315450109005
good_form,78.50523260810424,90.46053590078178,158.72513560047395,164.3206213081547
good_form,77.48642606411758,89.07990055071566,158.44792732742982,164.4161167569216
good_form,77.73236956865419,87.1505600713352,158.76078159230002,164.77667628286628
good_form,77.34145306346956,85.04612061228987,158.843971353277,165.0777865148683
good_form,77.58870116771628,83.71118739746736,158.7792463049829,165.31387878020544
good_form,77.21156034460282,83.72479187269947,158.72722405072665,165.34548696080753
good_form,78.0240543772343,84.6973514458092,158.74663758001546,165.44660449458172
good_form,77.81327822922388,84.84869563787137,158.26441724049843,165.5421076489056
good_form,53.522753471264075,56.615082044875294,154.6923970714245,159.56002309318345
good_form,54.11770405646183,58.29709791761553,155.76634906823483,159.65656696438495
good_form,57.6360531787805,61.0493240566709,156.41717400887453,160.1137103264532
good_form,61.07064480430388,63.852054849856145,156.47525926061806,160.79341052448444
good_form,66.51522205807754,69.6087042973838,156.6268335524069,161.35633361121504
good_form,73.84224188452117,71.59892795766493,156.7174128259886,161.74170115657765
good_form,76.49399229153585,74.38082378930238,157.01581973313432,162.06894023722586
good_form,82.75961895598527,80.74132309933175,157.23905987799685,162.25861018702352
good_form,95.75891999631648,88.78175106950273,157.95568491833873,162.57956790727374
good_form,108.97263074052583,101.65267058027906,158.95800247450006,162.50427971904543
good_form,121.50359753407054,118.58548049440789,160.17269834502275,162.12240915721046
good_form,136.33294817876018,138.7034665053217,161.46036868271304,161.96189166236417
good_form,146.12456304720635,153.7224335945672,163.02760150241133,161.9447062125125
good_form,157.8350478225322,161.55730684325115,164.51578792642664,162.4725389083292
good_form,169.29381010849016,172.97149595587356,165.37639443138082,163.17708520597944
good_form,173.06809646926237,171.38753258517033,166.00017202288828,163.654475501445
good_form,172.0678322453557,169.44030560620902,166.82715632478985,164.02002975549172
good_form,169.64019858715778,171.41107710204852,166.8917392388957,164.42729065158554
good_form,174.42494358525633,170.28463369643575,166.96128430139194,164.76945254466926
good_form,177.76131106183172,168.8975682484364,167.10517922259731,164.94757163149367
good_form,177.31433216496848,165.78074893795042,167.25196145842304,164.96992166672214
good_form,176.5365957631081,163.57773428125776,167.47340082552083,165.04051187587507
good_form,171.61520734170938,162.55247192861367,167.7532667218469,165.02238752544545
good_form,167.44407274748613,160.14838424711002,167.97408769117789,164.93010102031906
good_form,158.61799468824822,159.5322751438806,167.98740335201424,164.76989994229686
good_form,143.21672193393903,141.62602484916397,168.06693582104282,164.59634558645874
good_form,130.69707347110247,129.21294850344182,168.3391624394823,164.15264485719183
good_form,125.17436718762067,118.5126635844909,167.45562321730804,163.56133809268476
good_form,116.87617711355983,101.15166053571045,166.78459738166515,163.01481712100713
good_form,108.91648937957305,98.6398891565079,165.4001058349619,162.3640067119494
good_form,98.99595551013573,86.9252198804324,165.29946280949636,161.83424367928615
good_form,80.90836799824785,79.71383192618688,163.83412883650433,161.52445536910014
good_form,73.25944959585092,77.15543483388447,163.4479664049794,160.31305674288714
good_form,67.58634194565002,70.36029671907247,160.3905571448588,159.8003904399047
good_form,65.84288147150268,65.21449201516941,159.16891033327417,160.34650896724992
good_form,64.86280797844196,61.31047977720774,158.14327394403082,160.4955260289506
good_form,64.46276096264015,58.56878861333715,157.35150031251518,160.44639395244778
good_form,63.330760839668834,57.98354054286255,156.35063343324674,161.6052914696937
good_form,63.38254555802093,58.959561092542614,155.4775234125526,162.21302869827005
good_form,61.44341901646956,57.754916771890976,154.87281414089034,162.77758077839505
good_form,61.98174370186713,57.371506208312226,154.26114190503205,163.0587276138316
good_form,69.41319394660476,59.490834103054794,153.9535050184884,163.09794713360046
good_form,73.20270844682307,62.4910842471455,154.26956679189118,163.61370606686262
good_form,77.38938731244754,64.39384162965413,154.10222352921224,163.90445030025222
good_form,79.556810103006,67.29244947733866,154.1837507373859,164.05320898143896
good_form,81.30984593967624,69.82577154695342,154.0129370305322,164.3598798563636
good_form,82.8282771926348,70.31656804075143,153.8843676251732,164.72111329891294
good_form,81.75822885260509,70.94141216309102,153.6780590439489,165.05657210341613
good_form,80.49047595504518,71.10477529115097,153.60441614459373,165.29880781106178
good_form,78.60202898481553,69.79541164309913,153.5855235258701,165.51555136844928
good_form,75.21576923842807,69.43990947936662,153.58372684767969,165.54956773175655
good_form,73.39779965180944,69.59070296630645,153.713943594801,165.4552876780564
good_form,72.39259411613438,69.63634941349993,153.76837428663546,165.22492731449051
good_form,70.58278524639292,68.25680085483457,153.75294344575676,164.71733298355713
good_form,69.85576153950072,66.14145700034163,153.76267643839975,164.35561915918413
good_form,67.64937813586663,67.26596717113841,153.75686617909903,164.3808814093158
good_form,66.03487708357054,63.54322666262925,153.85434667627263,163.78419130988723
good_form,64.4397119729799,64.26612763337153,153.8977706807655,163.6179616773051
good_form,63.412380094205744,63.767173384162255,154.16612483488277,163.71353629086704
good_form,64.48163931977315,64.63909590738052,154.5759129756849,163.7971277831881
good_form,66.84209939879122,69.8303331073044,155.04581098098808,163.80425029626096
good_form,72.64557512989057,74.88275871071885,155.69931821916117,163.87385789987147
good_form,77.04726915461333,76.84389512537135,156.044166487384,163.83787921937628
good_form,77.1477693629667,78.71621112365645,156.52422554268784,164.00149828747493
good_form,83.42795059752245,83.77587321629129,157.22123806799718,164.14512289792825
good_form,93.97766555585855,92.39634729151311,157.52074543258698,164.39934570306778
good_form,104.97268460621973,101.9593607341245,158.09541444199758,164.51077717641618
good_form,119.71130124234836,114.85481443555918,159.46063111805773,164.4644991091743
good_form,127.85232652531988,127.93518172605948,160.19459482567788,163.909317317119
good_form,137.2464448605229,143.79553230601445,161.90985297960015,164.32452939294004
good_form,148.1559080083688,155.26781919641408,163.51079633088517,164.45529311055287
good_form,158.03677960079784,162.08107365610482,165.57038274150935,165.16854413085372
good_form,166.12282372428098,168.37366377720653,167.21977142649166,165.56871249276452
good_form,168.98465754014137,170.60983634966993,166.711066683844,166.21986801534695
good_form,168.41466261225497,169.55216232859064,167.31181774094625,166.50908776553982
good_form,175.0684626608386,167.3969999292421,167.8793847676167,166.33333789910228
good_form,174.60209985440198,166.21345071501761,168.18620724730505,166.18085709786914
good_form,176.9528054779755,168.36821306432287,167.8380455303439,166.31484702341834
good_form,178.94669205630967,168.17112676594314,167.7016052151886,166.3849660073155
good_form,179.10178926200294,168.5241833612948,167.60804867308386,166.33355939707084
good_form,179.89469114125353,168.07963998746692,167.67411082822997,166.37773213519523
good_form,177.5323050340718,166.2744175076338,167.84093462062808,166.22139856656034
good_form,176.58047885342393,165.22408972340256,168.0617084383568,166.10704293790593
good_form,175.43620571605447,165.15644448185836,168.1408897712034,166.00395590916315
good_form,154.5700729867808,154.54241587752756,168.40125147123624,165.8774719393795
good_form,141.26604939834684,141.8356270560433,168.24545365932062,165.8213150871328
good_form,124.62350901158658,127.71568704564439,168.2231698066288,164.86786217032375
good_form,115.35500319533728,115.01211962107406,167.93576262128744,163.72978966853086
good_form,104.94845371984485,102.27963078368613,167.3913476956171,162.07274145476208
good_form,97.41766364339844,96.86034682542518,166.23626408102484,161.73667585300797
good_form,85.19992955049378,84.46178098016257,166.1817220006469,160.86116015427316
good_form,73.21663905902307,75.16138143111459,164.50174893795676,160.8265187165852
good_form,64.9407963860815,72.64895703801852,163.5724862710164,160.79640409582922
good_form,57.600675640280485,65.86701469395751,162.5046117177599,160.5913437572538
good_form,56.590171390529804,59.43011573793136,160.873783662552,160.90083584888637
good_form,56.38470772501565,56.16670856965062,160.13375870744636,161.06658076429625
good_form,57.827496029456036,53.37295388133919,159.68096142601865,160.74884792167126
good_form,58.388540605582925,56.69136963211333,159.29779133459954,160.44206133954307
good_form,58.67812998139306,61.589961447546806,158.6520220219562,160.7658526623877
good_form,60.48363063698697,63.84374008887947,157.96297886581516,161.26337107388125
good_form,66.01472859734037,64.75810761278115,157.46522580104846,161.4818660992861
good_form,73.37905994013904,68.37984254918331,157.19844438433967,161.591438718651
good_form,77.43500237400252,71.98936052737741,157.20934091960027,161.70884636586112
good_form,82.53983086203772,80.56200004165099,157.31061323970187,162.44395997337136
good_form,83.59485733000284,82.20827980593683,157.35201334358067,162.53952232691165
good_form,87.78949154204305,85.29382722523331,156.97719783064332,162.78970362819845
good_form,87.25631829795194,88.09030414066801,156.9233745875993,162.8942513273865
good_form,87.42369501117423,88.68721750165855,156.9609704313482,163.25322696916132
good_form,88.09149071768582,87.70345650201696,157.00291010949968,163.63893352506614
good_form,86.26946365406079,85.10762596558753,156.95687847476117,163.97426556433555
good_form,85.77329614006432,85.19554022386683,157.23142291530405,163.91102395815585
good_form,84.13950234157556,84.40586066808568,157.2523480381936,163.6127560418088
good_form,84.14429741496376,82.0659986496896,157.33546781242748,163.08420849813666
good_form,80.06721020810484,77.56419642297169,157.48823541646078,162.61089537937463
good_form,75.55249671594531,73.84484152835303,157.66961754578355,162.33905694963684
good_form,72.28137159826969,72.63375622795462,157.80739077954965,162.17056583685667
good_form,66.18391023014576,71.125739348922,157.76684584053513,162.30478145782718
good_form,61.74389073410288,68.6935648914295,157.59834541562753,162.48666972379235
good_form,58.43997422666833,64.19229547865099,157.1431448241446,162.47569829729335
good_form,58.825182987985634,62.24300625770945,157.3651739654784,162.7265466954704
good_form,57.11455268025965,62.496586247830486,157.84720344430315,162.7538068898161
good_form,60.298569652735694,62.882332612224516,157.9555970552619,162.8909356694889
good_form,64.94762199682441,64.51797464157511,157.92444940579344,163.61646041155913
good_form,69.75102583953543,66.17186913800823,157.9697647555904,164.36452382414413
good_form,74.03633542124743,75.1512728482492,157.8876188310925,165.00263012202285
good_form,84.15849503056126,89.54532188526622,158.94261429318672,165.4430541931573
good_form,98.46101260525893,103.06260568915118,159.41123687018103,165.30651725420032
good_form,110.05966776464336,118.61077349254874,161.0831255700961,164.8873876472165
good_form,118.33017199235104,133.90863226831814,161.91413217609616,164.40403525949336
good_form,126.22511156908584,138.362041399814,163.87969227408172,164.57587727119622
good_form,136.46163759201576,145.81218719656619,164.8105661766975,164.48063200391138
good_form,150.10662641043373,152.3947822056084,165.70718429196106,164.04902136340127
good_form,157.05397936402045,160.28014598245346,165.61221321391812,164.96089078449194
good_form,160.46774973972472,161.13153532679655,165.89910723591956,165.77289959371203
good_form,164.83072707798334,161.87139464936462,165.77821870519998,166.3822159810294
good_form,172.7298934063279,164.18090166148002,166.37983775622243,167.1956587981747
good_form,177.85633261550436,164.01152318902533,166.1513727014022,167.34954333079077
good_form,177.88798355126113,165.9664589031076,165.99268343320088,167.686570880899
good_form,179.1145945716005,166.62994069497122,165.77688423576654,167.84411508312596
good_form,177.39100568600966,167.67096256641307,165.8973803849943,167.9093338055974
good_form,175.40329870903045,166.70828609007478,165.87063483740314,168.1412540006833
good_form,173.94845293306787,164.84191027128082,165.55452893774907,168.13830723525876
good_form,172.21570905435175,162.93141884220188,165.10902726618164,167.92547758634234
good_form,172.206237854279,163.94906235804513,165.06623150041312,167.76135264280433
good_form,167.90908975286564,160.0767828280824,165.15154747909747,167.5791553074318
good_form,160.78771712079262,152.08487915177085,165.36523272893533,167.3888224238462
good_form,149.25301757780696,141.96970494704647,165.77134746430596,167.14344410072925
good_form,137.07835054000802,132.3039276906235,165.62318756735257,166.96142252614595
good_form,129.6779546523997,120.89960944493347,165.67946282709667,166.3852152355778
good_form,122.4723917574247,107.76421528321458,166.1464721000119,164.8136343280171
good_form,110.37046402053693,93.97281934913494,165.95891887423141,163.85519020117357
good_form,102.57431413932704,86.09810873072982,165.36760424041964,162.99376268987157
good_form,89.57083947807831,74.99057268485652,165.58367702267958,162.12510670354544
good_form,71.88567408962518,67.06498422567687,165.13043072728073,162.06551885829515
good_form,63.25303643252448,62.75216137767445,163.16157057249643,162.1441939570421
good_form,56.268597697843745,55.62045970722052,161.36006217900027,162.35080077469652
good_form,53.642279982127555,51.89640101518113,159.67754721176075,162.06619581153984
good_form,51.2787979655161,48.40357578450556,159.49578178458844,162.2132039010148
good_form,50.866467579885565,46.05849147571764,158.87151868154126,162.69641486595893
good_form,52.374640852406465,45.22318068021001,157.99003614787594,163.2014729288149
good_form,53.57003241970453,48.06291100656117,157.26330954242448,163.83042094802863
good_form,54.12731435971403,50.58697123921378,156.63189717149456,164.64747970528288
good_form,56.899185693189054,51.71318026401028,155.72960251004432,165.50245794755546
good_form,58.885172270381815,58.17805704090244,155.47805386781522,165.81886967890364
good_form,61.917372240861226,62.27238383178953,155.00505051481917,165.9568438418025
good_form,66.26374404434459,64.5295373813532,154.9774151888228,165.91534596458058
good_form,68.9803041924366,69.16150401922118,154.97670610218086,165.9103377462273
good_form,73.87437465455186,70.99336517622888,155.13254008660678,165.81734829054002
good_form,76.85368397727898,72.37444722674137,155.0616283236634,165.68924697153415
good_form,78.51916107770886,74.77669661743684,154.81731026119482,165.69912723401762
good_form,78.89319226706907,75.8058177341154,154.73237815994003,165.63455205837076
good_form,79.7676663801126,78.08869165256847,154.86631655003845,165.652465933873
good_form,79.93356020661881,79.06569552209713,154.94903194032486,165.6985214162922
good_form,80.90007072707675,79.87595734684616,154.80426901916084,165.9117999570166
good_form,81.27389005717319,81.31396271509844,154.70381219680397,166.08501385996266
good_form,81.34550852139904,80.76686424436538,154.6696868125576,166.0988770821557
good_form,81.78183757162437,80.61603513643993,154.6589597887967,166.08840808289776
good_form,81.07981979436907,80.31788243572792,154.62772485689385,166.08970001575238
good_form,80.66240383238657,79.49977414655031,154.65312098733753,166.076457694204
good_form,79.76354471573009,79.23282904052813,154.53026581635112,166.01519747903623
good_form,76.95963324999667,76.43076104059449,154.57725056811927,165.85497389196692
good_form,73.23412149471147,71.72109707220528,154.5344005881528,165.82845761285822
good_form,68.45633276397861,67.46160145239597,154.52491781438252,165.71065302244892
good_form,64.93821716431256,64.72730632430385,154.69818706569205,165.18498448539947
good_form,61.370776479389406,62.328203093595484,154.50310488719072,165.07321141993623
good_form,60.64766666504069,58.64518916610884,154.4290688343341,164.9912230191557
good_form,58.94324418537059,55.80262713199084,154.77479281562685,164.93690460035518
good_form,61.645729294168326,55.14153813712787,155.31781947226216,164.80157836732863
good_form,64.82406945010268,57.69677871773871,155.52769684682977,164.38488619907147
good_form,69.19378107758138,59.25178305806857,155.63208149697041,164.60070376673954
good_form,73.55253019081368,60.87256229126779,155.85786306677332,164.7498835787137
good_form,76.29181865211467,63.01965702570114,156.34904766276523,164.72988066276773
good_form,77.31057210542792,66.08512462384171,156.6986368816961,164.65450675731833
good_form,87.40290231270853,76.40043941982086,157.53503301781095,164.73740931763604
good_form,101.31259188464321,90.95937207794285,157.83235438354959,164.73246799319816
good_form,113.36261883934043,100.87332489190202,159.30475468268077,164.4751759848744
good_form,123.63919196774091,114.0413940128524,160.3524918374478,163.66818660586995
good_form,133.7462808282896,129.84507457421282,161.99704627785624,163.51578458886524
good_form,144.85333695986768,137.7012954321095,162.70551912792607,164.3080260166855
good_form,158.22957108456353,146.16135885209104,164.0863476195485,165.0327882114891
good_form,167.4655338443689,158.4652603009625,164.9986089743557,165.7009632255579
good_form,173.53098053204786,168.25256711043414,165.30147050093285,166.02120758264442
good_form,177.21581894948892,168.5395061695363,165.72006201543297,166.39099325582333
good_form,176.81274293004404,168.315803855589,165.98204211398144,166.46756011376607
good_form,177.80270812907617,171.66545150658806,165.46313237483668,166.54497680537955
good_form,176.53063015603098,170.35732423522188,165.43516426599615,166.56719667818533
good_form,176.01750684448052,167.9089691724171,165.16479650788764,166.62410361587803
good_form,178.24116273384138,168.6041090840823,165.1512504430784,166.62743529963356
good_form,175.79319957348775,165.8251894514878,165.09022709572807,166.42090327744188
good_form,173.1369028412049,163.8484320111427,164.96387392265405,166.33630642889784
good_form,166.08502018299293,160.17477458544573,164.95386234208135,166.25850987435334
good_form,154.84018916568695,151.06551077454498,164.92184517888006,166.04697095440528
good_form,139.86584003745034,138.436878759129,165.36936568236334,165.7616973165751
good_form,122.46449943982924,121.06935695193496,165.3070968406023,164.9081963813722
good_form,110.2316197693518,109.46085870980298,165.60172122210236,163.51223405641522
good_form,101.08079470155792,98.88469034108564,165.42214834446617,162.67127278179976
good_form,87.76924310984964,86.10455601423429,165.4081331517883,162.21889507337897
good_form,73.65408215282582,74.86269525618253,164.6797741693675,161.75573726130864
good_form,63.93283897166032,70.75980148973649,163.5385332771623,161.69325629613786
good_form,56.882604397883085,63.77754100997816,161.26611497447183,161.81352955460844
good_form,52.28297236412963,56.83801083277034,160.53368182719402,162.3072410893022
good_form,51.32480234726529,51.505014813351636,159.81956465092472,162.8153539743792
good_form,51.30215285355452,48.25743708749589,159.5211835989546,162.97873216438168
good_form,50.558331748494766,48.57737941674039,159.02655570785396,162.85871294459062
good_form,48.960676341773414,45.72499158814521,157.94423708473389,163.24775153353468
good_form,50.285540410231796,43.10465213899933,157.38103304076617,163.2616742643244
good_form,57.31165009118502,44.09313352315067,156.6606065773849,163.2729509835839
good_form,62.21931550968615,46.906043931304666,156.2831431065041,163.29028773976535
good_form,55.16279287467834,77.75027885712005,158.49967584343412,179.26951924596443
good_form,77.62691459605128,86.11872088744335,158.99086593363572,179.93911110582
good_form,97.59512393535584,96.92625323302121,159.85537707514337,179.97563620088053
good_form,120.4575020617624,102.95070831793379,159.59216163814895,179.91441947327647
good_form,132.03910498560205,111.2955080946111,159.83051372941998,179.9519183765674
good_form,148.32050467031075,123.78624778791945,160.59120978176534,178.40382384532165
good_form,162.0778050618831,130.09736627044597,161.732797377232,177.30979457270857
good_form,167.62653461182833,134.31763934764984,162.63949793325156,176.930776735857
good_form,177.20752144746135,140.67994430835995,163.92636384150526,177.56158009231623
good_form,169.12908585321014,147.26822387754163,164.63369018891504,178.29219796820166
good_form,154.69477196386669,153.5182923988735,165.45741898450265,179.65616494721291
good_form,148.82343157014824,164.9314296445149,165.79258540394036,179.55044533511406
good_form,146.43683364212242,170.2919780749902,165.94904906806926,178.784642659628
good_form,141.91491940852973,179.19947378012452,166.1972054677126,177.13888803243586
good_form,144.51653759094904,176.601456981424,166.43032520252592,176.7721212762241
good_form,145.6561791962063,175.28082106950072,166.55748356521883,175.83460080787285
good_form,146.91142270083478,174.89443150224764,167.07956685743403,174.82620964271206
good_form,148.29585538275808,167.6514897782736,167.10354720427603,174.3471257830743
good_form,149.61320824934825,170.30105719457964,167.1373569723962,173.90689764520786
good_form,148.243716052129,169.6426847210242,166.7667426842998,173.7495362753668
good_form,148.10219424837717,168.69667773747975,166.66940334360513,173.46255052965563
good_form,149.97030003613492,171.34714681546083,166.02831510899574,173.56921442848338
good_form,150.6927664680549,179.67967092081003,165.48139705576742,174.6395001134598
good_form,151.85122049873007,173.57169653509786,164.93986545530123,174.56714153473118
good_form,158.41273393117152,165.46944592415227,164.78223020693915,174.51179212358815
good_form,177.5852511929924,156.50930419519585,164.54714093776067,174.5701643183736
good_form,165.3217105208291,143.04696420475125,164.2021406442167,174.88320280064974
good_form,151.3635779956834,128.2595085525081,163.59200320011576,172.99915839881882
good_form,141.7992686339753,119.91655190364861,162.90740080389878,173.99069256671217
good_form,130.39474731657384,105.49872668059355,162.13176727247597,173.6519725853877
good_form,119.10117723111787,100.30848068824947,159.98363342261354,174.35213363009635
good_form,82.18962982032133,97.23348149009445,160.15264799588684,174.78182849809625
good_form,57.39684100803129,90.13055802274654,159.51896500807385,174.23146597689288
good_form,35.9380937591312,87.62000508517669,159.2913545779924,174.60134437449454
good_form,24.62273627193071,80.55614476688022,159.50141391949347,174.7442881774049
good_form,18.410228271020777,81.11514602559424,159.16125645544224,175.3650366338201
good_form,13.58566555015197,78.59050769689262,159.18212657461282,176.21844170036553
good_form,11.99833677219723,75.72205580550128,159.29519888109434,177.0540759593148
good_form,11.669717199925685,76.00106345452514,159.22154580758246,177.78744358568738
good_form,11.406850216296435,79.24207409848805,159.38633546483283,178.37755094601954
good_form,12.468116530472065,78.89278843949981,159.3404431239637,179.13195379696703
good_form,12.896920262092408,81.05865805407014,159.35792722340693,179.38397017669976
good_form,13.108838033069484,81.10708875641961,159.26532911522344,179.48253754727898
good_form,13.934196147021446,77.26308725840798,158.96067256364864,179.99464481647914
good_form,14.86513060708981,76.9547185205412,158.36763207952782,179.3079408472557
good_form,15.292948555615544,75.14916702371377,157.56206489503242,178.85743376035305
good_form,16.720736228693703,71.3852546637962,157.4218660891435,178.76027424247764
good_form,17.77709956838369,67.8009404875987,157.17690940018142,178.5991703021842
good_form,17.58661940237564,65.64946876706544,156.860461813548,178.48179757816877
good_form,16.834330391674055,66.25796318916926,156.56144077154343,177.7066818061108
good_form,16.570844135821037,66.81010590820046,156.42877222747777,177.50539372396872
good_form,16.528280395646775,65.42635564233389,156.25655553152652,177.3581770791866
good_form,16.653405726917605,66.03250183980927,156.22945464867902,177.44074698680868
good_form,16.507362102537158,64.94086829311132,155.94146509217114,177.45539327958124
good_form,17.346743639872297,66.21535678163495,156.36460935784942,177.21843853943358
good_form,19.444743598186054,66.32091477458287,156.81183084360248,176.87488781792464
good_form,23.106660987278328,66.2627293890843,157.98323432510213,176.8805621255811
good_form,26.609547760843743,64.10023636100208,158.93284507971433,177.65738799208083
good_form,32.30843749320997,60.50396767895741,160.10668680380064,178.37630783124197
good_form,38.650107663439435,65.85781671733083,160.17062450056068,178.5260232500811
good_form,46.33270374790852,69.67143322925406,160.20760064614956,178.80861471348422
good_form,57.860171348253914,72.47438743730176,160.28005227303242,178.86597716729446
good_form,72.87226616117232,80.21119248433413,160.35955815693904,179.0154792721571
good_form,92.56992184338628,85.6618350344126,159.7295364615727,178.68458712663363
good_form,108.64459051054689,90.42759392678711,159.42228113848702,178.9121692270642
good_form,132.8249228772248,95.36247049558682,159.5822090673709,179.14184425134863
good_form,147.7144855511478,103.18899354452189,159.60158659682435,179.98644205235982
good_form,157.24360901908292,115.25917880445948,158.99661177099873,179.93688981360617
good_form,169.1456004907554,130.25509723716578,158.71384787454295,179.08042775699704
good_form,175.58706829871883,137.55144284737472,159.2555008814203,178.95283735148035
good_form,172.61462451499182,148.91732690086423,159.62969216424003,178.92890353286316
good_form,160.86767569000455,156.77481781292735,160.34228168133689,178.0631235467694
good_form,152.97691753871797,161.45553888006043,161.46827376931452,177.06027895530124
good_form,153.04672404523163,173.55461591353594,161.8565422247768,177.85689060329844
good_form,151.99208749841313,177.60129827893775,164.48802988620866,176.233539664
good_form,148.49369809541093,178.12714282230877,164.95305519011012,175.925904050444
good_form,143.98880365493,179.54781165155856,165.45412051434326,175.1801261642149
good_form,145.8870409544127,179.25938752147573,165.5608962425943,174.67461709970857
good_form,147.40571725032868,178.5887594694109,165.4001149262188,173.88298058550535
good_form,146.66950514350845,176.78936513374524,165.3089188919282,173.61188664803427
good_form,145.5334431672351,178.91398982186521,164.7597579408525,173.47917490533854
good_form,143.77376807728567,176.9298080065993,164.65217537057885,172.12168560343133
good_form,145.228998442871,175.19036503157238,164.29031372405598,171.7341154061573
good_form,146.5657699579571,172.6803289184509,164.2359896477763,171.0987373612179
good_form,151.44124375684814,173.461915912983,164.40435881412103,170.1556481404194
good_form,154.48298122084674,175.25495046854635,164.5549587918574,169.30609037741215
good_form,154.72800648177036,164.84730094094803,164.50613532250105,169.78735742539016
good_form,166.0557553570889,159.52896301852283,163.546810399092,169.91073583497453
good_form,174.48982183514363,146.2531367156884,163.24521607120957,170.86603722006294
good_form,156.62084992760242,129.59455944129002,162.70862360373877,171.34605089833855
good_form,149.2949008392313,120.84536952938939,162.44269239333534,172.42817504605966
good_form,138.99662636558529,115.44910545558623,161.85766786776662,173.5038465265244
good_form,120.06418389855301,106.17140454132252,159.26826325283275,174.69953520640928
good_form,97.61353058895418,101.08645221311336,158.91756685408126,175.65554879837856
good_form,71.97817687798403,93.82633939675466,158.814216840385,175.9694484594423
good_form,48.97809140799448,86.88386211291888,158.9607316599665,175.4272507793654
good_form,33.51772982426851,84.23724386594934,158.74014159381463,175.5690210657257
good_form,23.767370804233003,79.99680204763943,158.5324712159861,176.22294069823747
good_form,18.48814370118901,77.47491613387619,158.82112839307652,176.45191449069526
good_form,15.565998704880204,75.29055458748284,158.73916710422478,177.68373097974228
good_form,13.065751364464564,76.19208615101859,158.691642760655,179.45038347940002
good_form,12.369146922646802,78.22875226439544,158.46408141164676,178.98671815991838
good_form,11.744959657657207,82.21121828560372,158.2315145218384,178.0820618050249
good_form,11.155646674410796,84.0303315171696,157.88538564779307,177.32112855606943
good_form,12.096561218968926,81.23815595888038,157.54696772028493,177.1567353760876
good_form,13.20463563862953,78.23585265553011,157.3390274792483,176.5730657039921
good_form,13.362491413845861,71.60073270725671,156.8601669576971,176.67548596937917
good_form,14.313068166924067,69.7488322207031,156.45369543800777,176.58659044924966
good_form,12.975055108695619,67.11792773504325,155.9368597810265,176.22478930547808
good_form,14.484502747317013,64.45089775808887,155.31256865567823,175.63083695284251
good_form,15.40083048767928,62.550315903901556,155.17035914241916,175.0238608766518
good_form,16.7746805790787,62.43159340804023,154.74341059335856,174.79810278829183
good_form,18.227690992307057,62.083147496276055,154.63101887620704,174.7311459426223
good_form,18.014125716238865,61.385802371635336,154.37100865062828,174.5680663147248
good_form,18.453363675900032,61.70404990086042,154.45976845722993,174.5678070622434
good_form,17.619099973597773,62.38761299095466,154.5583325289751,174.3133451788434
good_form,18.560941813593274,63.680611212340686,155.01528734046224,174.37861168025015
good_form,19.707521893087517,65.5768349113393,155.43150013062893,174.39711980243075
good_form,22.33811836547259,64.85144383801506,155.80237618049588,174.40740578853894
good_form,24.967873720486327,62.69451560037566,157.10006028417826,174.54924263298724
good_form,29.612235727487914,61.770759149969344,158.45918428817748,175.56318737910618
good_form,34.399890596116904,60.22620800739733,159.6754375369112,176.9386153007541
good_form,39.65917792050764,69.2390880678339,161.20602184733937,177.58949606417298
good_form,44.44649262657656,76.32753560400353,161.45130377332669,178.3380514261766
good_form,50.94801163178664,80.26334728743419,161.47924318880231,178.75074506943668
good_form,64.1594679316168,88.78747865998709,161.41375565147567,178.4886796579538
good_form,76.91353414846935,92.74331146385029,160.98227549167336,178.38247503014176
good_form,92.1699992896684,100.54574515003443,160.95029960179318,178.77711150291992
good_form,112.16519382188832,106.28467602924312,160.84077426664683,178.9601182793748
good_form,131.98781474780682,117.13768034156321,160.94655166071342,179.32182646738724
good_form,141.0237425562667,125.66541070482539,161.25608386639902,179.9382689601598
good_form,157.32399100369187,143.89120249894776,161.5309942433482,179.07804509399637
good_form,167.36152943918884,153.3090206102893,161.38834364825195,179.54204764144282
good_form,179.30914865752584,158.02543130707764,162.05469443528307,178.59855061328503
good_form,169.2668665063824,164.31421059095985,163.0138039154683,178.07524475528217
good_form,159.75092080184157,166.83261358735163,163.04523974074604,178.07962589837692
good_form,153.39012732069975,176.30832075242614,162.94525988074852,178.28203403211285
good_form,148.39753524237054,177.40190293227056,163.39724352717914,178.47448996094823
good_form,146.60142220245362,179.8522420289345,164.15390100120783,178.96703872420494
good_form,148.22256620436022,178.37416793735954,164.69756475841515,179.10184622511974
good_form,149.5450351053301,178.78637504406717,164.73964582997206,178.68392497122002
good_form,155.22655271931887,175.44310000088672,164.806804875833,178.19774916706788
good_form,154.06302643076896,179.9775896707326,164.94298044614112,177.76289047611948
good_form,155.61646048562451,177.27553515339926,164.9976047915895,177.6665579073066
good_form,154.39274411658485,176.20882804156412,165.10219626452397,177.2085765528737
good_form,154.08940585661844,176.73927236204494,164.936026908868,177.12706681970892
good_form,152.96414675059543,179.24751164582065,164.96429091806763,176.89041478699468
good_form,149.762938319535,178.07386709140988,165.58176220419224,176.18935515736237
good_form,150.3866321870629,171.25195934964654,166.02063921693684,175.7514520316791
good_form,152.67298327007458,163.62021949715563,165.81863077310143,175.67928320405892
good_form,160.6921372045101,154.2253312970701,165.20693903480534,175.81884897886383
good_form,171.4328558638648,139.97477928236017,164.5978617498727,173.93474115252064
good_form,150.02449437390243,125.15027886056804,164.58357875264446,173.87698521475835
good_form,132.59461053119736,113.10365881128217,163.76111339580464,173.348345795625
good_form,110.50330702769395,103.92594620594313,162.35734842493804,174.4376435787206
good_form,93.11363124479408,103.70393135937813,161.95376997930242,174.87489848957483
good_form,73.54877749072415,96.84540758623541,161.46143457530061,175.17516517013036
good_form,53.20738315129023,91.51610174746399,160.6513214717573,174.31317891987467
good_form,42.32892811158859,85.33889190117421,160.83182686035968,173.78494856253806
good_form,35.69720048137801,85.90837183092938,160.93044995007273,174.0565099856007
good_form,28.578122580321953,84.30664602388447,160.65096529339863,174.42484976560414
good_form,22.76659026032602,84.81188154577107,160.60651612005043,175.714391142728
good_form,21.188598621223683,83.13289231329279,160.06043065983064,176.85987052472652
good_form,18.398637800574576,82.3341312149688,159.4096861554305,179.16703579393362
good_form,16.861326898019865,81.76141866354337,158.97031096110177,178.60511711005321
good_form,14.654314676752739,77.09979108918799,157.89300610623545,178.34128055019133
good_form,14.576337651092855,75.98319388073382,157.45526872007906,177.8835854790033
good_form,13.30368164203907,77.17102892697321,157.12423416525928,176.78836047787544
good_form,11.348066885297746,74.56633473720484,156.7934746795394,175.59519864365234
good_form,9.723802668117889,72.48463166479637,156.37707894730454,174.68841908203217
good_form,8.8569219519192,72.76226216905643,155.7680571514582,174.16832830781559
good_form,8.1037297334924,71.14417759357315,155.54898092281746,173.34895287690625
good_form,7.622029998821893,70.74053050731443,155.02285572317305,172.93198498596013
good_form,7.587332085582273,69.52547221066519,154.68098374380895,172.83400124960502
good_form,7.62367583979928,69.51299282833118,154.41093381042916,172.7871725568931
good_form,7.736969011654064,68.46480112601634,154.20677213394902,172.857435218031
good_form,8.26365869779663,67.65516862452176,154.18044973369993,172.97541003029576
good_form,9.097748006541238,68.21880491004804,154.23204846757878,173.14341974571158
good_form,9.774477574127506,68.56398143664855,154.36500071432147,173.24668155896873
good_form,11.295424321739423,68.41765494515144,154.91974073962388,173.3651655076182
good_form,14.042314876038247,68.22313194180936,155.77025226635305,174.06154268580775
good_form,16.27311519052859,69.07833249250494,156.82913182466865,174.4055946415911
good_form,18.63945580587035,62.29254383884444,157.43992456951713,174.90939746396907
good_form,23.78311215145556,62.58730761506922,159.42303112124907,176.52303738478048
good_form,29.52239639827687,62.04172443161883,160.51797235898525,177.59865878325314
good_form,37.06267294382583,67.51207190414874,161.62625092116946,178.38362385016976
good_form,44.9889298492185,70.60053497142142,162.1990233601144,179.19397218687573
good_form,57.835489956422805,78.95103241985487,161.40774294542723,179.22199252263133
good_form,71.71744765375382,83.71558158858348,161.38033395304456,178.84287752429503
good_form,87.52215113809439,90.17742841720046,161.715240243346,178.8210749981365
good_form,108.5756033592487,94.98266944757442,161.8095543419234,178.95103731931357
good_form,125.90440343734551,100.41644543800598,162.10909829961633,179.2510715101443
good_form,141.40073397327592,106.00704718619306,163.45568774921114,179.35130101475048
good_form,156.49826473182745,122.3804957335092,163.80127474893106,178.37093363848436
good_form,170.9842174593794,129.60871435539178,162.5735164087119,177.99598488333464
good_form,171.89299014409048,139.9131125966432,163.14130116791765,178.4133527597918
good_form,158.46220428262197,156.42495061734553,163.5653659459453,178.99883212026717
good_form,154.78141396420133,164.3009339420292,163.57473728509055,179.43279387408492
good_form,154.14635127538335,166.15210007169816,164.08579351076762,179.03987981128245
good_form,143.56606514371447,170.66969031533634,164.54142293923996,179.39194962043908
good_form,139.57093592715734,178.34584020911447,164.9544894166213,178.735006755768
good_form,148.1525879214552,172.524744279864,164.72990761911083,178.25430467305722
good_form,150.23957587380457,174.71035712664204,165.00625018660637,177.54374052682368
good_form,150.32451082848482,172.5127548559542,164.99344032828338,177.2792024523392
good_form,151.47757966882418,177.02782420419712,164.5275593873498,176.80813485452447
good_form,151.09004252564625,178.17635492748587,164.5625972107462,176.19653763006764
good_form,149.97052880750783,175.79409264685594,164.7953974565057,175.33663054586572
good_form,152.50019267166604,171.43687969949417,165.07330952416874,174.8717568900895
good_form,151.53556516967083,172.32325872844356,164.85623211465543,174.25217658497806
good_form,153.02079882283218,172.17621348716847,164.7778773285896,173.89513447884153
good_form,153.94918074395943,177.47517996121817,164.7998183999351,173.7139544200966
good_form,153.2105630471765,174.56518039702155,164.17445344749484,173.938291180868
good_form,157.3821660887422,163.72073151630633,162.8401525975985,174.3784391355384
good_form,179.16822233354443,148.28573770084722,161.60228776358164,173.75403747676842
good_form,151.88677621372716,134.35152107353142,160.8462786193795,173.85242878781605
good_form,136.14152701942228,121.27114857723505,161.03778701312476,173.00993084055074
good_form,119.96461929647842,108.76773346359302,160.99411281871156,172.59052396420273
good_form,103.87162075613048,98.7117090187095,158.82036594803262,173.73741809227104
good_form,82.03515630634121,95.19919053263003,158.7990333146471,174.0009940428495
good_form,61.55808146765435,90.80597667222206,159.02045479510676,173.92655514459042
good_form,48.10241888133186,83.69610883067385,159.26882233460591,174.1186282205757
good_form,39.66459395911519,83.88196022891368,159.87470395969152,174.09914685597604
good_form,33.79673581316565,78.89535336869241,160.23426346621687,174.31551134055516
good_form,27.87338857965185,76.71779848959665,160.2943231250835,175.10993956113936
good_form,22.841237835746654,75.12818365352473,160.05362603275668,175.53919426906316
good_form,21.777614962840822,73.5242325422796,159.41624795197563,175.94324094507033
good_form,20.83146739556144,72.80938807847744,158.53645372396153,176.16911121352936
good_form,20.45511500972143,74.55342626339444,157.86791287542988,176.4625078074063
good_form,19.095403798790556,74.6777956581077,157.1729839741162,177.37475412440153
good_form,19.424224168290806,73.19604586429479,156.6354393128956,178.35055107477712
good_form,18.866915362834916,67.62844277854805,155.7646136275821,179.06974081387727
good_form,91.71210727456565,81.82396136394216,167.34692783976084,171.10495094721756
good_form,92.58429339934463,86.82402501974288,167.2169664145286,170.95110188051544
good_form,94.74607261404509,90.32957211176867,166.8606505741805,170.67932809954107
good_form,97.73439733464409,93.50348925911813,164.18456993890243,170.84615197454906
good_form,102.0317230156652,97.96827014611331,163.76389291428873,171.08607357994444
good_form,104.26032434850086,108.11354725261911,164.80651400104597,171.06050969097353
good_form,111.23987959944313,115.65057550044355,165.25688563929188,171.4121540525819
good_form,113.51236515360657,118.99512743840876,164.65901731666264,171.99824174218048
good_form,117.20559084843998,116.70061971045502,165.1197413758921,172.15121214588635
good_form,117.9426816283515,117.13862261811647,165.8963298453364,172.19154586533682
good_form,121.49307324618397,117.27342140179405,166.76513524525203,171.86280657493938
good_form,123.78089800979805,113.33624888491376,166.85132147264923,171.78421065783118
good_form,121.54201921992222,112.96331744824732,166.8141257321705,171.63386237019384
good_form,119.74911895248778,109.23322805516884,166.49307239937082,171.57309111924113
good_form,117.33161982982142,110.11997509581761,166.1891609898934,171.87828694402134
good_form,114.72288241701091,109.43487321723329,166.44637854241353,171.99226640966796
good_form,113.70214077104606,108.70042769169537,166.4547623068866,172.52651650745463
good_form,113.0648591769422,108.84915724445925,166.5822984494854,172.68940744847274
good_form,114.27812729394421,108.98077658963584,166.7147235249546,173.22379963473966
good_form,113.38292787599161,109.31122217236125,166.68600019940524,173.49503827663264
good_form,112.9779572141093,108.85203050784293,166.80999554416834,173.31541936923088
good_form,112.70694382144765,111.54059906086496,166.3919740866322,173.38978894519514
good_form,112.14648700906986,111.73829775340168,166.39743609253625,173.09997654479054
good_form,111.33381146253112,110.83462402402208,166.81332469946832,172.56241802415445
good_form,110.13511030227565,107.21252458491048,167.1763839404563,172.25873980116285
good_form,105.56762026027945,103.90609327617653,167.09938979636576,171.88946787710873
good_form,103.0185645481564,97.17464891575969,166.6592412842429,172.05127476764662
good_form,98.23230067492159,90.44050754424605,166.22422547832983,172.93015590880748
good_form,91.76600146429297,84.74548788059273,165.6339291389392,173.35210705612585
good_form,86.82738015917414,81.14638474831109,165.26155084864664,172.8403717221276
good_form,84.95739544195806,80.08534149920465,165.2189170404765,172.27958561667515
good_form,83.88322884669321,75.92645040338651,165.47261553746065,171.01521861163536
good_form,81.0248188581952,69.8039798183503,165.57637680984675,170.4599622524845
good_form,78.13668410921309,65.86921387755979,165.56173547551364,169.6733059695556
good_form,73.4378898382339,66.21979666860001,165.6810553507052,168.77560582296115
good_form,72.24313286486012,64.7747760905246,166.25530652243407,168.10919489806304
good_form,67.62261840674216,62.59418931029417,166.27050485936834,167.37152155569734
good_form,65.38300087277315,60.58089605151301,165.87959733858628,166.67692230349797
good_form,63.23568302786185,59.386959028037374,165.56249135568285,165.89347704395246
good_form,62.515015245530435,59.08518174717412,165.2388814667446,165.2068633944112
good_form,61.75728741077154,59.170191742202555,164.8944195750461,164.41887531916728
good_form,61.60637944075098,60.649366999194356,164.85975768800697,164.21251885419946
good_form,62.04312805052806,60.02650491779844,164.51500825381672,163.87156458003992
good_form,62.3124486239939,62.00767261508985,163.95283437848954,163.65078706184815
good_form,64.97887762817197,63.84435903520263,163.5768570178243,163.4297421711883
good_form,69.30251559604397,64.88487249159584,163.0710136393947,163.30105504085242
good_form,70.37876457889415,64.11497590725484,163.02884767660802,162.92258886584492
good_form,71.85553378666577,64.2808528924845,162.74701861783936,162.69949642907662
good_form,73.21552201014157,64.38825519578292,162.46797504730966,162.79952269945048
good_form,73.91099645699957,65.89582997247517,162.41026168733902,162.62210926061647
good_form,76.50517524608738,69.34275114707646,162.0283987474776,162.7762754864867
good_form,78.32377895729809,71.55007245677542,162.39991173343253,162.60151973315888
good_form,78.81508050004307,74.72200027707217,162.5900311849012,162.59416178305284
good_form,79.05694854709046,76.50160906433553,162.61705634644315,162.49265862937332
good_form,79.44637925524037,77.3963294382049,162.68016260177842,162.37067371942354
good_form,79.72686345390811,77.29957884095758,162.754629364958,162.3486785868491
good_form,79.88188870285472,77.31112378952331,162.5636628348484,162.37252996877973
good_form,80.43935608038953,77.9058510348474,162.09382861887798,162.6192568482647
good_form,80.82876925727913,78.64472830539096,161.98888990933816,162.7313523926261
good_form,81.01262317244297,78.7849078791052,161.99247571540627,162.78174510136944
good_form,81.3281428575693,78.72573468807819,162.1377905914115,162.78508831700867
good_form,81.35867903662577,77.91723339657418,162.13273073243107,162.76818508082513
good_form,80.62364935435279,77.15061031766002,162.2074299819684,162.89967400119744
good_form,80.64149430309828,76.9037185474183,162.48652780286642,162.8339750966995
good_form,81.19358332681252,74.49049028145792,162.52708473552164,162.9195835485133
good_form,79.45201577140769,72.93419918128528,162.53863441497828,163.40425015011317
good_form,76.7108413557812,73.04813507755533,162.70058322512347,163.7270535150014
good_form,74.54646951160662,73.34708537336891,162.77075918264458,164.14356550719748
good_form,72.50064654765555,72.85245665661385,162.8901303798801,164.53519901683993
good_form,70.13770644918435,71.97058462697949,163.06021541034195,164.74995254088606
good_form,69.2000792851996,71.57983016890918,163.1987762782346,165.12714530872034
good_form,68.09672821201325,71.85356015918667,163.88217966506662,165.2076977023354
good_form,68.09751439146828,72.93621993757574,164.37860921784917,165.0603642828726
good_form,67.39341545723283,72.87606965050544,164.92342372003938,165.03213867257782
good_form,66.94908828813948,73.16914778815057,165.12211762632924,165.17603684919666
good_form,67.35052420934693,72.28890018753424,165.3124223507845,165.21821541272197
good_form,68.62909226400603,70.59459639200638,165.4394828941465,165.25634526533727
good_form,71.47252068489684,70.43883770524795,165.6569641705513,165.08875175955092
good_form,74.09919243029327,70.56674235519614,165.5702662508632,165.04230589245964
good_form,76.52008060405603,73.18362802898152,165.48586313211644,165.17612572107964
good_form,80.33763311270366,77.05326101456671,165.5571189618262,165.52641552376085
good_form,82.59661934020357,81.89627361527495,165.7791085570532,165.47391832773098
good_form,84.6015205595184,83.78033510837246,166.3199643480809,165.58802746039242
good_form,87.5673210431753,87.4349855824157,166.3533556518433,166.2817704985136
good_form,91.21356402415131,91.30357546383793,166.27018596305138,167.09737450723276
good_form,92.83848111426505,90.88548677674403,166.3354266624978,167.9088927893521
good_form,94.49810424346038,92.5212880250472,166.4202039899969,168.6907669617539
good_form,94.28978719284208,91.99009655971979,166.2899022667459,169.84854529623362
good_form,96.2774326841822,91.66268585634504,166.35631601666512,170.4427455414836
good_form,96.14731226251433,95.52054589184266,166.26832570856882,170.73606943350669
good_form,98.20404737538979,101.59630733639894,166.30700038342388,170.8269423739637
good_form,101.35730568694618,102.91568818230822,166.3833575783942,171.17736084991202
good_form,103.24758586684612,105.37276398545909,166.27706239682084,171.98337563934814
good_form,103.28591299019229,106.31511317333391,166.41756346645357,172.3218818472044
good_form,104.614279255914,106.09418206791352,166.4805299576015,172.49223916765956
good_form,103.26604297031844,104.69864404948392,166.67337164376386,172.6870918329026
good_form,102.88244973233088,102.43055730153976,166.953805234665,172.64756973550413
good_form,102.30332346124607,101.72031599934921,167.3045459333297,172.5387478444868
good_form,101.55114561631302,101.79963506378988,167.45457780711595,172.45541245142067
good_form,99.88051211192374,101.40396776692141,167.67752645134595,172.2020244350202
good_form,98.98726046359565,99.69106243116345,167.67908243990632,172.23859458027
good_form,98.15248390715698,100.10426706774648,167.7760185643504,172.3518842737559
good_form,98.41086791922004,100.32956923689707,167.8678831541484,172.33741468282057
good_form,98.68104640281359,99.75289973847983,168.12038783751282,172.33923674157427
good_form,98.99710673999721,99.91360343478382,168.2962998697744,172.23676229496508
good_form,99.08489235045215,99.8004449247858,168.3859774040214,172.20870976815155
good_form,99.41632747025557,100.38425450193833,168.57137948867205,172.1607432493419
good_form,99.77896552463068,99.84796083735272,168.68365421655815,172.11522115010902
good_form,95.88370077702916,95.10983584128203,168.69474008956576,172.04826528226585
good_form,92.0791511883088,90.19053431583723,168.65829378904186,171.82821604430367
good_form,86.8191902958784,87.32083690996774,168.58387808357472,171.84235415518302
good_form,85.84589520472338,82.2389165542276,168.41032892991456,171.8230204812049
good_form,85.60178673581953,75.53660376837026,167.88987587061035,171.6732234847812
good_form,83.64710168202572,71.31254916507783,167.44367761332097,171.62378897911958
good_form,80.47469221087482,68.0032129603423,167.25809810608388,171.36887811576315
good_form,76.99580639228265,68.0889016421438,167.0193764205874,170.86067160269505
good_form,74.57758230901527,66.24120801366593,166.97692690328617,170.36965775709442
good_form,71.60428753119265,63.15874348630465,166.5199077474233,169.75391043638143
good_form,71.32908821321797,63.3035084024432,166.33313958467923,169.56330105808328
good_form,68.06459847362794,63.96543600661953,165.92853685844406,169.37875067475323
good_form,67.50188930074256,62.16386457915943,165.61206585480772,169.10897241325532
good_form,66.88552935204058,61.40569108472733,165.28794050500872,168.71582627810645
good_form,67.83216240677712,62.87639246927828,165.11438415160134,168.13800840860165
good_form,68.961045594568,65.07733558816271,164.79283787410432,167.67880604442612
good_form,72.07677196488082,66.12790962051882,164.45435553060068,167.2499595034073
good_form,73.63833854835332,67.09362914092138,164.24222181542925,166.85374532569932
good_form,74.6509392312518,68.9012093119326,164.21735682038496,166.50968953692816
good_form,74.97909594176218,69.72747332074741,164.09372031017256,166.2926786045952
good_form,75.10211163552572,72.85380212572167,163.9339849882989,166.0665246868059
good_form,76.83962748815107,78.31478953586254,163.77757543441058,165.83290239331805
good_form,78.23293257863472,80.24844265036253,163.4922748228886,165.76334008724876
good_form,79.76101321303398,82.5195090757042,162.93683699259392,165.72903201113294
good_form,80.03079977951822,82.33011670975253,162.91450081656868,165.6672146943829
good_form,79.8295153978589,82.58953296497945,162.90437778112047,165.51376307142883
good_form,80.34178956027425,82.4712381965786,162.8024311070258,165.53374007736014
good_form,81.2106536014671,83.3416618403088,162.80655474133215,165.4915463238499
good_form,81.78092030067567,83.75310539389602,162.84299482874255,165.43321858763954
good_form,81.90636098937951,84.63150682327496,162.82291583734147,165.46239921396466
good_form,82.0980286079705,85.12911957166364,162.94347520224565,165.53011319966595
good_form,82.43822213846994,85.46650029386541,163.11773616178718,165.65338961382196
good_form,82.53350305256866,85.14634753378394,163.06147311421051,165.58133913902455
good_form,82.80598251958058,84.67567435751808,162.993263629028,165.58718099133088
good_form,82.7788866698418,84.38850604245465,163.017096600403,165.5299227697032
good_form,83.1418625012493,84.4047268537275,163.15606566873066,165.49095949723912
good_form,84.5141653124684,83.7201612133173,163.2701331132886,165.5049634605056
good_form,86.09859584183836,81.8888764947885,163.44998031900803,165.5019603121178
good_form,85.20252299306857,80.93909954400111,163.51753553489903,165.50264989251147
good_form,85.44065878616965,79.57848087636297,163.60847532568823,165.52107644604354
good_form,85.59775741399444,79.5129074235183,163.6923442369866,165.54638935840327
good_form,84.45896035728744,79.79233341822615,163.79515598919133,165.58512459852776
good_form,83.72338922339588,79.77672305764297,163.87149704975556,166.11759031905066
good_form,80.41338071625201,79.2725441505695,164.09476246579607,166.41718507063067
good_form,78.67358885902124,77.93767855375363,164.51958000522689,166.65339154432735
good_form,76.62306879276674,77.26102494062529,164.81653293080197,166.8880169786916
good_form,74.89600692152818,77.69120052605176,165.04299254622674,167.0049313216329
good_form,74.47356418402647,76.69087801903764,165.10024414141904,167.15198847021946
good_form,72.13811074889048,76.4534076609459,165.20186882627777,167.14382081133274
good_form,71.21514018036464,75.54125938121909,165.2958212370318,167.08209375985103
good_form,70.00702834295151,75.0210107129485,165.4900619760788,166.92236127767745
good_form,70.1692522241242,75.68551808899296,165.53355171721643,166.8987806804461
good_form,69.30316822004255,75.4991976701771,165.64607548680993,166.8288420592815
good_form,71.75578154238309,75.64795931357098,165.70272546247676,166.88382365632353
good_form,73.26927477811512,74.16917219500034,165.73548526452979,166.8109473764739
good_form,76.28966084975525,75.77813388341156,165.69930890388142,167.00116725982053
good_form,79.1800994003242,77.85683949235543,165.88457110612538,167.25977313326206
good_form,80.68110770613094,80.33308349240009,166.04017942199073,167.33964196945513
good_form,83.66260649658716,83.98307997807645,166.29019675482326,167.27568481767176
good_form,87.08019443446915,87.45650721260475,166.3356483327724,167.48964617862285
good_form,90.1638653139932,89.4710978083216,166.36355157420428,167.7579156981366
good_form,91.624260193368,89.65673676989852,166.2875378244213,168.60554674368365
good_form,93.52059810391842,89.17630667702007,166.28221450483895,169.43865772960578
good_form,95.27558108296239,90.58490520479705,166.160136887077,170.47195930275515
good_form,96.32892995570467,91.01600203816577,166.05914366792788,171.36801472624336
good_form,96.14940457008464,92.6254038540869,165.99899578548604,171.95907466297515
good_form,97.36565760551645,94.59252215968884,166.0672991527122,172.28208144797247
good_form,95.93929705832483,97.32770982383836,166.12337914290242,172.61532466808524
good_form,96.62867330028547,102.83768901893806,166.19703133799752,172.63841084875602
good_form,97.42379464429666,104.5455249323134,166.13115133180258,172.5110013220104
good_form,98.84426214714244,103.7166760487799,166.41992764035598,172.32872234902084
good_form,104.31212760239055,103.87373809454573,166.75413645967024,172.26170902607043
good_form,104.62133846057105,103.22234455862318,166.9483033434889,172.2668861310268
good_form,104.58231968898826,104.36604502084359,167.32461896309675,172.21284531865234
good_form,104.25341700960234,104.25399041484147,167.44899614503603,172.2951453757335
good_form,104.73905010478808,105.3960089614649,167.5891564324086,172.3231490618309
good_form,102.9660151126024,104.14676791727727,167.634113101878,172.52685802437153
good_form,101.99347022860303,103.86034813454522,167.7693494622054,172.46658924663933
good_form,100.82061149314796,102.95994353112943,167.79277433923147,172.4529390752936
good_form,99.82787276416099,101.92279910385811,167.76608179942212,172.5102739361637
good_form,98.84802831596357,101.21280720729743,167.7196033857923,172.4690442383892
good_form,99.40950275067382,102.17964611218986,167.7591024539577,172.46130162334998
good_form,99.61020007789762,102.35995139408952,167.83679921766944,172.4727468200216
good_form,99.72127012408436,102.58739238833346,167.87650603335703,172.48710505482262
good_form,99.59972467480281,102.75631118522492,167.88480897638374,172.39991043415355
good_form,99.40004313073075,102.63248684658306,167.7815170990715,172.3976600844027
good_form,99.09795287963334,102.41290877624374,167.83526336372853,172.39106035495627
good_form,99.27708249702982,102.30388017723412,167.60422277144863,172.4054552469877
good_form,98.5088457769296,101.74413751728343,167.60771536910994,172.42839999568338
good_form,99.62063627633387,101.08860476349999,167.68732707250425,172.28277219840064
good_form,99.31200044504982,101.54701915605469,167.68236618849252,172.08886994348708
good_form,99.97723999739901,98.43079477089769,167.6968542814895,172.06472627540606
good_form,94.30817925700234,94.48976000251241,167.7708360031405,172.09762859717748
good_form,90.83842828697999,89.92631539478045,167.76928365745277,172.11831704353315
good_form,88.38529409800759,84.05487952236417,167.84518799691205,172.10740372458503
good_form,86.39058799102338,78.40339447197543,167.76820094728862,172.03186666453078
good_form,85.51102308027049,76.09047345812866,167.63697584038565,171.84907942052413
good_form,84.15355698450588,72.18754401793161,167.46088401783453,171.4548496534238
good_form,79.22043644167212,69.90231776616373,167.21247662606118,170.834300839549
good_form,75.36674506823823,70.0492488849485,167.15904061520192,170.0688244367042
good_form,71.8313382379971,67.43322930352883,167.95065021476228,168.73358024353976
good_form,68.26004343120468,64.12475294799115,167.79482302546262,168.4671988684786
good_form,66.9888013796537,65.56416738202407,167.55525927948995,168.436518780685
good_form,65.05848189475387,64.71513871902303,166.65692342441244,168.14837671638986
good_form,63.22992072714385,65.45064989052032,166.22215721894983,167.92511251127684
good_form,63.8027744401316,64.17860731423865,165.6055064667207,167.9367307393014
good_form,63.73504443051684,65.2221169699049,165.14262558193298,167.96610439022186
good_form,65.08490880971506,66.68081126855346,164.826551233122,167.88288803792514
good_form,68.91823990479016,69.36522774603002,164.61993575468833,167.87617335995085
good_form,72.06530526397432,71.26260663698297,164.42773893387673,167.75552979570654
good_form,74.61398259306647,71.4425548299138,164.09885158794194,167.69906097368082
good_form,75.29256988553041,72.9064082761256,163.97570705056157,167.28864489621196
good_form,77.06790638653983,72.40611597338906,163.78926697674908,166.81913720449162
good_form,78.45168218628602,72.79360861593092,163.5204006981488,166.36001806817794
good_form,79.4767546224688,75.0669204316582,163.28824618318598,166.13163281706645
good_form,80.16511973340798,76.71654939080578,163.12332093940927,166.02714422180438
good_form,81.32582419946125,80.44776091386278,162.95263006330433,165.890773054165
good_form,82.1627426603616,84.04675001868236,162.7637446537733,165.7809092578446
good_form,82.21594246914808,86.53605176756857,162.6963793014562,165.64587287803027
good_form,83.34121205091523,89.05721557965569,162.6466234923977,165.60586924907733
good_form,84.91304989974756,90.84444040909682,162.60895899367736,165.4657963630969
good_form,86.25142230003584,91.15589811471034,162.56978328870846,165.4375005933863
good_form,87.35457862513478,90.90962212409025,162.5404217617494,165.32708965210003
good_form,88.42646322343099,90.92993573780691,162.50790109620357,165.3333372136341
good_form,89.68735567241089,91.11157492454129,162.5012054135113,165.303215707487
good_form,90.46739223348855,91.12868383832273,162.54802762004852,165.3139697357603
good_form,90.64898177320565,91.21295608755732,162.55414503717665,165.21964324945517
good_form,90.53051681610532,91.26200672199164,162.6904976362085,165.16973625725316
good_form,90.5398931104955,91.3243262682516,162.80632776649693,165.1006558864866
good_form,90.48749580738331,91.23968097304743,162.83007255926915,165.00882572572993
good_form,89.56166101646335,90.35939720133128,162.9058384089053,165.03489358059443
good_form,89.42776813525698,89.26863495542865,162.98705476899903,165.0450141207172
good_form,90.0545974313147,88.33690936539323,163.17307004270785,165.04263904428186
good_form,89.92872028517728,86.7970096573889,163.2548882303922,165.06348404124958
good_form,90.2816546819183,85.45835385967166,163.314760467155,165.0405895361241
good_form,88.05518572706839,83.06955796420363,163.43095243133095,165.11296006266906
good_form,86.11703924110273,81.12189485486631,163.50476951115667,165.2711038535717
good_form,84.46541325057687,78.35963366080617,163.6631941058212,165.52715233672853
good_form,82.21350274888805,77.29222053559131,163.67996024868182,165.90571242357487
good_form,79.30344452223676,76.50917679520559,163.75152700713653,166.21870731080395
good_form,79.22021431403448,74.85257279756303,163.82916188895757,166.37883657384018
good_form,74.79174455092851,73.38828397691466,163.93292526879776,166.46208696438248
good_form,71.81130682081852,71.75221784521447,163.97760929538816,166.4730789985765
good_form,72.26632060285385,68.41998821529107,163.9875641604021,166.53034571180586
good_form,73.58153914805223,70.60281513468523,163.98583474782058,166.59750149440757
good_form,76.35352058682128,73.53898790528508,164.59663928078126,166.61838172962726
good_form,80.41839229569666,77.76181800476715,164.71928962086932,166.83387635199716
good_form,84.51758210156981,81.45203664672022,164.9202020331269,167.29142941264
good_form,86.89799530594541,86.81140327005903,164.97341014621318,167.80086026721386
good_form,91.85929626847263,86.81262850012388,165.09357960604305,168.94709683086026
good_form,94.97488133618202,88.92080941699231,165.1721843670811,170.1246696803329
good_form,95.10910333065539,89.85993259406088,165.30834180190422,170.77674893771106
good_form,95.61617024807128,93.8641899453363,165.37959591068034,171.10096323240631
good_form,97.5583199588458,100.06948276232836,165.54661652767268,171.10943496389933
good_form,99.87136735488781,102.41173830457804,166.07987795624103,170.9140243502565
good_form,104.1525089566523,103.30550276776975,166.2222648336734,171.1077597499683
good_form,106.42295592793238,103.85898066091902,166.26322724247757,171.44044265332548
good_form,105.58100578882605,104.75237896577416,166.35597445357675,171.61325782987691
good_form,106.6078634120203,103.52975648236344,166.52347746195395,171.6541567662629
good_form,105.66955709213929,103.2417029604135,166.69783175453455,171.65234151416612
good_form,103.95074613378762,102.83410347071943,166.91000704027294,171.59862857197186
good_form,103.87006190227532,102.71083652170489,167.49452984316684,171.51462777421673
good_form,104.26293064708057,101.67240536993727,167.66726486790148,171.42806416612245
good_form,103.04022992959722,101.2570207277987,167.93453286521773,171.30104935683644
good_form,102.31630859442896,101.3809337752515,168.07366233174778,171.2165138051314
good_form,101.86314038724652,101.67431672651017,168.10699909734672,171.2146071028138
good_form,101.76585474437707,101.249954607817,168.1392649733019,171.18848358295426
good_form,101.84048180243849,101.23474364253973,168.17374073343214,171.14926879248415
good_form,101.77942191035334,100.77894775618836,168.22439256535964,171.15336054650152
good_form,101.05968737804676,100.96912727750087,168.23637651416306,171.17162814084423
good_form,100.97564240797362,100.4558744406815,168.30249162917465,171.09274757561246
good_form,101.6457289553997,97.25994454466883,168.43489449209721,171.10888834163956
good_form,100.18496109857688,96.4913766684155,168.47482762955286,171.13907366782573
good_form,95.56700240162542,91.3377793372402,168.45830468914286,171.31287046108238
good_form,93.73068003236926,86.99284716640632,168.60555187318647,171.23158726703716
good_form,92.31642693991796,85.40691446056094,168.7063603358141,171.229452254337
good_form,92.36568298392694,80.72756013333827,168.63331762372167,171.06826952500785
good_form,90.34277762685463,75.27011706114223,168.48921244739182,170.771494904099
good_form,87.18663971965066,72.51613883939811,167.35251474881412,170.8093038046679
good_form,81.67629979964403,69.55545959023189,166.79562508690958,170.74555515930274
good_form,76.45695872852758,68.44543626837036,166.75057853651228,170.41467671136877
good_form,71.55845807259249,68.93614091767809,166.58152265142513,169.99686160524453
good_form,70.89442186422326,70.05075301860884,165.72930603224623,169.50910197357982
good_form,72.22527749106092,71.19503447304896,165.36122177167323,169.3509070501483
good_form,75.08368361579426,74.69472266222118,164.52557918332894,168.86519665237023
good_form,81.11158460920699,79.09875140562151,163.81244516744258,168.67896099540195
good_form,87.96821935566712,82.9499640408212,162.85408497826958,168.38033645457492
good_form,91.3578262352676,88.24484346645121,162.6192634051484,167.41385453334374
good_form,92.53159835196647,90.7643793493373,162.24094157277622,167.06749250230857
good_form,93.54213113400999,96.13127667883946,161.75827914554895,166.44211559779464
good_form,95.49067751089356,96.26529319468519,161.36075083306977,166.64664452143674
good_form,100.12852415750977,98.62752237844498,161.30482453253822,166.54162584288062
good_form,99.90349310775918,98.73227868684774,161.40908613454104,166.34758369588275
good_form,103.5793254438225,102.30718229878792,161.32373115894967,166.78515220567647
good_form,105.655475569883,106.14155150668255,161.32629921717407,167.6339605152943
good_form,107.01139034836626,108.82452865519105,161.5461740910079,167.2473018093416
good_form,109.52578407895643,111.15712936256253,162.30927236770103,167.092138344369
good_form,69.40796902233177,86.33994908909814,162.5124392827304,172.422207658915
good_form,72.5431152059162,87.65235485271049,163.22264408352385,171.97889741715812
good_form,76.39211441139304,89.87936271443276,163.33422049300896,171.6208712427806
good_form,80.18723281522938,93.45951380737708,163.48721718580862,171.0273564518186
good_form,86.25770055422231,96.64983340170858,163.63413798759436,171.01313419031948
good_form,92.01743841079968,100.57328225754442,164.0348945058842,171.28982759144174
good_form,96.77349922938652,105.38571984872081,162.81432709633177,171.1008782129272
good_form,103.30291075556357,109.00585720640412,162.81787819746435,170.81139756996504
good_form,112.80900638579399,109.47029889163227,162.31462744151708,170.68022708481493
good_form,118.58356457587041,113.54117391925979,161.49007908186482,171.0486066313857
good_form,120.83886791399866,119.00376957498966,161.55071286099096,171.6445373590906
good_form,126.54343964597606,115.7294810579775,161.77293002434357,171.99324363609077
good_form,132.24776818980195,114.59977382341236,161.88738396852648,172.49362907328148
good_form,136.57320818223826,116.42986086809049,162.1101199769616,172.4505992930985
good_form,136.53123198541533,117.78816547915656,161.65389724274883,172.6483470750283
good_form,133.30980555396212,116.04346703261889,161.55871690750388,173.40641746132408
good_form,129.0103406506811,109.29422688283448,161.72588486629164,173.6110988420287
good_form,129.3169992100874,107.8515177041485,162.05928347095406,173.5641917095123
good_form,127.66054329834299,108.6976970788193,162.26362581999356,173.37324946224692
good_form,127.38992837513084,109.27993416358889,162.41826377021695,173.17334040829192
good_form,126.80903196453909,109.85156365609463,162.45973956821337,173.08676160307405
good_form,127.82099373397895,110.16263427364927,162.4725643548214,173.0916484138506
good_form,127.45509173923762,110.2386979409734,162.51656936606878,173.00207729971652
good_form,120.21272849094976,112.22782847904972,162.4790278344306,172.99358791611493
good_form,115.52600561416102,112.70970717744167,162.50445637991876,172.89390899615987
good_form,109.88009786070867,108.47345750684538,162.48619871859563,172.78358006233816
good_form,105.2296673197502,107.08943697203006,162.20437944060103,172.50155091283332
good_form,102.61918252987715,103.73225697172525,161.95867597009786,172.45691843908247
good_form,97.61415449505859,98.37654054561703,161.5963384685432,172.6170612533906
good_form,89.25806977117082,91.92387529512,161.7209355835638,172.35638323908233
good_form,82.98428873541985,89.61135701174261,162.29577087099543,171.59383501745654
good_form,79.36210977451026,87.01265156415123,162.89477199061898,169.9833604649797
good_form,78.34102675676797,83.51318579984478,163.2699095521456,169.4443559026372
good_form,73.7451147074226,78.97260094478455,163.67878881785666,168.62485475869875
good_form,72.62628495188068,76.31970516098879,164.59572873849012,168.43130909723993
good_form,71.31755056370582,74.70626679703285,165.46754734562265,168.35740920598786
good_form,67.53602044875709,72.31757781116026,164.92741771306515,168.67441503608407
good_form,67.2102892740233,72.1899711284541,164.49519526000427,168.7170930419417
good_form,67.12921495813248,72.3029325951196,163.6969754545058,169.35254275733757
good_form,66.97070098543426,70.12487359726317,162.3830079510869,169.44578017373206
good_form,66.51446820043877,70.63177403487825,160.92940464061073,169.13625639593593
good_form,67.28227078376754,72.50842932983153,159.88498769515655,168.37488395016888
good_form,66.42221511980745,73.07905980186291,159.88287949691585,168.16200271254957
good_form,67.09917980372659,74.56106272181935,160.07146398165074,168.19960729712255
good_form,69.47568690374078,78.37788529144196,159.77265173709392,169.08029740702707
good_form,70.21579256772056,80.3934378065306,159.2792473304687,169.79551199791712
good_form,70.91951361129694,81.82990202165044,159.56906117127656,169.3716151025735
good_form,71.72291243813993,85.33552239422662,159.6302751935479,169.27294020924577
good_form,72.38147303934485,86.28724146269442,159.844794836641,169.22151386908305
good_form,73.61400933130639,86.67307958985917,159.14997508821918,169.72206105625966
good_form,74.50509569023423,86.04468228760709,158.74105802949384,170.15917835565557
good_form,75.15304045722412,85.06681834931004,158.16824222898072,170.27953823074415
good_form,74.67447201417482,83.84171474932441,158.49009169788837,169.95339812896293
good_form,72.51004632324319,82.24858673923819,158.54400656671285,169.91989303199867
good_form,71.88718769483489,81.71818322210835,158.183610305466,170.3363136912621
good_form,69.96661266053025,79.40785825668867,158.2865506304199,170.93589712498715
good_form,69.74455387055347,79.26165777851917,158.2065177508486,172.30038751306
good_form,68.45032322743569,79.42360701824313,158.74473671946132,173.26129130016523
good_form,67.66035339149784,80.06130065152358,159.68789973521768,173.3401921934942
good_form,66.66156425752928,81.20669785462812,159.60150448877152,173.3012753327661
good_form,68.42026980251961,82.90886338354636,158.80327119425945,173.64341413665545
good_form,70.65292674217216,85.6812901240625,158.90342018735387,173.6190114852951
good_form,72.55255332821395,84.90286177514716,159.58725520009764,173.48420885069328
good_form,76.723797866126,85.44130571719234,160.0650375375033,173.1592734830182
good_form,81.75787561663839,88.97260807344875,161.09534920513252,172.46505456845605
good_form,85.80106544247872,93.61763226802067,160.98037089291253,172.19387521932603
good_form,91.00167821878472,97.34506421468343,161.51644982639888,171.79869209713831
good_form,99.44873648215821,103.27052978843945,162.44898804757128,171.74966782272077
good_form,107.74691117681056,105.35692724564558,162.94120868125432,171.03496693058145
good_form,115.1749083531075,106.46134775659901,163.1903028221902,170.62353174583748
good_form,120.27510007715915,109.65968641839139,163.95960687003097,170.22283369135803
good_form,123.8007176184515,108.78270761385346,162.20162302089506,170.363289627091
good_form,132.5945147649523,111.40984111913608,161.67102416006662,169.67423658159476
good_form,134.50811403737788,115.62262760397867,161.56858859435252,170.24723779440185
good_form,133.80664565299264,114.99309062435832,161.43227514473074,170.09520186108554
good_form,134.36844695879245,113.54013531379191,161.02492518130268,169.87527111983874
good_form,136.33867826539705,113.0567179864537,160.8255376952891,169.82949788415883
good_form,134.0680561074415,114.5489752576212,160.49757067753282,169.99906795256027
good_form,130.24060891267854,115.4112319450683,160.16541583432453,170.35063179364127
good_form,129.5448876632872,116.08452973972051,159.70979000964317,170.94819164355744
good_form,128.5290366162599,116.0255793900468,159.38472522480495,171.52172399397858
good_form,125.91505198139816,116.24264160085448,159.32482403729009,171.65036271557418
good_form,125.890837028569,116.32230798903083,159.08744539014774,171.6843685769453
good_form,125.67809409584459,115.4750419012101,159.12443643068687,171.30147796277097
good_form,125.46859491969474,112.7733566794724,159.11201672502702,171.20471725490205
good_form,125.5660514569924,112.63758470236156,159.34198737961344,170.82567695278254
good_form,122.14360264887875,110.37418777615639,159.02261765663832,170.54563200511492
good_form,111.76012699067005,106.85290807975802,159.3128145856726,170.42831383352188
good_form,106.11227099461018,100.64974311163888,159.41212704162655,170.3236933303391
good_form,100.61487519907735,94.34743795593329,159.78743570562204,170.20230112189353
good_form,98.91746908049004,93.13625231369478,160.02283025721698,170.09970861332638
good_form,96.54689239823074,89.43575521508065,160.1989399264242,169.76128649802146
good_form,88.45251553511667,88.76232937818537,160.56710704605163,168.87005384906158
good_form,82.64275457124154,88.2553301803943,161.1172833451582,167.8541083066326
good_form,75.80457047525334,88.40025993237893,161.33561015776294,166.95166835640774
good_form,72.31420953106436,83.98162406199218,161.44663533411492,166.77091727508073
good_form,71.2414738300543,84.31188775260853,162.11384719861246,166.70696078753537
good_form,67.43659138536555,84.05530276448002,162.20183549382185,166.69547160264835
good_form,66.06627822957643,82.08424260904614,162.54989844426885,167.71325317185304
good_form,64.2259832225048,79.57494212801316,162.46304745096688,168.29376174055866
good_form,62.89802838170523,79.02160378442552,162.44292524876738,169.0401384673051
good_form,60.75215408758521,78.34341108011134,162.21901722026675,169.48630829526184
good_form,59.232872136995,78.12542753942388,161.8601051792378,170.49232428689092
good_form,58.658769497514925,76.40883482582217,161.69642721213833,171.25005921870297
good_form,60.72315444469754,75.76746499725705,161.10954047481536,171.44883144736065
good_form,62.407412393211345,76.69771765834396,160.23004021597006,172.11883714991097
good_form,63.87251292115416,76.93034676124326,160.3868835379154,171.814857559596
good_form,65.84831615395927,79.99215916634446,160.17836280087434,172.09752232730926
good_form,66.70339321390664,84.85411856668453,160.307763614763,172.09736648974823
good_form,68.17116399763792,87.00290665742013,160.49113058223352,171.62781355596337
good_form,70.42360703096205,90.78289521082014,160.29495962973348,171.66476603468695
good_form,72.20717757036425,93.28007931837263,160.07324719312598,171.46421321075104
good_form,73.35759481757869,94.42533872882436,159.951239768048,171.29680637986215
good_form,73.51054929360862,95.51795743277775,159.29974420303452,171.42091630214117
good_form,74.18074599245767,95.93504446788447,159.03326528323953,171.1461405941295
good_form,74.2907288388343,96.40193645195393,158.49714673082767,171.34584134187685
good_form,73.55207912258919,96.10819835366958,158.53512202636722,171.44210703233455
good_form,73.80914150785198,94.81088220508133,158.78336600353757,171.61795726241394
good_form,73.6162961498718,93.45798059891854,158.82573506207703,171.58271879275168
good_form,74.56111035249093,93.17658792072659,158.84888915313715,171.70052138455918
good_form,73.08107112079246,90.13058955284292,159.30915939676908,171.6447268501502
good_form,69.57370185028692,87.49195439440008,159.51692285168465,171.524370506359
good_form,67.52620619543522,87.79896308045485,159.81699340093544,171.84372294531636
good_form,67.99947786093223,85.00840663514548,160.10787428808356,172.19048388306052
good_form,68.69208203784285,80.19587138148204,160.50724309169127,172.97069790512032
good_form,69.510660549063,77.14343173810346,160.82509055170507,173.31451254180936
good_form,69.9485253627775,76.06466462498547,160.89602255722306,173.38785626870194
good_form,70.29145427963078,75.38077925828802,160.73995937914765,173.55396955680615
good_form,73.21616081623847,76.13806092433923,159.85453385028015,173.62734099627318
good_form,76.91978899966205,75.45003273799001,159.72500758172922,173.5404743370559
good_form,81.16845375423395,78.37090148688237,159.72742011106968,173.55153344347838
good_form,84.80024434893102,87.56805725349992,160.23341583830054,172.76409329252223
good_form,89.1320148980493,95.14498701481308,160.86495829539973,172.1172341775293
good_form,95.30208708300427,100.29510337149638,161.14665006745452,171.71167487963547
good_form,103.72987819650592,105.04148506344056,161.17959350747032,171.9299948272013
good_form,111.2600835512404,110.11552578859462,161.35729814112642,171.9318404369968
good_form,114.48612706126636,112.96229757549106,161.20381754491515,172.05696373051512
good_form,119.09095716161755,114.00935508367618,160.7285168483565,172.19260662909014
good_form,123.45914327970425,117.34699537822242,160.8126146263158,172.13896874366833
good_form,126.21475166958155,121.67343511371533,160.79981792718422,172.11447496351104
good_form,130.44742743880403,120.9824147139873,160.08781121291634,172.58475885736357
good_form,135.1530768058319,118.08184154257893,159.76637496927802,172.81315676311706
good_form,134.24040543161445,114.89211338522375,159.83495535428295,172.78234146396045
good_form,134.9080831887542,111.6861004045781,159.8329131757636,172.9108194650832
good_form,139.267797238666,110.54001618389617,159.89263673064295,172.8106132525182
good_form,137.48705640679842,107.14257609001353,159.92847397427244,172.67461366024853
good_form,136.40087427341876,106.91874087160538,159.89280251796433,172.60577700870502
good_form,135.97388717886565,106.07218336386289,159.89990088441567,172.4861586888812
good_form,136.2587911741055,106.30432010098217,159.98544589875877,172.3976320651076
good_form,135.85035002835676,106.78850533563995,159.99670165037847,172.36961471580472
good_form,135.48937114369735,106.96938987254414,160.01846909885285,172.38347508113768
good_form,132.7545773614965,107.93931305125332,160.02322636430267,172.3392558173481
good_form,123.74633648224895,108.66218160597079,159.97059525904007,172.27632777171124
good_form,117.29103815702555,106.35362868180255,159.9418443157195,172.3212617746923
good_form,113.20116285275225,104.5337674576422,159.7706825924812,172.19745804511925
good_form,107.47251618915308,101.06502145702203,159.8387521201473,171.89468737909027
good_form,104.45344346712315,97.68114517208704,159.68615148902248,171.8427664751488
good_form,100.185945550751,91.55815706170078,159.6911367242435,171.6721660307719
good_form,91.58677042974313,89.06912328834748,160.88065632059005,170.56406962230963
good_form,85.58120497574822,86.95375777261481,161.33233512002528,170.22595174328706
good_form,81.39378769744229,85.92749778957085,161.30327113269612,169.8575886574353
good_form,77.20604098798918,84.29775706683606,162.30547464700777,168.49792936086737
good_form,76.18674137917156,84.73077197308297,162.95103486520568,168.0454420792687
good_form,73.35275548500408,84.73914488740844,163.56117954382853,167.62188708907502
good_form,69.52060661780445,81.02194938933762,165.53805658391167,166.91834404463978
good_form,66.61736546496371,79.08450735792708,166.31843889067522,166.7928117674429
good_form,64.85954270896679,79.6265566439762,166.40292779895896,167.01473800911305
good_form,62.98469331357728,78.24284617468878,167.03025320060573,166.99906157975659
good_form,61.30142160122147,78.39384232431662,166.81053126683238,166.89231606704485
good_form,60.60104139875956,77.89739739162985,166.6471449264423,166.70249317604393
good_form,61.058227873539856,76.59926310541782,166.34240565082104,166.5635384953795
good_form,61.147322613965876,79.18046296942283,166.12092727048133,166.0201545953996
good_form,61.87204422776108,82.48629868754219,166.02713436912714,165.9042614523017
good_form,65.12236261750083,87.35030917877798,165.6707602620578,165.49530709959842
good_form,66.4597198242876,92.48308220557318,165.54704387635275,165.41499714860802
good_form,67.94638600441176,96.36912844534288,165.52913378567862,165.3490055482468
good_form,70.92652907440065,98.51088470355394,165.5583824088648,165.2294706472113
good_form,71.65366946753375,100.11084586293367,165.54039230125838,165.23328880667415
good_form,73.29936793923322,101.49642196708974,165.51869046974608,165.29837416711743
good_form,74.52585799809843,102.66712380164134,165.4882588282286,165.41275834303482
good_form,75.02576319792385,103.63056645137878,165.4052522647086,165.74974110042518
good_form,75.24579928385995,103.98361418277248,165.3795525791951,165.8619120039289
good_form,76.12488099673745,104.01139881125074,165.28678717135057,166.05346775238002
good_form,76.13486851824526,103.91222903400319,165.3265891417974,166.1457000880569
good_form,75.97281197264596,103.58584613234254,165.35898720631712,166.15722247427925
good_form,76.15720926789797,103.73940479266363,165.35218611794045,166.27459342966324
good_form,76.28460134725294,101.4782712942193,165.2764812873296,166.35574644401567
good_form,76.09602876775587,98.18036274224545,165.09199577825876,166.43601727562552
good_form,74.95931797615572,95.22123341714945,165.058333307744,166.47483419572526
good_form,72.21577568938788,93.42996785729639,165.06050417820705,166.65046176255063
good_form,71.72747311811005,90.98714806961802,164.9854470706048,166.82218167195947
good_form,69.87704546901783,86.03371411219648,164.94456765273694,167.00633065580894
good_form,69.92982560886296,84.99891430538857,165.0452173430023,167.17845432287862
good_form,70.87296990487997,84.58116918514445,165.26777797165246,167.43173493208027
good_form,68.93710798939935,81.56353320532008,165.55696945685224,167.7855551149616
good_form,70.66612816551248,80.50928570904031,165.5324111642903,167.9643408604403
good_form,72.98609858180856,82.2797063959705,165.5653986884832,168.2031052703462
good_form,75.99934320886683,85.78445175617038,165.46317213473387,168.05378264799995
good_form,78.57409463781329,92.72240801281725,165.03018438612807,167.7675841759478
good_form,87.25411031498834,98.68819725748105,163.86477444718943,168.0305333154801
good_form,92.12114499207905,106.26274760974505,164.61393723700218,168.80652697273112
good_form,100.96769219101361,113.01984626845189,164.47316993849216,168.9612520293119
good_form,111.82142994818807,119.89835789462606,164.13306012381923,169.35872184506144
good_form,121.25642454184927,120.93172631514872,164.45727462776034,169.9191830221311
good_form,129.32831620159737,121.11142891142042,164.3758321534062,170.12777715159922
good_form,134.81717288603446,121.92913671740932,164.37839511935135,170.64814004356853
good_form,139.07973188890298,126.07238593777575,164.34354472829236,170.655406957249
good_form,143.8926750275261,124.10737983355126,164.49005484206313,170.56535935509962
good_form,146.32093303985016,129.88674629384514,164.00531526931388,170.53691878136686
good_form,149.80292273992288,129.09172242531048,163.8302756417412,170.41779095680508
good_form,150.84961726557083,130.24052759610646,163.80178183777332,170.32665301837935
good_form,151.1451699579546,129.38751206355357,163.84184217707835,170.37720708355457
good_form,152.39553269918747,126.68849223120444,164.02137888069495,170.3664385865702
good_form,152.21918794691507,124.4321573327412,164.0297503199248,170.33713263066667
good_form,150.4544258505007,124.92014151189028,164.00011620228074,170.08730206833678
good_form,147.11752206747278,122.94154049627484,164.35519507446386,169.74070381813016
good_form,145.81222157134857,118.95898275857168,164.5006438403397,169.55130486500252
good_form,145.55353359799443,120.57019554400671,164.54961558080976,169.34256162876704
good_form,141.52970325278756,120.27253660594653,164.4528713726847,169.0582935385208
good_form,130.82581898303826,116.27956277508603,163.61559201400559,168.51038557173553
good_form,116.59570585764095,108.74879068856698,162.1085935729872,168.6226611199052
good_form,107.55348588090524,103.17336424685412,161.65887955994486,168.62916068010168
good_form,99.07525273822273,101.01285249022398,161.59577730907313,168.7104810883613
good_form,95.57974794045595,95.02595674826794,161.14792907901264,168.82080773730314
good_form,85.9070403028125,89.92185350995005,160.8755010400959,169.4227760831851
good_form,77.9912045184106,83.11470493757074,160.42374866312824,170.0951781294081
good_form,73.80119252444263,77.92186484527333,160.4995504350988,169.84195787823563
good_form,73.38567269240002,78.33145146026928,160.70891787394783,169.47259554475386
good_form,71.98864782250126,84.60494354709887,160.76053728860558,168.9302247115573
good_form,71.61838576323942,86.23188255225652,161.06231383169705,169.27447735504782
good_form,71.74746402102345,84.82084468225982,161.17560163568504,169.21564585817774
good_form,71.00013544324587,87.04374194249675,160.90202093148525,169.77844714303887
good_form,73.1293155762811,87.18862318281812,159.97330214835614,171.89920473218348
good_form,77.2786686103712,92.04920226450405,158.94518632201016,172.47045180792077
good_form,78.88825348398461,96.43558514180238,156.87190855656544,174.56658858814112
good_form,80.09229439861977,99.82345312883939,156.78600800260185,175.27770705190963
good_form,82.92715534882396,106.38416172555294,156.7190086799413,175.67218747152677
good_form,84.88056637459032,110.06030234776483,155.23299552901906,176.6899948671954
good_form,89.17654330335333,115.2738965146832,155.0749923406978,176.5237011837439
good_form,94.78637775476304,116.168079692235,154.8321049397684,176.3340707379029
good_form,102.29250271694869,120.81902266583103,154.85350306583933,176.49941456468883
good_form,112.46616788318586,124.47595576106062,154.39349890385716,176.82466423527
good_form,120.55692559917956,128.48175299269448,154.24931503066367,177.1026901570055
good_form,127.28800340433665,133.64596635777994,154.40288239488217,176.92131748362908
good_form,134.35334116011958,138.79544740484312,154.8214202396202,176.0177430871131
good_form,142.53531910533306,144.07122717063405,155.80059360370956,174.96553210937105
good_form,150.3082272861636,148.4503623660835,156.5505389644013,174.8582110168224
good_form,157.460558981516,159.0647760950297,158.0008087939782,174.3065122149869
good_form,164.37807456691144,164.45108367888966,159.39053818200966,174.15276600091948
good_form,174.27000385086887,168.30964459255762,160.11764918026321,173.22320821413314
good_form,178.52776451390488,173.290802197676,161.77416294909074,172.11628332250092
good_form,173.68215361487643,177.63851777515646,161.87398040609472,172.27450601243092
good_form,162.1910830737554,179.96357091246082,163.13873919873268,171.57031219680502
good_form,153.32522694721044,174.86964834781116,162.97403632954325,171.40990669726625
good_form,159.90245780651114,170.25543598625654,161.75790356316224,171.03630568254212
good_form,162.11316102348,171.98510505865465,159.9574291249141,171.84484739596428
good_form,169.2241263132969,171.32498496077525,158.71136927605372,172.335603598358
bad_form,160.37994186555758,167.0861633815493,176.72888518907683,165.4403702027724
bad_form,169.3153602561263,166.9176593632686,176.3429057782925,166.11223249206145
bad_form,169.78439829596292,169.49195861012558,176.79701167382828,166.24571241696373
bad_form,167.9001983837029,171.4090642025158,177.18530261382702,165.81946895038038
bad_form,164.04486922784227,169.52435507640755,177.46316254048668,165.77878696149162
bad_form,160.64514186462347,164.5183176085153,177.5721372671316,165.78717376873436
bad_form,164.3925041917378,164.20861042756025,178.65840925514703,166.07162198057068
bad_form,161.78593225896884,163.30913852437374,178.6376348941569,166.00743936446415
bad_form,155.0929810689315,169.95781468507568,178.96366673826114,166.71737452481887
bad_form,158.59167484634727,173.5467001605997,178.74237221226156,166.7033290884337
bad_form,159.46581453098725,172.99360389778084,178.62001661284404,166.75428459653224
bad_form,159.5452663889947,172.46610252156458,179.04116244905262,166.6864754974596
bad_form,161.639284184769,172.45264909190675,178.51877269668952,166.9657723548604
bad_form,151.97726160555973,173.7877989679309,177.6408712481884,167.01158431680918
bad_form,145.45576770084628,177.489524558708,175.76064020915328,167.05303932279722
bad_form,145.41891881192404,176.4748752367723,174.8736487583639,167.00628139006685
bad_form,155.10028861587452,176.98775593605214,174.2609359264502,166.5973937843032
bad_form,159.66652547583251,178.36070555351384,173.9840859941956,166.45934313316923
bad_form,156.90313982383097,174.44454351173368,173.65945736897422,166.65510154686217
bad_form,163.3489778015922,173.76654959052377,173.5495142784308,166.9835708335258
bad_form,155.1829700842372,170.43455255420582,173.9221306269486,167.1899903738415
bad_form,152.39908228286015,168.69286399949124,173.93615350483563,167.515717492609
bad_form,154.3160804951971,169.19265685341526,173.59761235387953,167.55074603806887
bad_form,160.5564340322341,170.4517325668002,173.83895152754323,167.50753677391384
bad_form,162.22341362576793,171.10781244886434,174.09943157915006,167.96569680442306
bad_form,155.3387579177503,170.88290278676155,174.48429651861576,168.39202555622862
bad_form,158.96239944681002,165.53403103009154,174.96401024488122,169.18286544933713
bad_form,165.24225949454677,166.66977740909195,175.3206264173439,170.56341440771365
bad_form,163.4622559031565,165.40402793997364,175.68794696120852,170.92129922035102
bad_form,162.71489835811818,160.82282084268658,176.0504386723291,171.17339915315605
bad_form,159.15965191844066,164.37322720123387,174.6662597563744,171.79232842535768
bad_form,157.58418909777936,167.56542313343772,173.9189302426636,172.1233203847775
bad_form,155.86191442015226,166.42196055591492,173.8246677553529,172.12325152134073
bad_form,155.65231298106866,164.5344607175853,173.5769091716269,172.0190425070153
bad_form,153.47886967433138,163.20410996485293,173.28163225496348,171.88023437710686
bad_form,151.92666397113467,161.48678000022338,173.68751255973572,171.82293622852998
bad_form,151.9137964011106,161.7074127498842,173.77021314336315,171.82001820730713
bad_form,152.08277049677176,161.30930523888253,173.9669457763044,171.68750284164605
bad_form,151.30435809139874,160.9666633370863,173.97797051774123,171.72052278375025
bad_form,152.81389808728028,161.50902111006292,174.26446352476603,171.5453763542769
bad_form,153.94823704709975,161.13109979901492,175.7310577289475,171.49733999693817
bad_form,157.90293246714702,162.4975267645165,176.41070075414777,171.4793391430282
bad_form,160.3033608830047,162.56538544483016,177.97172726099842,172.26757242645508
bad_form,164.39623291129624,162.38712980857758,178.10306237623016,173.53601638575856
bad_form,156.51164783533844,161.75608546043276,178.54015668078657,173.72706554452003
bad_form,154.03356449419968,157.07580532104635,179.1969570436328,173.20581175675918
bad_form,157.86913147193548,157.47778325323193,179.61818321292088,173.10498181737188
bad_form,157.34153475233094,161.58834484462844,179.44153650410615,172.17696627661797
bad_form,156.55267278079515,161.38529037655553,179.19425604005133,171.4343244025431
bad_form,154.04155564342977,158.25069481491627,178.3410031551103,171.00361125280142
bad_form,155.140504082255,159.15604941080073,178.17475441232557,170.68724661435104
bad_form,158.3141828468414,160.21841698334794,177.8543730599112,170.63916585917553
bad_form,159.85181817018415,158.69581752873728,177.60666221592905,170.39345883374355
bad_form,161.6486948420065,161.52930786470756,177.59478182551808,169.57622531539658
bad_form,162.31693852825012,160.7728145335534,179.20907337110089,168.84608512020543
bad_form,170.1284673183679,158.26403884968636,179.17835080499307,168.46017711903608
bad_form,169.9038711804969,154.66094254274574,179.8455696616956,168.1627303135989
bad_form,172.29532992805767,152.37472980371822,179.862854387019,167.85163105286009
bad_form,172.68809308587154,150.6974777332141,179.85881666134523,167.03465848820866
bad_form,176.13478548702614,151.91589548890926,179.72557964151824,167.05143076849188
bad_form,173.863196297488,151.1762321287963,179.66271868900074,166.55729703245785
bad_form,170.70403735190976,150.02400336004013,179.61094353812314,166.17582204736343
bad_form,169.52374435622517,147.7734813119744,179.82213934191236,166.19916506295806
bad_form,167.01678938005932,148.4982229685523,179.38978935271302,166.33207589479935
bad_form,166.08852989261396,149.6129143049153,178.35984127093337,167.6805686065122
bad_form,164.14811450783228,151.21779784245498,178.89794101293992,167.14966590008117
bad_form,166.3958862412227,153.14210080398246,178.9078839243351,167.96957415425598
bad_form,164.39554181605223,152.3429254280973,178.72973437703175,167.76657832591755
bad_form,162.15149393233528,154.21959833803265,179.16950710098996,167.57103751919522
bad_form,160.7758408797562,153.9841901035859,179.22100584193035,167.45519567716534
bad_form,161.25843919806897,157.30193880715126,178.03554450810688,167.23284043890075
bad_form,155.63280883800152,159.04962458758956,178.13860762532997,167.1576691688915
bad_form,143.48530472552807,159.62537977773974,178.59532187979644,167.2629895031654
bad_form,149.27825866694727,159.45313308425298,178.72163387614307,167.34220436594694
bad_form,160.23576363242927,161.9432463300322,178.7394030082389,167.07168581448465
bad_form,161.5170572135088,162.60840125409206,178.56217633851654,167.450857275138
bad_form,165.5648168909265,162.87096006620013,178.39312546906828,167.38708130659734
bad_form,163.0681538909231,165.4256102144514,178.58295356327062,167.62073028366146
bad_form,162.32296102134808,166.33584219177442,178.9488838428593,168.3543810749199
bad_form,163.22884458242638,166.71970181528397,179.20306143926297,168.7439814343195
bad_form,160.4483146560947,167.17206931049176,177.29603351445152,168.75807927960625
bad_form,160.97586836674853,167.99008855379506,177.8497162729778,168.23782440855697
bad_form,160.43286411656734,169.6467793226165,178.21984935655667,168.20149585812104
bad_form,159.87529618412415,169.418223957826,178.59492697331532,168.44101906599002
bad_form,161.8612899695984,168.6314459245277,178.57538380925902,168.5518064135393
bad_form,161.80653918034017,169.1913667201738,178.58818443684214,168.80498993894176
bad_form,159.54232517197022,168.9844721163604,179.4436908832853,169.02894824394747
bad_form,160.49624858222163,169.06866250853048,179.79161436611724,168.68144554040438
bad_form,159.46975151999186,166.6154291080966,179.8533936244563,168.56566370625936
bad_form,160.50639190338953,164.08434344163516,179.81307103829823,168.48872055236168
bad_form,159.73582003706184,162.7506282694168,179.55244741730976,168.44007831981287
bad_form,159.8296446862222,162.22579578887488,179.67577614908404,168.39735649573484
bad_form,158.49821299586893,161.1655660432648,179.8617059905098,167.86046776025793
bad_form,157.18991354878065,159.3416248706384,179.62282141914855,167.12935522086985
bad_form,158.57003924304294,158.64249323706315,179.14156227505077,166.50278631921884
bad_form,158.49471671978048,156.67001248429435,178.67409396466138,166.44935838388034
bad_form,158.8567636407899,152.7737535570448,178.03576302544556,166.45576330915713
bad_form,161.96662014856994,151.87412304660228,177.69773370931665,165.96532489311014
bad_form,167.38926495946384,151.29870718553514,177.4359078065863,165.94977630240803
bad_form,168.63319052168717,148.37308772382463,177.57913373507037,165.77355743659203
bad_form,164.4733312594463,147.35532376725652,177.55373980652664,165.6417521040499
bad_form,162.0256494668505,148.24547602168502,178.03465988369337,166.07402349035956
bad_form,163.9612725014017,146.37658794260514,177.89010006506234,166.0326447663947
bad_form,161.2967566737876,144.50003908265313,178.13689318332771,165.64347845357042
bad_form,161.1327213028596,145.51533578621752,178.38812897408494,165.13889813115682
bad_form,162.5049731774955,142.207314808124,178.40507303201483,164.8799959490951
bad_form,164.61506004336167,144.5166108847611,178.4253590325403,164.60664520943024
bad_form,160.2754001595719,148.6378465631029,178.966442692127,164.17342744682207
bad_form,162.70028377480207,152.83910716908434,179.66731806703189,164.2066103490164
bad_form,156.7443823192741,156.9688687300838,179.73486752820276,164.7419276000293
bad_form,152.90596195653842,158.66950435368628,179.36251626387022,165.37912401099805
bad_form,149.69610991235396,158.55196219065266,179.54090296744022,165.46290060660658
bad_form,154.86262493484006,160.54574239169838,179.9678941180373,166.95385560496874
bad_form,154.57536544069322,165.2878058894724,179.84850626897338,167.98274334121604
bad_form,149.52994119455965,164.47457750656335,179.7037732567686,168.4196527049052
bad_form,150.85031135758388,162.29987130650247,178.9231845041047,169.78502497541564
bad_form,149.7404060939835,158.82448772331819,178.2319899937092,169.79203715356925
bad_form,147.45545792238516,158.8340432158609,177.800998476702,169.9458850772998
bad_form,153.28022505668065,159.3168267815393,177.66342908888973,170.36412153241557
bad_form,157.2172953537765,161.00664355579943,177.1654321998958,170.17382944752964
bad_form,153.32432922913125,156.8091816990384,178.18749105124846,170.61528286773722
bad_form,155.0148203977596,157.5862754664731,178.11999370413088,171.3812009055808
bad_form,152.86234635045784,155.72821939970473,177.8523193375856,171.62565341017464
bad_form,156.25034373901474,154.53586886612274,177.74406744286208,171.63504043127813
bad_form,149.6890958935196,154.2262203571717,177.51071698857234,171.87774324622546
bad_form,149.8839352217205,151.77926436859926,177.2199431439285,172.3298057974736
bad_form,150.91723560419095,150.58773912770866,177.08728718445383,172.45763277697375
bad_form,151.17415903237847,150.64343997095986,177.20043131477735,172.39866968704678
bad_form,153.2288801177393,149.6949333621861,177.0027897185681,172.3300273425941
bad_form,154.3423616021479,149.25115621589208,177.0538123166501,172.33913377402376
bad_form,154.5845447184866,149.37590753498046,177.33788919369513,172.5662350931021
bad_form,153.01827404864966,148.62196792083031,177.36986821634952,172.434840245072
bad_form,152.89856779958149,149.26508148460675,176.724715973467,172.07804020440435
bad_form,153.76654364333965,150.00388864548944,177.3853713513209,171.4810946793105
bad_form,153.2404300769913,151.6631549477154,177.41000209865373,170.46244661715014
bad_form,154.47926616192993,150.88789593676563,177.699864892827,169.9202439131712
bad_form,154.99522456459079,150.54516553018274,178.02077881181924,169.4957424209667
bad_form,156.2410314346389,151.58711616928284,178.3118852863571,169.87828696449486
bad_form,157.2193391670297,155.7097919186828,179.09567432045728,169.98156559229676
bad_form,157.34181819622015,160.45468722760637,179.62087206508497,170.72748894602455
bad_form,161.10303892419606,160.60542370243587,179.42628752650026,171.5620859780503
bad_form,159.89971714845797,157.31834594760707,179.43663592431454,170.91335764020252
bad_form,160.16092099401246,157.96915736157533,179.14285496050036,170.95487640740367
bad_form,164.46742957899497,159.14288179265176,178.96377107339146,170.6985330033386
bad_form,164.24380981956412,158.0815385431829,178.47989692912023,170.98881446877724
bad_form,166.55728998702304,156.4306349855091,178.57212881086815,170.72327240723305
bad_form,159.27113098159384,156.8745963363222,178.71403199126073,170.15646068573636
bad_form,153.28403985347308,156.86350025040971,178.6734152730163,170.07463872063636
bad_form,147.52556819310286,155.6691596265052,178.15764113871364,169.50362262020522
bad_form,154.6483172414619,156.18271444403146,178.9405124156697,168.27171099030255
bad_form,162.1681719177364,156.7903898606741,178.23968828632042,168.2824033277626
bad_form,164.13219648596453,152.4058084020264,177.3371761948914,167.61550262728537
bad_form,154.24143630543938,147.99015533131043,176.20748510558622,167.50020989346743
bad_form,146.65120305812184,150.52736819915262,174.66886546349582,166.49937802844258
bad_form,147.786474613553,150.7347642171987,177.2987077760373,165.4074587905263
bad_form,159.68771201155846,149.24204321154727,177.959854458794,164.92290670801253
bad_form,160.30350668952008,148.5240578324878,177.70097474155864,165.63604165595677
bad_form,163.55548567316742,148.31812225437758,177.55971785621048,165.7146325211836
bad_form,159.57940544202688,146.54209695375113,178.6736364057796,165.4182205106546
bad_form,165.56328866258295,147.9027815243267,178.64985471519785,165.7897177797193
bad_form,163.21623600045157,148.89381758030947,179.26930707463606,165.83186752574215
bad_form,163.0586525735027,149.80429835266682,179.20185235756065,166.0890646216082
bad_form,144.92778607797396,150.9837377064059,179.1872503921773,166.38621959479408
bad_form,154.66001866751654,155.71658774087112,179.4855762318654,166.13059372590754
bad_form,154.570824447474,158.33320837553092,178.49555866327321,166.11797297005765
bad_form,153.8929630722217,158.03750127483713,178.52986517942975,165.88251528254668
bad_form,162.5618665112241,158.3517096700368,178.54697011787368,166.30315059689596
bad_form,161.48905461701528,158.21369846597807,178.70223705164943,166.51400312346308
bad_form,166.07069560251782,160.8789310695635,179.4730175227172,166.684116291659
bad_form,164.89918073447464,162.1099221413525,179.64819485888773,166.91887621085382
bad_form,161.0585387871239,162.9784235794436,179.56678442561872,167.32519987465267
bad_form,159.8281364651218,163.76310164407846,179.22226614187238,167.50544558737533
bad_form,161.4401044304003,162.87536801143506,179.59080607163466,167.68324845164156
bad_form,160.37358481652987,163.7808033928333,179.01020548765436,167.83118328807882
bad_form,159.58410017160003,163.41095157075904,178.60862323693283,167.8526126289779
bad_form,160.56286811104954,163.93356189788804,178.7006705654099,167.687893901126
bad_form,159.69259457196173,163.5373292671042,178.9178658268758,167.5041141582961
bad_form,160.40703804712473,164.0662397767034,179.14444809174722,167.20348243392766
bad_form,159.02953509875468,163.53541681182008,179.10007233510066,167.54602955201844
bad_form,159.08132147810056,163.4576050580697,178.96403780709366,167.3726080109307
bad_form,158.92683898300217,162.3272184520918,178.58570741365617,167.406762599006
bad_form,160.00420352524674,159.78327772869545,178.50478011710388,167.24285034699759
bad_form,159.75056868072625,157.1317037625555,178.9061581255938,166.91281343935836
bad_form,164.80994949010852,155.5948846790249,178.74490180960527,166.733507426499
bad_form,158.6651832648799,153.69853740851127,178.71904839255114,166.68604777304162
bad_form,155.1068857206187,151.51995013105858,178.73553181396326,166.77778517473234
bad_form,156.13216466525688,150.3613918159235,179.7249463632835,166.47898381517098
bad_form,159.23454841001268,147.8860432435266,179.87381350168926,166.57389306620993
bad_form,160.31448696177932,147.07282103516752,179.5616390250636,166.7828455287956
bad_form,157.28648585257565,145.76505669879222,179.11094866478783,166.85981536298297
bad_form,157.03171006425077,146.0452120568867,179.0612709211814,166.5684441720738
bad_form,153.10995352907804,144.40141219240428,178.45738967901974,167.00638289540566
bad_form,155.64160999315487,143.21723397687543,178.00948303501113,167.2653057976043
bad_form,158.3291869954764,143.64290798583892,177.97453750441503,167.508568245544
bad_form,156.16817637544537,144.0698100635082,176.67884356235217,167.34666945501226
bad_form,154.12825449015472,145.9569018614706,176.58920173997666,167.3560255815887
bad_form,158.8611097998841,144.89350765648024,176.61313280593563,167.1678774830599
bad_form,163.53172732710598,146.33459125640567,176.7191551829045,167.196761827299
bad_form,162.31421611805712,151.50068243988062,177.31105531172045,166.80852754418441
bad_form,164.06419044239755,152.05974834764208,177.19724215411904,166.22638345360826
bad_form,166.07878470851284,157.63734323458888,176.9695252394989,166.19052024105676
bad_form,166.99631884468795,157.00509640771176,176.66341112016178,167.1767693473628
bad_form,156.7646270574954,159.50401739791215,176.687916228842,167.10771229885918
bad_form,163.7169910147242,160.2473670886509,177.44207031113717,167.14047433316804
bad_form,162.57055025766445,158.9645214473602,177.5769010422784,167.2300512954712
bad_form,151.23480495060517,157.64634942071825,177.4902638613872,168.02489770493187
bad_form,151.07412757280701,161.839623035895,177.61324248622506,168.76493552675927
bad_form,146.60498819464487,161.4782260308363,177.9706456473908,169.6274806555122
bad_form,147.7835261860617,159.77298480099995,178.01299249352434,170.798670918805
bad_form,151.77855101626838,157.92707781416956,177.9738406456073,171.53900169379253
bad_form,150.73351207132944,154.95677269858933,178.0708606931709,171.64901007799872
bad_form,143.45232302019642,154.66392056162556,177.50777141535428,171.8106565577158
bad_form,134.88311268761964,154.12145232287023,177.74002099235418,171.95189590118952
bad_form,134.41837608293739,153.91731591019857,178.53658649296068,171.72696427173642
bad_form,137.3502824686215,150.67969187316257,178.99429405867892,171.11839576226927
bad_form,139.5720477790323,149.27420063700984,179.04417907805495,170.9942377583824
bad_form,141.8923960122102,148.49462473549426,178.73676052196967,171.2324547176107
bad_form,140.9637631281094,147.785237533352,178.96372949990615,171.08773327445525
bad_form,138.93083341927328,147.57867675591496,179.0219614359966,171.09728374992432
bad_form,142.62879916280346,148.62965123306796,179.35046844870132,171.11562106244142
bad_form,142.97857892620613,146.98810111311974,179.6710153584514,171.10292843240728
bad_form,144.99011584240026,147.98992655375164,179.98966027770368,171.09284697081335
bad_form,144.28585087419793,146.4974798798075,179.56502194502912,171.70629077229407
bad_form,138.44127922854554,145.9628135928466,179.71999605319598,171.5214966203128
bad_form,136.78064431305205,145.99793166768112,179.70386142203208,171.4572823707885
bad_form,137.0790316968085,146.314928596688,179.44857516988455,171.5626391414524
bad_form,136.82563944528536,147.43889694053772,179.45242811382624,171.50842697102382
bad_form,136.50667984921168,147.45132238815594,179.74362536932063,171.26772033552942
bad_form,136.22480297126066,147.35815368092037,179.364130766274,170.73922823422197
bad_form,138.5951743453739,147.32060561614804,178.9087692023882,170.28663888228374
bad_form,138.79659623709787,147.14767831295248,178.66119667572693,170.3007020653694
bad_form,139.15989678794983,148.15315927512933,178.12833026540662,169.91872020439388
bad_form,140.42711690913174,148.10430972312034,177.61070897780206,169.71402185367566
bad_form,142.189659582268,149.05268769972824,177.18176970719406,169.77686391396017
bad_form,144.4796518724471,151.64914004000119,176.979037246537,169.45101987604878
bad_form,148.86743140127817,152.03277309152173,176.88697786113008,169.24366727597595
bad_form,151.87811597188133,152.27243363879109,176.92723536682408,169.06728584476488
bad_form,151.75870628622098,148.54299792271507,177.4250531560911,168.80850997306501
bad_form,150.25882262935622,143.62666523544192,177.43593661856661,168.63975876260744
bad_form,143.55570945055982,145.16560840930833,177.81473534628503,168.78994341636474
bad_form,138.00696569813343,145.3215903499566,178.05474615930308,168.61832683506074
bad_form,136.7471885535376,145.66704482200552,177.48148401992458,168.2302037972166
bad_form,139.77357189872646,142.83315689246908,176.99196385626672,167.82844135949318
bad_form,145.12810434693523,142.48169454654413,176.78327623728484,167.14138517438573
bad_form,142.4151624822319,139.12371948820035,176.7346608467752,166.8396554353763
bad_form,136.59565565156188,137.11648673228504,176.86109727124656,167.06717209448138
bad_form,140.8842835363708,138.97184671467437,177.11627431237216,167.29280316021948
bad_form,143.4340885018674,138.90582278682496,177.31725965509278,166.76466901254162
bad_form,151.63239197532968,139.1662593885377,177.86842442665846,166.9912002424812
bad_form,153.90195061481552,139.73611299775135,178.9320881272421,167.3120056062447
bad_form,152.97674996859337,135.98931512481263,179.4487639794664,166.86990198908768
bad_form,159.53738765975783,137.0376686182587,178.75282142052544,166.25772576721133
bad_form,160.88397941260388,134.62808133651447,179.02364648866256,165.86870701909453
bad_form,161.9404618822917,136.34517677333497,178.30917547673704,165.49611032826132
bad_form,158.0624229539452,138.32977405895187,177.649290469632,165.57368863224505
bad_form,157.4543435888203,133.27910228071858,177.62079917018607,166.16604245264486
bad_form,153.5282151317063,131.85819463193954,176.53552484482395,167.70769740929603
bad_form,153.26717303932134,134.40642813664647,176.40541080090057,168.2765530324474
bad_form,154.426675633244,135.44976341236583,176.6420879763722,168.48542587440417
bad_form,154.38997608571208,141.24308672072257,176.718801496559,167.96230820566504
bad_form,153.39987311932896,144.29632120065529,176.12376357722957,168.45172791222814
bad_form,155.38857129798475,154.08855876013232,175.82972319039956,168.45501367855047
bad_form,157.4037575112292,156.3276126657718,176.21866100604782,168.44768970332132
bad_form,160.01033381599547,157.7360717727847,176.9558336998388,168.69859940224976
bad_form,164.05236931752893,159.15888339081127,176.84191501267668,168.60094711076087
bad_form,162.84385597643606,164.8070744882396,175.76836986057825,168.87198457097006
bad_form,159.4950909123902,164.9118719222401,176.110925618451,168.75505712717097
bad_form,154.56953230666602,165.07156478052858,176.58697126120043,168.75417084445505
bad_form,156.59605276155042,166.31859794822745,176.5818347008536,168.89682752178967
bad_form,158.897244582184,167.7276115998563,176.83504721612746,168.70029654287634
bad_form,153.0304087275312,169.48530537345073,176.6806833118991,168.51951833052294
bad_form,178.36455162674974,170.64893860144153,174.2602398631738,172.49940322626793
bad_form,169.60296668687315,170.6617925976988,173.69310229274953,173.46540800112712
bad_form,163.22796168889647,163.8255543148733,174.5157139024713,173.9226202532481
bad_form,163.6899201917738,164.09173617628943,174.26607691525928,173.6429519052888
bad_form,164.1059542633815,160.80864584283822,175.02433874207864,173.46882133108662
bad_form,165.46481055923346,157.04087624611057,175.61808751529912,173.28242138068995
bad_form,166.0459464192948,165.75009994907825,177.24905795705914,173.34923456376455
bad_form,165.17003587231986,169.78506580669134,177.4899842516725,173.839456436843
bad_form,164.81352821284023,174.0825579203262,177.7496176727594,174.06069022221337
bad_form,164.96467098660352,178.42431067767524,177.2728053865037,175.04851559325934
bad_form,160.78386736389695,177.28929096426984,176.6936062538097,175.41271271438313
bad_form,161.5896792478537,174.51379021303967,175.74849253184712,175.8428126095081
bad_form,160.174035721127,172.30915346736523,174.85547755082249,176.58548926033922
bad_form,161.25454393839658,169.48636591564738,172.99775660553527,177.70898726996484
bad_form,159.34460293568304,168.65920497042785,170.754884018096,177.24651333646602
bad_form,159.64037794126372,163.4013926806652,169.6408266811813,177.1188087895998
bad_form,161.20668023400358,168.92013797061287,168.51206840495576,176.96520092385865
bad_form,167.34746374581442,172.9246325724341,168.30900591508637,176.88436049227954
bad_form,179.21723504244508,171.4882448743093,168.23243929355988,176.2312773592581
bad_form,179.38824578122112,171.9617853260692,168.53271173353588,175.57971358826956
bad_form,176.19588018208486,160.94832453663952,168.67867886515717,174.93584691985228
bad_form,179.675787014578,157.13569663893475,169.16879347417458,173.9543612711803
bad_form,176.85760906220153,160.5578519335459,169.8284607685866,172.24992807382768
bad_form,175.79050032916138,163.041316410239,171.7687699966693,170.50948743198987
bad_form,178.990695343741,163.37526663100186,172.73776394753907,169.5805688280101
bad_form,178.45422154280806,167.54891013366708,172.74339126660718,168.928607481168
bad_form,176.4210214328659,163.92603192667633,173.50968903398356,167.84096061957328
bad_form,167.01948962858205,163.86608829736412,174.47030493398694,165.817432458669
bad_form,151.83257748242335,166.50167760027895,173.4592080307861,165.78217669205299
bad_form,157.79940501919174,169.45111826749422,174.18360696599015,165.03059637898005
bad_form,153.8519922950172,168.13143454255783,174.2836803331573,164.72675576480606
bad_form,154.40100603145152,166.65220384515703,174.45495683596906,164.46567775434008
bad_form,141.30048611876242,165.23995666027707,174.01615785406906,164.03330441793952
bad_form,162.019641138317,165.07966783550725,174.54564793124015,163.29249173804862
bad_form,162.6034907762796,164.48837881273974,175.33564291226452,162.8713871343957
bad_form,163.09196603473518,165.1029224141738,175.84386544184173,162.05698521021546
bad_form,154.6876730308001,166.1160615284869,175.9692670213866,161.63616185594145
bad_form,148.09453081863074,166.4610765320075,176.06375328368864,160.98909288923497
bad_form,150.38958564317946,166.87592301115467,176.45203402834878,160.3054926960742
bad_form,147.0394123943217,166.46216461746272,176.83809137975842,159.3248794568255
bad_form,147.00191174232359,164.27811313247696,177.43784357709706,158.8632530998489
bad_form,144.0264515766065,164.77590810281168,178.29056786721364,158.46291548366247
bad_form,141.8209922949664,165.02219554784784,178.33870131819677,158.36694315646403
bad_form,140.56265012513953,163.42523992119538,178.4466271524639,157.90868977429386
bad_form,140.6466652133387,162.73629901626455,178.6004187622553,157.85957041383818
bad_form,140.61559104819568,163.8787968525291,178.82921883513637,157.87428589248347
bad_form,141.0663543595206,164.11079805236812,179.11700621466298,157.6630642579891
bad_form,141.16284593493629,163.50810913051146,179.0012138812683,157.70444240014194
bad_form,144.74714943276854,164.50305883642332,179.0472307088837,157.344996448071
bad_form,147.44785036699045,165.43965244823752,179.2357047015434,157.38695415387608
bad_form,150.64432167895828,163.7319713843626,179.00203179538255,157.70351993459522
bad_form,154.74240284104306,162.43216703547844,179.01916116831592,158.01287137814978
bad_form,159.9591541417766,160.75603397011204,179.14532587677925,158.21051180205322
bad_form,160.6709441244714,159.54634792526008,179.11459739621608,158.29834670443114
bad_form,160.59775876481996,157.26484980629186,179.03370621766865,158.1378210224973
bad_form,161.13454088562153,156.48530630388993,179.29258146607518,158.0107309397268
bad_form,161.89404321138903,154.74572602492282,179.29556489215128,158.13117056805027
bad_form,160.2230329079695,153.26511685015467,179.38956639664082,158.25600946176775
bad_form,158.48129822066113,154.7232774583622,179.10457467503173,158.71453412993566
bad_form,153.27190185154677,155.60591444231724,178.9008522683092,159.436604543407
bad_form,156.37650437502535,151.09113813124816,178.794299568464,159.91725889661987
bad_form,164.95690135411868,146.88197189207247,178.7685306920834,160.61479610385643
bad_form,167.94047974738902,145.09104874692295,178.58250755265308,161.4743606819294
bad_form,166.3013307715416,148.77259389500384,178.66837242123773,161.82613440656928
bad_form,167.3387716420894,156.1288344754818,178.61351782331894,162.48906924042083
bad_form,174.42699499645187,160.00412807011122,177.51733768721363,164.57586678333547
bad_form,173.77689881779204,158.21265015538697,177.24912939146932,165.32268026232543
bad_form,168.68097470528434,158.3236542426561,176.40999593908865,166.90101577437872
bad_form,166.54641078507873,158.18113005887585,175.82455288577026,168.297888019367
bad_form,159.4087177308358,155.82491132619776,175.05627482221055,169.7904341553333
bad_form,159.89463480180922,155.0365285174815,173.84609214375192,171.74204866965638
bad_form,158.81275062474398,158.4803151934254,173.3658089656761,173.32061745465361
bad_form,156.3565280501222,157.16943351832785,173.59806096310433,174.7136284200482
bad_form,157.06062836506837,158.69203653086714,174.87926655625859,175.1931393378472
bad_form,154.60007578545392,162.33645772577137,175.30676920504706,176.35914060594985
bad_form,154.25791998735295,163.75536707007495,175.6996479989627,177.10483042862404
bad_form,153.1480356732132,167.31308066161233,176.46818989263542,177.4455086107021
bad_form,153.20769440319077,172.32896657692743,176.2947587593655,177.8921484886953
bad_form,153.0434282688175,171.20243039187955,176.48839621528265,178.00050464907957
bad_form,151.60496361948293,167.6574287664414,176.76849190185416,178.02944616187426
bad_form,150.55973315197508,168.8998007514395,177.43713869235262,177.93269539302293
bad_form,151.16170415198332,170.16485170966303,176.8371110649838,178.9644148635865
bad_form,151.9087902485271,169.68178367147306,176.29293165335426,179.09790423745085
bad_form,151.58527732798865,168.4668599628464,176.05618331895678,179.1081706870504
bad_form,150.4795331752604,168.52549175558178,175.89673289646862,179.07689414650204
bad_form,151.52046353104788,169.63529846919852,176.26135442738803,178.76973930370988
bad_form,152.24359985499444,169.7066533782851,176.1856468961749,178.6672097306741
bad_form,152.808458331025,168.52151322926088,176.4935576324247,178.76226621824424
bad_form,154.79273772845943,162.79315826529793,177.06440944673415,178.0370645239115
bad_form,156.60060545690425,165.2189581264383,176.68258911235642,177.5619530034175
bad_form,156.99984993499552,159.99919372473994,175.43560804470678,177.41974265758262
bad_form,158.22484165426607,155.73265687508524,174.28590026050563,176.62014111354378
bad_form,155.06633139847153,155.75550331768176,174.02243347986612,176.47543976162163
bad_form,155.37379653631848,155.09015588886214,174.2213128815187,176.47192947455983
bad_form,165.74232724697987,160.63933911416152,174.30857692393775,176.46891964312428
bad_form,171.4918586008525,161.78393200364118,174.50279667103774,176.21851576836877
bad_form,171.12038689498533,160.2620779050536,174.76748046336232,175.88160656182853
bad_form,177.22476488937892,152.7297281166586,174.98510463635938,174.99878948301023
bad_form,179.54378331841178,153.14328219084697,174.88951248127384,174.690547322753
bad_form,178.73036310980856,153.76058195682484,174.74881504724803,174.24056325490565
bad_form,176.5428768509915,150.41756747325493,175.51749103039768,172.58515518979584
bad_form,178.37672527915322,148.59812657199382,176.084462747396,171.05299483778057
bad_form,178.00964316469828,147.80590436883236,176.38507279599375,170.58872881689186
bad_form,168.81109795808698,149.86243493621103,176.18231570743248,170.16975209074445
bad_form,171.76846747541768,148.51595235903528,176.04535823055213,168.89665446130837
bad_form,178.12735286235278,146.20543637013293,176.63771702937137,166.81873791932665
bad_form,162.96499392895373,142.9591794953926,176.48897243421112,165.32122377592592
bad_form,158.96364027366198,146.8900685724059,176.98522278832223,164.85115575924857
bad_form,153.63695405971754,147.0719778244913,177.5167522173343,164.1680910089483
bad_form,142.07755063756218,145.35723228435086,177.50679752137745,163.79016339474052
bad_form,145.54291627493998,148.8772947048262,177.72276263414736,163.26854654833656
bad_form,148.5814223582323,148.7236045656256,178.01861449827254,162.92283689885002
bad_form,138.49597536032908,146.62929552574641,177.63207408484124,163.46061583000215
bad_form,147.10515945168638,145.5315439307729,177.5876770298507,163.33173810970393
bad_form,144.35463518986484,147.4660748055051,177.76918245182443,162.80042491494407
bad_form,150.6214727870953,148.74113763202973,177.83211215389417,162.5391531495253
bad_form,151.49697454261874,150.4234915265276,176.88312086795685,162.28130203994084
bad_form,149.82202378353378,153.00405670078663,176.36326249922416,161.9795001140077
bad_form,145.80183387699984,152.9931852899912,175.70758829325635,161.52520187206383
bad_form,141.61207641526553,153.57986116717296,175.69705243111835,161.5410838180012
bad_form,135.01820561395007,154.27109538783586,175.67930039074568,161.06551427073276
bad_form,134.42617537925761,153.2901701364575,175.7481512480091,160.78202921874916
bad_form,135.4737761010921,154.00162692302752,175.9502896789353,160.5183866073393
bad_form,137.60382014457406,154.94221159111464,176.00837074343616,160.44767419526443
bad_form,139.75937415854975,156.7723871367512,176.11651540335274,160.33721111888883
bad_form,139.21618010923873,157.67543843083445,176.29574632817673,160.24579123491142
bad_form,139.53816209939845,158.58834778836294,176.4660721937276,160.1496657468458
bad_form,139.72983590031293,158.8366798651862,176.61112591049675,160.15890521561533
bad_form,140.18391132947613,158.8439798556947,176.40165742684218,160.16014753458833
bad_form,141.44958113417124,158.64236139756662,176.34369795592443,160.08431357540226
bad_form,141.75913488278874,158.42852080726658,176.55624726345513,159.752719041512
bad_form,140.4739193143715,158.5378177215294,176.80176596168792,159.7622093664734
bad_form,142.1484634767841,155.7066183413833,176.9106936095387,159.79043480834648
bad_form,142.08983202741325,154.8712929852927,176.40936671540928,159.72914494189428
bad_form,149.7497361135983,152.4733414899799,176.13611748926863,159.79940848117565
bad_form,154.80451800977173,152.78835775307525,176.2442113295166,160.2062986230882
bad_form,152.51042392545563,152.76556442924857,176.03041733981567,160.66949910865708
bad_form,154.59199609988377,151.25746681335804,175.73950219787162,161.1719537408074
bad_form,153.56282199286233,148.9710625523675,175.597517868542,161.52615955428442
bad_form,152.36203377794845,147.88714985493635,175.74823459534824,161.47712509225062
bad_form,155.24145089383538,145.20561488733958,175.8675964575255,161.73809932119022
bad_form,145.01955674981488,142.69361300968262,175.7652354106387,161.7525646225128
bad_form,144.2915423897148,137.30793545847894,175.1137268450335,162.1168913509857
bad_form,148.993619477617,138.78853647338948,174.9477789717262,162.74185017472018
bad_form,148.45131129510725,136.70869199783397,174.09716888110134,163.28364394227785
bad_form,148.1772561823881,130.46798231941398,173.6127541182555,164.0978479306995
bad_form,154.66525536312264,128.85657972998558,173.66821890853763,165.08910432028424
bad_form,159.72985116329374,136.5175780982117,173.28471006924468,166.47050880431158
bad_form,158.76011892259098,138.46921995776086,172.758523373335,167.94682017085566
bad_form,157.0104480323419,139.97869602977872,172.23890990075347,168.52911279305624
bad_form,164.0653157534266,142.93806827042664,171.34487209367458,169.9717001696048
bad_form,164.9440183100506,150.0543295430757,169.7574549122304,172.76370893397095
bad_form,163.67429924799399,151.5139479997129,169.38556120118105,175.26011380262807
bad_form,161.3546769852038,151.01840672324957,168.86944694182895,176.5038858668292
bad_form,156.98721260827463,147.87916079901382,168.03173715163112,177.8032250947709
bad_form,152.2887006761384,144.40951260331053,167.80126870154385,178.7968317249365
bad_form,154.14445244316875,151.24439404304096,168.58604073230623,179.07046625119764
bad_form,153.25820163417316,152.441039191496,169.5288131023826,179.05529556072278
bad_form,151.7369762788336,152.77611924879665,169.82402043054728,179.09947480025542
bad_form,152.2743421036203,154.56478771716988,169.93085282572403,179.2036816827152
bad_form,152.0208459006549,155.33937533759308,169.59509824270233,179.23712234993417
bad_form,152.91103170133889,155.88469514301664,168.93873151666324,179.45762933999143
bad_form,151.7300924038945,155.02680881620716,168.99567980538666,179.5169737159726
bad_form,151.98250883377284,156.62188601255596,169.32875451109214,179.41451123713085
bad_form,151.89950796594186,157.7993018347513,169.41388902951533,179.36481380140157
bad_form,152.3743279057495,159.5769993640745,169.44755594616925,179.45815375383216
bad_form,153.1019576185854,160.93618877165656,169.59875572929542,179.7661566176069
bad_form,153.30824879993298,160.03192679465693,169.75447200159974,179.7560571218896
bad_form,153.84967267167877,159.44928591969418,170.10396491983587,179.22306847357595
bad_form,154.46733794290134,160.6647869871079,170.27325883045955,178.988127161722
bad_form,153.70100358118782,160.04696161324023,170.53005633613012,179.06673637580013
bad_form,154.17577506665924,161.2377681249248,170.35979943267364,179.38421149355082
bad_form,153.8312695527078,159.30686575946157,170.17972473785062,179.85093890210763
bad_form,155.21930036380934,157.3683438992972,169.7655622071414,179.90012921182574
bad_form,157.98861991018833,154.55635710257525,168.75358283720362,179.8936919283399
bad_form,154.95162629772395,152.92531625394162,169.08827120891834,179.56168779420443
bad_form,156.97035362669348,151.01238861272444,169.45660747196717,179.82531423737387
bad_form,162.8601822405219,157.60629482205132,170.03998670713284,179.05888621695203
bad_form,170.48967891655087,159.3802398167008,170.61633181709223,178.31965334795805
bad_form,172.14168570329602,150.73206119998125,171.36316171439287,177.99261571027589
bad_form,171.57049251898337,146.93607399358456,171.36481155998035,176.9939825231526
bad_form,175.7039994362769,151.7188108791848,171.39762742242172,175.8855140710414
bad_form,177.68419457010683,151.91887247665903,171.45055180464385,174.0715570376221
bad_form,172.80678408401377,149.96808352560373,172.59446689095108,171.73830521847216
bad_form,171.22768897605238,149.67975277602372,172.33765483745304,171.78815849121585
bad_form,166.99351666001704,150.2019865047481,172.33452380585211,170.07929470499326
bad_form,165.89023871873832,147.59532434771307,172.4364702837691,169.0801791106761
bad_form,159.1833797127545,147.44643916117641,173.49475395134863,168.17505889569347
bad_form,165.63573456886002,148.20006250502357,173.3823162373589,167.51650029723453
bad_form,156.92352427758684,152.130002630587,174.35882404626756,166.71724924495507
bad_form,160.1899104938007,152.47339267122408,175.57064443405375,166.13034139884508
bad_form,148.3011926332471,152.68441625451143,175.61825207128481,165.28732489319344
bad_form,138.61428401832086,152.21802517961376,175.54782310767578,164.95777817799035
bad_form,133.51431042756016,152.95080648586637,175.36226435088517,165.03741837880105
bad_form,133.0719496501175,152.11170802288845,175.67887530661673,164.8515769688378
bad_form,135.20334766733984,153.22889723041075,176.36878529035644,164.02525669652744
bad_form,146.5896178583461,153.32691975193666,177.0281436078945,163.70609243020272
bad_form,151.3028196066569,156.1048875195294,176.968203513845,163.72770382451196
bad_form,152.44622565537708,158.5411136126793,178.28553386841665,163.18551517829542
bad_form,149.53138762299213,159.22356538033614,178.10172019579073,162.9802032314224
bad_form,148.41795602585236,159.58804126453305,178.33346932634004,162.35372693683732
bad_form,146.69049919793943,158.32059258860835,178.81957249249314,161.008181621868
bad_form,144.4860497020104,158.77217093744787,178.9723039194428,160.34398899882459
bad_form,141.18440753589587,157.6244290249967,179.52988696807688,159.2120602490371
bad_form,140.2306946614507,159.11147521404118,179.71370275303272,158.1004480287816
bad_form,143.04862435894168,159.15262460071304,178.74894014851554,156.9738927365194
bad_form,143.31240926264093,159.00816477383108,178.3631634249548,156.81741354047065
bad_form,142.91224075332033,159.09365287474157,178.241207982503,156.75364617326403
bad_form,141.90958621149508,159.08454031341006,178.33063838922027,156.7098236102569
bad_form,141.78071043231228,158.59506573935676,178.37605541170817,156.6186014573994
bad_form,139.97762011780907,157.65880904177538,178.50165925949406,156.76228022714943
bad_form,138.9192248563773,157.7042678051239,178.60279670737677,156.83538792402723
bad_form,137.02611379518146,157.7713472085752,178.87091640418836,157.00753844129335
bad_form,137.9822285457084,157.71592976505082,179.6475596009199,157.5865735333563
bad_form,138.77770646346917,157.70449008008666,179.9816572356428,157.99643660893793
bad_form,139.59229849650774,158.67682219310677,179.66671640885568,158.15827201088626
bad_form,146.77777873030323,160.90142832222412,179.32695428963402,158.8510770320452
bad_form,149.84619756989048,160.53874904394831,178.70479217897224,159.48517657450455
bad_form,151.33950577895368,160.19992859107464,178.29256895194538,159.89792505231344
bad_form,159.59806659831565,167.62644673700032,162.68339580073948,159.94417724984928
bad_form,158.98539654699184,167.36160957753646,163.28268832056094,161.75613517269497
bad_form,158.29872832521838,167.10818572013892,163.78476881028183,162.53353194857647
bad_form,157.5819913521529,166.73978198768629,164.0815415191697,162.86419635278514
bad_form,157.04836747227117,166.71336552722747,164.26238150839,163.1654914935176
bad_form,156.35606590497167,166.28373432793478,164.13447891440475,163.41139334730798
bad_form,155.8669052121483,165.94204615999263,164.02420584446534,163.52092793830002
bad_form,155.60045515901322,164.83987070719758,163.83716989823367,163.58737204305626
bad_form,155.4928670840469,163.8004366522868,163.68976783046276,163.70660698860127
bad_form,155.31604208323662,163.57862071653273,163.41563343481002,163.88803216325076
bad_form,155.92023644244935,163.26769051237892,163.12573134767172,164.06924240844603
bad_form,156.0855925253138,163.39710376970967,163.01110559059236,164.1777580300165
bad_form,157.0570739602581,163.2218930719431,162.6097136101037,164.24140255266016
bad_form,158.58813280730257,163.53185439439866,162.42701756148807,164.16940528656352
bad_form,159.2006473480331,163.97068796959778,162.14204817795988,164.1293979014289
bad_form,160.63180160130636,164.27349256795972,161.92850755406909,164.08127590559315
bad_form,161.5882288359517,164.7067855164794,161.84606098415614,163.97469183935291
bad_form,162.51767567411352,164.83120172263276,161.8794939035442,163.77982221666196
bad_form,163.7585192362699,165.71170015084277,161.97727629946124,163.68146162441437
bad_form,163.53951567839945,165.84386809645224,161.92342976044085,163.75164286978347
bad_form,163.62892059193916,166.44592068129023,161.95112586314931,163.78007406773315
bad_form,162.99140806235783,166.47797917422176,161.89697559530194,163.77315634657742
bad_form,162.65318117532846,166.81151081406003,161.84302396568117,163.6943582776085
bad_form,163.04644961729042,166.46925437450443,161.86748499446335,163.13290626350275
bad_form,163.10610529214534,167.32294040483472,161.89540603249566,162.8052708434759
bad_form,162.5499052197582,167.44453485677627,161.89248076334624,162.65998826951116
bad_form,162.60402859849893,167.1538759399099,162.01800384794362,162.5472249029192
bad_form,163.590146630349,167.67239647128497,162.0802463103446,162.44880373345472
bad_form,165.22862298877124,167.8563176486463,162.16229737724782,162.27243713876913
bad_form,165.57660255415988,166.84663704108257,162.29867596961054,161.874464161372
bad_form,166.50048118198555,166.64170915160545,162.36214791545402,161.8883718430015
bad_form,166.76254944543044,166.2517393066935,162.42056274571658,161.90603811003805
bad_form,167.29305901165122,166.95911936920456,162.42341352572078,161.95363219730032
bad_form,168.183438467193,167.4329101006757,162.40444991059962,162.05581127858036
bad_form,168.25915073136704,167.47603175457476,162.35194712566445,162.38631905981777
bad_form,169.50475910994513,167.6840848353243,162.2956849057908,162.6365472073383
bad_form,169.49089572695286,166.87566882024433,162.3923931828622,162.80892931185141
bad_form,169.01651358448677,167.2307394481995,162.50956502916873,163.02595048499902
bad_form,168.61226446536392,168.6521406220661,162.73879941807334,163.26753130507095
bad_form,167.96561843791292,168.6516835994805,162.98277469447027,163.4708428301896
bad_form,167.4572560439877,168.36152558316158,163.18947356108532,163.9572314078409
bad_form,166.46081022779666,169.41882710517183,163.3497811256041,164.35639966325954
bad_form,166.3064013959526,169.04334376369889,163.33341954909088,164.87259526318257
bad_form,167.64180085605005,168.77668486831624,163.3527295507879,165.0692159466425
bad_form,168.06953711969098,168.32305087237208,163.34755395043788,165.3460379747645
bad_form,167.69791468540282,167.60932723987133,163.31215571210836,165.82498322376483
bad_form,167.6843615985923,167.04434181324004,163.1655370983094,166.1810703487121
bad_form,167.02215049418518,169.13871604502938,162.75417257990688,166.61229198147828
bad_form,168.11882748243028,169.4469155784065,162.54057371697542,166.90146447299034
bad_form,170.19382821467696,169.3874483845532,162.21200018388888,167.20423737540133
bad_form,172.0116249759682,169.83064537546105,161.6738302844168,167.2345574339581
bad_form,171.3846544507042,171.46920328386477,161.47505068030767,167.3025953406635
bad_form,171.12059930863492,169.67062788633214,161.337398108978,167.37959916165877
bad_form,170.62266005741003,170.49428311867052,161.4133750484595,167.2589786556925
bad_form,170.78286044677998,170.6337349478746,161.55199772542684,167.21488903109207
bad_form,170.48809348430657,169.53851370615823,161.59472487267152,167.13263472428176
bad_form,169.27171549481733,167.65329322484783,161.86704189407314,166.83451007549073
bad_form,168.00581878798994,168.05314923489885,162.1132047415961,166.8370718579793
bad_form,166.81785365018231,168.08826954813887,162.3228740547425,166.946505481526
bad_form,167.64547639621296,167.2866090261606,162.42009578089952,167.09523135783712
bad_form,166.8903801694637,166.71109105694285,162.40893687062163,167.29815558092503
bad_form,167.1172324432769,166.82836234722623,162.65446129780193,167.56354886528484
bad_form,167.6058576454765,166.47861362849497,162.82406988438137,167.95784307489154
bad_form,168.06181522401047,166.71077415913408,162.83119573750352,168.34115097849366
bad_form,168.12111102963817,166.41443112178854,162.5457552962296,168.63556721009573
bad_form,167.8972288063522,166.38764823879353,162.5201791835339,168.84497817651908
bad_form,167.85820532868107,166.5510308900024,162.95163707538734,168.953742847831
bad_form,168.7583434373081,166.1517335586645,163.39554575222837,168.92703235923625
bad_form,169.03251815795448,166.1894036189266,163.9082240112127,168.97894002786765
bad_form,169.64404113296072,166.7747466637829,164.30108138588926,169.17065364445466
bad_form,167.72860554016512,168.1471121356236,165.10743270270805,169.3106178188674
bad_form,167.68070031941875,167.46413032882185,165.28590219994587,169.3146451101898
bad_form,167.33294168950783,167.61168410530493,165.3886619492189,169.3562410224976
bad_form,167.205154902875,168.12998273578805,165.45463029094637,169.41840553014995
bad_form,165.49299402058446,166.77011953825524,165.90849676834205,169.4102560546873
bad_form,166.50444697359356,166.561566428591,166.32995874969046,169.55189174129967
bad_form,165.71730852138907,165.83016548968143,166.61021186346628,169.60685301507897
bad_form,164.5007979313341,165.13861325363064,166.67804340835085,169.65307035038325
bad_form,164.03397295745998,164.85088772131036,166.6315231272666,170.0052776299363
bad_form,162.53537440675316,161.0588298614102,166.55540426926015,170.075066159098
bad_form,161.06129777386195,159.45957206564466,166.496546767665,170.0893729116551
bad_form,161.90402296318598,161.77568307241705,167.1726466975223,170.1901383000054
bad_form,160.99882380746047,160.48767675928798,167.89918267016407,170.33094278375233
bad_form,158.53730310623456,159.90249476783245,168.18330833475594,170.42879268209145
bad_form,155.66293141411631,161.76947988518629,168.24563657279558,170.51784487104413
bad_form,156.68233584647461,162.70974468169626,168.1826761947715,170.67270439572442
bad_form,156.707756903149,164.39241018083897,168.10947640287833,170.83370915988448
bad_form,155.89243808586005,163.4398958082203,168.20373270360017,171.02552960114096
bad_form,156.0598929802144,162.3127546803453,168.3655866356826,171.18934328570992
bad_form,155.6399833794753,162.97066491883547,168.31723828517895,171.25950142083744
bad_form,157.06289780537625,163.319023545995,168.4479813472592,171.36984717040124
bad_form,160.75462258162133,162.3161830616606,168.41557771025438,171.45978844055765
bad_form,163.53226281976995,161.57201647722061,168.40998875388308,171.44797949440988
bad_form,162.51883722648435,161.20942471418806,168.52774489992143,171.44502377646322
bad_form,160.69385745892953,159.93227318707343,168.57973496640875,171.50031976034114
bad_form,165.8221722596631,159.98000404723587,168.81619833048376,171.26714166511255
bad_form,170.06970090224053,159.00826207706461,168.9469447053814,171.09210547850643
bad_form,170.54571536426823,156.88441676380702,169.09078048884936,171.30195365062738
bad_form,167.52398494286436,157.6238605824787,169.65380200698246,170.98827957403535
bad_form,160.81280695684038,156.4340424385545,169.811160509512,170.9676744436714
bad_form,157.4895912790423,154.4912072814007,169.83417940580603,171.0800962838687
bad_form,157.9027821609752,153.95114169443846,169.9220876040816,171.04406671324614
bad_form,161.99459358410633,151.47165164957548,170.08526421868999,170.94736981003265
bad_form,161.89674323851727,148.72484592770758,170.39628831212707,170.8403416789948
bad_form,165.01452281285648,146.89425027315093,170.9642346801427,170.63071990272564
bad_form,164.5899395997245,145.07050029441712,171.4219338884053,170.38702061807115
bad_form,161.88648177754462,144.45156023962087,171.6528285908107,170.2701770186144
bad_form,163.87856666603705,144.20906276120243,171.58550613720112,170.31721424803226
bad_form,162.6570957702187,146.02235802445176,171.489654353096,170.05969985879867
bad_form,158.3790974520054,150.1066671077726,171.61763947073626,169.58100603886172
bad_form,153.5263905608357,150.64911626568997,171.9125403564649,169.29788812879283
bad_form,155.07226119334857,150.94049681195256,172.10497358347004,169.30061502264806
bad_form,155.73070360564722,151.1843834541154,172.19312703310777,169.24657897483524
bad_form,155.73916806922261,151.4672949830397,172.31993357154616,169.17857268526996
bad_form,154.91106446374346,152.3943237973934,172.60566267494707,169.10693237878033
bad_form,154.7459184431523,153.29755713772147,172.91288694780513,169.05564750719464
bad_form,152.59712463767377,156.06300653798604,173.09744524590153,169.00821577003188
bad_form,151.1981844258039,156.88583522974355,173.15270056653594,169.0010811639464
bad_form,151.07768097738148,156.16667821494966,173.36548465775994,168.97269353197598
bad_form,151.09289602156758,156.31194854546843,173.72682315304027,168.6990142490184
bad_form,150.66992907896991,156.4837605883521,173.88467340459795,168.41822879299627
bad_form,150.51664069926045,156.60850996021324,174.06224995770376,168.32881211237208
bad_form,150.78365162259547,157.20233110522233,174.10516599305564,168.30903391185404
bad_form,150.91035050279308,158.23964895372373,174.12177577747886,168.36344619073552
bad_form,151.328188582162,158.624915881603,174.12666558638705,168.42549538181046
bad_form,151.59220161508063,158.85034391985303,174.11881501797407,168.56718179558362
bad_form,152.08186332054714,159.13847194630787,174.13657463292017,168.6129576438902
bad_form,152.3323332782026,159.32073926512598,174.15320260809307,168.67461821207883
bad_form,152.4985705519321,159.18945335148825,174.11869432485986,168.63074399070538
bad_form,152.37223970649438,159.2117786871717,174.07865111888032,168.61712512593743
bad_form,152.31653085927584,158.65630044669115,174.07760701045868,168.61826195839265
bad_form,152.24618411934838,158.09275758915692,173.9425554745868,168.73748463042153
bad_form,151.13900768169583,158.07985109378794,173.88375977432065,168.79412219816524
bad_form,150.81263680311997,158.32503546468186,173.85961415193415,168.8655396820274
bad_form,150.6922121660785,158.56664384244525,174.13500640758136,168.84970841015942
bad_form,150.86810196457694,158.78540763895262,174.48995122447658,168.83310375977447
bad_form,152.05655562608482,158.2813835636198,174.56992729294845,168.72062946061936
bad_form,152.87108706352984,157.3616015952508,174.5152581481069,168.75626214566051
bad_form,153.3298853147852,156.83483603997564,174.24536494327833,168.86969840271752
bad_form,153.37511093378336,155.1983082799344,174.21093732521632,168.8571795690488
bad_form,153.66618916321394,150.92990691439823,174.1290946141253,168.93394858732506
bad_form,151.64407423393828,148.3293427860519,173.88027262852512,168.90509746297266
bad_form,150.86936657267643,146.59281423053832,173.8285132164736,168.89056024076748
bad_form,151.8525018026089,146.94148735097076,173.52844195980288,168.87805049682646
bad_form,154.15258408258472,147.5806326531403,173.28917330784688,168.88447064264213
bad_form,154.1382774341564,146.2105152214533,173.03917929448855,168.9136229523548
bad_form,151.72059873577481,144.87977772049646,172.68206715245896,168.94057171050534
bad_form,156.77243480989148,144.44723553921384,172.04553827182716,169.11170186470036
bad_form,159.31195267503472,143.21068189262328,171.18057496473133,169.51949224643346
bad_form,163.4481709645552,145.95771853287653,170.63743900009212,169.8204857977866
bad_form,163.70967830183076,143.74374749268816,170.21985449728393,169.75070000177138
bad_form,160.00691547253834,143.65164966132355,169.9080641064929,169.71478508244454
bad_form,158.53732124055745,142.72801662075577,169.7197868446952,169.3307183393693
bad_form,157.04208456675332,147.2639690977092,169.6226766066938,169.12044932870614
bad_form,158.1692091967656,149.31987129203202,169.56839630833682,168.78435436279753
bad_form,157.56375903737967,149.59576660138347,169.3485499300031,168.5654102637566
bad_form,157.38914404067492,149.47987536766414,169.23931364725036,168.40124892280264
bad_form,157.51654341531062,148.7684994374786,169.06327945739488,168.63312446799463
bad_form,157.74871697529449,148.89705110002214,168.90809624960787,168.90545465477868
bad_form,158.05847646756024,150.94178011245842,168.77492284385926,169.40957131427177
bad_form,157.6654060148181,152.05139510007544,168.4751953679222,169.99290940766264
bad_form,158.82617630992064,155.12685654929928,168.13455514123953,170.0754383606236
bad_form,160.0033154433725,155.1274674307131,167.63576697852093,170.54989515403145
bad_form,161.26228760785781,155.8216726238663,166.89905407083745,170.9308478845652
bad_form,160.97562994942015,155.5127141290036,166.05170426385018,171.5001110464269
bad_form,162.1930546526028,154.9887717770622,165.45972987882772,171.54768250136877
bad_form,162.17848923569176,153.79962028380808,165.95120006736448,171.53288506527056
bad_form,164.07099735158693,156.8219665457457,165.95692608580566,171.89614208489238
bad_form,163.87162000817463,155.29489550187435,165.24056358019268,172.19094868107203
bad_form,164.00042252823528,154.20727468770326,164.5650321145539,172.51298910272783
bad_form,164.94740999174604,152.198003476354,164.17115922310083,172.6249915642602
bad_form,165.25647289111743,151.12395895044884,163.95464131290132,172.67861185071075
bad_form,164.21009643044442,150.03087243559565,163.6195589619401,172.58668522510368
bad_form,163.6626985255893,151.61836111013434,163.83508892885695,172.45773154257049
bad_form,162.56052677462205,151.65798348917426,164.39111192594396,172.60458448762068
bad_form,162.12129914093538,151.92381213529862,164.50351123887793,172.4655126344538
bad_form,160.75819429434483,152.28592736611117,164.5731769535167,172.37936161433268
bad_form,160.4699946782056,151.3129812836906,164.27524138980965,172.06345575393
bad_form,161.3088116192507,151.7904426613463,164.3282686941171,171.72021815480161
bad_form,161.1180886867714,153.62180847699122,164.3981512725478,170.82683588654936
bad_form,161.9346183507462,155.56851106310762,165.14728121689134,169.90942822905362
bad_form,162.26897988380645,155.05822005945598,165.61853558083482,169.4197842476442
bad_form,162.58984070230517,156.63453660309526,164.8588207812094,169.14049843273776
bad_form,162.74473443129503,156.3716601917005,164.05850579695286,168.78520398144317
bad_form,162.5001410737974,157.42846450974585,163.63470814391934,168.5536247363939
bad_form,163.0121524069012,157.8102537137068,163.16210732986488,168.54308301197432
bad_form,163.68265264945396,157.9321345814862,162.74966781028482,168.5527268652263
bad_form,163.80647817708902,158.32378493610017,162.3774419825029,168.50616463457965
bad_form,163.76504480286567,158.93481020124588,162.3249455983066,168.38041890311055
bad_form,162.8334341297816,159.05156861037437,162.28144255355232,168.2330998433491
bad_form,163.20763216245302,160.0866989703445,161.94867973340516,168.00059145394187
bad_form,162.34822284484866,160.64089410258947,161.70045654632594,167.7143841312003
bad_form,163.17032429771015,161.3409304152662,161.5703316156944,167.44376724227405
bad_form,164.67762787897794,161.79131009059583,161.74105706058728,167.03323484194004
bad_form,165.8029614234474,162.3172901955445,161.8421160784176,166.5370927215632
bad_form,167.34554733182264,161.43750281730547,161.85269051135535,166.39432458608434
bad_form,167.64728995214304,160.63354987700728,161.85161180382727,166.27986147006402
bad_form,168.64358086692806,160.87657884126915,161.87487627196018,166.1216543124393
bad_form,167.56606588975322,161.0167115696664,161.96773424485966,166.07419762289805
bad_form,167.26126584571026,160.89197091940235,162.0049802792209,166.05054082217282
bad_form,166.94456270568705,160.8875608568029,162.01905263758908,166.01211973812565
bad_form,166.40118803178092,160.55458406265862,162.04550750053374,166.0494504103809
bad_form,165.39329785246406,160.57822629109003,162.083236346073,166.02322351852257
bad_form,165.5992254799514,160.1572744761165,162.12528858700745,165.94145022344503
bad_form,165.85635469404218,160.8831121258534,162.02459761535894,165.92435533348106
bad_form,166.48330584671143,162.2479504865281,161.6128745609712,165.9435117407823
bad_form,167.0373529136627,162.5960826925767,161.09420203734993,166.02898694404843
bad_form,167.39427674810614,162.09328102935297,160.5547860123883,166.03852543597378
bad_form,168.17881612404045,162.70891926456466,160.36528220543556,166.04353809664516
bad_form,168.04100230973853,163.52034112690663,160.1631359850351,166.04210708541834
bad_form,166.97534110595805,163.14652940475298,160.0476562309361,166.0559971595618
bad_form,166.03162854244812,163.8770601875212,160.0105924591982,166.15612594293864
bad_form,165.78645816394862,164.76795634715455,159.98786387449317,166.27637357919772
bad_form,165.37043615355012,166.35534027312795,160.02849506855168,166.2099598561052
bad_form,165.93508330730987,166.1759326289394,160.00758916013734,166.20067004057734
bad_form,165.50535235997822,165.12306563249265,159.9818338662914,166.20250041982914
bad_form,165.65722347270088,165.5907051224265,159.98081103525942,166.1681330879327
bad_form,166.1145997234378,165.18009163295224,159.9973726820062,166.23421571776936
bad_form,165.86499281495878,165.57163927044496,160.03121281460463,166.21477011731486
bad_form,164.98187297982275,165.9287529297547,160.09086454829495,166.26808808240625
bad_form,164.73261831775164,165.97532349970064,160.1340818538087,166.31799833855118
bad_form,164.7923856522392,166.01046250878065,160.18391950512134,166.38555813119828
bad_form,165.00677537286438,165.75785854094977,160.24072020820554,166.4243885403549
bad_form,165.19466247985898,165.695767520623,160.26297177348107,166.37998335373044
bad_form,164.93323270139277,165.75268370880428,160.29619644450366,166.33757493673346
bad_form,164.70660034392785,165.73670497272752,160.311950399771,166.35715074229122
bad_form,164.60296526623526,165.69402975506108,160.293276682297,166.40957981929725
bad_form,164.61487262006784,165.6766474170491,160.25030045459417,166.4356374885915
bad_form,164.69288287447282,165.66563588947045,160.19176110745875,166.43352220407274
bad_form,164.8095404287662,165.69084140217535,160.164226406438,166.39374623260844
bad_form,165.10204982506954,165.86106581825004,160.0757710048138,166.4069528447802
bad_form,165.17386430908715,165.54549559349064,159.98026585790123,166.47078086540913
bad_form,165.3583269929813,165.4095190258295,159.90877963135313,166.4968839495878
bad_form,165.04990162852303,165.88186237768554,159.80639912107677,166.57975269592274
bad_form,165.01952500837987,165.46071964612966,159.69541737476075,166.66537283440928
bad_form,165.38984944784755,163.95526213147872,159.6985158967566,166.70640956104674
bad_form,164.99012861178102,162.78388757810436,159.65722208725063,166.7790831053057
bad_form,165.6746729168898,161.74167843411627,159.7870698093312,166.6357065822884
bad_form,168.3631505029946,161.76681202555224,159.48557902420515,166.73203235368064
bad_form,169.29809217925452,162.35122974900256,159.1758935629573,166.8230729844062
bad_form,169.34797335986883,163.1649707019447,158.9124741591031,166.8858824520213
bad_form,169.30799355548274,164.01721461250008,158.7012808535518,166.86754247867893
bad_form,169.64473247292642,163.9692172140095,158.6438152298172,166.8165467955152
bad_form,169.06211478722417,164.2783245614232,158.55628968372736,166.7973531729601
bad_form,168.61520647622004,164.3369257025077,158.69216822736337,166.70128480119982
bad_form,168.99467826373538,164.1704844891876,158.97033267068446,166.48340679982755
bad_form,169.43709603638945,163.53734345901657,159.22679970883573,166.2735336379676
bad_form,170.0502682171382,163.23456162601323,159.36605097441952,165.9692575064316
bad_form,170.1739155651896,162.62042442288308,159.50798832403567,165.66608169924257
bad_form,169.25816643559278,162.81005014579716,159.51759424008873,165.53118589687776
bad_form,169.1166536575889,161.41386911959378,159.55923796441255,165.30753601149632
bad_form,167.90773531072665,161.20868361509233,159.58337631198606,165.34082666354067
bad_form,166.3427280637167,161.53814222053197,159.70459977547287,165.33787940992244
bad_form,165.52212794971527,161.28085777100625,159.90532538471894,165.41594902107204
bad_form,164.49090618744114,160.7568035536838,160.06566145058017,165.43390166287767
bad_form,162.40440390194573,159.88720867784397,160.18622542962217,165.48673349263183
bad_form,162.29468280049957,159.11236486966448,160.3161328868201,165.50666375624047
bad_form,162.83891129155086,158.95801095589306,160.44218957408046,165.5391601995716
bad_form,163.43588855337018,158.54834158098208,160.6233267810763,165.5982847715901
bad_form,162.29624808679,156.90057680092565,160.69361983169654,165.79664408748968
bad_form,161.90667049580108,155.58881013733128,160.797537743837,165.96775912429896
bad_form,161.81578786277564,155.1975451430749,161.24513310895117,166.1655818681963
bad_form,162.01218574465096,156.5943067577539,161.63559113351752,166.50519306369688
bad_form,163.44463795331842,155.94897999648506,161.88721372008746,166.71629062563235
bad_form,163.83446705867155,156.55358058035026,162.27081709692487,167.03104604134106
bad_form,162.92144876422506,154.27535488993905,162.47599100896878,167.23647892263733
bad_form,162.80470237580823,155.21930737115454,162.6397936874274,167.53516469347122
bad_form,161.48879354448363,156.16799964635678,162.62862213244935,168.06034721365626
bad_form,160.45896036390576,155.31663663553792,162.87862746930978,168.8047884325946
bad_form,161.57529856506142,154.78527191625253,163.17998739509065,168.9722283733251
bad_form,160.54478055252292,152.13329401527872,163.31730265179502,169.2107898045183
bad_form,158.21540392879922,152.16426098671903,164.0059938934215,169.1461175868883
bad_form,155.7706121481337,153.8471436242316,164.1965813593943,169.39282493450887
bad_form,156.88568603578057,152.64029694184933,165.00479096810554,169.52160152694017
bad_form,155.4877372614027,151.79794220387978,165.60808687502134,169.442610846241
bad_form,156.9326402170379,152.0869144032244,166.4820204886435,169.43268222493512
bad_form,155.79008362949318,151.3777524551618,167.9757027173781,169.34034975485383
bad_form,157.1347263425443,150.63786896791834,168.84217400844753,169.34169675642775
bad_form,155.49595620352807,148.80548649239734,169.11649569425222,169.4318869203808
bad_form,152.60346391452745,148.92953419299943,169.38216958505473,169.43789956439875
bad_form,151.18147987358466,150.0310686784989,169.66602608058477,169.42044283927478
bad_form,151.13642526034175,151.7611667971345,169.7480999706552,169.34027779561427
bad_form,151.88697007960874,151.85664853832105,170.243778658777,169.63197529501525
bad_form,153.54083952592566,153.85072774847703,170.58722917037377,169.5984789074265
bad_form,155.08167355853325,153.64975115002653,170.6053628962237,169.6962527122685
bad_form,154.0634000783587,154.60869804613807,170.84504596137893,170.01418736351943
bad_form,152.88119890608272,154.1500227116679,171.07127494411057,170.19350307611674
bad_form,157.55972257395123,153.81410743939946,170.84327736594793,170.32260347113808
bad_form,156.74167120811077,152.18612817937873,170.55405688382118,170.42188602105756
bad_form,154.90801931291196,152.04361534408346,170.29562114400417,170.9054083759803
bad_form,151.03013133332468,149.6326983688852,170.13711415813475,171.27180052889307
bad_form,149.2975035921137,149.57682480262696,169.79755262624985,171.79141103185344
bad_form,145.3656593108154,148.61169524873077,169.73966101328475,171.86421565919412
bad_form,144.7706046392899,147.7168528613945,169.55393643934815,171.90078818143223
bad_form,145.15097344522752,146.45125308946126,169.4211027869007,172.02320327606466
bad_form,141.50193741864993,146.26064655960556,169.32448789914517,172.1228041080186
bad_form,141.0894663558022,146.99112115432982,169.01767806527542,171.8924095376561
bad_form,142.80039067616016,146.97002563353377,168.96455026337156,171.8771446956517
bad_form,141.40662490929603,147.56219903762215,168.91696438129208,171.80715727650687
bad_form,143.05048948270104,146.6028670178825,169.0066191782407,171.89601384161887
bad_form,143.72261603397047,145.32017468435384,169.3362899872267,171.94794951781955
bad_form,144.9329621578463,144.98797956695964,169.46218460705072,171.9748893739312
bad_form,145.32961559449967,145.32659805565254,169.72836459019726,172.04901865473548
bad_form,145.22336806506925,146.23441466999031,170.01049470533076,172.08976078434296
bad_form,145.57536613834915,147.67717299557802,170.30061192591828,172.1103702976179
bad_form,146.70173137142854,149.30149906575457,170.74922447530375,171.86161951691776
bad_form,147.39063057202455,151.1320540320985,171.20653004377814,171.53739766076697
bad_form,145.76185350407889,152.51168855454833,171.5168736988329,171.14254357570078
bad_form,145.8965358190266,154.05410397403202,171.7187554464349,170.41193188312573
bad_form,145.986535805822,154.6293611959991,171.80011493255702,170.2467782149639
bad_form,144.09425367911285,154.77512988006256,172.1146096593799,170.11581909059166
bad_form,142.94225818175164,154.29990455254432,172.44401672122189,169.9949298883488
bad_form,143.258346144162,154.2407946472599,172.7390463659163,169.85846825056197
bad_form,143.98712441372493,153.70584226605084,172.9081508886918,169.9322183188947
bad_form,144.51985116285113,153.87925665672543,173.0895019928717,169.94046026758485
bad_form,144.76609698727174,153.8933013317245,173.20077591235497,169.92050918559667
bad_form,144.66366861170243,153.7927780116287,173.20118730446788,169.90148383625376
bad_form,145.3028996623327,153.6568466826533,173.13733219484484,169.8758009413051
bad_form,145.60506089335047,153.5782336479395,173.16504849674857,169.81583501945605
bad_form,145.8522196142017,153.6096307864015,173.22647828337892,169.77668045387108
bad_form,145.47073569622492,153.7171751673744,173.18759095920893,169.72258372909832
bad_form,145.33276475046407,153.63995729271406,173.03285309322033,169.6334496955099
bad_form,145.16160540416217,153.61224521530437,172.86688780734244,169.45108455809395
bad_form,145.06502465422872,152.86421954041163,172.60186646130018,169.4099978812799
bad_form,145.00867518592935,152.21240191052678,172.32524833657658,169.33237747435516
bad_form,144.9382867965459,150.95378321085468,172.19829761728377,169.21295078601983
bad_form,145.15805819131444,150.62590968212905,172.22182439073376,169.17275505401443
bad_form,145.6806615572068,149.54164868056017,172.1859828780248,169.10885943733547
bad_form,145.8084796544041,150.10719227402694,172.06716113703862,169.2425787053043
bad_form,145.59166476490373,150.5736704972701,172.24343832915187,169.35508221880147
bad_form,145.6442720737879,151.13832398875655,172.23893208799782,169.58506499774123
bad_form,145.12737146237615,151.45171929547385,172.37486124658108,169.7073847671369
bad_form,145.001696933892,153.37644747118625,172.5292837276544,169.8067391127499
bad_form,143.54940550335795,151.13627929036682,172.52984030471677,169.87979830593437
bad_form,144.49101120218114,150.7820998550904,172.43532024155647,170.01349611800427
bad_form,144.435280100204,150.35558184253784,172.3121457288751,169.97905195334326
bad_form,142.64178641062153,147.3220255518731,172.13817276663127,170.06642462379634
bad_form,140.14379314633146,145.4273829896502,171.78459566066624,170.11214502789213
bad_form,138.7642708438614,145.55403183350631,171.33275192973048,170.11645511469936
bad_form,137.91065630280409,144.8120710667144,171.27921008295198,170.06107564699244
bad_form,139.53521805250946,145.57629187661925,171.08288570412145,170.13946333237178
bad_form,140.8320068185211,145.77119060120143,170.44138737079115,170.2502032130616
bad_form,145.52712108332244,147.71135522482243,170.07824482523802,170.25496675223548
bad_form,148.5882568981702,146.22327604919155,169.64357432590907,170.20489392963907
bad_form,152.39653661357622,146.620400087506,169.3016745007391,170.0759425740336
bad_form,152.55046699053338,147.75346623922127,169.09253269827576,169.78253006327535
bad_form,155.07726820533406,146.25239958843773,168.8031240836478,169.8542608407052
bad_form,153.20966486838265,145.6835525754481,168.24258910791684,170.1969034340607
bad_form,151.77773947907227,145.08157310041454,167.89409792489374,170.34773335126584
bad_form,154.42501907314465,147.09114035639982,167.5922944036802,170.45538104070852
bad_form,155.58705429867362,146.46745523389646,167.23261002663506,170.51473573355824
bad_form,154.9146641274206,146.0644369961183,166.75797688435986,170.56448655956734
bad_form,153.2784309907424,145.1612549112218,166.23864743666132,170.67759010558555
bad_form,151.65280884137098,151.3453294140398,165.7855522662119,170.76981790106282
bad_form,150.59430040031052,151.33792524893587,165.47904427411137,171.06819935517007
bad_form,153.2644188864049,149.79773179743515,165.70169764146814,171.36631468416223
bad_form,153.772073868401,150.14865152447084,165.66380340753392,171.49410922556362
bad_form,153.52231644387496,150.90482231765148,165.76062170001714,171.51930644560161
bad_form,155.0959005492364,152.1726448574524,165.70519461232215,171.79016227947136
bad_form,151.7893647422525,152.38452779441835,165.39323394331188,172.06895708279671
bad_form,153.91132710432478,150.96965121670013,165.1529458033845,172.14258472044003
bad_form,156.5456522138248,151.00942862004857,164.783006995336,172.29505534111811
bad_form,156.22561561452875,150.0796722668618,164.65517233829183,172.2894720458983
bad_form,158.79960961726528,151.75517763315065,164.5729771780992,172.34412082152213
bad_form,159.3696879728303,151.35185529423433,164.65263595254478,172.5992948580369
bad_form,157.78970621158095,151.6477790361026,164.76425290329348,172.45655906040784
bad_form,156.71744539697912,151.16123111138708,164.88972289989144,171.88120105068887
bad_form,156.51613239813022,152.22896982525683,165.25199920931504,171.51905770231562
bad_form,156.99851975236257,155.3589728034275,165.51204264089893,171.08081772174958
bad_form,157.927140195552,155.2213780046593,165.50418508599404,169.94202819160876
bad_form,157.6190568583175,156.84315481074773,165.99823407381328,169.34597745557028
bad_form,159.0394960682744,158.00746098293192,166.40244340956346,168.46692362772936
bad_form,158.661909426277,158.27628273014037,165.9081634508366,167.90592647474242
bad_form,160.12211967779365,158.96330148276795,164.92683315929415,167.51460777965204
bad_form,160.46239578803946,159.03556806690733,164.70819133722927,167.2758998462364
bad_form,160.0527389438333,158.75088425266728,164.1283452836813,166.89931435428426
bad_form,160.71063453584216,159.31973506407599,163.57781622312115,166.65392406828968
bad_form,159.2151459437511,158.8470507370971,163.45953553139162,166.57764824791542
bad_form,161.14916881335745,158.63975528620705,163.56526519035185,166.33279490660018
bad_form,163.78281406980466,159.08509059772302,163.63405659175902,165.91930083739766
bad_form,163.5466997472478,158.9527580760903,163.65565863843938,165.31886395754992
bad_form,163.60179060395748,159.6770101377118,163.68163832315676,164.7417800432383
bad_form,164.052143530732,160.10465421887935,163.9579046135422,164.0325927935869
bad_form,164.93412145822543,159.318375736726,164.39655875694268,163.71827226650004
bad_form,164.2332621930998,158.98891844656205,164.4564591360095,163.6639522932487
bad_form,163.53673104323178,159.85557887066227,164.55286107004292,163.63121493136137
bad_form,162.6919402444119,159.61444256889766,164.55229568693014,163.86843353134796
bad_form,163.04181502186708,160.28467851580336,164.5926877883584,164.09987396960406
bad_form,163.13399647426957,158.93631433950117,164.57587520964964,164.4464764441071
bad_form,163.0897000999528,158.12951839332064,164.56507465751093,164.71632063707258
bad_form,162.91297241556373,158.7754332917972,164.56015929683298,164.91554463350107
bad_form,163.51436157765465,160.30720653486694,164.551404494776,165.02007846754236
bad_form,164.4019138582559,160.32562254835494,164.46374872917647,165.074606741119
bad_form,163.236483877371,160.85142263218975,164.31925420122658,165.22972535876715
bad_form,162.55854968108645,161.15122305465997,164.33521793055934,165.33563965818067
bad_form,162.71134286309766,161.12702138441304,164.41540544613184,165.45409211506146
bad_form,161.95493735528692,160.15413575788818,164.38629665777648,165.52519126530646
bad_form,161.36847992492926,160.02707506927672,164.46048203460361,165.56115693558314
bad_form,161.97474461498885,160.44779904007956,164.48634980899055,165.62706933645867
bad_form,162.5199550068725,161.19049284038243,164.53237900045266,165.72442482161998
bad_form,162.77488479366858,162.03985635817702,164.48770817660653,165.79488890402465
bad_form,162.26223952800092,162.03441138593564,164.61781933630832,165.87440319306606
bad_form,161.8534963860493,161.92030130998214,164.76790745216707,165.87672230739182
bad_form,161.97758326288564,162.24916526559346,164.9476931816301,165.85179959427109
bad_form,162.61777568051312,162.55622217251457,165.0956649858366,165.76335505888474
bad_form,162.71814743812703,162.78007112820308,165.33795103217744,165.57227877134173
bad_form,162.6389255388896,162.72996092070682,165.51327107764973,165.43327744622636
bad_form,162.54011478643443,162.70844626823188,165.61927710604223,165.22077132604173
bad_form,162.49896929397306,162.639748460873,165.63921514975385,165.2178388748378
bad_form,162.42577994152165,162.6363045071296,165.64870344548436,165.1736276390293
bad_form,162.47033261991317,162.39273350107558,165.61058474323616,165.12912343362117
bad_form,162.53506163938292,162.20698076392742,165.47780885378515,165.27984302063
bad_form,162.56541546126357,161.73711599692885,165.37807773875556,165.52513960945825
bad_form,162.52143805468103,161.73182343687535,165.27678101480862,165.7345840984867
bad_form,162.86020116665637,161.46727430190205,165.17565772178077,165.87792703470683
bad_form,162.71774988795897,161.3847833900746,165.09403967697054,166.04050254035764
bad_form,162.62449171447045,160.96671027345516,164.99153984586496,166.1281721992594
bad_form,163.18799736209772,160.92095468561683,165.22692542718156,166.1550417460915
bad_form,163.4984991603124,160.39564003050157,165.27594578937857,166.3888815584507
bad_form,163.7518789114203,160.75387717632708,165.2117028024615,166.4886297777258
bad_form,164.75193850302028,160.79272914800302,165.11654574169336,166.4820207506809
bad_form,165.30481606907293,161.14790308996658,165.11010990185414,166.52592786020676
bad_form,164.6928945725834,162.04180687649088,165.03822539568537,166.67927437321495
bad_form,164.8923146807718,162.72039045101337,164.95842862242282,166.6299814405578
bad_form,165.01443428142935,162.59247319614252,164.82385598758788,166.72208486340628
bad_form,164.65933132061477,162.84483168679944,164.7489671864514,166.75727093481007
bad_form,165.36639281987507,162.51278177850466,164.67669482842712,166.72269316264055
bad_form,166.3010881421573,162.16956860078824,164.69256646952414,166.6964848874813
bad_form,166.47428293337884,162.5527039413227,164.70841624744114,166.7934227877691
bad_form,165.00061854051538,161.56240354881214,164.76816059218567,166.79553260749103
bad_form,164.0591974719824,160.911191890932,164.8251698367883,166.77998020246136
bad_form,162.40312311660762,160.8492010292338,164.81177915188917,166.9359270288306
bad_form,161.84581579384718,160.59958588797744,164.80329620506356,166.78974204820122
bad_form,160.4547429692906,160.50157317009248,164.88449325274158,166.68083223293124
bad_form,159.20457231708062,159.15628995540763,164.84668434073836,166.64755028026042
bad_form,159.71762783219336,158.59399639976525,164.8581446161855,166.63003556784696
bad_form,158.98855586153405,159.02796255594117,164.83726973685592,166.72887668135738
bad_form,157.93880249583722,158.4777551056239,165.10229584307856,166.96814519963084
bad_form,156.61314920553878,156.1897254963255,165.55053336273826,167.19892910272617
bad_form,156.90591284716274,154.08667027308974,165.99469811477317,167.5885449127798
bad_form,156.54421183143646,153.7680221803195,165.952594306588,167.823357707283
bad_form,157.2853355481033,154.85431661391578,165.76942878749554,168.44482034786827
bad_form,157.77871567606698,155.17592827591525,165.7496625862112,168.82713989874384
bad_form,158.5730228967306,156.93372789869522,165.74559081134515,169.17793976834568
bad_form,160.38624360286093,158.2329578204626,165.42561863411316,169.9549374746067
bad_form,158.92156524951395,158.09911522083857,165.11851735954278,170.24671329753056
bad_form,157.6646317013816,158.25587055388988,165.2206691534284,170.48124070633563
bad_form,156.98352245536958,156.7648692140611,165.0896337015506,170.5727116916825
bad_form,156.93957009718383,156.74190975923904,165.15911427253346,170.8463469709882
bad_form,156.09874230289233,156.96969432243185,165.36979063427393,171.17333410323664
bad_form,155.42331696059816,155.92841643672514,165.35366319188014,171.26111766810212
bad_form,153.11706669600488,153.98975417520572,165.49239740819814,171.340215603666
bad_form,151.07074093796277,154.71181122264713,165.76391248176307,171.48601764233302
bad_form,150.3938646180392,155.03676143774987,165.66510350536652,171.98808977491285
bad_form,149.8712928577746,154.42787061189048,165.36585056448214,172.1716374451424
bad_form,149.21341713033328,154.1687381829165,165.42967847135733,172.32826853771428
bad_form,149.42300514619885,150.80119242302663,165.75664832560796,172.32837839226934
bad_form,149.98389772453066,151.68759151136962,166.051233171638,172.3451776920088
bad_form,148.90177075064753,150.3022010652833,166.43536783173738,172.3148417411966
bad_form,145.2019151822789,150.67604738094374,166.3645577043411,172.24287538789287
bad_form,143.64219232846173,148.6910285305491,166.16713008134744,172.24067751540576
bad_form,143.2026034379111,148.6132993458065,166.24716347206493,172.35769864954491
bad_form,144.0169668934601,149.9220689317486,165.87165438654506,172.54665088033227
bad_form,144.38413010444984,150.2018640208316,166.41298688276328,172.3770835031521
bad_form,148.4548473260673,152.35739345758918,167.30423854913528,172.32454771837251
bad_form,147.646199923624,153.2649469169491,167.23033769529084,172.53444901193225
bad_form,147.41349144524108,153.62191939847824,167.38409057812015,172.57631890959019
bad_form,147.29708444085048,156.0853489837626,167.41632459466712,172.68480231133788
bad_form,150.56911184056221,155.58296824929613,167.2480121136331,172.71188955819397
bad_form,147.36334756812576,153.17758776071736,167.4265659573173,172.5458797634323
bad_form,143.4768408260569,152.31463632663744,167.453112803594,172.3740284809525
bad_form,139.9146884364973,151.92685351322436,167.49132507696575,172.2693030051328
bad_form,137.05361058879058,151.67985179427538,167.6562746673338,172.42587345763715
bad_form,137.26187429073337,147.9483138409858,167.60907275171508,172.6417594040461
bad_form,136.93006642537028,145.97704208743173,167.40823220728052,172.9369094576329
bad_form,135.4830330164657,145.38682131221387,167.37106142953215,173.19431537855985
bad_form,132.88374380850422,148.0330933698166,167.49200074579002,173.12407680475312
bad_form,133.0503719200591,150.7916167788234,168.34980551662403,172.58660845196655
bad_form,129.89710322742076,149.23892505480214,168.5547086098497,172.5399691444436
bad_form,130.12594708995186,148.84168181655025,168.7254282370113,172.7326186338823
bad_form,132.10377633084383,148.95876939305384,169.2913221945349,172.58197365960504
bad_form,131.24863816757272,148.7989793858796,169.6188031744882,172.52273325110917
bad_form,132.83443570063343,148.69964754526453,169.8042404175895,172.45638257381424
bad_form,133.57630766745788,146.78832897590146,169.93021268308394,172.46925063977739
bad_form,134.53263881450619,146.4091187169086,169.9302848746951,172.4378851834285
bad_form,136.40879503350033,145.9220407162912,170.1669126741352,172.35584706845913
bad_form,137.6283625162365,144.89079178027194,170.51735622684728,172.20309799332807
bad_form,139.29533411739394,144.8984076684326,170.53817113764657,172.07136960695897
bad_form,140.11129626198496,145.57818416976792,170.47782264438814,171.91641473919287
bad_form,139.1173930169403,147.50644689770377,170.40498432359567,171.6372478243532
bad_form,139.6381685045642,148.58940794847086,170.33663993873026,171.41857219772848
bad_form,139.65392814435756,149.6358378100012,170.29197470580445,171.22537262895545
bad_form,140.3022250279813,150.0352223111978,170.15001791833848,171.22482057735994
bad_form,140.94866190193656,149.67961356473074,170.01576845018423,171.20301367681816
bad_form,141.1280343111358,149.4103792038329,169.9247767167315,171.0577634033508
bad_form,140.3514906015873,148.92953564669517,169.93315207990491,170.924158292549
bad_form,138.97540155830788,148.65106033826194,169.90371214312935,170.7955499609293
bad_form,137.85432204865407,148.6277216536106,169.9015268187915,170.68989903991076
bad_form,137.59348419712188,148.56062294700158,169.92193046413612,170.60826078263943
bad_form,137.27791268417496,148.57821123606047,169.94377776965928,170.47931774425228
bad_form,136.46471914234547,148.77829098549603,169.99265155150937,170.39391568747322
bad_form,136.45340540946523,148.98528903663563,170.0448162210246,170.2636562122547
bad_form,136.29950868546715,148.82592799522484,170.120859834839,170.12921719379088
bad_form,135.48025565605337,148.6643809746209,170.29755477527897,170.08054219989398
bad_form,134.93060338152705,148.7416005198736,170.45120420994215,170.01520647163682
bad_form,134.53587812019336,148.74163554243773,170.6126964333576,170.00001534083125
bad_form,134.23587674571735,148.60668980030408,170.70064382026948,170.00613046395134
bad_form,133.9684610991689,148.39183730935665,170.93750238279247,169.87635305095046
bad_form,133.50122166503587,148.3728130084876,171.149130513935,169.72638253110492
bad_form,133.2269592571638,148.43893577953216,171.06118416532644,169.6657550265371
bad_form,133.3235334859059,148.5733229805716,170.98040559908947,169.62022859231203
bad_form,132.78266561153043,148.5757348255385,170.99322404504522,169.5906728364191
bad_form,132.71348422297686,148.53832060213463,170.98012676441527,169.5817700535004
bad_form,132.9827164114515,148.3305233506896,170.9382976554427,169.5854652804327
bad_form,133.09483141188448,148.17461861750178,170.95268032359186,169.57815449520587
bad_form,133.39113231113177,147.59688995173008,170.94149306513125,169.63261583881535
bad_form,133.13405672663637,146.64867023791132,170.866252049991,169.65049513607477
bad_form,132.87502143227348,145.66752273242162,170.77672544360863,169.68498791562382
bad_form,132.82808754680795,145.83156699045594,170.62476160430643,169.8116657363168
bad_form,132.9244138179591,147.1382999325263,170.48457676607146,169.95413155021967
bad_form,132.87802521273304,147.38936646496498,170.3249012235385,170.0673671210675
bad_form,133.118600278884,147.5000253748377,170.1987694729308,170.0936385037089
bad_form,131.94316977073981,147.5093088160978,170.0745670340477,169.9372474245899
bad_form,133.43748124818717,146.9602835940648,170.03147912980788,169.83120431064182
bad_form,134.5505291031982,146.22615226752433,170.00711641639447,169.88773391106744
bad_form,136.69838613811828,145.2586130910132,169.9690966751511,169.9339512816978
bad_form,138.2869984113667,144.1352963519887,169.90420962622144,169.9591406823998
bad_form,138.233662084732,142.32929919335135,169.8517510328401,169.8440025266874
bad_form,139.58355061608756,141.48489874105817,169.8769323295463,169.69499635370667
bad_form,138.64970593175588,140.6219050165413,170.0202541238503,169.65444411308485
bad_form,135.21747751105576,142.2391899272622,169.98425832075216,169.6577577223933
bad_form,135.17619818757598,141.0824288369809,169.8803161777643,169.6979206841532
bad_form,134.87220968637445,140.1192735872311,169.83209739688823,169.8000868964391
bad_form,132.61354761704908,139.13102535629656,169.54616148921986,169.87533812729114
bad_form,132.1668324544844,139.30119209372134,169.44797687831755,169.89626118661303
bad_form,130.27007626872694,138.28638969631456,169.05264500388486,170.03497332908546
bad_form,127.30243693666128,138.41022585180946,168.20594769202563,170.4288484735225
bad_form,127.92215161306135,137.97553884779992,167.74706828116246,170.42097602823262
bad_form,126.7143071515134,136.33939307719942,167.21025446041054,170.58971733938512
bad_form,129.85266898490775,137.54280187480353,166.2357122475926,170.81695180071074
bad_form,131.47327492680324,137.73929465088037,165.8751592508649,170.9774028715837
bad_form,131.99355928346492,138.2603268764079,165.64172181455422,171.08696069723413
bad_form,133.44253830908752,135.88847480075208,165.44254520093435,170.87468814429607
bad_form,135.36678540415807,133.75799682368938,165.1697014638293,170.9811868081687
bad_form,138.8659381929497,133.8319747458223,164.8257261936629,171.0633105144997
bad_form,141.24637649671092,134.6266783588377,164.64139406341087,171.38009907840848
bad_form,144.47752753104993,136.21288306509004,164.3399919739711,171.51189120702472
bad_form,143.4070868017545,139.64452961804008,163.84990289748492,171.6307385072349
bad_form,141.55484971014423,141.46734658695613,163.53867165758967,171.55424442676488
bad_form,139.48856733139655,140.26986136118288,163.55981427561676,171.55440210863918
bad_form,136.0468830368759,141.43477899098218,163.41293902878888,171.5912704861553
bad_form,133.12949121800497,142.0639764012057,163.20485638716866,171.97375709139675
bad_form,134.01400452072556,141.3974531824783,163.16063367246625,172.06837376497936
bad_form,135.03024047450563,141.65970854400018,163.31244660971828,172.16120892505984
bad_form,132.83361984830356,143.78278451430666,163.38735176680942,172.2896205451867
bad_form,134.5518657594165,146.5384655562545,163.67644892490938,172.36191868023667
bad_form,137.75632648115905,146.323193048276,163.7009151934862,172.4890500299498
bad_form,140.48162719440285,144.75209441032425,163.64618940351548,172.71364448974307
bad_form,140.98620116157045,144.24310360645845,163.5708052768816,173.05304572134855
bad_form,140.91872972684874,144.52143579209144,163.6583416972789,173.06377908989404
bad_form,141.46544779743118,143.52564406454076,163.69231890989113,173.09786870230593
bad_form,140.4947807147288,144.81858973485066,163.8582467264592,173.145576763461
bad_form,144.32563808597297,145.26720652198964,164.04538710296615,173.2032277753663
bad_form,147.00741459716122,146.31175025546287,163.98886841255262,173.20453689132538
bad_form,149.0202267067598,147.03266343065496,164.1428985010555,173.0371733425606
bad_form,147.6764939452227,147.8949983945362,164.10438483284346,172.83460591778322
bad_form,146.9668417759163,149.49007658039045,164.12630947686782,172.5042348821501
bad_form,145.99421376196037,151.27985711685236,164.2369537928378,172.3021186165618
bad_form,147.83565376087634,151.26810543758714,164.10889172930365,172.1511353337344
bad_form,148.41906579926717,149.6319056497168,163.98636821075945,171.85890553452364
bad_form,148.20241130814634,153.21072942336042,163.9553653372811,171.59277266190418
bad_form,148.4367374658895,151.4166969126352,163.79045326974833,171.2378136304657
bad_form,149.20532374890922,153.12925195925547,163.08336205982081,170.87993605517013
bad_form,150.98655840669122,154.57035948253642,162.84131149895256,170.51248540952778
bad_form,149.52267865502455,154.7471152661713,162.3999738995799,170.38016531776756
bad_form,148.45046108095488,155.65174873455211,162.46446655044315,169.66314748868794
bad_form,151.967327945297,157.5934115692725,162.48315826126537,168.95428371341674
bad_form,155.0899467420795,157.39181973655027,162.57656251404035,168.60688618609103
bad_form,158.0176409238619,158.5690121000734,162.69933424750494,168.48865862877653
bad_form,159.55716323929406,158.3913542628425,162.71472462143132,168.38718563301387
bad_form,160.1191440603607,158.37185880057217,162.73482939262007,168.25830368459896
bad_form,160.24509436234766,159.62648518779687,162.55826362813417,168.03083997959234
bad_form,159.6457843732162,160.47611225990906,162.34365071657507,167.79949964313312
bad_form,159.07666180306043,161.22976323354655,162.03672966910673,167.5732577616263
bad_form,160.04332158302475,163.1929856854587,161.65687130226297,167.4688597184459
bad_form,161.05405606774707,164.66949548047816,161.13855646736602,167.4518758416299
bad_form,161.35821301582973,165.39701868441674,161.00349762772615,167.2671449018628
bad_form,162.69126364791987,164.60270180724635,160.84844272683208,167.19819789633337
bad_form,161.97402800510895,165.03792856411945,160.6532408256397,167.194589727723
bad_form,161.72723884831433,164.90980588345877,160.40491065011975,167.22171968631284
bad_form,161.730931698428,164.04984778073492,160.41435968662773,167.2007363645112
bad_form,163.85702891095184,164.32645691321676,160.38283255170558,167.0855490722002
bad_form,164.46374477431692,165.0333656023514,160.4146098539595,167.00911320364924
bad_form,166.13311948018716,164.17271622426577,160.5911666004871,166.88194479263154
bad_form,166.90912631743745,163.12812329914507,160.68238404578486,166.58672207367218
bad_form,167.5322011097876,163.41465100974708,160.96412634969053,166.3080353565678
bad_form,167.16279438391433,163.4642097600157,161.2053550179039,166.16487747170416
bad_form,168.17662658862506,163.70880111032687,161.3789910158704,166.01119526602818
bad_form,167.47596766754373,163.5006748923312,161.32980950446986,165.90140831894743
bad_form,166.6522030121688,163.47844275506063,161.043756028984,165.74208475650943
bad_form,166.91424201304451,164.5034767286276,160.7436193608526,165.7794694494331
bad_form,166.26335279426422,165.19396791068374,160.42939197890797,165.90960186152128
bad_form,165.8256565012392,164.5359505973931,160.11142278507256,166.1685529683121
bad_form,166.50001344902924,165.37498518189747,159.96491616149135,166.30994491526516
bad_form,167.06929918369465,165.7506648030677,160.0169533505314,166.29653621459687
bad_form,168.7001409694997,165.87648857271387,160.09259315098058,166.23551891923591
bad_form,169.66629015796653,165.70472799797523,160.15264523820423,166.23444101744764
bad_form,170.4190249690893,165.52502866500018,160.21924257314384,166.19361159829842
bad_form,171.07771943148538,165.33997004660878,160.33272135167124,166.13084948347776
bad_form,171.00668064445273,165.86258404216198,160.44161294635737,166.00096740299327
bad_form,169.36341211140564,166.17626732096025,160.56976183308777,165.98856202444574
bad_form,168.52031013286046,166.53725355152147,160.56213501026576,166.09265229014443
bad_form,167.366336167609,166.54047593796258,160.5299292261227,166.2408174660707
bad_form,167.399564999239,166.30686517088486,160.5140259969027,166.3675503563017
bad_form,166.71878127605336,166.82403844055492,160.48489884293858,166.5661870256071
bad_form,166.94503003784757,167.39402518562355,160.56105529860264,166.6682770412529
bad_form,167.9847706890438,167.10096629311204,160.68505714588065,167.09343976813494
bad_form,168.14092879364762,165.8499729383045,160.88561389604615,167.33531959483557
bad_form,168.40410142012436,165.38283488757992,160.9430476334164,167.6068974088419
bad_form,167.18593684472884,165.05434579410885,160.72693141387447,167.9227779966027
bad_form,167.52826459613112,162.7719842344704,160.62446540194267,168.1441862023977
bad_form,167.47178534240135,161.44749364343713,160.24593352731125,168.85242685226817
bad_form,169.2499665381772,159.98577770435347,159.68674685470165,169.2015347362931
bad_form,169.94651836025236,159.8570820499595,159.15475505739454,169.24277473972654
bad_form,171.83758764899105,161.27535286576352,158.74218542982857,169.59597337747084
bad_form,175.77178831643533,162.48240146959665,158.4736364116846,169.8372797822337
bad_form,179.1158134680586,165.44357232048682,158.07843638476388,169.86892601454525
bad_form,176.52677475193596,168.17984119020997,157.8839896258546,169.8524656284581
bad_form,174.70739870755767,170.61856712765385,157.55034809183064,169.94814547080944
bad_form,173.76307738045688,173.0522104097792,157.75873946778572,170.0227943185425
bad_form,171.80679969477015,173.91079365696828,157.9743998837736,170.12859761768593
bad_form,170.47946073809874,175.9790519738545,158.3094994338115,170.28460036110621
bad_form,168.56545782272048,177.5648319791488,158.35704637235548,170.50688448749779
bad_form,165.2111128025838,179.71856170163804,158.12454999156955,170.60868767304746
bad_form,162.31498054812886,178.61290883131574,157.88483497789997,170.70934340159087
bad_form,158.23557984623685,177.58958799960627,157.67393245122744,170.65585707219125
bad_form,155.86401094764028,175.42126822612232,157.70134042430573,170.54241785304674
bad_form,149.71577022556465,173.46644532480448,157.97743512484118,170.17081237063508
bad_form,145.75011031655757,171.6522497552661,158.30572629130518,169.73307043155182
bad_form,142.60051223200418,169.73772389169824,158.4560898614843,169.6564632731274
bad_form,143.17626925900746,167.44713512236845,158.57701340422636,169.51805916498054
bad_form,144.6459169462478,165.2877504692612,158.63584610367363,169.33055946431395
bad_form,143.82504724278812,163.88859880067488,158.64947382426217,169.0491203897822
bad_form,141.89404085961542,162.6255583160142,158.75658666578983,168.66935366395452
bad_form,140.10487242922042,162.4929253428252,158.87713365249047,168.2520810964907
bad_form,139.47824507013544,162.3921661026142,158.98076534534553,167.82207382685692
bad_form,140.21652905388126,161.4639981207025,159.07051319952862,167.63148316924807
bad_form,141.09472176984616,160.37450842437826,159.08422321794683,167.3846465716839
bad_form,141.2822576070784,159.83284731224774,159.25934490677523,167.25496928422288
bad_form,140.64808204413367,159.61647659302008,159.47369292747342,166.96207665963834
bad_form,140.26960767042448,160.38029489685155,159.79752395553206,166.32102367742345
bad_form,139.70219105136135,161.22061012901065,160.17486194223466,165.66034004466405
bad_form,139.38565964312977,162.33164292979674,160.45277740713354,164.86431483745807
bad_form,140.57018520256932,162.98499608782697,160.94211460313912,164.3810556942718
bad_form,142.36213697912677,163.32993128701023,161.35483080858384,164.5857415533825
bad_form,144.96499911405033,163.14370497623554,161.45847773305866,164.86650063633422
bad_form,149.08704534638613,163.39448479492404,161.68168762445652,165.06238502135963
bad_form,152.36567185172328,163.73063430234842,161.62293108686737,165.53072674997156
bad_form,164.1565704173317,162.0223962130185,161.10618725746494,171.50819117298033
bad_form,165.75905178647406,163.93472618285435,161.8314345298184,170.80331837145266
bad_form,165.30109958379552,165.8876438157195,161.9201335766907,170.16001146598055
bad_form,166.43620108926322,164.74492534164153,162.42257710569493,170.39256672563076
bad_form,165.95830581436945,163.48270817906067,162.923994479618,170.00514532246365
bad_form,164.30105589236987,163.66833419222607,163.22484011661538,169.82116820714893
bad_form,163.03602487984833,164.57834460560903,163.36345169455066,170.0136881240462
bad_form,163.33997927818862,165.64678760417235,163.92975752253537,170.0250252204675
bad_form,165.52623113984833,164.32805988934135,164.39868443044716,170.22158697030815
bad_form,167.9170279889117,165.55608332880664,164.63999650564978,170.06883302923634
bad_form,168.13507590445818,166.22770011272422,165.2628246394986,169.80264915714076
bad_form,168.1263303112578,167.8788143661921,165.4894722845295,170.13026289440498
bad_form,168.6886824543351,164.42586052542416,165.79420022925532,170.71412789784583
bad_form,168.5642108944989,162.13355347133262,166.21540813690248,171.5337077250289
bad_form,168.21594044965602,164.08992370929727,166.31434209609282,172.93354060939527
bad_form,171.21485365114103,164.3998600217972,165.80596552012776,173.87720657750407
bad_form,173.534297379143,168.3883613116446,166.6161132898716,174.248084314874
bad_form,172.8690867982959,171.19812681580837,167.11390095043126,174.83264349143317
bad_form,170.20011279955582,164.3598877263449,167.5729774518018,175.15622908679336
bad_form,170.71616381834644,164.02267608801318,168.00311748169273,174.89602861852612
bad_form,168.25123599123023,162.8588263620519,168.20142744337076,175.71477720158975
bad_form,164.40054371209985,162.89022865079636,168.4347532796746,176.2903946212282
bad_form,168.30836738360182,165.32730646723806,168.98152629764385,176.4124008548572
bad_form,168.57971113224394,162.9628864621682,168.5637141928198,177.10878260304312
bad_form,167.5829251385229,166.9394109172572,168.43723158995766,177.3695853083543
bad_form,169.26127670464396,160.25405638151852,168.82446994650022,177.25513932427015
bad_form,168.90353675678148,161.8272907076051,168.42752285249568,176.93733129874718
bad_form,165.69254858458424,163.33666678778673,169.007806690115,176.47606257919344
bad_form,162.88267051749256,162.19667227319107,169.02674036809665,176.2368685015305
bad_form,162.15601537397797,157.66310677090752,169.26760595514222,176.09536922885275
bad_form,157.7641219006713,158.84360306038585,169.43409900614049,175.82020624028166
bad_form,153.12181351040024,161.70103118279658,169.74211093480943,175.6352818525628
bad_form,152.18636442182876,161.62957575432145,170.306600165154,175.5390845560461
bad_form,154.1216576018901,157.95046058293445,170.64091868313793,175.63238468279596
bad_form,152.66163183484318,160.26059760800945,171.1091943258432,175.72136222847826
bad_form,153.55746606929372,159.68575200652154,171.37877254295324,175.89789906527565
bad_form,153.51014596778086,159.09128341384775,171.868549949718,175.90042545707084
bad_form,154.5648924398315,161.22297299762596,171.69748617351215,176.03354751372808
bad_form,153.77873590479774,161.37623790208744,171.43578216961868,176.12649459690772
bad_form,153.61915447603326,160.89565840271268,171.43880323234006,176.23233514490204
bad_form,153.33844274349795,160.74660261110276,171.53080126818455,176.39756824727033
bad_form,153.84000430686237,161.01533840176467,171.51483493615882,176.5797576269413
bad_form,155.15657315370717,161.28932410144733,171.80965332429483,176.87102360643996
bad_form,155.57432846006466,161.25765541394057,171.96944526297415,176.85431006804168
bad_form,156.7968879360081,160.4179803482613,172.22881130227958,176.8692058304216
bad_form,155.96957416533326,160.70510131687243,172.18553909322583,177.03515157897795
bad_form,158.80014242151373,161.45616127414044,171.93258798020676,177.15537124379816
bad_form,164.1110556935257,160.59809446830323,171.74862418624315,177.3555969631318
bad_form,165.49096767325193,160.04828734253005,171.72827948702786,177.41618794407046
bad_form,165.0449635122159,161.8516731493205,171.3025162400328,177.50239154103684
bad_form,165.15900839491053,160.925640154971,171.05423315992533,177.4253455550428
bad_form,166.53266398932834,160.66122870624312,170.398294817653,177.4966459564871
bad_form,165.19003400834256,163.30606684811582,169.84051179918234,177.62044976086656
bad_form,166.81929197670644,157.76622186645798,169.46962489018927,177.69341147853527
bad_form,168.49974576697687,156.51569553747046,169.28955844644798,177.70643367858565
bad_form,169.18299163806932,158.81551957180383,168.80833939551096,177.72533175627353
bad_form,167.9117644887313,156.60553808711438,167.8373984655705,177.81811593551345
bad_form,168.49444118756426,159.4930106728192,167.33227557329113,177.63711520164546
bad_form,167.0247280749664,162.89908566263114,166.67438230660917,177.1060993760413
bad_form,168.74803789829272,163.38925344967618,165.51081302735986,176.98352750344336
bad_form,170.06331994195014,163.894955753422,164.87954732650797,177.0615884413189
bad_form,171.14361652156907,163.46265371952245,164.27274490896562,176.94460342822563
bad_form,171.70253264221134,162.53459637411152,163.95245385576288,176.43803763055743
bad_form,168.42669798970772,159.6714748428657,163.68893888131782,176.06744152632305
bad_form,168.5990325109142,159.8560469337653,163.5317287863563,176.18054127549726
bad_form,169.72171659487122,161.86968455190225,163.55292648216775,175.864580328185
bad_form,171.46854242719226,162.03002878589788,163.5293306028731,174.52127853258412
bad_form,172.46097006786914,167.25432298363327,163.27828598269414,173.6741192617276
bad_form,171.5881276568538,169.9231146116311,163.07027356791653,173.08938325329777
bad_form,171.5235331329505,167.2968293944823,162.88542100903922,172.5298652883508
bad_form,172.11934848832777,172.15156815540877,162.5500923642269,171.9240313211376
bad_form,172.1035452140595,171.7382653629246,162.4483350846338,171.13765896881995
bad_form,170.97772223119284,171.98957712511944,162.48128318895883,170.5428959699216
bad_form,170.17375691046408,168.87599478916295,162.58086305019575,169.87326019358696
bad_form,168.8450274553531,170.7570003487555,162.87585490623368,169.4385243479525
bad_form,169.39747285170176,170.7813179636724,163.06742150066123,169.23917603082467
bad_form,171.17186696341216,169.33757469851648,163.29892080593365,169.0847930005598
bad_form,172.00807072987206,167.99556792115297,163.35633944793244,168.87097462661055
bad_form,172.49744544048426,167.40072348361596,163.21000568939166,168.72462274466548
bad_form,172.82926235914863,166.25907011123263,163.143845969013,168.56188761427185
bad_form,172.46406330573575,165.98856337616257,163.12693330511246,168.26488393238608
bad_form,172.4333297143665,166.26609177439076,163.22566146881908,167.92042135750458
bad_form,171.66616959963062,164.30408203052443,163.57176050215836,167.65970100345533
bad_form,170.95327293392717,162.71630299287915,164.11100556217534,167.58961055833308
bad_form,168.83212279108028,162.13474496404152,164.1876741700714,167.4462563770749
bad_form,167.6130627984702,162.27560854645068,164.13207280342635,167.27332356780184
bad_form,166.81030204067258,161.94403135088305,163.98329666031708,167.13410526652498
bad_form,166.53469941971875,163.2664363073956,163.79795861990698,167.1641334971093
bad_form,166.28040249548548,163.98420203528062,163.85099457551183,167.08299533274447
bad_form,167.06018736357169,165.05410128341487,164.33212196964817,166.75016242601285
bad_form,167.1020028788578,165.86703719397207,164.41366609884219,166.6125319453959
bad_form,166.8615088621658,166.7588088222303,164.6377420842488,166.5383484260622
bad_form,166.27697464697422,167.1889539227612,164.55879934425923,166.50019516784073
bad_form,166.9714935866534,167.6932979443645,164.60467689518407,166.38961620337548
bad_form,168.7627189646948,168.8737564910229,164.79558936562114,166.26900426566894
bad_form,167.7092173712232,168.4028592465288,164.70716223800542,166.17758843537268
bad_form,165.64740401922663,168.87245318216097,164.6364757948531,166.09672737234243
bad_form,165.87258909545326,167.83163884100023,164.28081519314617,165.9674111235548
bad_form,165.0552607475566,166.61062639294434,163.9277577606531,166.017347823421
bad_form,164.79350557352018,166.99367329998105,163.646329377202,165.93031748246872
bad_form,163.8658958413621,166.98869333992138,163.5099077387809,165.87606360990878
bad_form,163.23095245271534,167.05011275258354,163.6968022261468,165.7804640015529
bad_form,163.69905174961306,166.69953670160066,164.02018626658253,165.7381716436089
bad_form,163.07291057026546,166.78607819383822,164.21816822417026,165.6831136743975
bad_form,163.84711711906783,165.5157228497773,164.3335651745024,165.61153500511298
bad_form,163.78759035909457,163.99734185025838,164.38021214841737,165.47791405885684
bad_form,162.67360277266422,163.55836583958936,164.40909001495024,165.37407275464437
bad_form,162.35605485061976,162.9955518466702,164.47393862724272,165.23514385991032
bad_form,161.9933692529524,163.10024431000258,164.52633279610274,165.0944810415287
bad_form,161.4605453767258,163.19453299477112,164.64879925668217,164.9715609047
bad_form,161.13345586452246,163.3684919484196,164.83376166457325,164.88461373456707
bad_form,161.10695953858806,163.39009432765988,164.92443706767457,164.61571577026237
bad_form,161.07813945507743,163.4771754185758,164.77861861580485,164.45718636650744
bad_form,161.26078705347342,163.48837551047384,164.85766635753114,164.30271136951828
bad_form,161.24413403245686,163.80014803310806,164.84701368794498,164.2976277685335
bad_form,161.25467990883254,164.12602808375158,164.75762181164225,164.3165459288816
bad_form,161.75767115203004,164.66213380269892,164.38296271048057,164.57008966261733
bad_form,162.1533405720035,164.71413465887215,163.90008485582072,165.25500870645556
bad_form,163.4379580102842,165.8290708979773,163.42929700647184,166.09687812988844
bad_form,164.43449757575902,165.8241853195632,163.48621976854633,165.98385198679858
bad_form,166.0228158054709,166.11621257303344,163.70971139768778,166.14990049100393
bad_form,168.11974106149535,165.3599564714001,164.37835006342462,165.96445543090053
bad_form,169.41097506682868,165.9077288230391,165.07044541429033,165.83231351490738
bad_form,167.98734990828038,164.39056480611475,165.63845956375474,165.7372954501166
bad_form,167.58992573068195,163.48801803943977,165.8137646005618,165.75477210040034
bad_form,166.61272472076342,161.72810233610568,165.89015043692953,165.80394444935914
bad_form,167.88544274910782,161.16738877792173,166.09043801757392,165.66395447060466
bad_form,168.76413755752716,160.69523607362228,166.0656059192192,165.69701594451436
bad_form,169.9965422027465,161.01822450618806,166.19870845102497,165.6285464398938
bad_form,169.86751557444805,161.83014197204272,166.17609145233527,165.65789608624183
bad_form,170.06543170040013,161.50932575187204,166.09887994600757,165.76217984782352
bad_form,169.69482640448234,161.7168369987205,165.76995400083453,165.93730748865528
bad_form,168.50438034396905,160.86618044151493,165.3353167111658,166.20924024657123
bad_form,167.01901099206805,161.71715322015797,165.154967052099,166.47237020029434
bad_form,166.82320625287505,161.1488561740841,165.0582425564949,166.75930583181048
bad_form,165.53595532660248,162.1205561344082,164.92508381727504,167.04860328579431
bad_form,162.5379963778606,160.89415020315778,164.97124324210455,167.1274496034039
bad_form,163.89066754475303,161.37228288345614,164.61948074226373,167.23604747047935
bad_form,162.7266315185006,161.6467874921606,164.5130493288346,167.5972121159955
bad_form,164.43126901642225,160.90470744003906,164.53934276372945,167.56232544444413
bad_form,162.69675133694102,161.09859260874836,164.53374560315112,167.72043850229136
bad_form,164.002293122363,162.48250309185704,164.76923398317032,167.86204411144982
bad_form,167.0833222459569,161.617720290376,164.98792329525358,168.11781715539587
bad_form,166.4927812792174,161.1049762120077,165.08764267021854,168.62689544996698
bad_form,167.04275427085707,160.09770048315215,165.06483112424652,169.2289967367116
bad_form,167.09394191410888,160.3476269142328,164.98026559975872,170.17245147402076
bad_form,167.6318870024065,160.75654656847362,164.85606041285178,171.39784534034632
bad_form,168.73793567185768,157.8431650965985,164.7955318221003,172.60609614146517
bad_form,167.53270509520644,158.22237884603422,164.6410595132283,173.41333797187173
bad_form,164.51462350127608,156.7429083918634,164.98171995382324,173.8906257619624
bad_form,162.88462594116868,160.14695979809588,165.17661899911735,174.1672938192002
bad_form,162.47351039470618,157.75265668399763,165.21596099891013,174.6744750225068
bad_form,160.04457980913983,155.22846940923722,165.12084055512452,174.98887986842462
bad_form,160.15063431806698,154.1764772558281,165.2064615051977,174.891972529887
bad_form,158.5357247697101,153.8445290606025,165.23528682848328,175.10581390850564
bad_form,158.72181730690482,154.67269452722536,165.962483653654,175.06853440087858
bad_form,162.32867948908222,153.06642483686738,166.67170927323696,175.3051433443485
bad_form,161.83408811017355,153.9564430928896,165.99542129177752,175.48893695119366
bad_form,159.80405189482804,154.8457907532318,166.0826453280618,175.5087262428111
bad_form,161.43527318122918,153.41813530124614,166.40273559897645,175.3756124401803
bad_form,161.83577064323998,150.3908090603811,166.19732661794643,175.8085092965735
bad_form,160.71819925768995,152.03285356054775,165.9987055615877,176.10333059680238
bad_form,161.98885651794137,155.2600168895498,166.00941472681754,176.27205107257254
bad_form,161.2783632565161,151.9436965071538,166.01302514820165,176.11505160327965
bad_form,158.83488735396716,153.20954308042053,166.29923340995003,176.6025585067885
bad_form,154.92685274669924,153.76456136494104,166.5688764768717,176.78054082298087
bad_form,150.65161722368296,152.94867774164447,166.7815598662398,176.86002273424242
bad_form,146.73430883160844,156.57387772512175,167.86323202997343,175.79233411096132
bad_form,143.0903676245087,154.88447933428628,168.06858759976984,175.07005318463155
bad_form,141.74106130109658,151.75038539221515,167.93113946224284,175.28147792709672
bad_form,141.67471924987115,151.70064147750278,167.76262680693628,175.36987227145235
bad_form,143.39627435290743,150.45982131357403,167.7694806015083,175.49721236835921
bad_form,144.9327125344555,150.25834101384365,167.57331801534664,175.54667021458252
bad_form,145.70935722620044,149.86434757091223,167.6629244156693,175.70381586051516
bad_form,145.20494242392863,151.9404051178616,167.55351812881085,175.84693314348058
bad_form,146.0347329143802,151.75122035834497,167.53274580755527,175.92028261602601
bad_form,147.5467763376281,151.86337642498935,167.53560006309567,175.9626786607893
bad_form,148.33760830404077,151.74968816691353,167.45530485168655,176.05924084520095
bad_form,149.40777644285805,151.91383821850758,167.54130311993515,176.26541897072917
bad_form,149.07443226197293,153.68648225552604,167.58055375092187,176.31182319515017
bad_form,148.62925304546033,153.606755204097,167.23125200586045,176.27088001042068
bad_form,148.81381688740257,153.7381806261401,166.92413638576522,176.26141661879328
bad_form,147.72083552058876,154.79146337619352,166.85605865159482,176.20344993902881
bad_form,147.7421763923176,156.11162390946527,166.86466057276945,176.176493479198
bad_form,147.73025712283663,156.79593270546889,167.00444291513617,176.13849881508128
bad_form,147.6529336249566,156.9774946075833,167.16569007236885,176.1971490207355
bad_form,147.32165870653583,156.55638168336648,167.38535488936077,176.31111868192448
bad_form,147.20116169713253,156.17031221692542,167.55643286093934,176.4937758797655
bad_form,147.79836832659166,155.82551035960836,167.67437875572088,176.48877056243725
bad_form,148.71636869106504,155.57006147160303,167.86138283896608,176.46247198132468
bad_form,149.47652817334566,155.16798591416483,168.11449452636026,176.4577849581956
bad_form,149.2949620625775,154.87906838629726,168.25337094688373,176.47606285550685
bad_form,148.87946043395482,154.42541606147137,168.3756120933562,176.50145499992047
bad_form,148.91908627983173,154.4928887023207,168.35261753287114,176.6094881144061
bad_form,149.15177393093995,154.4456839830717,168.37112604794117,176.85781734843886
bad_form,149.85417504782276,154.68440671934573,168.24368876622378,176.96709161557868
bad_form,151.64681816371774,154.63200594516707,168.13054679008488,177.1296388561409
bad_form,151.86765974777148,155.44081962334946,168.08981726466433,177.18849061659256
bad_form,155.09977496649316,155.11545544875656,168.22439307371877,176.79677836926368
bad_form,154.4299231426151,154.88513128270804,168.27896210196747,176.5618878679788
bad_form,152.8468958131072,154.49334508462243,168.5623654185051,176.22269252004745
bad_form,152.3054250901017,153.93369733847246,168.86741783334625,176.06397458787976
bad_form,155.38393241575477,155.15782714436762,169.09470340784503,175.98812324880433
bad_form,159.40504535599496,154.9223405442088,169.03610979055364,175.94501973877823
bad_form,164.816556634915,150.7908188354806,168.96752654808313,175.9402347355959
bad_form,164.1504101761439,148.85663313385936,168.89649376437922,175.8495944413992
bad_form,162.82343992684318,149.4630331769075,168.46129293841204,175.71572893411212
bad_form,162.87704425330526,149.41367921278658,168.04381525588374,175.5848451573553
bad_form,160.93796826704613,150.94139420047478,167.64056956763437,175.2507472844262
bad_form,161.01529033380373,152.50237438517817,167.25764718378915,175.09214455107357
bad_form,159.62598216647123,154.74261968933035,166.8455035934582,174.92020690434163
bad_form,158.187651257015,152.46154550205415,166.58134625385023,174.8819536016862
bad_form,160.13395534806887,152.0155687688429,165.87857865514806,174.72547671658262
bad_form,162.39971315975447,153.7708853036158,165.65760698924285,174.40715924310066
bad_form,166.50693945145804,149.50198216527122,165.68474127547282,174.38218183126656
bad_form,168.06582999393606,149.3030495885097,165.40901531248815,174.52633079236824
bad_form,168.59385015608225,148.29416921028755,164.5658764405865,174.30465332241673
bad_form,167.2806013285086,149.60687696594462,164.6999850860995,174.07647181817438
bad_form,165.49376153109884,150.22172721421686,164.46954409900616,173.63929206454344
bad_form,163.95688680227664,150.57634501228856,163.61389027813445,173.71324771205164
bad_form,164.1171000096677,148.7899810510969,163.27948123198172,173.72038105377274
bad_form,160.74050734281658,150.72138660744264,163.49153309094763,173.42027140760842
bad_form,162.50373589761307,151.70473559276343,163.52959936909744,172.79817749528033
bad_form,163.3865932216081,154.26288308283816,163.61369290259813,172.1200820918974
bad_form,162.3875939647089,154.7505214802652,163.58906979887448,171.51070660678033
bad_form,161.74095062958895,152.30160392440737,163.7163149974625,170.9681974102802
bad_form,161.55855497169966,151.70064077982232,163.79978585145983,170.7041991506669
bad_form,162.30366374314767,151.28154098224974,164.16689828807048,170.2562165593067
bad_form,162.48137214067467,152.72347504139768,164.84147438573427,170.10620215379546
bad_form,164.07144580331996,156.99324007276695,164.73944660879758,170.22464181792978
bad_form,164.17910394464306,156.09800452295764,164.51962481162334,170.28828970666305
bad_form,163.00095977919904,156.68016988137467,164.38242597402467,169.9997796549995
bad_form,160.62954521901685,155.94873307822274,163.84893787344674,169.83262609114297
bad_form,160.1031269483587,155.69379010412416,163.34820315889195,169.6811253833883
bad_form,161.6325696074089,154.3501016567597,163.1934908863181,169.5495658679808
bad_form,160.94213529082455,153.53488571359466,162.89147466060905,169.55049275072216
bad_form,160.55589329114022,151.72381823937496,162.15492019452017,169.40914062790583
bad_form,160.3224980598655,152.35874983468497,161.9125473105726,169.0006769135401
bad_form,160.42147829079326,154.2065074895521,161.5711839290309,168.9032181954681
bad_form,159.8858157547548,155.87108105202287,161.08911764058053,168.5736709340088
bad_form,158.048167497897,155.15196674399786,160.16477873550028,168.62059548312342
bad_form,158.45538825683028,154.13209797514722,160.03527885419834,168.4333189486088
bad_form,159.407663552555,153.9313480967012,159.90462273497664,168.29029602331804
bad_form,158.81199106403793,154.20682171121265,159.6658083110078,168.41902706022051
bad_form,160.16447146195674,153.65545711253284,159.42395686075085,168.48153926434304
bad_form,159.99884936769632,155.20604839627714,159.00165552862447,168.62847577976544
bad_form,159.2354151510013,155.56834174704326,158.98961341931323,168.1965218591107
bad_form,158.3329112587624,155.9168850758174,158.91354887356823,168.13233899017646
bad_form,158.1886920953504,154.76667441918823,158.862714945926,168.06578903932802
bad_form,158.61229467652552,155.10034425376833,158.94076151518198,168.01998582639723
bad_form,160.04667499791935,155.6084147204593,159.01566480958738,167.8319811265813
bad_form,161.27434385745,155.90658806463955,159.08435552724632,167.8255583318305
bad_form,162.0574467390559,156.44634094229016,159.10635191820856,167.69175170166702
bad_form,161.50416048622466,157.915844143718,159.15859013046412,167.6372848943268
bad_form,160.36196370418614,158.24071476357764,159.21041931875808,167.47060145951087
bad_form,159.4546223063978,157.47880726331448,159.3541759812215,167.20671692153806
bad_form,159.21635378745611,157.15029161403612,159.463594393733,167.1072153691709
bad_form,158.80268509030807,157.3257034959443,159.58508174178115,166.9971242848776
bad_form,157.40310296248134,158.0901593493183,159.54917468590048,167.0998595731702
bad_form,156.81410557355855,157.84359680182428,159.65359611966315,166.96580236623998
bad_form,155.81822636064564,158.59886031137032,159.7419793205173,166.71313823391483
bad_form,155.35655042347153,158.65868232920695,159.99671407038724,166.45027321442083
bad_form,155.41396530371378,158.2319208846317,160.25478393135867,166.0772019869687
bad_form,157.69588765384987,157.81293836736532,160.30369388880635,165.97254510083312
bad_form,158.31200352560964,157.7286725595807,160.44345017346876,165.5701545385268
bad_form,158.90144003161578,157.1322062069822,160.5583508799212,165.34904508495447
bad_form,159.214238896358,156.78254083951447,160.69396789182758,165.1364053766314
bad_form,159.931338306047,155.76392360678722,160.83920844217926,165.09728796766373
bad_form,159.16518817809532,155.18368307859765,160.96474602940813,165.20483941517256
bad_form,158.77689400725507,154.7557250358386,161.18794491052836,165.36053452633237
bad_form,157.9988554204464,155.07930083098356,161.33453776177947,165.12598199434592
bad_form,157.15803856890895,155.91408330251167,161.55016401030957,165.00175812198808
bad_form,157.8736074220467,155.94271127518675,161.78555668105858,164.8979257467273
bad_form,158.14864877461284,155.83374234879045,161.95584237385776,164.85657831919391
bad_form,158.48317745473588,155.464140152055,162.0364471607971,164.8831410695612
bad_form,158.81844271632926,155.31132785993796,162.11568915533164,164.7806390784632
bad_form,159.0165445949665,155.43785281078098,162.12495248973752,164.65173631839423
bad_form,159.11514545113,155.54386347306803,162.25165431708254,164.54471310108676
bad_form,159.07372853321152,155.65896263348552,162.3340613937592,164.3496097069871
bad_form,158.89866990873395,155.78690717879306,162.4675415549468,164.10860117063783
bad_form,158.88457659660287,155.81129967870623,162.62228463953167,164.0343064830625
bad_form,158.89826702027324,156.0529408265885,162.916510624526,163.84857380782086
bad_form,158.40383343385253,156.2188042217942,162.92011994353285,163.7719274569367
bad_form,158.74817541453407,157.03115614301126,162.93222721492992,163.64896437763295
bad_form,159.04397268037204,156.85176249733144,162.96837887699627,163.35366062263614
bad_form,160.68706468429633,156.92301380588222,163.04706544910792,163.2566832847032
bad_form,161.04448957018778,158.58572478368666,163.12167951746497,163.257332500601
bad_form,161.54233751747606,159.67992628456147,163.37338529633908,163.1447548072995
bad_form,163.17831849033186,159.8035188046456,163.56977758444663,163.02130067022424
bad_form,164.43397890666947,159.13516732436457,163.87780656587435,162.77871906289758
bad_form,164.31736125392644,159.27855012466173,164.00846516856305,162.80584334148614
bad_form,165.05686870106024,159.22866321624122,164.2714840221826,162.62542201929128
bad_form,165.29057122143163,159.53220870284412,164.64558631072026,162.47973056310093
bad_form,163.94478224916344,158.98298960389965,164.73874578078457,162.51610409031156
bad_form,164.08204682586663,158.4818407328705,164.7499601291844,162.62448080735905
bad_form,165.5799822632859,157.27518350599934,164.76844265073217,162.76719888253547
bad_form,166.30565783898945,155.83439790136921,164.69240987490227,163.01376449020236
bad_form,166.46826157951142,157.04800899389912,164.69433718023205,163.26507131365818
bad_form,165.96773303732823,156.57089436652626,164.15627822577417,163.59251239568457
bad_form,166.19845875377672,156.530248804499,163.4912342346309,164.07944228345013
bad_form,164.9648157935335,155.9610402844672,162.75072264861697,164.43906808995902
bad_form,164.88230649724053,155.95065902328258,162.50309122482523,164.64972316956593
bad_form,163.39836302572,155.5798689382151,162.43860322233056,164.7699723690476
bad_form,162.31512656201764,153.80052205382125,162.53547874305178,164.85995945977504
bad_form,161.29051890455676,151.55118769319242,162.90822931661418,165.05549173148376
bad_form,161.83777813749177,152.16767941195502,162.90691264746857,165.3788140334182
bad_form,161.6691709996411,151.35670683713957,162.85171287246308,165.69992212475475
bad_form,161.75609113714,153.21570263119364,162.89521784847457,166.0050600627343
bad_form,160.91055079713564,153.66390360754298,163.064723665326,166.32861217519437
bad_form,160.0374102013135,152.01469663568858,163.15708930250443,166.83629710312925
bad_form,162.10325936395282,152.58041676919262,163.65654248647883,166.9983135518457
bad_form,163.31534815296885,150.67097234153937,163.77634745448748,167.3404674085032
bad_form,164.29952313303798,149.42416520967424,163.8939458065487,167.8608594818021
bad_form,166.03661921157848,147.72004330441658,164.0863261891521,168.62370422875273
bad_form,167.0259335454136,149.9927828164024,164.28203552004678,169.40059344826406
bad_form,165.0023684114636,150.34008442623858,164.12530761363826,169.99177529301545
bad_form,167.37672321715294,147.41319795651077,164.06332844623483,170.70782228215484
bad_form,164.23507851877727,147.81429611840795,164.10065579712804,171.31888458349326
bad_form,162.10383496790803,148.5426940040067,164.1960457751894,171.8186021662258
bad_form,161.8890421775282,150.3842061093994,164.16890877386905,172.517797498912
bad_form,162.27409067087328,147.72264823932113,164.04760833574096,172.96504238922472
bad_form,155.7341162687547,145.17967775070042,163.9859041768418,173.5232121710061
bad_form,154.60674721240903,143.02358654645434,163.92332669729726,173.82098646400638
bad_form,153.61610096715955,145.28666322828698,163.93459531349484,173.7795365813219
bad_form,153.38743302991827,147.15190517644265,164.52499075277797,173.89211872007607
bad_form,154.4555215071627,148.76191093709488,164.6355745365567,173.64050260012328
bad_form,156.92326444549047,149.44704346492753,164.72056148093003,174.0079248340096
bad_form,157.09336409601477,148.0852843878341,164.5502592124978,175.02071413825604
bad_form,155.50214265486417,147.0287769551026,164.09767860315333,175.38330848655778
bad_form,156.50239757712052,144.89008217777365,164.09060108002225,175.55267940739228
bad_form,155.7408372851529,146.0684980682308,163.89559839104734,175.72921767746075
bad_form,154.7800989076089,145.5492364432311,164.19372666756584,176.704197177752
bad_form,153.44771271992835,146.00913296870655,164.11104602263333,176.85507451432264
bad_form,153.54017458357598,145.7133422106473,164.1882804823479,176.76883697895695
bad_form,151.1411145884213,144.34432530177892,164.6871309056375,176.6745284101816
bad_form,148.64707553711438,143.5025792001946,165.37708479993358,176.49568719477426
bad_form,147.16085056005116,143.5853111484137,165.99250559903857,176.14605412063682
bad_form,146.2947393618996,147.92612828624962,167.39967605703433,175.70198178358424
bad_form,144.46111113519385,150.5181309077846,168.21990724144183,175.59642324778926
bad_form,144.25457027330702,152.4443028735345,168.68993980489495,175.6929671992927
bad_form,142.7822174661574,152.78796156356765,169.03214591134807,175.71150760056352
bad_form,138.82168061357265,152.5070443507007,169.00759015975444,175.8039544879617
bad_form,137.42920328440857,152.27389691524192,168.750755817111,175.82823196418258
bad_form,137.71517462079058,152.2421411840248,168.43430883119538,175.91192431552918
bad_form,137.3836405873404,151.61634223765182,168.22398110937942,175.9456345378161
bad_form,138.92961187950567,152.04843228148914,167.71239073318418,175.9786583305489
bad_form,138.73491512259199,151.35885531918416,167.50280970005338,176.09827011323
bad_form,139.35681572606714,150.8409559320724,167.0180986483601,176.44134631431325
bad_form,140.47364342612914,150.79838172350344,166.71498258676584,176.62619465149976
bad_form,141.24241405334763,150.41796646726732,166.5634692351211,176.83518031074868
bad_form,140.6638769488503,149.85268659403005,166.25116683084622,177.19149603443063
bad_form,139.69309844185253,147.4053236514149,165.92071057436038,177.85408428816635
bad_form,138.51065446691783,146.0387371734338,165.6842554034642,178.34638774687716
bad_form,137.9221176724004,145.13034381273658,165.60432634125178,178.72315494241715
bad_form,136.72452213280548,145.10139972709123,165.76300361465002,178.89716759067895
bad_form,135.92959930080465,145.48108767852253,165.95156991459066,178.91311829360112
bad_form,136.1320956367941,145.90976972394193,165.84154172289504,179.0480236371834
bad_form,136.50622549633854,146.58959728533063,165.5370147989722,179.03471445768096
bad_form,136.6645188564101,147.19474436136872,165.2978826496687,179.03636334805557
bad_form,137.1123468444037,147.45979253041253,165.02253887067582,178.91857786077094
bad_form,138.07145639094873,148.1493257426126,164.81005425535048,178.85306222498815
bad_form,138.15084218941553,149.637664803507,164.6628691274203,178.74907332186325
bad_form,137.7288038302954,151.37199229272247,164.43782157280614,178.86773647745773
bad_form,138.62239996701865,151.49154961134252,164.0546420767415,178.94965460696642
bad_form,139.27915447786341,152.4906010912327,163.5062766586832,179.48972440849846
bad_form,139.51479165537404,152.92971433001904,163.22126851480925,179.7132072895211
bad_form,138.4727859941767,152.33360093236396,162.80831259123107,179.82786603402107
bad_form,135.93009789079986,149.03446712365223,162.51536626475425,179.62377156952635
bad_form,142.76166638094872,146.1412147312889,162.31159352718862,179.40796386748383
bad_form,143.6432880456801,146.04194769320847,162.2532457164503,178.9208018770826
bad_form,144.8408498777544,147.25852014218518,162.42825167499944,178.4719962537419
bad_form,145.8662380580667,148.16909170569733,162.60987039289037,177.76867299937075
bad_form,149.30600921043492,149.38503542568685,162.9632106320867,176.96765525281506
bad_form,150.5577156929338,148.70651478689936,163.31088025326127,176.7321666638912
bad_form,153.91822015604487,146.0913314320534,163.30770281777376,176.7804426082792
bad_form,148.8738676594843,149.73197606095647,162.9943236606118,176.98554992731056
bad_form,148.80406124864268,153.41946288279084,161.78226165044885,177.03882966828846
bad_form,151.5395311040774,153.49109615948194,161.04450307824763,177.22143396279193
bad_form,154.13352765863573,152.367242284814,160.57914692476055,177.56789737081056
bad_form,152.64981755705023,151.89484239178668,160.2622955949,177.60437389737305
bad_form,157.55511514215803,150.38577479021842,160.21828607472563,177.18005240274195
bad_form,158.27123035749122,153.7260722625198,160.1472309078117,177.01362159269996
bad_form,156.0848983794834,156.22644215188842,160.3899714801246,175.72643939614983
bad_form,155.4312719686577,152.65006632463388,159.55160819128423,175.65511090163727
bad_form,156.87043210519886,151.14830819866432,158.63880968751135,176.12968220064843
bad_form,158.21092435535832,150.1995097567286,158.23294947330498,176.02023802954923
bad_form,158.0838363429237,151.38240159612246,158.21929201485833,175.91530981498312
bad_form,156.03025666301826,155.39308152419486,157.98618424414036,175.7927865750138
bad_form,157.74793858520218,153.18535905942,158.12127939433714,174.4846435288885
bad_form,161.2637932321164,147.48096420648352,158.83472152998203,173.28275369019622
bad_form,160.3876258718669,152.85391292334282,159.26111474879812,173.1535786641779
bad_form,159.8549080832867,157.14661592439802,159.5407444583937,172.87200191733356
bad_form,160.80426008448026,154.10263182149563,159.5824523475983,172.3702275313393
bad_form,161.4144916910782,156.43197591310272,159.5781146077931,171.92001966323818
bad_form,161.93440899295166,154.52034044670802,159.7726985232915,171.19965419185985
bad_form,162.33734093528156,155.76842555482762,159.6991315045309,170.73642513811072
bad_form,163.1058226088977,154.51050845542176,160.28272775660596,170.4239992379901
bad_form,161.74177216267958,154.06465622112037,160.5925473183648,170.14886868880225
bad_form,158.76064949748107,155.13037791849774,160.9550667996922,169.96997955533544
bad_form,157.95768917277056,154.20020479760387,161.0601010333175,169.71848996854735
bad_form,156.9305517520126,156.06735116226778,161.1130748383564,169.50105534558674
bad_form,157.41839811903745,155.16742457006603,161.04226864057014,169.32773708476924
bad_form,157.91823631354347,154.32717242620302,161.13211549839733,169.11108403354964
bad_form,158.30492166072779,152.65602391792743,161.09632770524044,168.9749602893847
bad_form,158.65116682357052,152.30151874189752,161.2437441194649,168.87237428988414
bad_form,157.10024977814385,154.8187465324061,161.52112148844134,168.7472580898027
bad_form,157.91568424051064,155.22104217172034,161.79916403685476,168.50665192372819
bad_form,157.96821309572582,156.02943026201913,161.8324866290352,168.46431373681617
bad_form,158.89672808984093,156.06930180647643,161.92047493154436,168.43745408413136
bad_form,160.57099023439335,155.9331944395283,162.37330335859647,168.33829858468147
bad_form,161.0292162494654,156.68377164428514,162.74104687736525,168.18887100505293
bad_form,159.55606221690988,156.94159824063453,163.17262301031414,168.04461220382893
bad_form,159.47610460369123,158.0534490798316,163.26681684306286,168.01028001363326
bad_form,158.95434159166632,159.15084739615932,163.68173838149505,168.0335384237289
bad_form,160.7735229880254,158.0201560734185,163.76632733146118,168.07308486045622
bad_form,162.3823409705609,157.59906863727667,164.1956957179424,168.0187551351118
bad_form,162.82830440222529,158.05619330616256,164.604179611466,167.65775315462696
bad_form,163.97417132983904,157.5946208184856,165.35059956699962,167.12749768572274
bad_form,164.1720517872257,157.9805752426048,166.32618231804238,166.94001645115188
bad_form,164.6455921454059,158.63386836736794,167.05380007664354,166.17800047279906
bad_form,163.8013537046189,158.6264228706057,167.38000348959062,165.47439091294783
bad_form,163.9662104713213,158.50234820681396,167.44449217761593,165.21721841467476
bad_form,164.03343171810548,159.19802902531868,167.62754200191262,164.91459785271348
bad_form,164.53337639557978,159.83445800516614,167.80135217917476,164.66679695123915
bad_form,164.58449153400093,159.68557976635296,167.78491168028046,164.38427740681541
bad_form,164.60544087993912,159.35351304873683,167.72918024070069,164.2196172020606
bad_form,164.5804325244464,158.73478924351713,167.68588022113804,164.06241407235385
bad_form,164.28962210132303,158.4626142977565,167.616558768215,163.89625371927352
bad_form,164.25710633477624,158.15779305807885,167.51455846935005,163.76333440682686
bad_form,164.33458134944183,157.40593322050918,167.3568212768068,163.7088792348486
bad_form,163.4719937329099,157.01127441328813,167.17852814438723,163.68288230261325
bad_form,163.39711193990675,156.68576354743047,166.96954468984728,163.61012167925918
bad_form,162.36771088891425,156.2671425590071,166.83939449037743,163.56746863954737
bad_form,162.14304719059376,156.16511666326954,166.69363217848073,163.56443070268506
bad_form,163.70373119455164,156.12552801496165,166.65881475550117,163.56305556261142
bad_form,163.944898260852,156.15775335602777,166.61223548245005,163.61705029980726
bad_form,163.64064834508395,156.28215377299796,166.58117449251966,163.5700528029207
bad_form,163.64728841807616,156.3076972908768,166.59465860293088,163.58287362724224
bad_form,163.61388092972115,156.26546672368627,166.60079429439108,163.68619133987735
bad_form,163.44040304353254,156.16703164893514,166.56099859770748,163.7796399088628
bad_form,163.20922482134907,156.26964211675224,166.52087246401734,163.97693476977065
bad_form,163.08465797928417,156.41744370821996,166.3400113227249,164.37640842861555
bad_form,163.0908214577865,156.4401325690288,166.09606745326278,164.88971595857987
bad_form,163.0485425348859,156.37111852292006,165.83956881339955,165.2415430158081
bad_form,163.07928851272243,156.3134473588878,165.68286486691864,165.3309014179536
bad_form,163.0663376500865,156.28150517941265,165.46219141019395,165.57987264895172
bad_form,162.86425818311835,156.28729042441591,165.30468775886743,165.7055323117197
bad_form,162.98358560721536,156.08360547499635,165.36287819329434,165.83059352978094
bad_form,162.9307387328412,156.03120939402945,165.2968742881968,166.01293482208612
bad_form,162.48438854848408,155.8246041316171,165.07712489346977,166.34755255045036
bad_form,162.47257112688192,155.51010778619823,165.163150533575,166.54923789811377
bad_form,162.08095493216706,155.46314184802992,165.2422888841718,166.62298115852246
bad_form,162.09081755741008,155.64358833907255,165.2196817079515,166.56590279517033
bad_form,162.68981730719892,156.4228457210248,165.24265062119656,166.5183151375638
bad_form,163.57602104221445,156.56081703101066,165.28663009499468,166.51854085526037
bad_form,164.2073778134537,157.2964313369544,165.46633100885268,166.27028254044598
bad_form,164.65179153969768,158.09836763132725,165.68115546392474,166.16406734377966
bad_form,164.63652825787585,158.9864684500674,165.79331150361432,166.25316202171382
bad_form,163.89127353372314,160.0714210856081,165.88064681957962,166.35199904095262
bad_form,163.2758462300138,161.13864459459109,166.1499072181829,166.29094413376063
bad_form,163.7454763036004,161.43721359374024,166.14560610648837,166.270310909871
bad_form,164.02684312936404,161.8405813726449,165.99141010329387,166.4861325514857
bad_form,163.5525669837313,161.46640748825615,165.74892404393663,166.65218097746492
bad_form,163.97918152958928,161.27623924670905,165.62864321963207,166.46414322608504
bad_form,163.34631378161964,161.71644892215312,165.56529811245466,166.46770982906284
bad_form,163.51006000761566,162.3548964742645,165.4120238044967,166.56015601940442
bad_form,164.7373119371131,161.7820377676144,164.91839356120263,166.69414160073458
bad_form,164.7341557608595,161.50704334000514,164.42766690074464,166.93341803460456
bad_form,164.76253673057425,161.38065001733668,164.05006168095733,167.39737360860738
bad_form,163.48409050115976,160.52089235120502,163.9064772312574,167.37243732891997
bad_form,163.53266793403444,160.39027660315892,163.8404162814937,167.50370484617105
bad_form,163.58244416145772,159.75070143062914,164.06542197435274,167.76929950659863
bad_form,163.45058117210743,158.41331136095957,163.88818638597147,168.4716433912631
bad_form,164.3877893609843,158.34598033246306,163.97356392055082,168.66300241055848
bad_form,164.39115938489806,158.8673861189317,164.16256428711026,168.7986488553187
bad_form,164.15844126523785,158.18667469744304,164.126285507733,168.43029527264318
bad_form,163.03209609403893,157.09543859529148,163.37136953643298,168.8522015092446
bad_form,163.49879484486928,157.94067479574696,163.2625655871181,168.70860892796716
bad_form,161.0235525074305,156.44958055326694,163.44752325699525,169.03629370727586
bad_form,160.60138985221957,155.5409880605489,163.19225330014686,169.17738677714493
bad_form,160.16706548801307,155.9676387809771,163.25906763120054,169.56374981915673
bad_form,159.97879956371526,156.92347008156395,163.59083474226222,169.52172401575203
bad_form,158.906758851708,157.2175622752079,163.88022073505414,169.63486557486212
bad_form,158.88639160945587,155.709202192204,164.51093631692862,169.73659717810668
bad_form,158.2984686165323,156.34244319955357,165.34191215863308,169.52934319521432
bad_form,158.57510434209956,154.6529515747117,166.56546001021954,169.30236387048316
bad_form,158.86115780714854,153.57259897944823,166.83273723576934,169.2712895145127
bad_form,160.82644915134006,154.1157896204703,166.7839698259002,169.04820531161081
bad_form,164.13000932742824,153.43965878187083,166.97718387151076,169.03089411008062
bad_form,163.41690057995902,154.56475579954977,167.1299499465875,169.0057121712914
bad_form,164.87496998967706,152.42702506039853,166.87294337095557,169.61350823207664
bad_form,159.11751900931537,151.28433206512256,166.81796068281312,169.65418627774434
bad_form,158.30940502312987,152.1848803946947,167.12603463672022,169.27453657199416
bad_form,154.74383881324007,150.93767945634812,166.94309725565583,169.22114042018802
bad_form,152.8353395840291,149.4218083426127,166.7932859355475,169.83530170953685
bad_form,150.2669841002284,145.86043138961963,167.20597628812075,170.19602285225474
bad_form,144.2249494788284,145.3004256629665,166.46013927584374,171.06038936914237
bad_form,139.83931922639815,141.67862251727712,166.5945313380394,171.32432791327355
bad_form,138.36527054683935,141.98921298956714,166.69984394261175,171.76458370326012
bad_form,143.05581805218932,144.64687633382223,166.57827763161626,171.60446241372162
bad_form,145.0068712790169,144.84300089800539,166.92276486164013,172.29120819907118
bad_form,141.5928760842488,137.50987529462716,166.8012661280041,172.89023552651648
bad_form,140.97948148992958,135.42349950337888,166.7655155328463,173.64959412220898
bad_form,140.61386945257865,136.339283057318,167.0438680385822,173.77730548521993
bad_form,141.1273736461702,137.25765143288478,166.81919124996986,173.82540562947912
bad_form,139.30232844086058,138.82835665960457,167.7580873534848,173.78089943710307
bad_form,140.2861086484543,139.59111474508083,167.52692103469113,174.37007449695366
bad_form,138.87232171018508,141.9006369192784,167.5131421566643,174.8621219916805
bad_form,138.32329153565067,140.89453867401866,168.55855032564963,174.6792825310575
bad_form,137.92914288281403,139.81987850363683,168.8925389814959,174.51089159808924
bad_form,140.47279980681307,139.95754000157532,168.63511529959314,175.05169402869433
bad_form,143.1365799252874,139.13125569315946,169.03962241686168,175.28273287876232
bad_form,143.31115777097324,139.6776801956276,168.83654835768874,174.96112569342287
bad_form,141.36775729893446,138.71031261322318,168.71165840750612,174.95743379279244
bad_form,140.25374439742257,138.8543325209896,169.11459569055836,175.15024642418447
bad_form,141.2668586202733,138.90212707515545,169.53604880557288,175.29915305346765
bad_form,144.9641736362928,139.51680213057605,169.5106375600036,175.4665628006861
bad_form,144.94314198630556,139.4181665634645,169.4223108377,175.5356548335369
bad_form,144.30315201000124,139.43557260504977,169.35051027978088,175.54498417620815
bad_form,143.80856212621256,138.43106976905025,169.16816910443524,175.4310062651588
bad_form,143.3330664667959,136.7609688612913,169.33846306391368,175.1966074728523
bad_form,142.63590125435988,134.51663231792205,169.2741366453328,175.3532278455951
bad_form,145.50016729817403,134.84704807156083,169.4107904134078,175.41481003126242
bad_form,146.30179687204216,134.87361736761665,169.07527045943345,175.52416207264085
bad_form,147.49873589309482,135.24890903716124,168.99103524842988,175.9174279553016
bad_form,147.50005680814027,136.3927377219139,168.9147226223602,176.0841839639241
bad_form,147.84795798336765,137.1394590519648,169.03367378645154,176.1152165951024
bad_form,146.7461991147706,137.86470103969444,168.90807810973988,176.28984033296152
bad_form,145.37959298541634,138.29633070065287,168.86212990159385,176.32948474369454
bad_form,145.00856259514217,138.5627566927356,168.56733532758386,176.74078941858974
bad_form,142.74568925472795,137.34598732085047,168.01018564862832,176.98306339918946
bad_form,141.76948909210284,136.35238650851852,167.65708946588086,177.0820008048496
bad_form,140.94532356956577,137.18665127489146,167.25109518581024,177.24308792963626
bad_form,138.3235266257652,137.09986210636038,166.67350842844007,177.0408176648788
bad_form,133.47684207998273,137.35972227057508,166.3096181395714,176.57940856772856
bad_form,129.90563669445055,136.22469258755922,165.83930677447003,176.49462220709836
bad_form,129.99400499786637,135.9375415664843,165.8229820354152,176.5133870871087
bad_form,127.6066800708264,132.54965527792086,165.62773247136604,176.35969369629765
bad_form,121.62642722918392,127.80312834689185,165.6777427161279,176.01026625172463
bad_form,114.90007547355648,125.22896167605477,165.59636374997416,176.49705815054435
bad_form,108.6019089724179,122.55298433143467,165.50342171929591,177.1687772427229
bad_form,103.49859792663113,118.0564394417636,165.30870000357245,177.39162795592085
bad_form,102.38421024830859,113.2165716056881,165.16206099950355,177.22469625445544
bad_form,98.72142165656459,110.96067578146794,164.83885138212682,177.07153783301752
bad_form,94.47159889052551,106.42385749936155,164.66815302601157,177.04027036027708
bad_form,90.0758831392194,99.72634869245456,164.4093890251237,177.81850780661946
bad_form,84.62988851066677,97.16857830685655,164.14268309084963,177.80732863390142
bad_form,82.58296713252719,95.50526289201979,163.58347738715037,178.140061052333
bad_form,79.06487527910019,86.17147904037529,163.63654203641025,177.38297219746292
bad_form,75.5297231618548,82.11203292418304,162.46372182053977,178.10678678985076
bad_form,73.73849911743764,83.82485642267014,161.99158994430132,177.9881252122663
bad_form,72.05987515573787,82.24362251380899,161.56949488731553,177.74717554012403
bad_form,70.57092499988937,79.79695500487695,161.27798855579198,176.62842549289195
bad_form,69.09513438915599,78.85753358019537,161.27261434807895,176.29201458105507
bad_form,68.89262769482428,78.55859914177653,161.33474373819644,175.45089704979722
bad_form,67.35951217510649,78.2232432105079,161.7048408450905,175.04328371865523
bad_form,64.72605191610103,75.59372246219954,162.47866122136426,174.59690355141316
bad_form,62.26398196072222,75.04778088201996,162.70425458151954,174.08481962310736
bad_form,60.57581755718985,74.89739505428524,162.40908872000423,174.39367328079612
bad_form,58.80628157672635,72.81724669048135,161.9660904200409,175.08210703614347
bad_form,58.06301817891398,71.3538019436323,161.42506728381758,175.93569683258488
bad_form,57.86911763815388,70.78032159933923,161.93325690138636,175.73684850924244
bad_form,57.51903456263084,70.2379884952735,162.82743473974662,175.13608173064458
bad_form,57.72181906783402,69.67910289796137,162.9699037312424,175.07768946163128
bad_form,165.00453180416014,164.25738180127303,161.55080562021908,160.72734307825542
bad_form,165.80698919634727,165.16569668927897,161.60795428351668,161.21376041985295
bad_form,167.19591167242473,166.7520006659421,161.79025495837269,161.66559478918796
bad_form,169.0170136538109,166.32205041342777,162.65947586068808,160.1268485000339
bad_form,169.26687223012556,166.8550393956584,164.06250482979246,159.7165618433606
bad_form,168.9926784669714,166.95306442461035,163.8260782033863,159.59027804550576
bad_form,169.04955665826105,167.05765960056667,164.49342818602943,158.15846694257098
bad_form,168.13763056853924,167.1814431895008,164.4814490076338,159.0989798112463
bad_form,167.89575465265247,166.7581289585136,164.28167910787218,159.019450386862
bad_form,167.59478601936652,166.4130919139171,163.98383880358608,158.93906539285462
bad_form,167.02151177483287,165.5296970199186,164.3630034974083,158.39477730425324
bad_form,167.59852300719606,165.01273154143323,164.48187824904085,158.31066155006786
bad_form,168.0110165276098,163.63576861617335,164.76310694470817,157.8920344581486
bad_form,168.35769101525239,162.54182165630237,164.94696072241743,158.29470849893673
bad_form,167.35890540656985,161.99529689996996,164.8237251442145,158.26667235797436
bad_form,166.1499928222778,166.28825300990312,164.65854250558715,158.8610683270103
bad_form,166.4391486233549,168.23878679447415,163.92908003403667,158.9443871248061
bad_form,162.3860187271479,170.48145170382568,162.92387933617485,159.20412621809692
bad_form,162.6603452752625,169.24362138188317,161.03854013464874,161.33858304433122
bad_form,164.22413297044213,170.6204542450962,160.02881606539304,163.18940740469213
bad_form,169.09481333106018,172.43494017810218,159.75429210905568,164.4784756262908
bad_form,168.4375298304006,172.42530431523355,160.22014183261254,165.2542260570375
bad_form,167.83150805223497,171.14022258869147,160.61537425789913,165.88138711561996
bad_form,167.4222168981059,169.5831403021934,160.88039155029787,166.45315611048866
bad_form,164.79823453872817,166.92880318964004,160.71693162682786,167.15962985661332
bad_form,161.62865433251102,156.62432284822523,160.98419226784316,167.31116169314794
bad_form,158.09898868685602,152.46412747014,161.27163384898543,167.38923363713846
bad_form,155.79031877053777,153.86341689905763,161.6415345256419,167.816793511968
bad_form,146.04087472421628,150.57391676138275,162.33079192825403,168.3703757066642
bad_form,140.91242896547433,147.57630775024435,162.06270572267795,170.120812781077
bad_form,137.43087047964244,143.3211502269754,163.4675550687778,170.91137608253658
bad_form,141.20677958907382,139.3803115641994,165.25063336124322,171.27032217180533
bad_form,147.58778987991263,129.40534225818368,166.25818950301033,171.93970321790275
bad_form,149.45524724145233,130.47188558955943,166.2632818209117,172.83298434225875
bad_form,144.13315076311875,128.49903885798938,166.52385925381623,173.58465081642242
bad_form,140.93806075804915,131.86618191320608,166.4679245580667,174.17780570617597
bad_form,139.61623244268412,132.71927885915903,166.60029187928453,174.7391714094789
bad_form,138.4505087875991,133.49672183877158,166.27540166518912,175.73330886310566
bad_form,139.51914845373648,131.4774794869247,165.65466341357205,176.07965488953096
bad_form,141.25354137710943,128.70896834959237,166.08492317034234,176.01443385248578
bad_form,143.58379343247412,128.73294169507236,166.09629821260128,176.3748050000786
bad_form,148.1267978017815,126.72926999583072,165.57321377955515,177.05582920466762
bad_form,152.4570849419144,126.16649492955315,165.86797495706116,177.31754521951308
bad_form,153.1852839743979,126.2544572622267,165.53305348824603,177.80944426725853
bad_form,146.61624076991473,132.56400392411263,164.50294264948118,177.62081665377622
bad_form,139.58471631880974,138.05102922819293,163.39434055167783,177.47341009293697
bad_form,143.0592829233299,143.28209160604715,162.70532274753805,177.41208992812116
bad_form,145.9700019772692,151.46067568731593,162.1316809156468,176.58630746721374
bad_form,148.29789565205138,156.63761343754783,161.38788100414178,176.13489456530044
bad_form,149.47350939076088,162.49387723385956,160.5398154258121,175.6954730608852
bad_form,153.03191174959045,163.51921933612377,160.8256816447149,175.09842198022696
bad_form,156.73048010379128,162.38178324620242,160.83539283851542,174.4699743255603
bad_form,160.63416343141137,164.75551766723044,160.91218660167272,172.8245134107815
bad_form,162.72913291652833,165.15133356758002,161.30799791499976,170.48971117837303
bad_form,162.36469713820853,168.41971428519875,160.92702938685383,169.42737287369528
bad_form,161.10468343126345,170.1295011696021,159.80286071754497,167.3564569306744
bad_form,163.76233581259743,169.93937151907247,159.11876817426267,166.33587742055616
bad_form,164.27204622326497,169.1735578054064,159.32464209416972,164.29105391640726
bad_form,164.37991095115927,169.4812517244478,160.01950781980037,162.21641804463894
bad_form,163.98297919489238,171.68991920449452,159.8233745796689,163.21287526045393
bad_form,168.46736078515815,171.03177851460765,159.20008039569794,163.69417581987602
bad_form,171.10330941439588,168.3822852855148,158.78429573268693,163.76542512129598
bad_form,171.6561210269469,165.97058084715974,158.59965887092807,164.03372243895583
bad_form,167.62848621132605,166.16220972199326,157.773502090696,164.32982940223275
bad_form,165.70703305857128,166.39943505522425,156.63486993847835,164.92641669618897
bad_form,166.20648833634354,166.40425181402765,156.36956500144697,164.68210272501327
bad_form,164.6468671712952,166.0593016200223,155.8345812751632,164.86160443965127
bad_form,163.68448584345163,167.26355731338745,155.3054850362034,165.2185920783218
bad_form,163.4045213754585,167.24465988860814,155.49649442192973,165.34907915023882
bad_form,163.69069118768178,166.0885926670691,155.5817851835147,165.265839228777
bad_form,164.77414483185734,166.7853944106124,155.55984156557338,164.98291207145886
bad_form,166.67888278479867,166.00593256727407,155.01234120873005,165.662923654022
bad_form,167.71242951250014,165.27412995904365,154.61747865078058,166.18037802041226
bad_form,169.9804786301903,168.77713181086705,154.94177346091533,165.92289806174244
bad_form,170.57059897488358,172.4766522990798,155.23314047951752,166.26390850185604
bad_form,175.46551603119735,171.60308998007412,154.95121459011708,167.23302860211106
bad_form,175.90701438629736,172.33185375344132,154.13520558679193,168.22255888694193
bad_form,174.7888623575883,172.50805282674156,154.34791796238736,167.82441533003467
bad_form,172.19496570684765,171.65016185328503,154.53790181226117,168.06180973645886
bad_form,172.7549975991453,171.36911320478663,155.35696004241285,167.3315983538706
bad_form,170.2322477119228,169.96467841078368,155.66805009348812,167.6488200556358
bad_form,165.6053171263724,163.69252471264411,156.1925882318183,168.5902514158197
bad_form,161.1793016333074,159.03829620053102,157.4881328986068,168.93897048259998
bad_form,161.21932051320204,156.24867192913499,157.77294710508244,169.17159179561128
bad_form,148.81042194104066,153.906736021,158.61825981274814,170.53493747284068
bad_form,144.29599912800762,147.64497454514554,159.05272419825098,172.56304212694437
bad_form,139.55580844435303,146.45966344104315,160.53142149591642,173.37650423963984
bad_form,136.03735848518514,143.50729446983823,162.3521185823355,174.369401988525
bad_form,152.66619919156878,131.29202167749747,162.2062430094888,175.6943912004309
bad_form,146.56367025200407,126.66454491757604,162.71784707002658,175.92490437188673
bad_form,139.81546727006412,125.12875763114943,162.88797984738383,176.14588280894026
bad_form,136.3318868120219,128.45582936221678,163.0639480841923,176.3439740968712
bad_form,134.0405416202071,130.30732272024102,163.38202058847344,176.31636199843646
bad_form,134.484962563573,132.857543461576,163.6311589483401,176.1775010980382
bad_form,137.05472590057468,132.6334255361797,163.6118046569285,176.3014340765239
bad_form,137.894837359237,130.65278395376006,163.55075629274305,176.44824118802222
bad_form,140.8288699454277,130.6030638893741,163.30157292901714,176.335433590619
bad_form,143.28070071482358,132.82032733859313,163.3350608884194,176.55551809782892
bad_form,148.41958029465445,130.8282007764047,163.38658959383096,176.5610447172339
bad_form,153.34528087832786,134.12513819899013,163.5668580808314,176.45911493809845
bad_form,141.38565424442572,142.73400260682297,163.5468431486658,176.53284427480673
bad_form,142.73316847430073,144.80526232688865,163.51789549091885,176.43757934210635
bad_form,148.68038682092333,147.33615139079956,163.68110592784578,175.71577132072477
bad_form,146.94099167357564,153.95069871273898,163.23190859166047,175.41956072936998
bad_form,151.04624555016647,155.3315588656284,162.99177209044086,174.6265274746902
bad_form,155.9128706299331,155.86636591299634,163.24006389231408,173.45835052825393
bad_form,159.8631755810199,160.78349825384274,162.22941457800792,172.54355864610952
bad_form,164.8510857311922,161.93548404225083,160.7596241570971,171.75552488707524
bad_form,163.67475940752118,163.72686792741595,160.8809898180758,170.99522316094
bad_form,167.0289982379501,167.63817763228764,160.6461455892965,169.27437388791142
bad_form,165.80519745399872,169.1058709468592,160.42976307889512,167.99178061094548
bad_form,168.50315524309522,170.57483191786673,160.2641336971875,166.28154768515466
bad_form,167.3926541011177,169.79859432579326,160.09890630108404,164.70578968088057
bad_form,166.51952010973423,170.57833234425098,159.93958237598542,164.9158930089166
bad_form,168.17466417409662,171.37733360405832,159.38137529794642,164.5860535075093
bad_form,167.76982485325453,172.06300250661113,159.17990441176704,164.53529713179097
bad_form,170.96320473538012,172.38853466889645,158.92949869532404,164.34782559942525
bad_form,171.7118558104369,169.55972034881563,158.83952344927005,164.20971507920464
bad_form,166.3184014177638,166.35391780474475,158.82779028999158,164.16217363169406
bad_form,165.69756837907568,167.40576513861072,158.634479746074,164.13615170818434
bad_form,165.58088155142397,167.5131471187481,158.60165536208365,164.1981786620908
bad_form,165.20891677797476,166.08064804755026,158.43691553090147,164.18747684193707
bad_form,165.05239628326592,165.5151368830142,158.25974803172687,164.2539524132073
bad_form,166.26971031237454,164.8637109111043,158.14365184032505,164.29001951197543
bad_form,165.48478340354504,165.10912079927783,158.1122334060722,164.24101524127073
bad_form,164.89650445477037,166.41557341338844,157.93428188279918,164.38038325868655
bad_form,164.12415044980682,167.01577453165208,157.89200247937038,164.66894402283887
bad_form,163.59527235806698,167.12141996415258,157.8773401639702,164.80498494154492
bad_form,163.94276267669915,167.01143927618625,158.05203061986637,164.94877550950062
bad_form,163.8704204866849,167.18968933748954,158.18335345014765,165.0319866008545
bad_form,163.06663427726212,167.42464070979074,158.34941423932474,165.10279247860484
bad_form,163.03645802063852,166.8179687752447,158.49427194631366,165.21924188591368
bad_form,163.04634795535247,166.63697979797496,158.71217755933495,165.18501920675507
bad_form,162.93384657494957,166.0754904852985,158.99792738290867,165.18888036341545
bad_form,162.27019329459847,166.031128915756,159.2057087837844,164.98642199354245
bad_form,162.44989528240663,166.02027699713514,159.21865683629917,165.00184632938593
bad_form,161.69792857991231,165.4070273364678,159.3282560509405,165.00085156069346
bad_form,162.44666202891696,164.40482627353907,159.28964257359453,164.94196474633407
bad_form,161.98595865831487,164.57444308983432,159.26585387696576,164.87430368004428
bad_form,162.9087180932421,164.02660086214664,159.44190154945332,164.7154674978773
bad_form,166.14402250765792,163.44602258390904,159.5472086851984,164.6282660302577
bad_form,169.47137385130915,164.49552741262193,159.8463312041437,164.39629294633568
bad_form,170.18261269141277,165.22501631852336,160.04210415610828,164.3309488561495
bad_form,169.87566161789093,168.3603857960081,160.03356990829096,164.29679695423997
bad_form,167.36829072755458,170.21542755546753,159.95315651156224,164.09168269037502
bad_form,166.29457111753277,170.46466511845233,159.93897533548605,164.21281245935668
bad_form,169.89975805878987,171.1874967909555,160.3654487358563,164.24144503326988
bad_form,173.4986473311014,171.37460974288214,160.4716619672004,164.08884896667283
bad_form,174.4748376522561,170.80701162654145,161.0184390529565,163.91973254881316
bad_form,171.85687360501043,170.70070034428255,160.92234940635777,163.6090558124727
bad_form,170.65604679350324,170.06692425481344,160.6067057272999,163.2705445932796
bad_form,170.87835943593623,167.43401272962103,160.3905113060431,163.4276106855735
bad_form,166.15556698080522,166.05189907582408,160.26024651181262,163.958484578924
bad_form,165.26805317291277,165.44495312829423,161.09695031720108,164.35033613732833
bad_form,163.89355974363826,159.87783072439845,161.60103054060963,164.6430372718998
bad_form,159.61593474410608,161.35664347987867,161.44194242821524,165.3393764668746
bad_form,149.9320307503512,157.58789534727384,162.10551227940817,166.2559844631412
bad_form,149.62909902956682,155.17596508977934,163.0055042625386,167.82723862966526
bad_form,148.32217203243255,149.00927166950584,164.00621810196435,169.03835902154256
bad_form,145.47361114156726,148.58927905883212,164.578672265437,170.67275473416805
bad_form,156.0583334655763,146.49621778705952,165.3423717808122,171.1827524536571
bad_form,160.3573492842186,136.72267839124248,165.99662175631804,171.9514363942689
bad_form,162.5218117260887,132.3530619885923,166.2447567839894,173.47610839048343
bad_form,162.13465139469776,130.3519241991512,166.80213786438438,174.14659212347672
bad_form,155.48294556625876,131.82981532483748,167.0901970858621,174.24449908640588
bad_form,152.19575913824553,130.20176142178565,167.26057728075128,174.35533602036818
bad_form,153.80693910782827,130.7699995053227,167.58479231383427,174.4976473739622
bad_form,152.68798641022295,130.36493097002037,167.72049121286068,174.59670310042335
bad_form,151.87639385919084,131.57088814785087,168.0005785112581,174.5746258549118
bad_form,155.11875684325187,132.23734071976517,168.35740615278797,174.6195161382095
bad_form,158.24674497779992,133.5840565002553,168.39745041477923,174.68707188562823
bad_form,160.45745055106843,134.7794641914643,168.4054318130364,174.69311290084286
bad_form,165.15161084750008,137.74884727929344,168.50190317375058,174.75055913499577
bad_form,161.9979431558296,143.06262749545243,168.48739699759696,174.77509536247757
bad_form,155.17728368612833,149.9621188112338,168.50410739916683,174.76345219250527
bad_form,142.38334067780136,151.61513537570463,168.40162065878366,174.5638257835633
bad_form,141.5422607939782,154.19212536723003,167.81328660921858,173.9380290439009
bad_form,148.4407784639092,160.5852599685248,166.85059062464373,173.78666589048925
bad_form,155.71472957950715,163.62329966114805,166.92620328942033,172.73931743095693
bad_form,155.52553315073445,160.97339608839977,167.2367425580416,171.46639338349271
bad_form,159.49242563848782,164.7677234135929,167.1802309191138,170.5259666893754
bad_form,163.2227052940829,165.6379517663127,166.5144737851472,169.33603986155504
bad_form,163.48382968720463,165.9325723703459,166.0224767666003,168.66442509362906
bad_form,161.78607235132367,169.0745378958774,165.54747451049812,167.75240277513876
bad_form,162.89100577867137,170.64699938416987,165.04694220588564,167.07752095891266
bad_form,164.07793912734246,170.59763396500847,163.68463597813664,166.43473539866997
bad_form,162.2777037495746,169.55809282639206,162.85929300797895,165.78401059695653
bad_form,163.12305368626582,169.68545236269728,161.1306408676627,165.90206769280113
bad_form,163.55915221930658,170.43724393567203,159.71530993647804,165.68851559943235
bad_form,166.85766188796202,171.5952047764274,159.15886123807226,164.9125138423032
bad_form,169.69474948665714,169.06372821357596,158.91582729252013,164.01520000917637
bad_form,170.43603202144644,166.7900278890663,158.84924165234884,162.9528856799035
bad_form,167.81496902592423,167.05434959131944,158.76334114741834,162.54937270532497
bad_form,164.15175281363165,166.74745908562664,158.90535528748813,162.07289585214636
bad_form,163.84377991684806,165.6700951874563,159.140716244006,162.01927687947764
bad_form,163.78948238477682,166.32039429517604,159.47251620333844,162.21042968502996
bad_form,164.82020441119104,165.93309728230173,159.49331501197904,162.63594843572074
bad_form,163.77591335213134,164.57588129934976,159.50898514104955,162.77245491873722
bad_form,163.2337346426889,163.6299721929922,159.48780459854547,162.86242615752352
bad_form,163.73772970434177,163.4399564657265,159.50664184836768,162.97598232649904
bad_form,163.6819100304305,163.4931877666227,159.54872788689968,162.92856140348658
bad_form,163.38649660995173,163.57678828962437,159.46320615056783,162.82986253653937
bad_form,163.37232033871976,164.42559871944528,159.46020378490397,162.69435899338174
bad_form,163.28050582960014,164.19470524781596,159.3566825275658,162.67665749804718
bad_form,163.12007953372517,163.14214793951126,159.27779626993296,162.5812793259425
bad_form,164.6916918469408,163.2598479455002,159.09652943724146,162.51756346316915
bad_form,164.93653241294615,163.01209423817505,158.72268785848192,162.51198808546354
bad_form,166.80650499160393,162.26990834132772,158.59537458759735,162.52107233330725
bad_form,168.55249950620353,164.1211447302857,158.4587308523119,162.47158931964492
bad_form,170.52572443625144,168.92500641217742,158.13877667443484,162.4187335397224
bad_form,171.85727859420254,171.38625580520025,158.0396077789549,162.37117260564023
bad_form,170.370793573328,170.9586936933445,158.4256784945196,162.17562766548136
bad_form,174.07877314688054,171.078386422386,158.85409601593173,162.1543619774753
bad_form,174.71749663166747,171.43332849955033,159.04527280288852,162.3494745241547
bad_form,174.19430725370836,170.91249673108635,159.30508650089627,162.48801621204797
bad_form,173.9538515819319,172.17855385143523,159.7259388573505,162.7716047755819
bad_form,172.91891871444145,170.70252409183956,159.88012051337068,162.97812253218223
bad_form,167.43922829002312,167.4300272479128,160.03744679740953,163.29368305479446
bad_form,167.56432683715028,163.19551082862392,160.45820058406173,163.49771085766784
bad_form,163.3471923988961,160.01618556670473,161.3688429806357,163.61757591718975
bad_form,161.63390097956486,157.96831689090723,161.77827224574332,164.03475387115319
bad_form,159.31209504370128,157.69874676286565,162.9278464104706,165.52846992927218
bad_form,157.96264092434296,154.84766994473378,164.12103922681908,166.18416085803122
bad_form,157.25905215291854,150.2083414446489,164.96608519191503,167.06991267622922
bad_form,157.94659415269948,150.20168370247507,166.40220298368772,167.74210846527683
bad_form,151.44186464060417,146.51651168228244,166.89544573145722,169.0612129741475
bad_form,168.73516658214592,139.75122341777984,167.0354451323089,169.63633566339004
bad_form,163.7520819817254,132.91758880140154,167.07998059268934,170.5353366235922
bad_form,163.3136893087136,130.0463386389011,167.07635195940298,171.3686799707643
bad_form,157.58169936311003,130.85127844787462,167.08258096436396,171.5836330941253
bad_form,153.9104822838536,128.51305084207291,167.17739977857255,171.71658572381173
bad_form,152.07650994248152,128.4329761045964,167.3757585120237,171.70325934201082
bad_form,156.84783777398636,131.32374566790972,167.60265335186963,171.64710348471422
bad_form,163.71628233949716,132.44892321971363,167.64378500688449,171.69003860536125
bad_form,164.45381029927552,135.44922420380266,167.62175792413734,171.80134572361246
bad_form,162.61140733964828,136.4190395452543,167.51525553684402,171.90505515938202
bad_form,158.70941504404848,148.61629884606154,167.3365874109801,171.84719399022228
bad_form,155.23215966673092,151.58981365002813,167.50397326256316,171.60123239675517
bad_form,153.19748157405954,157.62627898681447,167.35743108027546,171.19883956978683
bad_form,155.27551994494257,161.18531263606437,167.1809808405057,170.76009712534753
bad_form,159.6866424218281,160.30796874984472,167.60867629975024,169.37424751974123
bad_form,158.88521493340775,157.2911805434968,168.0507287505706,168.8003039495763
bad_form,163.8483561692549,163.98176918941064,167.26380370859215,168.56947217409788
bad_form,163.11076780894413,164.21284724217705,166.91548944017376,168.07168368431456
bad_form,167.87333090447888,167.73297545641108,166.58671862773562,167.32472154037356
bad_form,167.22981624782614,169.11920080272313,166.3403371050324,166.02249887398068
bad_form,166.79633653246955,170.07257783362186,165.65577672314095,164.4605168662323
bad_form,167.84782344174494,170.71809943800915,164.84239533934812,164.0494517398865
bad_form,166.75374809599037,169.00967845187478,164.56577523856149,163.3908786696145
bad_form,165.53874672172432,168.94098616260445,163.77233511939062,162.84054229675232
bad_form,166.46307773092212,169.39263229285535,162.9646954696844,161.9969024983629
bad_form,168.21878237696984,170.84690714206914,162.22146475387424,161.6327710856261
bad_form,167.5712606859222,168.14569030584838,161.80051804343464,161.48240909563583
bad_form,166.77791234919678,166.27738427899786,161.26725757161205,161.44892425182093
bad_form,164.74362192429638,166.16184385162688,160.9591851484735,161.67078769265683
bad_form,165.12822890828474,166.30608656221528,160.88461749335352,161.65628590751217
bad_form,164.37314776013278,166.24633442418568,160.813785132705,161.69322157897324
bad_form,164.13117244223903,166.0013308987675,160.67433826403135,162.00308168091516
bad_form,159.24904113944672,137.07370027388126,167.08004879116822,177.66120081936123
bad_form,165.24603996032778,141.84288803614572,167.90027036850137,175.64628618057873
bad_form,169.7532225919622,143.40852100707338,168.1568170534126,174.96937369599303
bad_form,172.1286132615654,149.9589907118688,167.74342294136957,175.94521186615444
bad_form,165.45185780237304,154.04087518001458,166.39307044338565,175.941355907881
bad_form,168.6273580915505,159.0031653302761,166.31828917810344,175.655451412992
bad_form,163.28781329709312,155.50242158107937,165.38831185093107,175.3752252920517
bad_form,154.5230984344474,158.39813705233829,165.2425730532349,174.50782250737106
bad_form,150.08565718108795,158.70115814909232,165.00125693988423,174.22095283027744
bad_form,146.8764732856428,159.5383829099246,164.48685712839244,174.173922064829
bad_form,144.47280239114227,160.35867564390506,162.9209233927753,174.33791582664358
bad_form,148.7878544264518,164.98156124638268,161.9166546915387,175.1505347576966
bad_form,152.76979001305565,162.92603787278807,160.97170584021083,175.3620871297805
bad_form,152.62294087255165,162.69666987649202,160.21727630589893,174.39450658708864
bad_form,155.8994092184204,159.4552411367159,160.11550308759294,173.34141026200015
bad_form,156.86460332341156,161.0227438497708,160.1361625525631,172.51423536213684
bad_form,157.09791677255316,165.11505478265232,159.67014929555225,171.89265240264896
bad_form,158.78258301969922,161.4243960070411,159.05577853902665,171.55296022690553
bad_form,162.04391285292564,165.18521510641463,158.4875266305562,171.1004235952663
bad_form,165.73815466320005,168.98515177435658,157.7559058564432,170.00502784104972
bad_form,165.86300532213426,168.84239527882724,157.53335403974557,169.97747517140462
bad_form,168.6070136288357,166.4087198211364,157.0648772956801,169.90817060848337
bad_form,168.86439256692304,164.69940054632576,155.9233341680196,171.51746785873257
bad_form,169.33247607341883,162.96775341698083,154.5182575393819,173.02091678792726
bad_form,169.70677984784496,161.3759640920538,153.39744360780645,173.11332963912787
bad_form,171.25795312264296,162.3966497531534,152.58577652704622,173.2711194541317
bad_form,170.65278139376827,162.54130012445916,152.328618284598,173.98976979225804
bad_form,170.87899587261685,163.65970328959943,152.43272816927998,174.6039378406265
bad_form,170.11177399553065,162.3156675710156,151.7039731041099,174.90955246334786
bad_form,169.7009511450781,161.3654169974193,151.3978667128141,175.12356949560507
bad_form,168.66865029153317,162.21900754271405,150.91442509058788,176.05419061111922
bad_form,168.77572932407506,162.72929598953016,150.27793208514694,176.57593982639463
bad_form,168.18576742873321,162.45302966762253,150.0196094867897,176.80600131813833
bad_form,167.24824333922552,162.69565969889837,149.96824947578784,176.48042236598485
bad_form,166.68930981047785,162.0619286988411,150.06921127103215,176.0850291192826
bad_form,166.1490155701503,162.73984801311445,150.23281959741763,175.80852669354763
bad_form,164.81731991738758,161.27726296145067,150.60738091279794,176.1555845637737
bad_form,164.72342266342923,160.2885849672623,151.10944880264648,176.33816186500064
bad_form,162.30388112596802,158.91722381802106,152.40226721102502,175.9349678287849
bad_form,159.7954848825794,160.1041312883615,153.10118196269067,175.71943435419016
bad_form,161.66269477069028,164.43351370804464,153.628366560478,175.8787318951152
bad_form,161.84794470332687,168.2130163254926,154.24088955939453,175.42631852199364
bad_form,163.7946745866013,168.49264825717574,155.20313581905606,174.7145286136875
bad_form,163.866241632666,163.5036342395569,155.65227737750214,174.3501165078359
bad_form,168.62782072383666,166.43124681212146,155.5680944395597,173.98294100486046
bad_form,169.35352979771758,167.58882576931214,155.4329719637885,173.5029028078316
bad_form,168.42021681659912,169.8272715342107,155.46954733987363,173.53640726812722
bad_form,167.92790763547916,167.89584297765384,156.8125127263671,173.1306716681127
bad_form,165.2680129975384,166.56784188037432,157.25606463700814,172.72663725084195
bad_form,165.81524172556567,165.24598639971123,158.25207212926136,173.1051860229913
bad_form,162.9179968822527,162.774301416455,158.88632528103867,173.58293340514913
bad_form,166.39537558986518,164.93015521397967,161.10619381496025,173.44673515721334
bad_form,166.72963891178117,160.60566659727712,161.92258252558352,174.66319584175594
bad_form,165.20306465746424,163.41340377975305,164.07337047975435,173.27104808061034
bad_form,162.69023310142805,157.49011292281688,165.94641309957882,172.9980582177943
bad_form,160.94892591848077,157.25705869216034,165.88924540400603,172.8904491434837
bad_form,159.2684556908864,156.20616926637103,165.58605377485017,173.99059234039618
bad_form,164.70071749205627,159.0820641657059,165.47819715936433,174.27713566250887
bad_form,172.68651315150228,147.69156894418242,166.98356189160495,173.36137418166786
bad_form,169.4455009222142,144.80214513560446,165.98661045627466,173.91218457137273
bad_form,163.40383881782432,144.8003346562211,165.6179905617261,174.30079357326022
bad_form,155.14824282886485,146.61402523509878,165.86421905261824,173.25951943099196
bad_form,156.73088346365478,142.3339818926118,166.05423427445004,172.68898976345622
bad_form,156.6333212715708,136.67337771282104,165.50266671746274,172.50066877685012
bad_form,162.45233199620122,137.10770346886721,165.82986159442908,172.81850192903028
bad_form,165.13280380521667,134.05245061112313,165.71863792681626,173.534815469941
bad_form,164.89760982362785,134.27550538813816,165.4211974173448,174.04866577780444
bad_form,165.2409807138711,138.0695798014122,165.67423248197733,173.8991368547722
bad_form,169.22187837486584,139.90106302212905,165.50944817221352,174.9744518150498
bad_form,164.66813493750553,139.69552955863367,165.0030284000922,175.36510697257705
bad_form,167.68895405569447,138.83642469308603,166.22110465633844,174.9456257140678
bad_form,170.3149434277453,142.75122666306942,166.69953741666782,175.57853086101954
bad_form,164.91173717646657,152.75736063847216,167.29392541163025,175.32570734289746
bad_form,153.45359377859012,152.64783181887455,167.86829711027218,174.34020988592272
bad_form,149.33923299854365,154.94307782338657,167.44280988500944,174.9517827033982
bad_form,150.7633490344107,159.2891032986416,166.71870788934828,175.19565902076909
bad_form,146.26097302266595,157.88571301813187,165.92004181582422,175.36455812921517
bad_form,141.718151609913,161.2028000818213,163.44041341002608,176.0260401764579
bad_form,140.02021045204185,157.80564649987804,162.91824687803586,175.23321110941234
bad_form,131.48522166443325,155.68004304653223,161.32831160982275,172.2995652164654
bad_form,134.20612312038247,157.43326150585807,161.82858987446383,171.89257925058632
bad_form,137.893308302805,154.72990907644257,161.25110096640435,172.07001990541568
bad_form,144.71810147247075,154.73383271930336,160.70043194621383,171.71519715391594
bad_form,148.28000120520053,155.17602228941996,159.937499875636,172.43906284571992
bad_form,152.22527982508456,157.10272440134747,159.15306232066217,173.21893581932352
bad_form,158.2774412999661,162.80789039357322,158.12560601712605,174.3955094845821
bad_form,163.21843805502877,167.19129774434106,156.37536602084552,175.39880129066265
bad_form,168.3399346218961,168.5446512012541,155.13917663318844,176.45170797655945
bad_form,170.0515303564186,166.4318422741453,154.09725630341183,177.09162186701286
bad_form,170.21429010723514,164.55719361517177,152.71078724186455,178.32990926112566
bad_form,167.64671505062333,162.9810889098226,152.44267837477813,178.78195572841466
bad_form,165.89457895307157,162.98811230158324,152.79880189146112,178.388723219374
bad_form,165.94133290053307,163.92981487889836,153.1921516981198,178.5271511427658
bad_form,165.54252149168246,163.81078650859618,153.61480212107244,177.45864151049116
bad_form,165.1816821305404,162.95907286603702,153.57962703217814,176.76456408330233
bad_form,164.88282292947932,162.09572549367144,153.77490329869264,175.84696712911384
bad_form,164.2257613449857,161.6286134264122,153.9523450857303,176.01740073063644
bad_form,163.58506977849765,162.00646907802656,154.3416824423209,176.2263861655783
bad_form,163.5823587959313,161.48665142740907,154.22194309691795,176.50010561327818
bad_form,163.99570325777262,162.0110180124986,154.2419746903609,176.62302513357682
bad_form,164.15343843657902,162.97601888216656,154.05264220823057,177.1137213616708
bad_form,164.10389006729648,162.6783741062904,153.92061371402477,177.2472035402055
bad_form,163.9573255406573,162.59949067775514,154.0201257092212,177.02909284787793
bad_form,164.15741061470504,161.73510439564097,153.95133875006317,176.95891595091848
bad_form,164.63421141341877,161.3846861102163,154.24604148554198,176.89523696276623
bad_form,166.03301988253298,162.80202765188957,154.43647399640284,176.90232108379752
bad_form,167.1091087193874,164.60527792364564,154.44530521315227,176.74168734748204
bad_form,168.1145450053402,165.42530868812398,154.4485292530037,176.5832578821001
bad_form,169.90998773499098,167.6812590712572,154.4037818466977,176.58905026595983
bad_form,169.56336213960543,169.22623005756842,154.09485446974588,176.5541404451247
bad_form,170.21820138570197,170.09157709314775,154.6756874334404,176.3247643400779
bad_form,171.20249363593354,168.9381366997696,154.66699535368883,176.39934641190044
bad_form,172.60357053372107,171.25838802948599,155.05092624414002,176.41907954322056
bad_form,175.06526638483405,171.90967332503917,155.17185080692067,176.28721995387437
bad_form,174.13202233076984,170.54950638482805,155.31905548673404,176.11073854753727
bad_form,173.03387158089365,166.70566010842268,155.55009833424876,174.89735441315037
bad_form,169.54288107132535,166.92410617064763,156.84823839952853,174.4017929140456
bad_form,169.06760993633108,166.81014745245636,157.76569148728757,173.73794754913106
bad_form,166.2654821565355,163.5748492728954,158.93749430704776,172.68162067606679
bad_form,164.69626546167262,163.43726538872826,160.3024769666137,173.29485060020437
bad_form,166.63796286946794,159.86029306212816,161.4797515820964,173.64382269881196
bad_form,164.6658878251288,160.67160204136388,162.77497189884696,173.9856797526165
bad_form,166.08334723629477,152.84514041698392,163.73367694697538,173.72727362932827
bad_form,169.84164322027445,154.38025192354831,164.80514444086526,173.68640663419737
bad_form,169.18898112542954,151.1046038176609,166.23061149320466,173.84685991082932
bad_form,171.4104119121497,151.58530952710987,167.18621045448074,174.99790298260507
bad_form,174.86360937467109,147.43067083525696,166.80365557605097,175.2098304533935
bad_form,167.44513744893584,141.5926566417507,166.6171676818054,175.66543104768212
bad_form,165.51452182107118,145.4803040352157,167.00540006972656,175.78726682966897
bad_form,165.81260498037392,140.9006857950504,167.31266108008126,175.64834144274798
bad_form,162.51586811800618,137.5206002872783,167.71618906571663,175.6648788242508
bad_form,162.49009361247312,136.53071916988804,167.9373988608505,175.56261594781353
bad_form,159.54706957148775,136.7662510871145,168.02752811563306,175.58988477946778
bad_form,163.55780785572537,138.32618578369224,167.74948382241075,175.75404764619083
bad_form,164.3409069684522,142.53104808485003,168.21109657920394,175.24652513262308
bad_form,164.23674576238358,141.83506567311773,168.03103631790077,175.167496786697
bad_form,176.45223530937352,144.73042104948462,167.66726635132719,175.30043289212756
bad_form,179.1729932638295,150.74851021423416,167.5993479141117,175.2928914980927
bad_form,175.2991000136005,159.67289489993874,167.6647524361754,175.3457110065747
bad_form,174.23922804406587,160.79802323361483,167.7678526810106,175.26127885539105
bad_form,163.32183603871536,168.35904770404014,167.60141627788286,174.76655831362763
bad_form,158.28797184138202,162.73627042643113,167.52882287530684,174.47380501326225
bad_form,152.32544704853944,164.71192537498078,166.1882264146667,174.84857200869234
bad_form,151.54248530531729,163.25355481478448,164.61901964709267,174.85971836343933
bad_form,150.46685989075132,163.65964760091416,163.81183724033215,174.53779003776924
bad_form,153.5418687227229,165.58411864395663,163.67632433533822,173.10709533620056
bad_form,154.90510798896543,163.4975110609515,162.2831912718647,172.82136976514818
bad_form,155.04073324984728,162.60127715586842,162.94455516996098,171.80206350223483
bad_form,159.83217911610544,163.37436426214467,163.8128111735462,170.29687401539653
bad_form,161.7670159113731,164.52014565628892,164.2364013783868,169.35461281250195
bad_form,159.98107167182604,167.402111045831,163.1574075997023,168.97643211284935
bad_form,160.12663698151144,167.69032284497322,162.70578609924922,168.76888125789324
bad_form,161.76556967374273,167.15572473040547,161.52800045590956,169.07946160349871
bad_form,166.44893844262867,169.37197393225713,160.0732265800921,169.01987846090307
bad_form,166.6068213335342,170.55753963072206,158.9934983659755,170.0902031177528
bad_form,165.58136978243624,169.51149609120083,157.46271958401553,170.44770986579036
bad_form,166.17836066483792,165.2100187628026,157.00443954075791,170.7143747645226
bad_form,167.01483579675323,163.2797126912828,156.55895846683632,170.65292996784908
bad_form,167.38391416774434,161.6228267199727,155.64980065384856,171.2993412386568
bad_form,168.02085581169203,159.6386911406233,154.61501086465384,172.39056866707855
bad_form,167.9268682980473,160.95953459409708,153.83702027312177,172.7402854147889
bad_form,168.85230859007132,160.51520053489855,153.02118032622158,172.89035112896988
bad_form,169.0648017144681,161.56278509742512,152.65925663489534,172.75335560767806
bad_form,168.642401620458,161.7220867108043,152.30501740921667,173.23094804809682
bad_form,167.2033037954031,161.62225841300997,152.4490978028022,173.56809047699687
bad_form,166.31677634029705,160.81540977563893,152.61081255541845,173.70253176338716
bad_form,165.74211899403716,160.75629143979427,152.8673250523665,174.05920804492277
bad_form,165.41238333110664,161.33933208495426,153.12044252108774,174.03153453206602
bad_form,164.62582875616312,161.13273657785393,153.2580220321933,173.93497727790623
bad_form,164.4567534472103,161.7592908202394,153.57997598727698,173.91460220705005
bad_form,164.55851782859997,162.3756568276738,153.76240308479416,173.71426451066824
bad_form,163.32027339107523,162.44015286679024,154.03021398292825,173.69167971470648
bad_form,162.85570707165252,161.7577527082721,154.63536087742494,173.4300961278136
bad_form,162.70288689806458,162.25115996747198,155.19043549950533,173.01097006986564
bad_form,163.84886374218166,162.26831684825498,155.4936007590758,172.5499135531727
bad_form,166.30775004144857,166.32961267236934,155.92436376571538,171.8130162061575
bad_form,168.29444887219947,167.82573819156386,156.40071512308157,171.68611802236248
bad_form,169.24908707719078,170.17210150249807,156.59197119104024,171.51255035004075
bad_form,168.465072513944,168.1865818393384,156.7556000659311,171.88054256051197
bad_form,173.01566509804096,169.2149940825392,156.826754773211,171.9012964001769
bad_form,172.7535932892696,169.69694293800077,157.23741418228042,171.36341244858315
bad_form,172.2033146760892,168.44916057598985,157.75741630846917,171.18273786201385
bad_form,168.77045341632274,166.37672926769386,158.1246538050118,171.02713135981634
bad_form,169.52902973773178,165.44538090030673,158.93267612369166,170.58214207116987
bad_form,163.24423417720755,164.29617129426296,160.04762832666492,170.0463433959563
bad_form,161.5904996246093,164.10757748646384,161.0055840998705,169.75788431503767
bad_form,162.7835041317352,162.53727191268445,161.64839472855198,170.35471782763335
bad_form,160.1153486701509,160.0474273800462,162.37422766392658,170.18127520104278
bad_form,162.75906776469333,155.62108554305507,163.39885410228055,170.34804431680132
bad_form,169.2011404900797,154.16151062530037,163.49484872820233,171.54187262986713
bad_form,165.3306069919653,150.3777926767188,164.46951679208735,172.02159880036
bad_form,163.15495556399264,142.01169840122307,164.83427737761752,172.09241299897042
bad_form,166.16457567164596,151.60711232157243,165.4541866648362,172.22689640614365
bad_form,168.0631626655934,151.8548872647749,165.90617415585194,172.39874367708285
bad_form,170.16441148515383,143.77625461395903,166.08431476916815,172.95776117531784
bad_form,165.67117434497325,139.44871227579176,166.6455236442018,172.9640562163516
bad_form,163.08770284845468,131.85479912165013,167.07113276430616,173.2618173011742
bad_form,165.1958982710321,132.1145302396759,167.1301214861643,173.223884379398
bad_form,158.46636146985273,134.05947435244065,167.56237233030566,172.4448128459277
bad_form,164.5000350487184,137.75638051682105,167.01833615827272,172.63884608835932
bad_form,163.5519752201011,134.3512198732784,166.62935063212362,172.89182959382143
bad_form,164.7086753469073,136.73974369228486,166.45663648810475,173.1204079966772
bad_form,166.01771499377145,138.7500724630101,166.4939915322258,173.28837262074433
bad_form,176.72904672865897,137.6966217355363,166.4755139024016,173.43701367817704
bad_form,176.67961164378684,143.67890104749537,165.99467918330765,173.85719824028533
bad_form,175.67350170118925,155.68780122379738,165.93702833695002,174.06250355184153
bad_form,169.34083385169606,156.54257837799952,165.77301029410447,174.16245518718844
bad_form,159.60428309067933,160.50186864644067,165.21399183139042,174.33420472834476
bad_form,155.31694378902205,158.31563307998888,164.99285282605493,174.25662480982916
bad_form,152.5404740205799,161.9607238306635,164.68098449214335,173.6923863376016
bad_form,149.15104855249842,164.1049481188962,163.32714703532972,173.15867362528638
bad_form,147.02028923285442,166.23756039999856,162.34728995145946,171.880818283312
bad_form,151.9172383512415,168.30973231766097,161.4658327795918,171.5702321397358
bad_form,152.87971535464584,164.5544291934661,160.6931787989865,171.11897068810129
bad_form,153.12387756241156,164.54642436432886,160.66642304206454,171.73032731754563
bad_form,156.6920311682279,148.38378483805477,178.18771904420834,162.87161401950758
bad_form,160.23479100507276,154.7014216677011,175.02709499024363,163.21725621948795
bad_form,168.66173587091828,156.14859301024512,173.88216148336497,163.18657735283122
bad_form,173.1346440441649,159.02963185109758,172.33961905315775,162.64587653733497
bad_form,167.13385292065746,160.88557670671236,171.5859766584354,161.68073150946526
bad_form,167.3860900880354,164.65547084984632,170.3402176667028,161.24937044339148
bad_form,167.32266157617252,164.93674916825358,169.61939209548922,161.53779929830918
bad_form,167.29856242600556,166.2022937518003,169.06694085496486,161.39078046621498
bad_form,166.70222796851004,166.00543770281735,168.06242994870576,161.26235283848325
bad_form,168.36883738070142,165.69610974824286,166.1297618168803,161.41707101565729
bad_form,170.27825243339834,166.47746518450717,165.71259620197978,161.33755140956976
bad_form,167.7287342118042,166.4518774017007,165.4224272918755,161.38022212043302
bad_form,169.7643160295529,165.95523684957936,165.02819654289107,160.09192837515758
bad_form,171.4217118344613,163.60379294183636,165.38283689079736,158.63623114931607
bad_form,172.06491700455294,167.1535230101307,165.74355573613823,157.45875956018165
bad_form,171.3931654422965,169.09588597661877,165.93963210894788,156.59023609874154
bad_form,171.2089851441683,172.57724982324666,167.4308176258072,156.668623311148
bad_form,173.26908657337674,174.3885900595514,167.2974085210585,156.88636847478975
bad_form,172.84377508794356,173.18210627688447,167.80961238599963,157.54471673618147
bad_form,173.46245712861335,172.68769359553164,167.4098446307834,159.2688210856382
bad_form,169.4782652496567,173.2292934660184,167.6998005425533,159.96723441727175
bad_form,167.48899802421815,171.29609596541295,167.06299450148902,159.727269601803
bad_form,169.96821559279738,174.1851887148932,167.50462020092414,158.43778915877857
bad_form,173.53709004898326,175.0603338519644,166.89310847501187,157.78040504869756
bad_form,172.80461486726307,174.74115805797547,166.71977806310423,157.9022759937033
bad_form,171.23460446953735,173.88664363270047,166.41696436376128,157.71383415388516
bad_form,170.35941782433684,173.52783693809596,166.4782873259037,156.656489940418
bad_form,172.65459882233847,173.36014951933615,166.11460708971285,156.29645324014842
bad_form,173.61107287327056,174.8937100367652,166.10887160606788,156.6991846304461
bad_form,173.71088648841845,174.68475730431294,165.87660231841883,156.0434580967819
bad_form,173.01723751852063,173.99502052898728,165.41979789094376,155.96248245021002
bad_form,172.7047978018065,172.73161152065956,165.97965665000626,156.26934630933556
bad_form,173.0408452493372,171.47417226658675,165.75833087200374,157.11566417674703
bad_form,172.54996219286974,170.82945201392667,165.75748609199638,157.75661561648144
bad_form,168.6807950157657,171.79537552154542,164.18451588504266,157.03096885727814
bad_form,171.74053715907655,172.49394946843134,164.3352419255312,156.164324683492
bad_form,171.06985574424186,173.17309775469525,164.78560010403953,156.03105791868524
bad_form,172.19105604124564,175.2127650616736,165.2510135139146,156.95483492547822
bad_form,168.73007052377477,172.7589194039078,164.88599280876647,157.7545037819441
bad_form,173.20036193554213,173.05879183017734,164.3417215922175,158.84735515828638
bad_form,175.1369419399398,174.65524513932684,163.2159899411583,160.29912544657185
bad_form,174.085343601109,174.2813735564631,161.9889794457677,162.84389494627007
bad_form,175.42610720655716,174.88497071937118,163.24270652846715,164.07275622549008
bad_form,179.264405765269,173.4707366421546,163.96767579396794,163.45360942780584
bad_form,178.75679343644967,171.50378609661018,165.28848942539136,162.46612560087368
bad_form,176.79138026609007,172.58665321824523,164.60721405274342,164.1579483420363
bad_form,175.2095836344426,173.06435398035595,164.31074180696203,164.43872501159947
bad_form,174.84994776885728,172.21888375076736,166.15417706498874,163.7565952927157
bad_form,174.0669970250559,171.21863515555128,166.28978264009154,164.4048969382221
bad_form,165.53308646068106,170.22892253278278,168.24858638397217,164.7420969172054
bad_form,165.8950259174618,168.17492080842524,168.07598828733688,163.8440395072419
bad_form,167.09497244193423,167.02606555024232,168.46505463843104,164.22149415125955
bad_form,169.02315579574542,167.8465622439685,168.29274160204167,164.6461182331735
bad_form,166.30043233448606,164.1951327045863,169.71907957009373,163.53744826677112
bad_form,169.16885520668174,160.74064201539676,169.62689611598023,164.93428500239514
bad_form,167.5841006639763,158.60330152343232,170.553141296043,164.8386962071609
bad_form,171.19116038883485,157.27298490225445,169.64541446654215,165.60012817496892
bad_form,172.56020103439528,157.46513528235963,170.37928856612822,165.59564781777632
bad_form,167.52252144351215,154.3621489112345,170.32916472128872,165.37831304218034
bad_form,162.93256814695957,150.26097943935764,170.378604369561,164.95973081079669
bad_form,165.50807935650644,152.20475965459232,170.05152878253267,165.49166806136608
bad_form,163.91258185435734,153.56352334272083,170.7105594283269,165.8452414080774
bad_form,166.27997829431135,152.2060605372691,170.98824347936397,165.8028156127883
bad_form,161.87206679496222,154.09495943798038,171.24825893772973,165.85903498717704
bad_form,165.22497427487932,155.09207914541605,171.5075307258902,165.77762102578708
bad_form,167.35265043089876,156.4291018850167,171.57434699237348,165.6651570779761
bad_form,174.51018796714308,158.65835558977759,171.82856224761673,165.44929407344748
bad_form,175.47276277619957,165.8524626275011,171.68580310184308,165.55093966814016
bad_form,174.29677397308208,172.5186904699601,171.19128751436128,165.40229985262968
bad_form,171.6082881207798,170.24763140276005,171.0978533735474,165.3674031880423
bad_form,170.88343644095997,169.46873201583065,170.45252633680465,165.77955520529312
bad_form,169.38036934448178,169.77216908932445,169.8659971590843,165.10565549546413
bad_form,172.32474013288441,169.30907467103665,169.4802745929491,164.66819542894854
bad_form,173.59305034265415,168.88206039372685,168.90097383631417,164.51116123080524
bad_form,169.5342964923648,168.9399713524617,168.61122010039307,164.32330917472123
bad_form,172.94228921347238,168.79838795780688,169.105224931079,163.06753166598082
bad_form,175.69339063937483,167.64796446146516,169.00095571107633,160.91975089296722
bad_form,176.54802491502303,168.63231431930376,169.43958956011983,159.9972807100018
bad_form,174.6210997658269,169.30532263342036,170.034472494546,158.88471591484998
bad_form,175.47819786902227,173.99627627801414,169.64851361523088,159.30221418043408
bad_form,175.26012925273176,171.631098407407,169.391758047073,159.85240244094408
bad_form,172.6143313530297,171.44599579421146,168.98240297009596,160.2348520048369
bad_form,171.48694985958022,172.0284018133397,168.02203088313763,160.3430879148035
bad_form,172.41838082033075,173.30619065083005,167.41530054602114,160.61183446362463
bad_form,171.41087988172526,173.1614068564144,166.3614525730477,160.93609661402806
bad_form,171.53421590162037,174.84176452986748,165.60623010944434,160.67653195922347
bad_form,172.8541074936177,172.99324674524397,165.2800625668053,160.3306953544972
bad_form,172.72270766058534,171.7316200826963,164.63779694113558,159.60937658484949
bad_form,173.7855158606989,170.74483272470846,165.0897435802341,158.77737676094176
bad_form,175.27476177695019,171.76631327865883,164.81305751995544,158.47606569994736
bad_form,174.75974468461504,171.81628256571744,164.67628734014775,158.36696713206052
bad_form,174.11630641598,173.2790397870324,164.41559502225627,158.83214237877297
bad_form,172.41988634626813,174.4893241259906,164.6135097885203,158.9636111218838
bad_form,169.72846419935334,174.80594584789216,165.44199299110593,158.6937044145801
bad_form,168.82046873961946,173.338948022154,164.9458915038265,159.13592598221135
bad_form,168.35830775757356,172.47746102338587,164.04999964750255,161.26065943797872
bad_form,168.00547035347188,171.60899528403954,164.5314237579225,161.29066907494578
bad_form,167.53788518600177,170.9253580354645,164.84809176660656,161.70808192429885
bad_form,168.78743611012314,168.46487277541746,164.68114558503478,161.5405726956928
bad_form,170.02454846645145,167.91011320345854,165.52611230256392,160.1124658917726
bad_form,166.16850411862546,171.01819967210557,165.30586546413448,159.5112084084628
bad_form,168.1529446360692,169.65941470792094,164.54010679663776,159.632902068863
bad_form,170.55444801129235,171.81913372635893,165.09835745192316,159.541473678577
bad_form,174.1216833069588,175.63727049761223,162.33952245900758,160.30901831359623
bad_form,176.68053493705835,175.66514992047559,162.83935079145192,161.40492081413058
bad_form,173.7816191678516,173.93348858884772,163.9316903498439,162.0240788577592
bad_form,174.45156133908839,172.9798443344071,164.96663279593014,162.9617988726933
bad_form,178.80843195387502,172.33211992958422,165.15354731489,162.6059549275157
bad_form,178.22265209407172,173.4068892253793,166.2147118350418,162.52210362012218
bad_form,173.52290040817084,174.61655636249864,167.04845758339857,161.28107208238276
bad_form,175.45983103450803,174.06488117989008,167.0043213846883,162.068078970528
bad_form,173.01401321039918,167.63084867739386,167.6402662585973,163.22094330916894
bad_form,170.77742782830327,167.44477531173825,167.7146652907571,163.6443361807469
bad_form,172.39101789045753,168.31834448571445,167.3949235403289,163.01763660512327
bad_form,171.74482604987017,168.368235665362,168.8068355862486,162.04489571453118
bad_form,172.40664979720455,161.76667664461488,170.68331626505665,162.74474104935777
bad_form,169.11768733568348,162.4973932414662,170.37014996673724,162.53220244822694
bad_form,169.00084587205683,157.86128009549574,168.13105504827658,163.5429244352465
bad_form,171.96057239335673,159.3306301075472,168.33279102148722,164.27335889636265
bad_form,173.56097289854176,160.95335924515115,168.53636597768303,164.3935531290162
bad_form,168.78860049422423,159.1486428275446,168.50143991692687,164.31210931791622
bad_form,167.0069788909893,161.3558167628951,168.67901787008822,163.93568749848785
bad_form,171.90065088367754,158.15014150730602,168.6649259274064,164.699587577785
bad_form,172.92601872229707,156.7510604104614,169.02563223845448,165.33063940728016
bad_form,170.6483433934197,158.28386066100688,170.22377045779612,165.9723328407883
bad_form,168.3327315647946,159.4948162079485,170.3827169763804,167.2354119189986
bad_form,168.38890376260616,164.03943812974595,169.64019589742287,168.01624800641542
bad_form,171.24868336514683,165.32842333866384,168.92894035925286,167.71461340278333
bad_form,170.73832880463613,165.01514556075008,168.2453803123925,166.67072509816512
bad_form,177.97377170407077,164.49005753832716,166.0049661977668,166.4906386266121
bad_form,174.8295646172015,168.38715289492978,165.87333807926845,167.01669877916427
bad_form,173.39908713819418,168.19687625107574,165.74849818867386,167.05885158606753
bad_form,169.95392561100974,168.49916596534976,165.06947781851818,166.46251077139001
bad_form,168.68402237415145,171.19712767061324,164.86434602017803,166.58175288025146
bad_form,170.80802437719538,171.00028590206304,165.35855145415113,164.72833348608387
bad_form,172.5612439509816,170.8100986155475,165.35896439311887,163.639520614598
bad_form,173.0423632695662,168.81608430948597,164.24654127244952,161.6166801443345
bad_form,174.3962173942165,167.10364369069072,163.5786171418617,160.6280173095203
bad_form,173.52560663900587,170.1635827027358,164.31180500297225,160.3003589967727
bad_form,172.74552085740422,172.49860908589994,164.72267931262138,161.3680650785228
bad_form,172.43664259674912,171.35452624345632,164.83942760571952,161.73669476508442
bad_form,171.38321743761819,171.62296022145023,164.5632024789948,161.45049192027423
bad_form,170.5507738979078,171.045212103452,165.1696980070328,161.44441604533966
bad_form,172.18203746874178,173.20875416433495,164.92562626896571,161.12347424320052
bad_form,171.09648812577734,174.59125511122022,163.43446630668595,160.78064645521178
bad_form,172.14937334556313,175.28460116013488,162.03779384077296,161.1931216869659
bad_form,171.79937495480405,173.9858688065621,162.4712581514177,161.19844883531104
bad_form,170.40626241055008,172.3880307042444,162.74931801073242,160.6194518761714
bad_form,170.43392814530205,171.8922997264753,162.9630909011642,160.02947287149823
bad_form,170.16534753793763,172.61195709993493,162.1924541081548,159.3083861337411
bad_form,171.6405341239683,172.48935586763128,162.66550974708406,159.14297475509434
bad_form,172.7903372988443,173.19271993355997,163.221125386976,158.9445624789019
bad_form,171.92728689631357,173.1753364021393,164.31287619917282,159.38640282870557
bad_form,172.88546484512187,173.2143254581581,165.41265710072759,159.38610127687537
bad_form,173.76158923797033,172.4499668669747,165.41642708149197,160.4358439724735
bad_form,171.07117626909906,172.3103564893715,165.2960375182973,160.6145727292476
bad_form,171.29289956238864,173.1387897735,165.44856049664966,160.7346206417148
bad_form,170.14034313378332,172.95196326298583,165.97413786471895,160.89892911171358
bad_form,171.93825329664156,170.08626273895175,165.863280462539,160.70156773288997
bad_form,173.41306591161117,170.40273190573436,165.05562911807334,160.5987234114065
bad_form,169.37482127161405,169.97184307252584,165.3130234581209,160.51411478599962
bad_form,171.5803330546272,170.2749127403306,164.0549478060637,160.69364083513454
bad_form,169.72285655935985,174.0839159715322,162.93439181488947,160.51173848871784
bad_form,173.38425040735174,175.09231019804443,162.56626881146053,161.2264128093069
bad_form,173.39449658898448,175.7255231463231,162.87675928708583,162.21455289866347
bad_form,174.1925723098744,174.42629225043544,162.32387445071626,163.84868957816252
bad_form,177.35386185782224,174.2898417455197,163.07856566951065,163.64936796308712
bad_form,179.52403659310028,175.33403431392412,163.45750197336176,163.97754806140043
bad_form,175.30321459471853,173.71454308192105,164.17563790741653,163.7251736769954
bad_form,175.5181372499949,173.42652890689925,164.82584078769602,163.9127456789406
bad_form,171.96600729499926,169.77747200572085,165.59433109110068,164.20511648529208
bad_form,167.76136361589556,167.74802921624087,166.42263309167421,164.26781199441302
bad_form,170.079877033783,167.19105722718984,166.89622752862343,164.30321553149113
bad_form,169.64206130786565,167.15968523660877,167.41354799374477,164.1607415532912
bad_form,166.68582816582125,162.5762877268482,168.17435445132944,164.35860136249514
bad_form,167.5491111198525,162.01567243357673,168.88840802725974,164.29651228674874
bad_form,164.21248740607155,160.8120569240591,169.83244783410805,164.2207844287934
bad_form,167.85001496291832,156.37409094526757,169.9992157289275,164.01497536056274
bad_form,171.25633413895991,163.17971004603982,170.29779758290647,164.12399016526376
bad_form,166.4841877097087,158.36316338335595,169.70146303304375,163.93024528880454
bad_form,171.87870306992863,167.88003284620194,169.1924358790672,163.94964023393572
bad_form,164.72410910054128,165.8484151477368,169.0037657522112,163.9655332773343
bad_form,168.60521339972917,162.28495471018346,168.90630663436886,164.77330406784543
bad_form,167.8577073306803,161.5599950033615,168.88493026031313,165.15842268163078
bad_form,171.3768008146667,165.7849598509797,168.71510604627272,165.35125691915144
bad_form,174.28722188007504,168.4811741463956,168.32790347942833,165.38831979947926
bad_form,174.14968941014422,171.0793996191965,167.11102360786956,165.3647144967675
bad_form,177.76088741547474,171.40363337540614,166.76552051390556,165.22816327136363
bad_form,174.22331216223247,169.42721162551973,167.18598347503467,164.4842702865118
bad_form,170.85538202604866,171.59338302711907,166.06078693234574,164.16088905502943
bad_form,167.67560141724687,174.46188344054752,164.32399323748757,164.38912785734786
bad_form,168.5143844969806,174.7744461556644,163.44359030762067,164.6577013292902
bad_form,175.2141288910096,172.02580342938563,163.20734328632437,164.0129576252879
bad_form,174.99456573758084,170.48336949862406,162.77646552546233,163.52081986858295
bad_form,175.9292416139255,173.0457562670492,162.68009159501943,162.34591871079556
bad_form,176.6613876401489,173.2608098610608,163.12637116583892,159.8119918132109
bad_form,173.84261375377883,176.79861894226232,163.05522049649304,159.1944604971889
bad_form,173.920655700899,177.57902362077655,163.9995078765235,160.08121211081144
bad_form,173.1597949723581,177.93083870403746,164.29566262972867,160.5692413472429
bad_form,172.65767404441286,177.93824893612003,164.39892425447212,160.53723054471328
bad_form,172.69395394522846,178.94551146738584,165.03789186160205,160.5698258554726
bad_form,174.20787859315192,177.9901644295359,164.55411890458652,161.55972840010915
bad_form,173.95380530871597,178.49896967450732,164.51449709347725,161.45440192813496
bad_form,175.64187892618025,178.07333280769225,164.71469325332734,161.46079347651448
bad_form,176.47128010295165,178.63578547541397,164.3552400330896,160.97102258098724
bad_form,174.73253402654757,176.99929973339758,163.6149526594619,160.96254363761793
bad_form,174.22294882347552,174.47269377176363,163.5175564768809,160.46331658811584
bad_form,174.65521039452616,173.38475882058682,162.98392092822016,161.49191485659156
bad_form,172.96349627613782,172.8304296193142,163.64916900967083,160.43467413165013
bad_form,174.94574139294,175.7391799153862,163.7531979002728,159.91011851372934
bad_form,173.58153869480037,173.41139154475394,164.6259447472409,159.3227777051997
bad_form,169.86153782493767,164.8770824020177,157.60092639236078,168.17382180073125
bad_form,169.28365977870334,165.55884480029468,158.30967038142668,167.5988547266438
bad_form,168.59927584418668,164.32126044898615,158.68009146719146,167.38749673615592
bad_form,169.36806199825546,164.0749066125203,158.91164723719427,167.32384907053998
bad_form,169.29704971309144,162.4450140101135,158.6083956556721,167.2152109873423
bad_form,167.63176531886376,161.90644577351387,158.22040261777164,166.88821009159764
bad_form,168.28561130775196,164.54863514082172,158.33480022556603,166.17110504720878
bad_form,170.8120016623062,167.06233207657692,158.36870540363907,166.13553794314325
bad_form,171.60056225609657,167.51817364943136,158.32343003527984,166.21257460107373
bad_form,171.25150724578378,168.91839588503618,158.5254992164318,165.61969428835204
bad_form,173.45727586976946,170.32085462041962,158.95793336869923,165.37483368492715
bad_form,173.90344154928536,167.67451275597685,158.87249869613305,165.38251753259237
bad_form,172.33892285420728,168.25623136222364,160.35637243207847,165.92263214014875
bad_form,170.9628133466869,167.97226489287544,160.5676965927203,166.931242182946
bad_form,167.92039376783856,171.63215206916618,161.33528221410194,168.21047904379034
bad_form,166.7739660651983,173.11149252816728,162.41018031188216,168.77743025575515
bad_form,166.71566615371802,171.8307217708993,162.13181959178644,169.19890697525227
bad_form,167.311926807195,166.85542681180226,162.40728926793005,170.44420974718895
bad_form,168.45133118476298,165.45797394211408,163.59337405277262,168.87418187131252
bad_form,169.36004700933452,162.97883379554793,163.72061278640567,170.04366530093776
bad_form,175.4005778848481,161.4157621862654,164.79331328421813,167.75831443847844
bad_form,173.47132622448382,163.1974203319089,164.44356992028366,167.97628607582212
bad_form,173.21678810786494,161.51063880951597,164.83779797633358,169.12529312127504
bad_form,171.77311841257014,160.22228385147008,165.271551899794,169.72696970644287
bad_form,162.4519814544331,155.75847411613037,165.86663383088737,170.53147423473342
bad_form,165.6081683625848,155.41496374488327,166.01361358707248,170.0622385514215
bad_form,169.3743749717924,148.23570290236182,166.18577902056734,171.3831410110311
bad_form,176.40494973275645,148.43666083470376,168.45082436822696,171.65887719204463
bad_form,176.2990461428857,146.29926804472512,169.40645369222702,172.4903243949793
bad_form,177.55117278438934,145.67791165700322,169.47886959536322,173.23557229093578
bad_form,173.22216296854558,149.602997410696,168.48200552012418,172.76996790877416
bad_form,170.4402319035747,152.77799738475213,167.25997556085377,173.85260698195438
bad_form,163.37507826321252,153.3435184791736,165.6863420575603,175.77185994961576
bad_form,174.7087311600519,153.77149579149076,164.88901668736833,177.26353275418253
bad_form,176.1109635954145,163.04481194496253,164.90432991179844,176.75820112426803
bad_form,179.2522998665541,167.3075872818908,166.16144327586218,175.70470513299003
bad_form,175.10025346302857,168.22272718620795,166.32689513809683,174.86925177855116
bad_form,171.58290338896833,165.78793155844866,166.93328663005408,175.30491935734966
bad_form,170.91451633853643,165.41296034913205,165.21861004166036,175.10576105977935
bad_form,169.96173495241302,163.4517132164978,163.9739301975877,175.16624051409087
bad_form,171.6629275782171,166.37207313397144,164.18080209865755,172.92237371709854
bad_form,170.38428635007043,167.52184257963535,163.47075040121968,172.8876426801595
bad_form,171.6676887347347,168.99190513698002,161.990229980099,173.98491406492016
bad_form,171.72597498456568,168.6179631471436,160.86395945496614,174.5911657619958
bad_form,172.69639950156662,170.1934015047639,159.22916198600282,175.60555928427289
bad_form,170.74023074735535,169.43647592637487,158.3521714743824,175.4897427343693
bad_form,171.21475221064682,170.05940742296883,157.73883216913484,174.21030357135228
bad_form,171.21172197371226,173.06189213808628,158.6574090322565,172.10013548360823
bad_form,172.09655997152885,173.51152343692516,159.8917925012225,169.69139735769312
bad_form,171.88473303420028,172.93819759206662,160.28203981221583,167.57825973100125
bad_form,169.91196742072648,171.92134371287054,160.70873135951885,166.09942664548743
bad_form,170.4630995395931,170.0435516434539,160.89936284653658,166.2076693311788
bad_form,171.0632799299993,169.2492767988663,160.81337374264416,166.70471392145015
bad_form,170.96774325839183,168.7211693635105,160.80695317916425,167.20435983604878
bad_form,168.67417815265384,169.52499067734888,160.61937473783127,166.9903223798361
bad_form,168.0743458121203,168.75234217158985,160.49051218603185,167.5350049619922
bad_form,168.76975733420178,166.83353124577,160.4833374328829,168.20380278551863
bad_form,170.53291450006563,166.67850035415023,160.412169848559,167.98130141400313
bad_form,169.4791291140774,166.49132052665132,160.79483923677662,167.16279151187197
bad_form,168.65622599138834,166.12574134579026,161.45651987427806,166.8237698998623
bad_form,167.35675005468283,165.70769406852642,161.72564347487946,166.9032216625267
bad_form,167.0155693237518,166.160439079365,161.80615946172705,167.06002022543126
bad_form,165.9634436765102,166.52917545632945,161.2951216155729,167.32751774513747
bad_form,167.48127858981582,166.99161184415976,161.30603611611903,167.91194335680333
bad_form,166.4594621720477,166.588739189831,162.05377255026283,167.315281177523
bad_form,170.0053066231303,164.8456948744515,161.42357726234573,167.60865057254466
bad_form,169.65845943175702,164.00329078656162,161.1676220254814,166.95419040003202
bad_form,169.62480098638392,166.93947528344384,161.12323880672997,166.08128103381762
bad_form,169.6051049311632,171.13312758855213,159.85271106590514,166.67127822400573
bad_form,172.97399919193205,171.42133294245477,159.7504564339441,167.46781190334943
bad_form,172.18811048032705,172.46583015002318,160.90194207084164,168.17600681590417
bad_form,173.19277536910735,171.61025978518825,160.92566144581758,168.43987623514218
bad_form,174.67173267054378,170.74067542305337,161.04376909579497,168.8890210539781
bad_form,174.55164437701706,169.0315333631833,160.37629712811517,169.22477478258813
bad_form,173.72768629204725,171.06224072218262,161.28406338233836,169.36105668245187
bad_form,170.7769868659676,171.63745850625855,161.19234294046828,169.93959339595136
bad_form,166.01536346425468,168.43763265907958,161.99248915941024,170.88147279822334
bad_form,164.3554423380521,165.13325647249331,161.99919988452328,172.85508654025557
bad_form,168.1846026689218,166.62125824454287,162.6318972089701,172.67894616694926
bad_form,167.79648562479386,164.99763718641665,164.3153867757487,172.98189326966863
bad_form,170.99903924636462,166.46210996700069,165.78774699598168,173.0383641529052
bad_form,168.99617555854232,162.47153282194188,166.0631756310786,172.4713047582025
bad_form,171.67102938680168,162.8413324977688,167.08395475942,172.5967411844022
bad_form,171.16789539247532,159.67284335195964,166.23038140660321,173.86204742322644
bad_form,173.56656435204752,154.5345163839582,166.445003939426,175.35398429534524
bad_form,177.55041756932894,150.00889865232003,167.05544032587676,176.9816070286914
bad_form,176.07435547568684,151.00177665319535,166.52967369098323,177.86432880317514
bad_form,173.1970943265599,151.2924065936379,165.57371195417676,176.54727895882394
bad_form,174.67913398876382,147.1822503564617,165.1669118133078,177.52114850380252
bad_form,174.5037826019718,145.13113177825147,164.8339377917746,177.84938238463593
bad_form,177.03637687612218,145.63959704671228,164.41570378905303,177.3586603445661
bad_form,178.2227871360002,144.99162730402017,165.52670884116682,176.28959699165816
bad_form,175.49639514092044,145.68392062351222,166.85376592791525,175.45647694988617
bad_form,173.35433435133277,147.63486063284063,167.1916216685604,174.0525630113307
bad_form,170.5901602176758,147.8036427539955,165.43729406386984,174.68391751061395
bad_form,173.5743891046119,153.56196521036676,165.29490116784146,174.51407742662485
bad_form,179.13920086630682,159.99538716543043,165.61427917207854,174.18555790445674
bad_form,176.97563770489677,161.49296199891631,165.20103387141654,173.6742629805801
bad_form,172.03572789688394,164.72770276009265,165.55368019359133,172.49331866458223
bad_form,174.27816260073928,165.05357346619604,165.3330763001657,173.0074250331239
bad_form,170.84144794329734,162.68020351547085,164.7511284460338,173.62781441822693
bad_form,171.39731528793854,161.99812985245984,163.8641268391944,174.6834852488524
bad_form,169.64566402968472,157.09171977016368,163.31719511035067,173.09960283530236
bad_form,169.41377421599162,160.93615128865284,161.85712969050218,171.4556979593197
bad_form,170.1341997087627,161.93372564598775,161.3999861800873,172.0476826097127
bad_form,172.221351864085,163.3458622500245,160.09460888765727,172.8347234936555
bad_form,169.04508070413382,161.68037808366014,159.30615413470568,174.36697846796596
bad_form,170.0152327131487,161.05735773224035,158.3845081668571,175.88516549612717
bad_form,169.60657904406804,163.2957927769915,158.53310254304188,174.75751470382332
bad_form,169.9949811650641,165.78128777125175,158.54353800011836,172.65497964482577
bad_form,171.44065222510255,167.17298921994342,157.98826275503424,170.50246641196037
bad_form,171.12910621817898,168.73049978604422,158.34890104352607,168.15578397071374
bad_form,169.29362533101988,166.97363351968428,158.36570063396823,166.4454168992034
bad_form,169.92232965412788,167.18293321370038,158.2711435782227,166.12756035037765
bad_form,170.2157273575171,165.06392045776724,158.23030254035422,164.76416785777408
bad_form,170.75775428302646,164.4342451051413,158.10342441616632,164.59465075198145
bad_form,169.76015265469994,166.1570568489245,158.08473868617187,163.80089904358402
bad_form,168.43941248588553,166.73142140065758,158.8640006528299,162.29967601879383
bad_form,167.7264860769389,167.32281332816237,158.99455535036157,163.52125823584615
bad_form,167.16524167904447,167.26347123135272,158.41726230631366,164.69028355799315
bad_form,167.83172464239001,167.16600685046703,158.58755622750436,164.82298316800578
bad_form,168.4555714185964,165.00930245947862,158.65948312225154,165.16412881933775
bad_form,167.94288575708978,165.01144383252884,158.81059548890283,165.4348156787256
bad_form,168.10350339301354,164.27836383070775,159.06954130361655,165.781202230281
bad_form,168.35552629149822,164.04668348988315,160.79747664847983,164.71594615013694
bad_form,168.03791994667245,163.27930784841146,160.69538441933742,164.74941994366833
bad_form,167.24974593991928,164.04358726999524,159.97482547754993,165.05241561505565
bad_form,166.41992280121949,165.1603267678765,159.31237462472495,165.86226082805794
bad_form,166.07914393787905,165.9381468292618,158.83532896053148,167.16208211361695
bad_form,165.11039361448465,164.69712864370484,158.57824566499355,167.98180546060232
bad_form,166.4153221043291,166.4524040829317,158.5160592661009,167.68163758612303
bad_form,168.03881521958007,165.2142833912168,158.34117217715723,167.73582903525644
bad_form,168.74951107561378,166.857705275254,158.11260373535606,167.7709181959039
bad_form,169.26391564280758,168.01364420584628,157.8994599570985,167.85894768598638
bad_form,171.4285897157758,170.1066921077011,157.38318418814737,168.46061860788691
bad_form,172.9651523482428,170.32702761262482,157.5245021274796,169.03022717582846
bad_form,171.5304901288946,169.8327508311184,157.67074117813993,169.8143784105464
bad_form,171.42056862607905,170.53032400261134,157.13017811181336,170.54199598964342
bad_form,173.3973536640218,168.1574728591788,157.044851631982,170.75865275009127
bad_form,173.5764632337928,166.47247496337988,156.60878262450035,170.87539294603238
bad_form,172.68009154924633,167.36487972027163,157.30426295462485,170.39584371996204
bad_form,170.14880732371597,166.83535245230703,158.54147517383015,170.47097639587838
bad_form,163.81138470327656,164.3255407745434,159.59153270646271,170.30311491960381
bad_form,164.49287446500043,158.85440640579904,159.79268116280255,171.05450885806724
bad_form,172.2109592916586,156.7188587624081,159.74235554398743,172.23520022748525
bad_form,172.04513037282896,156.8380433727335,160.4479459452032,172.6467826414766
bad_form,170.21062016995742,158.07036604059252,161.51816174429922,173.54004045223493
bad_form,169.73311461711884,157.49232973651044,161.89541515749966,174.42561901952513
bad_form,170.4484533164655,154.90735724300302,162.34538291761234,174.36699478805969
bad_form,171.16459175223042,152.2793925061852,162.80488774803462,174.02440635916653
bad_form,176.4940317129593,146.21386926835308,162.48690304601246,174.65913315842278
bad_form,177.24333805542304,142.98157538036048,162.65200243675287,175.30860098690044
bad_form,175.36375687094966,141.92695559393155,162.60915853966486,176.96467996930818
bad_form,169.47700333870222,147.84835730766434,162.36951206801274,177.2637378027841
bad_form,170.7155784598458,142.6501607978074,162.03459091744904,177.3235502658339
bad_form,172.75517188346913,140.90612476792344,161.9131977319387,177.24656487885085
bad_form,172.23652183170535,135.74656536960376,161.89636252744663,177.24604033434358
bad_form,176.9029781296428,135.98025931804787,161.9026412631905,177.3704788492095
bad_form,176.68848401113286,135.1255465701576,162.01263130463494,177.33692822569625
bad_form,174.32571098794517,138.79110770852458,161.6395729058296,177.3859425076998
bad_form,171.8601161341308,142.7381784536182,161.42607372642087,177.09792128432278
bad_form,167.53328269948864,140.29186110503701,161.80199565152293,176.68691153895688
bad_form,170.37108920930092,150.01598361196517,161.34795525434438,176.041593221346
bad_form,175.6576307650453,151.6554356898746,161.4982573672628,174.4756252386429
bad_form,179.73871158036292,156.95345034868865,161.19533355529086,173.2073060170517
bad_form,176.87439060421625,162.45650692504523,161.24621274762026,172.88392459196743
bad_form,173.06395444743612,163.0952536505395,161.107439894429,172.36597260300428
bad_form,172.54226934413168,158.03715752599047,159.96788230109252,172.45933767572444
bad_form,170.38630287715088,154.53060941527693,159.5610823909515,172.40315471807853
bad_form,170.82671367545944,158.83159264616958,158.45656654451923,172.7588650536027
bad_form,169.50208965834088,157.34699445657645,159.13461930399293,171.34436855501127
bad_form,168.44060873210873,163.511159885448,159.79357538537352,169.04077469596714
bad_form,170.7788697260041,164.34456265338875,158.97087686732405,169.53018166771835
bad_form,172.3762769035861,164.15696143385313,159.7454890510024,169.11275843739074
bad_form,171.7480328059232,165.07227589242032,159.68798024073885,168.97491324365527
bad_form,171.36868091210735,166.0790461929886,159.87399281177457,168.5147705449665
bad_form,172.5856452418442,171.11323397173746,159.79364231431822,168.58656757666142
bad_form,173.15304947134356,174.1142787587149,159.37642537429582,167.22542816121089
bad_form,174.09766845825982,172.38264206094536,159.64202686348258,167.23455882215714
bad_form,171.58176958701858,170.83268964523813,159.8538336903058,166.90699647114434
bad_form,167.46244994347606,167.91096957226605,159.29979887241637,165.89166382344087
bad_form,169.82865707006957,167.69211139952972,158.8990383124085,166.0383589039325
bad_form,171.57879982514106,168.4008544777971,158.3969532418163,166.27122323862187
bad_form,169.96791515878584,168.50534445090886,158.153983954633,166.86695186983863
bad_form,169.323702755,166.03614694201846,157.45816566625965,167.10078232176468
bad_form,167.95545844205512,162.21433489949328,156.91210741094932,167.11394773354868
bad_form,165.95677753383322,160.48501535569454,156.66381151082257,167.04680778819457
bad_form,164.07033537110152,161.2559831350806,157.02005505352534,166.70334642881005
bad_form,163.78689071784703,162.04428522491412,157.12119751089654,166.68328314820897
bad_form,163.74521491506368,162.37725479947864,157.2772493735479,166.57307369031182
bad_form,163.94780794442727,161.09336651293165,157.35621640594817,166.69660804399717
bad_form,163.7483802516574,160.20022307517593,157.38668159865668,166.9315685206849
bad_form,162.44543673433128,159.3767212862644,157.6133667599966,167.21047969118652
bad_form,162.81262434220162,159.0883844585487,157.81016290059642,167.84607545240135
bad_form,162.5834761527867,157.06735596465901,157.6534797708741,168.08172816398442
bad_form,161.54074266320515,160.2687135888192,157.73133950268036,168.21618667209106
bad_form,164.97565219855204,162.94315803816957,158.36496116347254,167.77766357637023
bad_form,168.55415376032607,162.30202905110673,158.82501675819833,167.15744758479516
bad_form,169.56794561979484,163.44431797664353,159.33956890823058,166.05246324861582
bad_form,170.9511403445027,167.34241956184366,159.21095922832492,164.97513465174876
bad_form,172.43897589335523,168.38965418119227,159.6107089098566,165.03585199770237
bad_form,171.00066878322443,167.79706746268906,160.31158735928747,165.12111724012075
bad_form,173.0032289240564,166.1481824250125,160.57062451323355,165.3350887225115
bad_form,172.01695796469082,165.97966562342043,161.27480191741458,165.671290152154
bad_form,171.30153407486114,168.66634399933272,161.8551937243696,166.2153033978893
bad_form,172.9242184961148,168.57100354586353,161.70735592556676,168.76344062666794
bad_form,171.92598698982613,166.3081375906762,161.6475244173714,170.3069762836395
bad_form,168.4006765544006,164.07991766970306,160.19838655269336,172.92026129406352
bad_form,170.66217978005298,159.42477102988462,159.09967586112882,174.67167051887122
bad_form,172.5262897219906,158.16809823647583,160.0393782443699,176.08257222908256
bad_form,172.46406986123316,157.82143497911878,160.10749487995125,176.87056445376462
bad_form,173.32076470644924,159.4531540842412,160.6899729245238,177.67930139548545
bad_form,176.0547630644775,160.1606132881577,160.4658486931378,177.41853169253355
bad_form,173.1366258412336,155.05570451665415,160.4471390504925,176.78938376293033
bad_form,173.7672535290247,155.68754472579695,161.33997087974177,176.2812285693459
bad_form,174.09500117343643,157.87811804178943,160.5697880720028,176.51076662038253
bad_form,167.01187595412088,162.19790279057486,159.74264254283753,177.6140831975095
bad_form,168.4742048134713,162.01881407293646,159.60441345270587,178.29563556626908
bad_form,170.76596298468164,157.71948682517345,159.99773966153057,178.32788033944018
bad_form,176.51787729977636,155.4713720300886,160.70093375539713,177.8308493714429
bad_form,179.80580229432115,150.3187663624433,161.16223910403002,177.15716676950285
bad_form,176.64532858115822,150.0512096059015,161.23445350163766,176.74606841849752
bad_form,179.29672341514055,152.54850103715467,161.43428496699082,176.41387448597538
bad_form,175.3813084667065,155.60611241062588,161.51081992836976,176.24869249697596
bad_form,174.7451896769115,161.3012639375077,161.2906749573675,174.99506895017
bad_form,173.33498128867726,155.75099001283664,161.20585954257814,173.43844227063704
bad_form,176.1116808430738,161.8001261172177,160.95883412366865,172.40801885670422
bad_form,178.4662112824078,161.21017837337695,161.0989414616011,170.06412374509804
bad_form,178.29401039399355,164.27588846619372,161.34246342821044,169.6649746795477
bad_form,175.29260355731316,168.27847607212678,161.61894435846722,169.40531913356256
bad_form,172.43755676666237,168.26575570887724,160.79649233498995,169.69097862174178
bad_form,169.06890306415315,166.89780835951018,159.27538277545742,170.57444367059193
bad_form,170.52623190297808,167.19399954016828,158.7446886163461,170.35840850785002
bad_form,171.95345592485913,166.53156719905024,157.5125407994603,169.75696417258789
bad_form,171.99378698924357,169.91010417637804,157.00289875347178,169.88769171470238
bad_form,170.6195256964905,169.591024560969,156.9130228387493,169.44783228595637
bad_form,169.17773329769122,169.70516381995736,156.90168134314914,168.71370193526448
bad_form,167.8805489639778,171.96768624386263,156.09341095351314,169.56731957270787
bad_form,168.51491453818807,171.0462083011745,155.9920231089952,169.22101339859015
bad_form,169.1684523780844,171.45531252777036,156.20749651279397,168.1791892002188
bad_form,170.29824978638683,174.19280313429712,156.63050840985107,166.9660019670582
bad_form,171.10754928931732,174.0137636191186,157.51278058499764,166.2146902551108
bad_form,171.1064393521938,174.92205390025197,158.87294981289193,164.79034401367971
bad_form,167.70546271896953,172.06236502514233,159.40594341232045,163.93883791503745
bad_form,169.86762076801384,169.4531766845036,159.7305685174207,163.84285965209816
bad_form,169.3083504977045,167.68970547263027,160.18565217818238,163.4228815451734
bad_form,166.2623602354026,166.9920957039745,160.45094843630076,163.36255031764702
bad_form,166.5478258353528,168.8991090792285,160.75267540434567,162.93961382004335
bad_form,167.99005434081678,169.38225506507473,160.65464066617565,163.1467712101222
bad_form,165.53630702527337,167.9991860167846,160.51958300819265,163.49838457209842
bad_form,162.54467942859316,165.25639413586924,160.26914199818935,164.18632160835276
bad_form,160.88958233539034,163.2505334197308,160.24882275160255,164.77629485900943
bad_form,162.44700354362172,162.32130204157784,160.34314148728532,164.71235157855997
bad_form,163.65935896136403,161.4494653366621,160.32560392330015,164.78264050056814
bad_form,163.6176221960961,161.4134921522746,160.45142568130953,165.11070739136713
bad_form,168.30704828443623,170.57897420956007,160.55653203396025,166.1238075249118
bad_form,169.65319482698237,171.6087370731342,160.1762460462668,166.74191521172483
bad_form,168.43738219967136,170.5809781601621,160.22005036297617,166.89227620053614
bad_form,168.74281023924593,168.64557716405076,160.2736521888433,167.10153120942223
bad_form,163.87549631334394,169.36015775666817,160.51223828629026,167.65907594539388
bad_form,163.25165284502117,169.04995567656235,160.97298336346586,168.01258075934285
bad_form,159.28219015359005,164.24757891293146,161.50272455549646,168.5052516865877
bad_form,154.31335129026021,160.6774402879441,162.43796639515497,168.18793099278741
bad_form,153.53670667947992,158.91474956755619,163.28026461693003,168.00576032912957
bad_form,152.32426659240951,150.42712587453215,164.37887692519163,168.17827895119484
bad_form,148.40210725054416,148.75270071671991,164.97013529875838,168.55035713960032
bad_form,149.5484958407547,149.605726564002,165.8818590797172,168.66431771362676
bad_form,144.75248830018458,146.00405048072037,166.99909356409105,169.31096454469662
bad_form,142.33220580127556,143.82378144662695,167.52248215154117,169.69638582010066
bad_form,143.92108489062062,141.83948584366266,168.3423989809546,169.70374128258268
bad_form,144.3613887063327,139.3546764644607,168.7501125945417,169.8256673994969
bad_form,141.2924620277904,134.7708023069041,168.9646631624948,170.20783405655206
bad_form,138.1123396032132,130.64261516749897,168.8244369353904,170.70424981454957
bad_form,135.92242312750506,125.74185460034565,168.7793174637064,171.15852463955653
bad_form,134.43616887108172,123.44285278845946,168.87459322589066,171.45783346648733
bad_form,135.2131164006326,123.4789688434495,169.152181579182,171.5719384638778
bad_form,136.04100275413688,123.8145437319708,169.36156467033865,171.70770419090036
bad_form,137.57047492144198,124.70716633735576,169.42442342880526,171.86453955803663
bad_form,139.22533561197145,126.16265735380216,169.3923872206677,171.94203432553616
bad_form,141.51352869677208,128.32850053498163,169.42841450666708,171.94849337027065
bad_form,142.70808418030728,129.07679430576692,169.4927283228678,171.91714103701204
bad_form,144.4591832230782,133.69085146343457,169.45793209447362,171.40162513660522
bad_form,151.29249696535908,141.83038707931212,169.27443965707425,170.81127643665405
bad_form,156.5325793518978,144.80890549729543,169.1548616650304,170.54816043032386
bad_form,153.80821203081126,144.12951261006765,168.92618212946383,169.58405316591856
bad_form,155.48907441973327,151.13444266320428,168.8523912001909,168.88170060466265
bad_form,156.86489712335054,158.38059451643446,168.5281116699632,167.97428608564113
bad_form,157.54682950268275,158.98715272921922,168.3929191360781,167.10354538435973
bad_form,158.89882406818626,161.4732995678094,168.0938506786512,166.124254800076
bad_form,160.23566353488408,163.05085228074267,167.5111898755498,165.6768058039016
bad_form,158.95523028512608,167.10092581335718,166.23419021271968,166.11641329388732
bad_form,160.56980346943692,163.99779117297143,165.370809937315,166.5160013826899
bad_form,163.00884113627345,164.77653559658927,164.3305415529504,166.6737343560342
bad_form,168.42739128431472,165.7858901382462,163.83363281317185,166.7727433365568
bad_form,167.9424452436869,167.20006168958253,163.2308430410156,166.90437918256694
bad_form,167.22003938956502,169.5293677111014,163.14664323143407,166.77923275207644
bad_form,166.3011083439741,169.30574111354682,162.50930569639948,166.80208757813577
bad_form,167.34374868443115,169.30254330528376,162.44609415443455,166.64828352545663
bad_form,167.51862418070846,168.3919438706859,162.12029723720713,166.37254751456413
bad_form,167.61015952459834,169.36715332775643,162.4568819700142,165.70465040288965
bad_form,168.56382701919864,169.9199732025391,162.3686523164377,164.80510261687814
bad_form,167.14741346490135,169.66614706600723,162.0317205496583,165.87806400443915
bad_form,164.42279489856307,168.39743961553756,162.31965495532492,165.97374340517578
bad_form,163.1847347782476,166.1099063865869,161.77549598155082,166.23412573553944
bad_form,161.80560384621606,164.60177640234681,160.50693899280358,166.57507359153996
bad_form,164.42314676520022,164.4908082561362,160.38913612886938,166.6219007794542
bad_form,162.55592846395305,164.08559398342476,159.41531613973,167.72692475242235
bad_form,163.1357429874001,163.41643804829752,159.72653146601877,167.26117410796328
bad_form,161.75443321679515,163.03022185219672,159.1927771048436,166.70475743310587
bad_form,160.2739536814323,161.4337622275663,158.2999711191775,167.54950583890397
bad_form,156.6438102548552,159.14375804079987,158.10934360677982,168.49461725178483
bad_form,155.47030769245475,157.68632722244013,158.37969541501622,169.04751161725105
bad_form,154.4236373354663,156.4562024082715,158.6713293302891,168.87262000340738
bad_form,155.7671806161356,156.9641606016907,158.63519939957726,169.52121765311728
bad_form,156.37289920232806,157.6466797962278,157.68685821870437,170.2826820434385
bad_form,154.98488804662216,157.18468848667266,157.09533555250107,170.3134744358248
bad_form,155.84980283852332,156.37731736727645,156.72215201741594,170.36508111398814
bad_form,157.2330303702835,159.11202050212034,157.00714815268736,169.64940564080055
bad_form,156.26163582568526,160.0926276277583,156.33781105730068,170.33440318117096
bad_form,155.26740008440686,159.30248404121045,156.5174757251072,169.90379682992028
bad_form,154.99665482860217,159.04655082139638,156.20462374723024,170.21392232898654
bad_form,153.99420100199325,157.296136109473,155.99578363786247,170.7642552576681
bad_form,151.92587839733082,154.97386265049616,156.62779401697276,171.14045346992867
bad_form,152.72981066073783,156.13551570411187,158.13060820002673,171.6297143235791
bad_form,152.4080012136614,156.12915511220874,158.8055569502505,172.59037844464885
bad_form,153.45141947915843,153.30770719863142,159.4704488169775,172.50268763512364
bad_form,155.16738692878204,156.14888941897547,161.16396664520596,171.12027157455262
bad_form,154.35384622805427,155.50349412045304,161.06444285782092,171.06345119807943
bad_form,158.45438206591575,157.32187473182066,161.02260379179165,170.502306039972
bad_form,160.21619409440555,159.65834043583382,160.77657291696732,169.6708359670007
bad_form,162.23642240210614,162.7831652222328,160.81537612569406,168.86674677692648
bad_form,164.7121934516416,163.9287959753997,160.3635603011771,168.67197169617407
bad_form,165.51533245269056,165.35552284859818,159.93858653090325,168.36578097157803
bad_form,165.86934662182338,168.08178120971274,159.45547916646225,167.80877879990825
bad_form,169.23999566100136,170.9017642637632,159.17434690799504,167.6034032458083
bad_form,170.87080686093677,171.35260465143918,158.74716495713932,167.9128240011702
bad_form,170.7769974012205,172.3604912626657,157.6923093118736,167.9572128397201
bad_form,169.0846464133398,170.6449822004895,157.0937257645172,168.8312853062199
bad_form,171.99807927498114,173.17679183116425,156.048108677588,169.53234227886898
bad_form,173.2211035561929,173.0288518770925,156.31735414981998,169.81230610576364
bad_form,172.37887474273327,171.78081670390628,156.2674984939262,170.19089319617493
bad_form,170.88447656631402,171.00934761156378,156.522692394489,170.53866180500185
bad_form,172.8844241088311,172.2095185045762,157.32819042600048,171.19517549610316
bad_form,171.64226673217337,171.39297591423383,158.28795987007234,171.08397988184157
bad_form,163.9289237526173,171.7467427581356,159.209172454518,171.26209917049434
bad_form,160.37755345528268,170.79774837374913,160.6534141596518,171.4885176073846
bad_form,159.63478659567858,169.83412312081586,161.05108646585683,171.13714970371757
bad_form,161.65868567257476,165.72310312152342,161.6213917535837,171.19006215529802
bad_form,159.62847715339822,165.4603221234459,162.83261688165075,170.35144377992796
bad_form,158.58672881890863,160.98106536291647,164.4116139247437,170.16552094639658
bad_form,156.7873958464502,160.312368557079,165.06087493767262,170.39095092818638
bad_form,158.3066453369464,161.60570086822418,165.9335841006854,170.25785274851341
bad_form,153.37617254094707,159.8910791978921,166.78365885732495,170.29552432187202
bad_form,153.377526391304,159.40142055414788,167.6441905598041,170.42184521612208
bad_form,152.82601452378546,156.68841353063564,168.4430834882491,170.1500704559123
bad_form,150.35584636126086,151.32304593402097,169.13324939287008,170.10421882676877
bad_form,150.9021615330775,144.54690231619344,170.05587166715574,170.25488052482953
bad_form,144.9765372898967,135.8404117402228,170.9252826868098,170.44954632300855
bad_form,140.3045113901957,131.16263572106325,171.40044712810877,170.66732094889613
bad_form,138.8749950110902,126.34193624932206,171.8400263527049,170.81601936005106
bad_form,137.05081382696537,122.77066833959184,171.87052172147258,170.97384903141472
bad_form,137.79942090227067,121.76912644758316,171.76854760362053,171.087767088939
bad_form,137.1658409194131,121.68550814255416,171.58085917007566,171.47383862862162
bad_form,136.1929177260002,122.18986999957998,171.29263128879188,171.6684717444797
bad_form,137.11348487415893,124.18669378673064,171.04325770008197,171.74983546134024
bad_form,140.5266408059913,125.44879942023854,171.0739609532886,171.89110748020516
bad_form,141.54826849839392,127.55327206194313,171.05320447918012,171.94707222212884
bad_form,141.31994062732545,126.76844849020834,171.21765109176258,171.92725107343543
bad_form,141.99782664144126,127.12983903248802,171.201925574516,172.00936315645805
bad_form,146.22987186067402,133.22386340269017,171.167862587967,171.94257767035705
bad_form,147.80812185650956,139.4215033559075,170.95830992616752,171.74975626922793
bad_form,148.45847575047125,143.68555342356566,170.77703736146393,171.3879287098917
bad_form,149.18679385704624,149.16565453865704,170.596449674301,170.88488078711137
bad_form,153.05905574452257,151.86414224346385,170.54929381986204,170.2962010815548
bad_form,155.73652566358888,158.69778947437308,169.86407085914757,169.16387376234033
bad_form,155.26725692588346,162.8513186097096,168.57494794341943,168.53254546722712
bad_form,156.48847528500795,165.96759820026713,167.2753810180895,167.80357032573048
bad_form,157.49093623522495,165.2848247005808,165.79480195362927,167.5026518225811
bad_form,160.36072915888545,165.57320669247784,163.9273189700185,167.81563931612493
bad_form,163.55404586120807,165.66336510956296,162.87539508525234,167.4375193767191
bad_form,166.3594669879769,167.6470247217594,161.80795233673135,168.07777375598764
bad_form,167.87380018216248,170.24485395508353,160.94753405486003,168.1645121244201
bad_form,170.87825705354877,170.23759590842036,160.65143582602673,168.0799014270077
bad_form,169.07262640765285,170.30812942385742,160.0792448068915,168.31296442111093
bad_form,168.52356903735367,170.70758421747274,159.46702684418884,168.68146480292882
bad_form,170.78165931022804,171.69456723177166,159.4834046037435,168.34103368286574
bad_form,168.81044232047492,172.32948297362094,159.99628535619445,167.77207530058382
bad_form,167.42770163474884,171.47310067723006,160.31824984123142,167.29725853458837
bad_form,165.1741967635794,169.30394302634187,160.36704875600591,167.64890296139183
bad_form,166.92844995535157,168.21392404550153,160.69861199981315,168.2351470009916
bad_form,165.91185498838294,167.50764311904942,160.35985394037323,169.21336416257228
bad_form,163.7902674770397,166.03027485227847,160.17515259309752,171.01824621203855
bad_form,162.86218394401695,163.36655338431677,159.85265051440092,173.1099071329541
bad_form,160.23938004721975,164.13980409364717,159.94401140264787,172.7661672389794
bad_form,158.69933770616896,163.0333132934009,159.98038183171246,172.2247681357608
bad_form,157.20740406694526,160.98466804726624,159.8249021740084,171.65403474499595
bad_form,157.39258871930775,158.46426105321248,159.39708457196173,171.7242516572791
bad_form,156.1582704434053,159.25558341402993,159.05822061923018,171.9751301586657
bad_form,156.93726387496423,160.0418486430495,159.05659765505075,171.72755932894574
bad_form,156.30051310789068,160.15197969822032,158.90382663153528,171.33917988950273
bad_form,154.94268012401562,160.77536156180665,158.51477425948386,171.03913306309178
bad_form,152.63337690792198,160.79724503537113,158.18882985804976,170.7643696766834
bad_form,153.07935755161688,159.10147523072615,158.26939592826804,170.47904326472502
bad_form,154.26768462492302,158.15502166594638,158.39955478254072,170.33467026200196
bad_form,154.40145137636378,157.7133552115914,158.65170363493672,170.65436452296484
bad_form,155.5470624072607,154.76201082360083,158.93603350542784,170.49244654298852
bad_form,152.8999004061594,156.88789291840638,159.26887001644158,170.24032155959006
bad_form,151.09386786141528,156.8913950355762,159.78967233126423,170.37485945926966
bad_form,152.24046384727419,157.2387154445165,159.64562115385758,170.67113073688756
bad_form,156.51836679320195,159.93842652208818,159.53862075842179,170.96138745096505
bad_form,158.6836154946578,162.85521908797622,159.9328532877802,170.83559003716275
bad_form,163.34417441830092,165.9664437122803,160.0437025387695,170.46753678306564
bad_form,165.69130085546618,165.78513773865285,160.2248728278833,169.95283156273214
bad_form,165.81062772444113,167.29188599221752,160.1789621832524,169.54295233697883
bad_form,165.76947354294128,168.33588405549006,160.5451893574221,168.59232752672818
bad_form,167.75781081159334,169.59703774150816,160.93080054587125,168.58674973744436
bad_form,171.03370436474998,171.88942766624524,161.25696722430024,168.09800137459874
bad_form,170.2045086243002,172.21453206749035,161.76267222945341,167.62009226129473
bad_form,168.68025102712863,173.54696086895157,161.99732448412047,167.28144900136732
bad_form,170.27616761777276,173.4787575515021,162.19494450913817,167.38045774530627
bad_form,172.4649790188965,172.86968624098012,162.1754503885508,167.54335840359641
bad_form,173.1005421047022,172.99711927690768,162.01309371356982,167.82245870588014
bad_form,173.43056237281627,171.9895160136698,162.05043983073668,167.99620614018238
bad_form,172.5657932646146,172.28880655660026,161.8894402903663,168.36070211127375
bad_form,171.20202587132385,172.61129846608026,161.8212397834121,168.4269538797251
bad_form,173.4234557719963,170.96808384648762,161.49018188167574,168.9826570666354
bad_form,170.9148065574474,169.9707028055086,161.03572314198757,169.4706057278199
bad_form,167.92120783951916,171.16798562440613,161.4889038970477,169.8501911558781
bad_form,165.8062313305263,171.47326808596694,161.76188904985793,170.28198068188257
bad_form,166.0191249034117,169.71928405137515,162.6026356258733,170.48374705906633
bad_form,165.3802288614438,167.7308216978651,162.50479283310622,170.6434947557365
bad_form,165.870673050232,167.96916449685736,162.53032162413314,170.94679661076754
bad_form,167.11303631724303,168.11272240080862,162.83212154120224,171.11575644102402
bad_form,163.4295735203705,163.0859575799696,163.21098678099307,171.65729166392057
bad_form,161.2628796305088,165.33978132514034,163.69851919511632,172.05937944440447
bad_form,158.54351843530284,167.2284267725014,164.9317517385327,172.01919315283894
bad_form,158.93669104033702,163.3437770188366,165.58319364725662,171.5820326616738
bad_form,156.31645392610855,160.479780906969,166.0200965449214,170.65935197867307
bad_form,151.21547779629384,156.7224005642947,166.43142674744595,170.8036231966609
bad_form,149.72231832765138,152.48973454233794,166.13641620791884,170.65500438391805
bad_form,151.7741905597954,144.878071132271,165.8394176810175,171.07483818498633
bad_form,143.03551935957313,137.73655351145658,166.19910888229418,171.24069470973816
bad_form,143.94179575735143,131.76783534609513,166.19724208927104,171.505001574165
bad_form,140.6063708779561,129.2320011918195,165.61652356484117,172.1146074965423
bad_form,142.71068792121915,128.51398616143064,165.2579880463672,172.68086759289082
bad_form,143.72700574093656,127.06789237794534,165.2655441245204,172.87565656279844
bad_form,144.50034907602563,127.55332592659822,165.21712909013547,173.13555783404914
bad_form,145.676471804895,129.84599432435408,164.94716030024216,173.2914215809858
bad_form,148.0454615205503,131.7079812237833,164.90713832923785,173.37870908291742
bad_form,149.0974713134732,133.54589319396544,165.10499415383853,173.0177455983954
bad_form,151.95379658165453,140.9415173193677,165.36997540261373,172.53549941094198
bad_form,160.0830351229239,150.3342863894879,165.54499928656915,172.19336119394612
bad_form,163.55839508193512,153.14580525078077,165.4145300616191,172.01403606298854
bad_form,164.13840989747686,153.2573042858381,165.25154506974246,171.83939764472098
bad_form,164.8511485347124,154.60769527552569,165.14916495864043,171.70765100134324
bad_form,164.89161457652503,161.3947481414751,164.8288628897213,171.54513143171417
bad_form,169.09955220332802,166.73262986439053,164.26631326986458,171.03314364649876
bad_form,168.29858664067916,170.66060842974727,164.08303695964918,169.74601865399924
bad_form,167.9691599521154,170.38750581557954,163.75984521925602,169.11239984428897
bad_form,168.82339939861015,172.4523770028505,163.49806293554437,168.658125597475
bad_form,167.57515353227555,173.25416103704242,162.78906808035052,168.36636380804927
bad_form,167.39105779264358,172.79272542211348,162.39230879938233,168.39469024533983
bad_form,168.54482433371155,172.22281002104324,162.75044644887703,167.95138199140072
bad_form,170.19769314162403,172.54994755816384,162.54895771405606,167.53487709445773
bad_form,171.0988683245189,173.63366740822232,161.85916286959304,167.53927956619427
bad_form,172.59414288589934,175.03569957518036,162.18960121010727,167.2448377167129
bad_form,170.79338521569508,173.54087801040308,162.1788900530079,166.95731346256113
bad_form,169.78584989115188,172.9899975860014,162.3360229650924,166.75560913127495
bad_form,168.98983213407985,172.50613610256994,162.64371156103732,166.17923934160237
bad_form,169.33932567614508,171.7942146406297,162.71604412132172,166.10359001370645
bad_form,169.83427904203947,172.89129573440385,162.68999402025045,166.30756546820794
bad_form,170.73070870201047,172.7615988963883,162.62458044814534,166.191493152855
bad_form,171.4317779391158,172.20640947035864,162.25335583767347,166.13795824335824
bad_form,169.14528637440134,171.34841835537898,161.9377990798464,166.4409153425295
bad_form,167.69646605528442,169.49275184002863,161.8875819513268,166.75818023833935
bad_form,166.4010382073828,167.67897250344376,161.57636130850918,167.39391459777204
bad_form,165.88703333215153,165.98229671983745,161.46190568127787,167.78212543999695
bad_form,166.98553332556259,166.33102357752912,161.39117555972507,168.36446811401623
bad_form,166.11721128122306,168.4488734953988,161.2029734464495,169.10281864176036
bad_form,163.1708675299088,167.13755907052334,161.4479803056234,169.50593811984825
bad_form,162.4005553927803,165.95705081505014,161.81044233921767,170.24708397799463
bad_form,160.91442861481963,163.96817491909766,161.900264512519,170.6156992841008
bad_form,159.9527390958835,163.77005025819486,161.6106891584972,171.0944273838137
bad_form,159.57339005317021,163.10670107794843,161.40692129164316,171.32796190234058
bad_form,158.7778120942435,163.0149320819387,161.20648960133033,171.32809468031746
bad_form,158.82171067944893,161.32142411347397,161.01086761405384,171.37575360049823
bad_form,159.68431437880687,161.17264045696504,160.7207743664479,171.42869890024733
bad_form,158.8794767958465,161.568560439379,160.43293124371206,171.59899040253896
bad_form,158.58526643284048,162.49563398895913,160.19448910665542,171.60660649474977
bad_form,157.90834300030937,161.57240732589338,160.03063472766402,171.56266829823133
bad_form,157.1663037856885,161.09415330302224,159.948179437822,171.30041420048875
bad_form,156.52966056827333,160.52927557516674,160.0602500191049,171.18496938061685
bad_form,156.56130438885737,159.77202472015625,160.5511432010964,171.0561843327315
bad_form,156.47162998490688,159.68312980000107,160.78765421277348,170.93667472600032
bad_form,156.51556852081274,158.66155115458736,160.9129363515078,171.06007166799816
bad_form,156.25362759086917,161.16142972975717,160.32793552836011,171.8565366648522
bad_form,156.9910936443946,163.39765290689465,160.32930734675992,172.06954067009215
bad_form,159.53528804692448,166.15489465554103,160.65531036044348,171.75639238103216
bad_form,161.91821769709247,168.5806971039428,160.91602415264015,171.2176600002302
bad_form,166.8465621760722,167.5579703787721,160.99642803087366,170.21589206053739
bad_form,168.0327098685912,167.61420551841593,161.1118022481732,169.50504215827505
bad_form,166.46103666748152,170.50835397127392,161.14628458697936,169.10022037859014
bad_form,167.68401708632152,172.95298034589368,161.00847575512972,168.87806682774766
bad_form,172.14047642692736,175.18386861608877,160.94647582061089,168.38386647265725
bad_form,173.21898010555512,175.96549539159415,161.17108983910438,167.3496118430353
bad_form,170.31273411705257,173.7947719550301,161.51519975578438,167.29491533507348
bad_form,174.2092747562777,173.73717029853591,161.91363521410696,167.2727996294325
bad_form,174.3886070876875,173.31165406420848,162.23150115510862,167.51133366071423
bad_form,174.03568199813367,173.41053110559295,162.24984833152138,167.8740249284372
bad_form,173.33600918341529,170.97174578781335,162.17538190060074,168.71644835297343
bad_form,175.86626492408269,170.86215576572562,161.5828087620735,170.21769959695774
bad_form,169.19002387053308,169.99182046936204,161.41343980167358,170.36572556609127
bad_form,166.10355876939747,167.74854385713738,161.65833718238642,170.26696429625017
bad_form,161.70825109833052,167.23681137696124,162.23377304367932,170.29263408392342
bad_form,161.57581583366425,165.14950630534463,163.19249956745313,170.21653112643057
bad_form,163.61179513831874,166.11848025835837,163.85358948179055,170.33587259338074
bad_form,159.89389406769766,163.36726760910148,165.68100574448343,170.61135148914838
bad_form,158.69264859554178,164.9559940531034,166.72500161703718,170.30403978985794
bad_form,159.34941865281414,163.30863191303072,167.49160723890714,170.6165668509111
bad_form,161.53654607975147,158.84019478664968,167.4140894765867,170.55849862827304
bad_form,157.83201872523017,158.07402247716465,167.6192993550157,170.91817657510308
bad_form,155.9779995855067,154.56841065803653,165.84037530100855,171.61006089693686
bad_form,156.98919490829138,151.3139261298939,166.32548863552128,171.23425429902588
bad_form,155.08954222636387,152.22606325848034,166.4334587300307,171.23623178965045
bad_form,153.0872141043792,148.42117206819393,166.74152401161973,171.39975559103
bad_form,149.2238571847971,143.4150005369633,167.3907158422304,171.35313409916677
bad_form,149.37546193782327,140.15900800392168,167.55296764512354,171.36997727682697
bad_form,147.6367365698838,135.51755891420666,167.38520543387972,171.27549904459087
bad_form,144.53751983339708,130.36192643892488,167.25963533108109,171.17304977617408
bad_form,144.7550063018938,126.09685650366232,166.757480494037,171.3724747395983
bad_form,145.17836454359076,125.11618647284769,166.62002105507668,171.40807917946876
bad_form,146.19053868517727,124.99562293237915,166.60265241832184,171.47333264327938
bad_form,147.62899369968918,125.62121216588389,166.76245136016064,171.34934570484708
bad_form,148.19912712510666,127.59523593386447,166.8811843654527,171.23582374869147
bad_form,149.4136844632083,129.46866098361124,166.85622929791214,171.2528354582835
bad_form,146.53685040445427,134.90164793842615,167.10822511218205,170.9180896496712
bad_form,150.109697013254,142.11158473212134,167.69963485043763,170.65282557790943
bad_form,152.70860581372656,146.04666173891204,168.57670597165728,170.60648204294597
bad_form,153.6854117677981,145.29734510436583,169.4449860512604,170.30205025137073
bad_form,156.7778680622951,148.5718645694709,169.37626348438744,170.16062849194782
bad_form,153.99600460155594,150.22207372490237,169.33835580365775,169.83646611071794
bad_form,155.72968728734187,158.17555600240436,169.01184957441788,169.5699737579705
bad_form,161.44707946454733,164.0318340469025,168.77044936829077,169.0011789826142
bad_form,164.86259659813894,164.607175574976,168.08282092668549,168.94643523928468
bad_form,166.961533698364,168.1461496370169,167.93775095114137,168.7224439711167
bad_form,166.25782017529968,167.59677772230464,167.39083925501012,167.8782326272866
bad_form,166.57968186898103,168.28960750842506,167.07857100476096,167.14114370924676
bad_form,164.18495612134157,166.14857741713854,166.7137893850742,167.20885620085505
bad_form,164.47561231666643,167.60764174934008,166.45637901326194,167.593385983362
bad_form,167.73228549412033,169.48549339332487,166.39907857039208,167.93389905556432
bad_form,169.35786466804643,173.99783945449343,165.99935024175244,169.32785194195387
bad_form,171.7838013486684,174.98983409619453,165.80606445899272,168.87291221544064
bad_form,172.71088954437238,173.69323865103735,165.74585635858506,167.94655363695733
bad_form,170.27470866716936,173.1747325403423,165.5062196267373,167.60734824822828
bad_form,170.222794544663,171.37668490671308,165.41815990495718,167.16366827026184
bad_form,169.79812721399517,173.39165187739292,164.3958017153863,166.98314792155367
bad_form,169.925167389636,174.26245648223068,164.00704511430405,166.7584776575751
bad_form,174.34627311983223,142.93339811499163,165.38277234291914,178.62532459630538
bad_form,173.97013601598798,140.07220781209335,164.08147757194666,178.6588227618732
bad_form,177.66630301232004,137.4937668898626,163.78762234395964,179.4527453344348
bad_form,178.78635604921035,136.37477124108875,163.39688218862446,179.94502690041742
bad_form,176.0751016186118,133.94302692253794,162.91089723004205,179.7249368399662
bad_form,176.51203596854964,132.0926267642771,162.7468499321649,178.4838361113134
bad_form,177.4016646279666,133.15642382899085,164.0253443569538,179.08483229533655
bad_form,179.86562312331128,133.35446072497746,165.44306948936025,179.92027323611015
bad_form,179.95757002243596,132.68504461408514,166.46940265511415,179.35095539180708
bad_form,179.2849004172568,133.47980276736303,167.0914836922568,178.31593794921787
bad_form,177.56515878026505,135.30136536308277,167.4271823386414,178.18337462090068
bad_form,176.11359510501566,137.42447830534226,166.7443217410218,178.63993996529814
bad_form,173.7157082254283,140.08858423780543,166.48743152567636,178.92594328813948
bad_form,170.85884914546514,140.15370849054452,165.90985490084657,179.68819197552855
bad_form,175.1083942029506,146.19877985264762,165.51735262143885,179.82622409851072
bad_form,176.09697882895847,152.77130000447985,165.35242214626373,179.96296921864854
bad_form,172.68637889343782,160.3158130217614,165.29725653020895,179.52807022544482
bad_form,171.8980472369118,163.90113086225153,165.8233245275291,179.07175381457392
bad_form,174.87649991206135,165.63186579193322,166.13270062420966,178.83607589663063
bad_form,177.4885096024813,165.08007445363788,165.7011755070884,178.77925814040117
bad_form,175.71112477089343,169.229971957333,164.73195677048028,178.1132727044373
bad_form,171.5117911251727,171.90191812322394,164.76879584436548,177.29957778262576
bad_form,172.45617798006785,171.21483572916677,164.90845202945522,176.83061165186052
bad_form,170.6487922985286,171.29581101019693,165.085475242124,175.56361522070208
bad_form,173.0006207530003,168.21277234330884,165.07288014235675,175.30708415392894
bad_form,170.40714837690697,169.12525559152104,165.47673892530744,175.28089263972333
bad_form,171.3545759866075,169.67898329141843,165.3089278816935,175.40443118091696
bad_form,173.28536655752856,172.56597216338147,164.59481993430117,177.01599373275516
bad_form,170.87183862132784,170.16949436582306,163.0954827695713,177.50537700631526
bad_form,169.32087632652247,170.9594257932208,162.15769846244132,177.7159889420054
bad_form,168.18154845598056,169.62180715458166,161.23851326864292,177.87819237369544
bad_form,166.03327573612023,165.11477945469514,160.71299561544848,178.49222545384467
bad_form,167.40234740771618,163.6092143543803,160.53359546523544,179.59176558986655
bad_form,162.00496551826242,166.23176447128148,160.2956182836358,178.00425601527903
bad_form,162.1046003442656,165.56537507879023,159.9793880242627,175.86700994516127
bad_form,159.7350406894138,162.9257416847589,159.63443754695098,174.64011668031088
bad_form,159.77611233981742,159.1505717117348,159.06650391190468,173.41479834125735
bad_form,159.21986571230454,158.43652313997586,158.65946187877773,172.97669937029337
bad_form,160.9384153115945,157.41114305800926,157.2518184439598,172.6401193711869
bad_form,161.25286704403044,155.09037825167715,156.75809766428827,172.36799089423462
bad_form,162.2465290805033,153.58954790360903,156.30030577030888,171.3412875228737
bad_form,165.41038326630488,154.00638079654632,155.98899197766897,171.0618457950382
bad_form,167.8531287754,154.95319281903033,155.48839591157235,171.05436774125835
bad_form,170.4513064722997,157.42736417644494,155.13145003636643,170.68931541810295
bad_form,169.13281227911133,162.10843529486755,155.0263808180522,170.47894241152332
bad_form,172.99145553480417,164.76656485910323,154.90290758206498,170.40954861370318
bad_form,173.14771314878132,165.9361728653174,154.9073532241397,170.55093537003026
bad_form,171.6037093496096,169.7678806050575,154.67491909177483,170.6236133282876
bad_form,170.82127833727415,170.20019305461955,154.66999584123514,170.69798089202564
bad_form,171.15015425707278,169.219215762752,154.7310291146755,170.8233511150208
bad_form,170.45599186397095,168.233365110379,154.72841531143308,170.93470699524786
bad_form,169.25749333623094,166.07814280768733,154.7373839268968,171.07927480862145
bad_form,167.8383259577228,163.95876317345562,154.72798862660173,171.14969756831493
bad_form,167.2968268493792,163.25545766446848,154.91216570231862,171.26837839462704
bad_form,166.77503635369527,159.3555822480402,155.1509415320665,171.45118720302008
bad_form,164.5269155665241,157.86051373880971,155.65622028315946,171.64372595312304
bad_form,161.23023580297857,156.33797156162777,156.0659614776737,171.635785451243
bad_form,160.21616603215386,153.7216510446933,156.4270318436075,171.3965992872623
bad_form,159.40076037326318,157.85730097236558,156.59210933546012,170.99947295714335
bad_form,158.18551876864828,155.62378384244806,156.2339688025314,170.71990003801216
bad_form,156.3389132611902,157.90173065486928,156.11826687585045,170.9197219102243
bad_form,154.13260377138985,160.80872194695007,156.2563710297771,171.56106091889845
bad_form,154.88387559971002,163.6560244008554,156.42061204660897,171.73022197165125
bad_form,157.07300287484523,163.55077338765693,156.36282189573257,172.09529981289245
bad_form,159.4868322127569,167.64202000346572,157.04981118721548,173.03429602537238
bad_form,162.40188536289082,169.55651838880016,158.1636064623331,173.59653967604294
bad_form,165.81424781930764,170.70557836699132,158.4558161428513,174.1910224772761
bad_form,168.8554371251669,172.43178135837763,158.39627365827903,174.88109365995706
bad_form,171.00741715620924,172.86878950449233,158.42291394545714,176.06821487942472
bad_form,171.69834570852748,173.0185853537958,158.87408514710023,176.931930743641
bad_form,172.65324207203815,170.4387526859646,160.06676914903773,177.6716541055117
bad_form,174.467156649902,172.2571939622499,160.7431853229416,178.40074031005554
bad_form,176.35556779181752,173.89958743350988,161.2695731196498,179.09500926542634
bad_form,175.17791751050092,175.05564802085564,161.0981974242134,178.9992855149371
bad_form,171.3449050995579,172.560280570778,161.74359452297014,179.99556160934495
bad_form,172.61763362166613,170.994381323424,162.28464579674565,178.581202383154
bad_form,178.32962729947977,168.90514594996446,162.6999327168544,178.2512882620839
bad_form,176.1464642229193,164.86297080321665,162.72756042020416,178.58363325910383
bad_form,170.21341179724305,162.47458866685798,163.16471327634122,178.69708537439854
bad_form,174.8283297445206,155.17932615863225,163.0623039499592,177.98587332900706
bad_form,178.62892565861438,154.9176576785758,162.91460230267526,178.0479187102373
bad_form,171.56369355614063,161.988044555481,163.929280367857,179.7452906468993
bad_form,172.71016439522396,160.54724730374133,164.40718664943728,179.84939136394232
bad_form,174.24899494735592,156.11862718793353,164.4725577006757,179.88690732816625
bad_form,179.12202973154794,151.89942566222115,164.29202708971542,178.61739528068608
bad_form,174.12760828940432,145.89909012164384,164.45724221550304,178.36872066448325
bad_form,179.6711682974363,139.0526111357685,164.6520459648634,178.35358305610393
bad_form,175.53296250584117,136.357380328482,164.55946194502943,178.21166537830217
bad_form,173.9495192812878,135.09851741912632,164.51840665344633,177.78969591314873
bad_form,175.81289974655368,134.64940983574147,164.13053582706743,176.89268966729273
bad_form,174.76552536486776,132.678352062653,163.88907546134715,176.7269310259452
bad_form,172.0797013839832,133.1231001414249,163.61199612349955,176.38627026634407
bad_form,173.0813544046222,132.83476111072008,163.3839436493464,176.29588364123632
bad_form,175.07845750476568,135.8977614565885,163.27094250240356,176.19714798737874
bad_form,177.17461261880942,137.32714253877953,163.30270543195658,176.65520152756181
bad_form,177.1616675037456,138.35217097526262,163.3699530470087,176.88937338694154
bad_form,179.90826922273618,143.76560150022783,163.89846335365527,177.3572876439636
bad_form,174.57596969828376,152.69641320471575,164.1112393891661,177.29809242720987
bad_form,169.0449567828908,158.45811940338922,164.13204104465154,177.55702635140156
bad_form,169.15447096402787,164.39240813882623,163.84242473781742,177.23654187929992
bad_form,172.5126014090272,166.44124312866225,164.08322309244076,177.2286045427978
bad_form,175.36193948328813,160.1159302708282,163.63954312687068,178.40842132797513
bad_form,174.68517976419213,160.8193727491703,163.24731418427018,179.90933244996396
bad_form,175.41929532002914,159.21905594079524,161.28151292768942,179.69174215871791
bad_form,169.3789830785362,162.763968240703,160.23269647580517,179.41442599199578
bad_form,168.5999375955096,164.88655392882504,159.49230736174863,179.27460176025699
bad_form,169.3909016516985,166.06606082326948,161.14273442474706,177.3898014274511
bad_form,169.31960810507485,168.4507389187418,160.57491194589562,177.07027164501358
bad_form,167.0060358363366,167.64394839234362,159.3869362596389,178.35535074092164
bad_form,168.3217705804112,170.07963280037347,159.08267259938023,178.53825607040974
bad_form,168.6713691726324,166.09637741240226,159.08188696156836,178.65519806837798
bad_form,168.59640528373637,163.71195937694083,158.89494602428024,179.02129675081557
bad_form,165.804492936755,164.7573635245474,159.82348513723431,179.1677411499999
bad_form,165.62156008444242,165.88419817080623,160.69242648379353,179.9507233748541
bad_form,162.17235626371362,166.3971441109559,161.1471046882418,179.26938441340346
bad_form,161.18183261435348,161.45221402380616,160.89487833738644,178.4112146825473
bad_form,160.72635522092358,160.81073129441035,160.57175874689366,177.38128049783293
bad_form,158.6218048194958,161.0482323182786,159.87807208461194,176.2713642242999
bad_form,156.79320897447784,160.74583755156723,159.10710964323522,175.82323556776788
bad_form,156.85367365462238,156.64106386293093,158.17986971553924,174.56934385446405
bad_form,156.4101078791169,152.93109735491325,157.93999738281445,174.1052921602176
bad_form,157.51767817330492,154.05121496043435,157.06471985329514,173.1401021506789
bad_form,160.12011198549,154.17964546962307,156.1989141165821,172.22751254390266
bad_form,160.23949966629664,153.6230168509553,155.73042254741517,171.30965060513387
bad_form,165.01413214838618,152.38724567847837,155.88405393322964,171.41447163044833
bad_form,168.6703958685581,153.25325884977056,155.85929324548147,171.32117459544455
bad_form,168.39794550566415,155.98309089602787,155.56367986455788,170.59117063058255
bad_form,170.48184707860486,159.011998286661,155.31338837730374,170.93123948989415
bad_form,171.4964884930891,161.37241245480902,154.95455428904697,172.42131097394494
bad_form,171.65448666531694,164.39452150338366,154.47604652955448,173.16964251575948
bad_form,169.52521324913872,163.84254036892665,154.2903108337904,174.1223481075167
bad_form,165.60507928606276,165.91719292988418,154.16592363132372,174.22437828684335
bad_form,164.41560490363156,165.49943941756797,153.96605630922508,174.00431901362055
bad_form,163.55566283473524,165.05867793090144,153.95113100234582,174.07788027142217
bad_form,163.98046902040647,162.52875658414314,153.97947538738737,174.3143731884491
bad_form,164.1733017544839,161.34452823683264,153.98762028627533,174.2740751629651
bad_form,163.1319546622977,161.5206890382013,153.92207629867653,174.2471366686795
bad_form,164.12486298266177,157.32918113604146,154.0914629746935,173.97040551016676
bad_form,161.8447763804942,154.3739511489587,153.75760991253375,172.8662658591063
bad_form,163.54556855680516,150.6814415958168,153.87427881965888,172.66993773272694
bad_form,161.2706232735105,148.63061954183684,154.1915667179372,172.4430332939013
bad_form,158.91922454565778,151.3010691953485,153.89926556257143,171.98212614542715
bad_form,155.48448840720673,153.20682424023866,154.1301717067378,171.93088923205858
bad_form,154.15706127384206,161.8963541996367,154.34611693615653,171.74045197174507
bad_form,155.93646470148616,163.92403134659094,154.55474704722116,172.15235668250992
bad_form,156.96361629001623,166.48567483658465,154.66024396058225,172.49990168875325
bad_form,160.1969097906819,167.91431183702954,154.70797510224511,172.34604663526974
bad_form,164.78264755549716,169.08031111275093,155.32318765167733,172.29194867790784
bad_form,168.52127532971042,170.47865682424134,156.01032261329644,172.00686513338772
bad_form,170.50959259397683,172.7883007148683,155.83885115803685,171.76473444412082
bad_form,171.41051980125889,172.1910476161506,155.7358077187322,172.54936119750175
bad_form,174.19106366756782,173.81727446428565,155.6029947206588,173.0733086528531
bad_form,176.8916697568195,171.0442860007171,155.9159019027947,173.52018274512758
bad_form,177.76111983499595,169.07895231645577,157.65368034206688,174.28698970603875
bad_form,179.04812513376697,172.9648705093963,158.35048780627406,175.09256381772875
bad_form,177.2988344384884,172.64686924678767,158.40705981545128,176.12615507178015
bad_form,173.7834916047258,171.39788159208078,159.4964615708412,177.742724605462
bad_form,172.98798363166165,164.13726859229817,159.273400264693,178.81882921745344
bad_form,177.5043399868944,157.81453278886804,159.38252134343355,178.73331589492116
bad_form,176.41181513158728,160.35242820767778,160.53205629517427,179.1505684389787
bad_form,171.14944898253117,158.82794323502242,161.09547857880904,179.88633587944352
bad_form,176.97811161600978,154.19246614920144,161.08063501479006,178.99543879540974
bad_form,171.59328221475823,154.20317837743045,162.39503672458602,178.40160305221352
bad_form,171.9424571085469,154.18341510745265,162.7038995355724,177.33189933276336
bad_form,164.50632385791957,152.37658949139814,162.6341888521112,176.5495456959547
bad_form,166.07678448342156,149.32219158843907,162.86836465044598,176.2480417888091
bad_form,163.42942454371124,150.353156025196,162.91573723008358,176.46231536511138
bad_form,166.1681449526792,149.4885025623635,163.47096893263293,177.35818670072294
bad_form,167.21836652035833,145.76988540411136,163.80412546687378,177.64038713560095
bad_form,173.51383077767753,141.30619757556448,163.69509779548417,177.9645953484131
bad_form,174.4930237583902,142.78685905916655,163.40417514094503,177.9731357270323
bad_form,172.1512779545055,140.36394144604614,163.41360905634565,178.12402382882416
bad_form,170.78990270985213,142.59161330955996,163.275466662478,178.2569565419687
bad_form,170.57890080545138,143.06788976109823,163.22700032337215,178.41421306812964
bad_form,167.2671785842939,145.56630141659252,163.27877202030663,178.73319933022447
bad_form,164.52418814837182,146.58782753948697,163.5527492384067,179.3371233113876
bad_form,164.1872526288285,155.66726858663017,164.13399291167775,179.6189018854451
bad_form,164.82090583106813,158.72404959251858,164.03228612019097,179.6289532560216
bad_form,162.4692504309184,160.3065200527783,163.79738246853574,179.81285096044257
bad_form,158.06881238677386,160.74188103937192,163.71700004834932,179.9163527571048
bad_form,168.31286410823458,161.3947609677428,163.47059509960553,179.41409758422938
bad_form,164.98065967191238,164.65991104052875,163.34435403038964,178.86373098221765
bad_form,173.37789653147712,161.27433505946388,163.33925834624392,178.02365563482292
bad_form,177.42244004738455,163.70387854090774,162.44181196850306,177.32510513184562
bad_form,168.62843322952378,164.1417140037451,161.99998974119492,177.61597775631887
bad_form,159.8498784325881,165.4922027395831,161.17559504006985,178.54366426096527
bad_form,160.58327771903495,164.20299725906716,161.10941952879529,177.12393182367265
bad_form,163.6212891393551,169.2755962625508,160.95910460081703,176.92531081569928
bad_form,161.40139109284834,168.75627204643953,161.74708919584484,177.77729756875001
bad_form,161.1869751035631,167.59300949482616,161.28597180315796,178.27756167414216
bad_form,164.4426812257326,165.23893753886398,159.9668526561103,179.442898406103
bad_form,164.3111836712074,166.02425720817382,159.061700002806,179.16511382386878
bad_form,162.645796703586,166.9370057903285,158.5694705392037,178.12085108149674
bad_form,160.90035941701777,168.57650547074073,158.36470116127433,176.80028898835863
bad_form,160.1073491833034,165.6100330644642,158.1537142741562,174.6929014660868
bad_form,163.766745368725,161.17696171054786,157.05609174370596,173.01999297462942
bad_form,165.4142182549457,160.63455373976765,155.7028083154567,172.3332699919315
bad_form,164.06022105689485,155.15623351340258,153.66889576146696,171.31365405571117
bad_form,165.44762607978268,153.70632334575183,153.3973932635613,170.38806996746194
bad_form,167.64002084911803,154.9496361752382,153.52828411314394,170.3372470526153
bad_form,170.26765855483683,154.79572398141465,153.74986450798443,170.46922617333703
bad_form,173.33836206312617,159.7841098725818,153.95308105797486,170.5274475209549
bad_form,176.52458261386124,164.73995730982506,154.34312544491522,171.59438184617923
bad_form,174.89496536251818,167.00616795531715,154.32242546222218,171.74511999532638
bad_form,172.08165944336906,168.9761154283966,154.19307256032639,171.48840568028888
bad_form,169.68183744609578,170.6784783561232,154.1440058700928,171.27023022367442
bad_form,171.19595436572058,170.89460540178408,153.87333434281194,171.17870354043137
bad_form,171.3047560502741,170.49960458335065,153.62849045710917,170.65842126018325
bad_form,170.2571871572605,169.1280790533289,153.39997167861992,170.75679422914098
bad_form,171.29889190646261,167.63788711217552,153.15270683478764,170.78869487771843
bad_form,170.43759257859682,165.4936056116771,152.8488291204974,170.8915108983897
bad_form,169.2196912329922,166.19797520703372,152.80355499585778,170.99372939382607
bad_form,171.52356089824949,161.72667412793623,152.8347739418945,171.6902357462818
bad_form,170.72345847065532,157.61493422717302,152.9315871268262,171.80397123980615
bad_form,168.53829829746894,152.85183133588677,153.28466419837258,171.90071500200753
bad_form,167.32578905953602,149.13034240193483,154.23178170678506,172.2629949366699
bad_form,165.8074586539777,146.9621316938261,154.90600399933916,172.4444245127192
bad_form,162.60456075892054,147.3637943257473,155.34132153942213,172.4566847206708
bad_form,160.7952042633099,151.78864159684716,155.46530668417267,172.19699833747086
bad_form,159.57060555215918,158.9630359938014,155.88687009848695,172.03800672733965
bad_form,159.14535917545845,160.91013734959097,155.78537606072155,172.12197726802046
bad_form,157.25398327144094,164.81045033440103,155.9044752689448,172.216889225728
bad_form,157.87084553417887,167.082792144765,156.0153075437959,172.3202048419352
bad_form,160.18242591224387,168.68899210172034,156.6292166810802,172.443400298531
bad_form,161.32310884483908,169.35906360316775,157.0563985870866,172.71288288290987
bad_form,166.1298546047,170.5934179110918,157.2453562477103,172.6903276520998
bad_form,166.6525131284588,169.02028052707152,157.65428356431414,173.0806207601984
bad_form,169.38101024204647,170.9506423471164,158.00077929103773,174.10136498158664
bad_form,172.3232632856961,171.24131197867507,158.4666317231565,176.17808845062564
bad_form,173.5267826100223,169.2057496534592,158.80687756259437,177.0212112360564
bad_form,174.87437849019116,170.18608412452315,159.5639078622555,177.83237499517006
bad_form,177.4749006414012,174.80737855717732,160.2781793512226,178.43067663232137
bad_form,174.74431228535204,175.61307633334525,160.57666931631212,178.37252803012606
bad_form,175.8546695823725,175.97285786857424,160.62809498628158,178.8666756073779
bad_form,175.16442547871597,172.76118649687308,160.544651619719,178.81837580094253
bad_form,174.95872319874096,168.88436490025518,159.2877771404768,179.62733848334645
bad_form,175.16494616224333,169.03282241374606,158.56758277066376,179.01128122037568
bad_form,179.30988927810202,171.97076684315527,158.66897248247597,177.51071924529472
bad_form,178.3339807045214,171.46409298207547,158.79566680024507,177.40989978643495
bad_form,177.47287946329394,171.6388681684459,158.9508095816926,176.39147182460056
bad_form,178.07040852285857,169.5678029859136,159.02847117022932,176.21050204164501
bad_form,171.67733940669657,169.82053782412075,159.50761546574878,175.93526908926827
bad_form,163.6325604501324,171.76653457346475,159.86746545372074,175.58649225296068
bad_form,169.96629005795603,164.6298886448872,160.76399919618052,175.039568911762
bad_form,168.11645157185347,159.2616181274055,161.1738891281869,174.71484683461685
bad_form,171.2280444671853,158.83939173167488,161.23633172318807,174.47388385858542
bad_form,167.94165991686373,149.37070898008585,161.12615059133145,174.28576375040797
bad_form,172.06542459599092,142.16840495751316,160.9606561199278,173.82165709063722
bad_form,170.50622850021745,140.0712737113665,160.8557697585843,173.60566685608268
bad_form,175.6858760792472,138.72826741235934,160.13114830501513,173.5431080692268
bad_form,176.66858204148625,137.20533862480048,159.93562362673475,173.30055769106863
bad_form,175.1881907387493,136.63617916877135,159.75827928224282,173.69158912160782
bad_form,173.62548424103153,137.11809981693426,159.8356473747018,173.95592866164995
bad_form,174.4607800663479,139.2624893346571,160.4937965856546,174.39821809797394
bad_form,172.0261355728015,140.34866857209207,161.78407075967237,175.6442136572702
bad_form,169.1493775893517,140.73914287404926,162.17778594391677,175.70671760690504
bad_form,166.62118036709373,143.16514308525078,163.45041256385898,176.78226169310582
bad_form,159.7669270027438,153.49589800464898,163.71540383058786,177.00023619668582
bad_form,159.7007319206858,163.21793116030634,164.40504224540896,177.44437781706426
bad_form,162.13604459327655,168.43313014592087,155.84595844022533,174.1172293971469
bad_form,161.4297004626123,166.4471281023408,157.24251973570816,172.77086176568534
bad_form,162.6564080861241,164.20769257848605,158.94158334262016,172.60649823798488
bad_form,162.24185961271215,163.41635282943363,159.53466797690388,172.96469862711515
bad_form,160.74663304625113,161.08326500732002,160.6607229854153,173.14701630618768
bad_form,160.70011157854933,161.1249772175761,161.52949412239784,173.5749147609134
bad_form,163.37073921474462,155.28117098826252,162.8030190491488,173.31534061490885
bad_form,172.2514475294579,153.35831043036896,163.94240971395186,173.7611885427941
bad_form,178.19010575784688,148.05925943722102,163.92824272656543,173.62431345370885
bad_form,176.8790956382613,147.66027155878916,164.35082879268492,173.60937344016097
bad_form,175.6866602512664,148.56180266065437,164.8556324426999,174.17906342693144
bad_form,177.96730807382022,142.48494370605468,165.41433515690227,174.27404156209172
bad_form,170.81185249394824,136.86181814902469,165.78715599470837,174.1007781630368
bad_form,161.449695264424,133.10586407569335,165.84664830232396,173.99928118991562
bad_form,155.84909589496218,132.24772525137547,166.02881472199908,173.6683806986769
bad_form,155.18884736614498,133.45452778233738,165.99537676565856,173.67336052696203
bad_form,156.39104754273998,135.49234286247022,166.09953019126092,173.73021506227155
bad_form,161.48086830627034,135.95512936614708,166.19653229937202,174.0207123423658
bad_form,162.50902720560424,139.2220916503941,165.94358558319453,174.33972043404643
bad_form,169.23799379872935,138.62893855338535,165.31910361667906,174.36586700882816
bad_form,178.61306179242501,145.08171385963993,164.9108702646771,174.50804702799044
bad_form,171.0850740688698,144.75012099040626,163.88537590807508,174.78811855271263
bad_form,159.11429939807687,141.88571333050137,163.31802070144482,174.73983159335054
bad_form,156.98233244692605,146.76325122248426,162.14041300975487,174.71131560214525
bad_form,157.09956843153336,150.90403059077124,161.08743279748168,174.6657138640246
bad_form,156.28834468941997,152.30482201571343,160.533460985596,174.23435629727203
bad_form,154.51138298737374,156.1509311982127,160.673442985313,174.13625067140495
bad_form,153.96979193527827,157.09039347431752,159.90901331110769,174.068925731103
bad_form,157.36944417676904,156.8821339022068,159.716659203811,174.00007302934415
bad_form,159.02893747868728,159.81542147163796,159.88746260420731,173.1344817871769
bad_form,160.0392094954612,162.232299773358,159.89496842204258,173.5617254655664
bad_form,161.53453510445505,161.54926746068227,159.84247488473616,174.50298079084826
bad_form,163.43871800931086,160.39757421548583,159.49890535447844,174.9656354915758
bad_form,164.94285702178803,161.69125269050366,158.83959917659988,175.46151897820013
bad_form,165.23640221574965,161.46016746177224,158.62335700130507,175.5165271912376
bad_form,166.12022890484744,164.83541927270701,158.04514290580414,175.47056784559945
bad_form,167.8594374845255,163.58658208894366,157.74538951180156,175.93493918879054
bad_form,167.7579865950144,161.14348933115025,157.558904643617,176.326180036923
bad_form,170.34172372112758,161.84680407313414,157.3789032066192,176.2552935586932
bad_form,170.86890468529643,162.530196211515,156.9143429120047,176.08333942243016
bad_form,171.29967902398386,162.50841200128107,156.48858167886166,175.59722450151975
bad_form,170.08726059839267,162.40860558030909,156.66522898644988,174.89573204248572
bad_form,170.01977311705767,160.67612170603977,156.835321135272,173.83164920764804
bad_form,169.73752758828314,159.18806813542668,157.25216068318238,173.12446850705362
bad_form,169.30635021386587,159.63683452674,157.36971300458777,172.68381860849954
bad_form,169.41347534100086,160.3514154598996,157.46769790795193,172.02373364323535
bad_form,169.60095356896002,159.68526974367362,157.78415841439494,171.7623537924428
bad_form,169.10750783615987,159.29396926940953,158.2654361026679,171.51735628557626
bad_form,168.0713052524084,158.41147942874412,158.4774846929789,171.15653360325408
bad_form,167.8636418648039,157.87140552050352,158.75064977094064,171.11744942844257
bad_form,167.8361721615165,156.2561772670976,158.9708403431748,171.18275678514573
bad_form,166.09428521587537,157.26475258467374,158.96333540764093,171.2798829804775
bad_form,167.18300872711436,159.32074364703757,159.2405303664616,171.4774032278912
bad_form,167.65010094695762,159.38454721766175,158.94273395496666,171.72810313574263
bad_form,166.29692857624917,163.7334613579392,159.05337530497889,172.20748243434164
bad_form,166.45231777344887,164.08181241439243,159.21131557610937,172.3751734115055
bad_form,164.85265057243953,163.98652010960745,159.52354870565182,172.28020269524862
bad_form,163.30525389389925,164.24174527063224,159.57919203118817,172.28897967166358
bad_form,162.79348207884337,164.35975031332018,159.25273464016647,172.42417192880978
bad_form,161.59097341411828,163.24043330697788,158.7541737308979,172.50592060702436
bad_form,162.10960399695185,158.85107131599884,158.90997971194332,172.7087567244998
bad_form,158.7892139514507,154.82418194858022,159.16234902824888,173.50415514221518
bad_form,157.51262969184333,154.64241306188688,159.33979283285134,174.3536009667991
bad_form,155.95100193309182,153.7537470040865,160.0044444155435,175.11993568837292
bad_form,157.05877083029748,155.42318166902712,160.361348304673,175.63038207443205
bad_form,157.5830185469951,157.4044793548522,160.55776357515427,175.375400627801
bad_form,156.80873085153686,159.3478005397082,161.21626027777785,175.28536666605328
bad_form,150.58791367443385,158.28268295515213,161.37131952658052,175.31470529304497
bad_form,153.83989201044534,154.91890518348274,161.302354302488,174.9194953866152
bad_form,156.74967520100356,155.60121075225962,161.38706144079538,174.41330697657696
bad_form,156.755898799991,156.12698751090224,161.63089031032902,174.14355410081433
bad_form,174.1935186430458,152.41941063882172,161.6183944400624,174.1063320292136
bad_form,178.49248690214387,148.58971293199403,162.14831520355125,174.11189748660055
bad_form,173.7747942306235,147.69956438665182,162.12397790759573,174.18880434761869
bad_form,179.9770706699004,150.89432200327084,162.8550935066095,173.9389957497963
bad_form,171.93817408048164,149.41407440150394,163.7857679732624,173.91162439846087
bad_form,168.30871849408828,144.35820151530817,164.6126834047737,173.9733722924371
bad_form,161.85869795707814,139.32543862909534,164.81816613826274,174.0112420870568
bad_form,157.22885194302808,135.79291188135593,164.84462256749225,174.07012274174608
bad_form,150.2130172435419,133.83221968648715,164.7319648787017,174.0578305235042
bad_form,146.28247704951045,132.1378149996041,164.71794452569821,174.05829950141265
bad_form,145.7896481870654,131.55534516261503,164.7596147260043,174.05301145233727
bad_form,145.50875347020053,132.3806353363994,164.76245689656776,174.03500978195433
bad_form,145.8000579900795,132.64738508590665,164.7692631845373,174.01927133194823
bad_form,147.00953175711135,133.81964996398955,164.76047512309103,173.95722336276657
bad_form,148.46017600564517,133.7541057624012,164.84705443440512,174.05391739893224
bad_form,151.00421918110132,137.36503641410224,164.69787801480084,174.09021206496047
bad_form,157.83301970897406,142.55066820867367,164.87896135724267,173.78785272094822
bad_form,161.98687841956098,143.0466354068066,164.92819522037647,173.57046575280918
bad_form,166.59426593459332,139.86926137177056,165.33246548854186,173.3181372556289
bad_form,158.89776681418712,137.07890493441613,165.6204169393869,172.9299856086768
bad_form,147.5782320115016,140.52363563074013,165.4819059167849,172.56442336696412
bad_form,142.04705015472737,144.61150702315933,165.5807164184026,172.1540426945796
bad_form,136.76830013469979,147.89592626891977,165.60845915771395,171.21719479002442
bad_form,138.36835149687096,147.97113021717524,165.21784884581453,170.7779350579649
bad_form,142.91381370619942,153.81062911821132,164.55014664437823,170.65624547105534
bad_form,141.6056407878803,153.33845094250256,163.62138459718355,170.2241829852204
bad_form,142.22510668404192,152.9364413409052,161.9270594653153,169.67039298379487
bad_form,143.8596876840278,154.1220090317741,161.96769356460786,169.4570822818417
bad_form,147.19252919382606,154.98132218119085,161.9409981400566,169.5951268848073
bad_form,151.6115407786106,158.19139102116137,161.54312030240592,169.70159872635816
bad_form,153.17847538070106,155.0826026961648,161.21681579752712,169.93828079885188
bad_form,154.4594119337213,156.56097749813918,161.48647852191252,169.85061602722936
bad_form,155.83206807165004,158.89033827416304,161.69501412611936,170.23774860957735
bad_form,158.5412401660192,157.370310455074,161.43233869248436,170.97910471208084
bad_form,161.13548813831162,157.42096411962356,161.31797778992566,171.1832856238468
bad_form,160.39234894089475,158.44789885305022,161.5024249098063,171.38493225110338
bad_form,161.55513313495098,159.46339668558346,161.307958768346,171.4203867351583
bad_form,161.11834683627617,157.40592161373485,160.60213604383753,171.53301542734735
bad_form,162.49631054116873,157.68125887758416,160.61295022018646,171.42769588288863
bad_form,165.6826537966758,157.973230066782,160.7400658419185,171.3147342323455
bad_form,166.51540130597715,157.97284278024398,160.44254109130756,171.27821735192109
bad_form,167.289285817275,158.2268875873847,160.51935911432284,171.13311902112682
bad_form,167.97126541020828,156.82133916254264,160.37827007043992,171.02780875435263
bad_form,168.34033595646426,157.5551779391309,160.27002294514608,170.78434426187354
bad_form,168.50641631345988,158.25340523236017,159.942213129384,171.00470147204993
bad_form,168.74255117723752,158.26294214889495,159.86559929277257,171.1439992158001
bad_form,168.8064453452435,158.11504691200025,159.6225481093918,171.4924237881574
bad_form,168.65295406587285,157.0117401371899,159.58777789347133,171.41239331832136
bad_form,168.44036456609373,156.42078304718794,159.40922328536894,171.5877558788093
bad_form,167.5347178336042,156.10011950497235,159.1208303500047,171.82048205214636
bad_form,167.2688404717562,156.30432805819592,158.92517232691793,171.76106958089466
bad_form,164.86740590700944,154.91801180323063,158.7637431144824,171.87347668779543
bad_form,165.21525656355672,155.83749305526865,158.8425164106486,171.97048251675926
bad_form,166.07424048493195,158.6114657538871,158.9881971274757,171.98354780487207
bad_form,165.9906141865676,158.26153726326547,159.06994176201582,171.97195988934655
bad_form,163.696185748788,163.2468049462165,159.0384841727242,172.13670314414142
bad_form,163.4363192450705,162.6537784701962,159.1146702005857,172.2605261718587
bad_form,159.5087703928174,161.49891201637143,159.28204116895796,172.75922136288798
bad_form,156.26232932289773,163.20015392658567,159.41385000221865,172.86244997173284
bad_form,155.74638391931722,163.3717979397285,159.4044537423953,173.184384865569
bad_form,153.8982838599833,161.02299082983097,159.65822553233406,173.82634693106237
bad_form,150.96450843838073,158.55967042523216,159.8753065108826,174.12880429729765
bad_form,146.59349055923153,155.08357810746892,160.2911115267459,174.3406732414948
bad_form,141.79868427968933,154.45558263132747,160.93427389083217,174.255256144999
bad_form,144.32813274870549,154.86035213422838,161.5534430758418,174.34252705344022
bad_form,146.10817694063172,156.58484911635244,162.02007806063136,174.62388068410104
bad_form,141.6930417874622,156.63653676936804,162.35443739543754,173.98230832094376
bad_form,143.92530313381627,152.45918264381604,162.6043730074349,173.58897739364073
bad_form,149.45361260429044,149.8892943209561,162.50981157754347,173.59171961076902
bad_form,159.08721680576733,147.78621949044856,162.7782081165212,173.49695284850247
bad_form,158.61299314338515,145.24365140625147,162.9493079953628,173.4777726305886
bad_form,159.9443133038418,141.89976937620247,163.22691183591627,173.7533476854003
bad_form,162.76947910099491,140.8195012028833,163.30323183772808,173.9222852566206
bad_form,166.77729894316957,139.15312567042577,163.50281644328882,173.93284309250026
bad_form,167.74552197986748,138.07957724085273,163.99482306188509,173.96057943138766
bad_form,157.43634442137161,131.89837178850337,164.40412465924425,173.80544620057265
bad_form,148.95682662736377,125.71816227371119,164.67204258478083,173.5689346814773
bad_form,146.80266726386978,124.39471326825264,164.5241699493552,173.6543263337366
bad_form,143.22613772276947,124.03729603078918,164.40766867905117,173.61033706377825
bad_form,142.83144567602216,125.77322147563073,164.40698967565984,173.60468135455744
bad_form,142.92938175215295,126.3006566206892,164.40996827715267,173.5887360151876
bad_form,144.81912112880084,126.75730700677393,164.49164965337826,173.78033917587686
bad_form,146.94703704450714,128.2887182703625,164.47616779245135,173.8471322805545
bad_form,152.01295957496646,131.0841084908063,164.2359173375146,174.1175719750278
bad_form,155.0971939715612,134.7090300146118,163.80267715921417,174.16069892296844
bad_form,152.39257153639048,133.3378329822563,163.75639401643025,173.68603059862113
bad_form,142.54370813074937,137.42234243488107,163.3873459640549,173.23991354579158
bad_form,135.6193217397237,143.2421501839782,163.33629061414638,172.9960725794882
bad_form,128.2179603740101,147.64469369305166,163.10421236458154,172.34511033962474
bad_form,130.18969603240342,152.82264811624347,162.68491710409546,171.97958714535605
bad_form,132.62907648962334,154.3035310069258,162.23639456807848,170.94935904689484
bad_form,137.2651696372622,155.61460471610917,161.79541012409058,170.6652475632267
bad_form,139.30396932966158,158.04603456215827,160.86529757446496,170.5159086490083
bad_form,143.9297183886987,159.55689125700292,160.60060867295346,169.9358398062731
bad_form,144.21826524705244,159.6062340126999,160.27758598502933,170.54985540716726
bad_form,147.68884358685804,159.38684827814228,160.33654635421857,170.20593496215275
bad_form,151.0781881225659,160.49016808235754,160.1714795927961,170.9272560955721
bad_form,155.73280656832176,161.36847187110237,159.98927569566374,171.02455501393047
bad_form,157.4774091223114,158.35103825743394,159.72594127244642,171.33069030237763
bad_form,157.56963601572244,160.5936935903577,159.99911938111416,171.54254459534823
bad_form,159.36327351058603,162.24951031769987,159.73160716095302,171.60433974302933
bad_form,162.40840753954754,160.3176136024291,159.37919381352827,172.18022351272822
bad_form,166.78748279261032,159.73722052828978,158.75157405077383,172.40476903526573
bad_form,168.63198643784796,159.50970828618705,157.9404100944187,172.4508669759467
bad_form,170.0274123404811,158.9840891045338,157.28308246504648,172.6410697154766
bad_form,171.24666654912932,158.32321695244164,157.13367460138403,172.73863252343432
bad_form,172.0661276278446,158.4877853331666,156.8670970464468,172.92988160359326
bad_form,171.47147504253223,156.57189234058538,156.74989987342906,173.16963877623982
bad_form,170.28612907081316,156.79221586412535,156.78624854948677,173.23045584553773
bad_form,169.30243987205597,156.18508690483438,156.70825438720448,173.35582875989599
bad_form,169.54739855485676,156.2329739793433,156.71834040843018,173.53918650693396
bad_form,170.00457064001384,155.8511802610794,156.90056828094362,173.59318399858356
bad_form,169.07147597172914,155.6554440405026,156.98280602604626,173.69151411963736
bad_form,170.1688009756684,155.5825111129132,157.16978325760059,173.5510726121392
bad_form,168.637685964923,155.74053249716556,157.3444828645031,173.55608460737147
bad_form,166.07504398723844,155.9251815269445,157.35720536219364,173.67215545094126
bad_form,165.6383133167829,154.87389242684804,157.44357780703945,173.7897477070381
bad_form,165.56158329496506,157.53389016875704,157.48353892135628,173.72555644233483
bad_form,165.18244446507617,158.73194366884968,157.38682410686792,173.73059450135386
bad_form,162.33596565998758,162.5180786035906,157.57259671502047,173.74670511888593
bad_form,162.42692902291216,162.2595857768582,157.8113211831771,173.87596380034228
bad_form,159.7992704362275,161.37314907651307,157.8482830518714,174.49249917632469
bad_form,159.60957092772378,163.05368241623964,157.71304306033863,174.63133476641352
bad_form,159.4577081075157,161.44410127429748,157.65519180180456,174.59870643592603
bad_form,156.82548634168737,161.48563548478464,158.61605676377133,174.34013665012958
bad_form,150.527594212966,155.1963350609165,159.76004755996934,174.2098043182957
bad_form,144.75515192427045,149.49888353560473,162.207480854184,174.1166124087344
bad_form,142.0316667510889,152.03596669457175,162.2803830530602,174.68348425044758
bad_form,142.67391417227498,153.9754373825391,163.53622224102463,174.2902657315654
bad_form,135.96989862986032,153.1851667228504,163.6201161124223,174.60903701756462
bad_form,133.4975149260784,148.64957963186447,163.82185797208817,174.85585142232367
bad_form,131.39663854324218,146.49949084285248,163.69178051730484,174.57457243238
bad_form,139.2150050541881,146.08090466466945,164.06965512961153,174.55909080854147
bad_form,144.7906939424445,140.60533988265556,164.4615993015308,174.36943939758223
bad_form,153.80958401945503,138.83792500620717,165.46979625701474,173.37896534868818
bad_form,154.95919572658178,135.54446766526868,166.1809737375213,172.94524543707496
bad_form,154.57921189784204,136.30350319655864,166.56004189390958,172.87064371894243
bad_form,149.7376990891942,131.73483901009635,167.02257287896435,172.47448460633515
bad_form,145.15645487585616,128.83319475249223,167.38996284112122,172.17554081329553
bad_form,139.08795205953746,125.37979622825578,167.81304889303885,172.00385933999212
bad_form,139.44940009744911,123.16927158947811,168.04029042541896,171.8887663623339
bad_form,138.59059453336081,123.22887579463847,168.08411068917164,171.74693930092874
bad_form,139.27034220865545,124.46563132121803,168.28467524955704,171.54927299809157
bad_form,139.7852466643062,124.73795953856867,169.2982914317804,171.27438619793978
bad_form,146.2358279383692,126.79599906578515,170.0491587830999,170.90528371653377
bad_form,120.25959329827836,122.42939478084453,168.79505500478436,166.80150788508809
bad_form,119.89876374112043,122.4648016636213,168.92859603914766,167.17528114250018
bad_form,118.8163596569706,123.35808282952668,168.46255315575888,167.3326679703578
bad_form,119.4066664878691,123.57667828173724,168.46668477232478,167.72460689555228
bad_form,121.12347290900058,126.77379131225342,168.33496303970128,168.1763859675624
bad_form,122.04858461944502,132.49510429580164,167.97682671423124,168.42201980837893
bad_form,122.48970759881948,132.84274175031737,167.54415040733838,168.68305314379813
bad_form,122.09301931331277,129.88248733560636,167.2853474879111,168.8548869599435
bad_form,122.88182888686293,128.76216719436928,166.18639040046733,169.07766930103412
bad_form,125.34614171777474,133.18290643847905,165.87553360637114,169.13820712558274
bad_form,129.4147938944568,138.20422740426162,164.69117899526063,169.6777226847778
bad_form,134.41539034002983,139.49061731227098,164.4600275863999,169.85043769626884
bad_form,136.32413538717506,146.46358905956464,165.56617397569931,168.85896987849492
bad_form,143.18886913700157,150.08141704971442,164.97177922314845,169.80414282521002
bad_form,145.36446456725182,154.39689799192325,164.27066672408594,170.11296565582825
bad_form,149.34726887471317,155.51857588273865,164.39613495112457,170.24729822895202
bad_form,157.20459995171757,160.14079916674322,164.1778695087587,169.33573624697087
bad_form,160.8492602543945,161.05065534290816,164.1375220750404,168.87364064164066
bad_form,161.24911732424545,161.4126617110354,163.71988391690658,168.89905758279147
bad_form,161.82026985604844,160.51229106082937,163.372807014859,168.8737655042671
bad_form,162.51238945533578,160.18198734525598,163.0554396831629,168.71343596051926
bad_form,166.40240263094307,162.51347279731633,163.03830107743138,168.75279678500272
bad_form,166.8422619449191,163.39626034606306,162.7414312077739,168.73593342582862
bad_form,168.2894252478746,165.99727729774725,162.7559855959005,168.06150785316638
bad_form,168.9172353118562,164.2070330286479,162.64387069446306,167.51879073111706
bad_form,170.12216684234264,163.4537707222072,162.56498804124553,166.9359715332916
bad_form,167.91953145578452,163.73027212889934,162.1512259351297,166.43180329000174
bad_form,166.2233166512618,163.41390509059443,162.13740597964704,166.09653838237776
bad_form,165.4752895947654,163.18546825389953,161.7858629881558,165.41384993190835
bad_form,165.41721407135572,164.0605463987283,161.86832807413228,165.6086506585816
bad_form,165.53977180724053,163.62188493509043,161.77575875155497,166.20098213732078
bad_form,165.45737896784772,163.89315666022358,162.2548320022514,166.23300786515236
bad_form,165.7233667882397,163.9477773052724,163.16505635494326,166.20769291795267
bad_form,166.53942045903233,163.90841128738268,163.40121138342124,166.0236287966417
bad_form,165.94089568375443,165.07732454003633,163.8121723254511,166.15431490203633
bad_form,166.87823869830845,164.81597707902299,163.52287561000716,166.75480386404
bad_form,166.26947046399957,163.11209073847564,163.23033793498132,167.64989073964074
bad_form,167.85703329705612,163.48630596746645,162.76223226095217,168.165391664388
bad_form,167.13585674215378,162.3838785459235,162.6960749900589,169.0406819800124
bad_form,165.5366589864774,162.5500187221489,161.82214870266026,170.93398077809326
bad_form,166.60199376059188,162.35123610091523,160.2197523407355,171.8621968196623
bad_form,168.25485376327862,162.48035427439495,159.5825482358356,171.90176583034906
bad_form,168.02074323188543,161.37838344644481,159.4837995830547,172.23566447233316
bad_form,166.9962416774233,160.53659965937732,158.67450085562328,172.9520271539058
bad_form,164.9980012404699,160.19837287650788,158.17772050203874,173.2416495226929
bad_form,161.7935857908134,157.27805723006233,158.86280265289915,172.5490723993883
bad_form,155.7012687141611,157.8112483836685,159.904461447705,173.35262659176527
bad_form,150.90884999027372,154.17636960291398,161.02377611187595,172.25677935112682
bad_form,143.47146073752344,152.53160366166807,162.05943853202723,172.0251619954804
bad_form,138.17265037863774,153.38296103988895,163.52575615826584,173.22447935198227
bad_form,132.24336337086652,152.78537540326911,165.62902013122408,171.19040054037742
bad_form,131.62092367951576,149.15024655170748,167.1981154661747,170.60610785166605
bad_form,130.78052812979783,143.89066624571652,168.48062917059704,170.61613708071613
bad_form,130.6648864450192,142.22718083102606,168.66480357241448,170.10968140221166
bad_form,134.0686773613507,141.19004254058444,167.49389871485815,169.72507951384648
bad_form,137.62722948558147,138.74542221763443,166.5338411759646,170.66308007155882
bad_form,137.63728940267495,139.7566916725645,167.37479411929633,170.71482166246207
bad_form,139.32346481348347,137.35641000289309,167.91821313588963,170.74270600662916
bad_form,136.33057912581634,132.08331084375865,167.8383008141863,170.36763725418987
bad_form,127.52915782834214,125.81949028231894,168.3178475661182,170.14611934755305
bad_form,124.92981884675817,127.04978268450513,169.40946497877223,169.02259905579132
bad_form,129.83275655049115,126.41833114880778,169.5143970247227,168.53985344269907
bad_form,130.7582240088524,128.2172330833784,168.03060244107238,168.54476870085804
bad_form,128.2647446862274,130.3035590468339,167.67672810885324,168.42891371448718
bad_form,127.26645255444987,131.48665445323414,166.75265073912675,168.73069747531244
bad_form,126.66067371451112,134.91777521456754,166.7673875881388,169.1564572763859
bad_form,127.68179602709054,137.2522544156373,166.18455540223778,169.17375762753628
bad_form,124.7808712217662,142.85126146640025,166.68472691041507,168.51172598350988
bad_form,124.32837128765456,137.9234968159779,166.65047356121153,167.96081687855957
bad_form,127.37990566395081,132.19999521095025,166.69656140429555,166.85355428021305
bad_form,127.97452984845447,131.61675124057675,166.2345762733524,166.10456589327114
bad_form,127.00656768396078,133.70385287428567,165.90151873729084,166.62456163405605
bad_form,128.10215067214858,135.79682399650864,166.1288568352288,167.19801394292207
bad_form,130.5033325699294,140.17151183807292,165.22342547307758,168.08019817542785
bad_form,132.34542348894337,142.26710311311766,165.86053972144154,167.66467521010003
bad_form,137.1166869556646,146.99024437746996,165.7251016519909,168.00674256268022
bad_form,139.45195984020825,149.45908603606955,165.3811551958183,167.93471565328448
bad_form,143.97166320425015,153.473496009389,163.69407465882048,169.82771999876275
bad_form,148.67247578328926,158.64102782069628,162.5732182257614,170.15596852631646
bad_form,156.11308069355618,160.7594116036208,162.34918872532953,168.5419175525413
bad_form,159.32237149619297,161.03921312758158,161.94671486539005,166.63588886920394
bad_form,159.21422428870147,162.10981715717142,161.04893589282105,166.70883343437558
bad_form,158.28275945299583,160.47597208162824,161.6094932996156,165.74346759688254
bad_form,161.46643113989018,163.93461611006748,162.02217368248049,166.13740336988954
bad_form,164.94744381895424,165.75653941613336,161.08333115467713,167.07632332860288
bad_form,166.91336139698723,166.76991482370798,161.72874344907612,166.04755135367236
bad_form,167.78516960934806,166.4506480932492,161.7256207416075,165.57143194843948
bad_form,166.7512675963074,164.26180768065873,162.60712831540772,165.71659088314146
bad_form,163.35419876071037,164.5540265455085,161.44144923578924,166.29787868203252
bad_form,161.2042275609755,164.5454672811159,160.98436284472152,166.28104182351413
bad_form,161.96458951217298,162.42297324473972,161.78337356207953,164.896403607189
bad_form,161.74131002333272,164.30057520598268,162.53858436885196,164.80241345352158
bad_form,161.9778955522708,164.68273562167914,163.14111458383837,164.58269958644414
bad_form,162.08194541994004,164.36358661324866,163.1915601310735,164.8120150541044
bad_form,162.38060194958788,162.25413943989142,162.68729540267773,165.25612480551348
bad_form,161.96200624257148,162.90107891515262,162.22757259338266,165.704412851725
bad_form,161.98102956032446,162.40353339456286,161.36190384365213,165.45227127675452
bad_form,161.14178265107674,163.90337689723412,160.92771885848833,165.52596320346345
bad_form,161.2276834241907,164.2807829327026,160.41636049887683,165.79433727220948
bad_form,164.09804633873435,166.33403905001794,160.29730892573036,165.61633552719132
bad_form,164.5883059378447,166.35839434858113,159.88662082052616,167.1087384599467
bad_form,164.7270858385466,163.29210930612646,160.37512044291125,167.1627886736915
bad_form,161.55062864833172,163.70215020639483,160.34276912847523,167.53507777532747
bad_form,162.13935746823196,162.3849479072656,160.05801676581441,168.37439441129814
bad_form,161.87723087537623,161.60512984090948,160.2594760362615,168.97881208813791
bad_form,159.92583508405826,160.71049618901537,160.29519725527592,169.74300152645736
bad_form,158.6731541503796,162.16767765092433,160.51552838823196,169.92052429142012
bad_form,154.70110266620466,159.83469855119478,160.59570821329203,170.74717077922733
bad_form,152.42459591267829,158.84645506897084,160.9019336729918,170.71910557830532
bad_form,148.51161699671886,158.46726522257336,161.79631447473238,170.58858410627104
bad_form,143.93269603644848,152.23264123783412,162.66166060229617,170.49528117681544
bad_form,140.95064370891373,145.46932610252833,164.17949311214883,169.76433473136507
bad_form,136.83144600101812,143.30992659481674,165.71714064621824,168.3671084825112
bad_form,135.87247760170231,147.24361467862977,166.95712223960874,168.0763912984202
bad_form,132.88035701424613,146.55341240069814,166.9390858397116,168.3649670433987
bad_form,132.5184581302488,144.63070683321584,166.00792686439522,168.34046550030288
bad_form,132.79824503520103,140.17165196117546,166.2868054474557,168.597846286912
bad_form,131.47543498396965,142.10624560151217,165.79023255028204,168.2663001873373
bad_form,130.80942837436228,136.98587304424967,164.99858065786475,168.78694519048378
bad_form,129.0676705399588,137.2505068271873,165.58577772710888,168.9737658479588
bad_form,132.83681740552453,143.07962990871314,165.74346085115909,168.97654309973524
bad_form,136.82445356342575,147.5858900770296,166.1843588671921,169.24891823911202
bad_form,139.00429436845496,143.291863440341,166.26410870691979,169.0198353211945
bad_form,135.09605335710415,140.80471531748648,165.93047481273092,169.2907416209678
bad_form,132.57091679712678,136.77420065546283,165.6765540607339,169.56478690978685
bad_form,129.54950455781218,133.1422948820711,165.62944786775998,169.7356171879651
bad_form,128.55088814161962,130.69042935288584,165.53836267154992,169.7810416923565
bad_form,125.98436792869768,129.47168468869287,165.50722925443927,169.74911688887568
bad_form,126.04256154381025,127.41300002940488,165.3923139685331,169.83731706556694
bad_form,125.2576119819401,128.3905543149795,165.09984713820492,170.3506971733143
bad_form,124.38317358188868,129.94118149286956,164.98159845014607,170.94652759283034
bad_form,124.91752283297208,130.0456796005277,165.03245949482738,170.95141025724772
bad_form,124.74349229454424,131.79023572366717,164.69041504551544,170.68025611032883
bad_form,124.98386407914253,131.98732428702627,164.4670719095243,170.45557747660817
bad_form,125.33163579136738,138.55970966974988,164.55717384537127,170.05995799189117
bad_form,125.47002106401791,142.29511305156106,164.17817571330207,169.78187026406533
bad_form,128.58556525221732,139.68867454779607,164.78540165132426,168.85825785923407
bad_form,129.16120753618455,134.05450703992284,164.86139489230777,168.79441963365
bad_form,125.29553328985952,133.53273129193178,164.71338370029682,169.3637560424693
bad_form,124.26641181060737,133.2766837960086,164.08250520504004,169.08835457248682
bad_form,126.8217740974572,135.2624746140684,163.6650669725345,168.61058632500897
bad_form,127.06830371185305,141.57937980509942,163.52651054184594,168.64479025604646
bad_form,131.60070169620923,146.15793759205528,163.71023867491846,168.57337329861744
bad_form,134.5627389039132,148.95359709732685,163.8607683508161,169.27566044010322
bad_form,138.74127451636124,153.6330749390726,164.0050049566512,169.36485543637275
bad_form,138.86612231903612,154.0130020127856,164.18270831541983,169.93585184038844
bad_form,143.80879474479005,155.08919195591085,163.77944434256736,169.90168653651614
bad_form,146.45720121232148,159.28810150066997,163.1732984607167,169.64735801484727
bad_form,148.57720478898065,160.62483658005328,162.91120277917858,169.59452159152127
bad_form,154.24998584310345,161.908385008784,162.3614130490963,169.56666915726947
bad_form,158.3361492568895,161.22976790273458,162.12317651388312,169.72759844733415
bad_form,157.97229599714882,161.06150082171663,161.84380431051386,169.15720831601357
bad_form,157.90344115337965,160.31923274341116,161.58983661224522,168.98760926461173
bad_form,158.06856164156375,161.01670543326816,161.72580716566793,168.14133312548265
bad_form,159.67025747835058,163.63311472874372,161.6563229312265,167.6774176450388
bad_form,162.7278859868434,166.9254612517879,161.5533674376892,167.52421927177912
bad_form,164.42646971559807,167.32414306141536,161.07041401864427,167.37343419048236
bad_form,165.92749972105128,166.11228822379658,160.6567918390407,167.12030149432127
bad_form,166.41099220671168,164.51940231851498,159.93347304950748,167.26225578423308
bad_form,168.49164326856345,164.0728415421412,159.8987859087057,166.99934116226453
bad_form,168.3416891934588,164.06779903381238,159.9137101763101,166.7695436438552
bad_form,166.5608280464578,162.77822613823352,159.94823473463234,166.8149899420107
bad_form,166.25054521576996,163.00162100240325,160.2267306508214,166.6901027953787
bad_form,166.25730661132468,163.7013015670583,160.4832826023515,166.63688695533287
bad_form,166.3199763316156,164.29524769206523,160.62379075239562,166.57819988880476
bad_form,166.82277210591587,164.01235318933843,161.03585663386156,166.2839397977911
bad_form,167.24960651360328,164.0197450859659,161.28066257628151,166.01170615022593
bad_form,166.29953313782826,166.7386332619073,161.3918202962911,165.97089948295164
bad_form,166.51844167935286,166.03901409606465,161.24585777934084,166.11356315768055
bad_form,166.59617802506193,164.4513623911679,161.23721104245098,166.2223241065747
bad_form,165.0157959107422,164.86050178599385,161.42964857718832,166.56057737810428
bad_form,163.44825029032145,164.20934302574423,161.2738146760573,167.44923113025862
bad_form,163.16725053888766,162.80297804636928,160.79554592388354,168.74223713203338
bad_form,162.10180486273663,162.36498019535009,160.67564673740898,169.24838256931787
bad_form,160.50595821247526,162.07531360280768,160.58704539833113,169.64652877730833
bad_form,158.7967376222742,160.7435836457509,160.65951630513842,169.58826762241102
bad_form,153.53524937918797,156.85113874521238,160.70042218560303,169.80934960606513
bad_form,149.08610274933233,153.99670759120497,160.87557344062472,170.15194559577728
bad_form,140.6903041501171,149.2496111464386,161.37083235628907,170.76697092242682
bad_form,134.55005860209462,146.9133095519263,161.80041174725736,171.1952106995335
bad_form,130.20101135894558,143.96560786096913,162.03535693282285,171.2462526989729
bad_form,126.67631079144616,142.22170825239274,162.42921435136364,170.93591659378683
bad_form,123.81506629202042,139.05784427209846,162.84284478891098,170.99800329552596
bad_form,126.7852421642873,140.22158162460065,163.30679574899665,170.48683985657158
bad_form,122.87918037019963,137.23247589485484,163.46538876100456,170.55363595266408
bad_form,123.18438977578953,134.0470869186205,163.5649517283251,170.5307782033407
bad_form,121.29514090966859,130.54114415772264,163.88542407729543,170.1079013249744
bad_form,119.69886101964306,131.87606440031817,164.63003235005996,169.98177076978916
bad_form,119.06236717349904,132.13389146501567,164.95690633408242,169.93138434675265
bad_form,114.68372805133006,128.00743192845394,165.09077445482595,169.92428007341996
bad_form,111.58743547473048,123.19646603639099,165.46145379559974,169.44576964344319
bad_form,110.37716388726489,118.38876762204573,166.51872241518112,169.2184178207461
bad_form,110.52110060736996,118.0112905478905,168.50278607691666,168.35337801657258
bad_form,110.86515043313017,116.61793041722922,169.10146696298477,167.44289981171292
bad_form,112.652909659528,116.94931179598282,169.6954470775023,167.49430147343543
bad_form,115.50107812214128,117.72446176646878,169.55823199376223,167.93369139546368
bad_form,117.58201474840914,117.50833672525467,169.8520574780403,168.02493658546715
bad_form,117.81666855307563,119.03822497728449,169.35042001305658,167.77661345791446
bad_form,120.1135945189466,119.00650765781097,170.6275892300667,167.54094225187902
bad_form,120.5486800543562,127.41331369205884,171.18470289795408,166.86455063680773
