class,left_knee_angle,right_knee_angle,left_hip_angle,right_hip_angle
bad_form,176.31854157808246,177.4178700898883,149.04800245785026,160.3509072075525
bad_form,175.014550083171,176.70979410713758,150.1466608702895,160.30940043121922
bad_form,173.8514833504265,176.90872200910147,150.4084206001048,160.7103364939442
bad_form,173.0132851481596,176.96737027633833,151.4435430337401,160.58884559700127
bad_form,173.20818517156772,177.3246316540686,151.34755393386587,160.76187019426953
bad_form,172.6458611323109,176.9233622295149,152.7243164880867,160.37988931291068
bad_form,172.6988226369728,175.96244702466663,153.7065703800335,160.7672764123342
bad_form,171.49831928563572,176.47769422320926,155.33685428523034,160.50545940006455
bad_form,171.51426618997067,176.46088953786955,155.8309536113743,160.66720897724014
bad_form,171.39623499302837,175.77679819138962,156.23278149136732,161.00548073204865
bad_form,172.15578567558697,175.52234449236357,156.26128678727696,160.80481083424908
bad_form,172.40996266553856,174.79681085864345,155.7561375896934,160.861065036213
bad_form,172.4102847782915,175.25705076459977,155.58605361489688,160.2652551456656
bad_form,172.4218522296009,175.04152716668472,155.62471125109366,159.93857922188312
bad_form,172.23766073271412,175.07895199415657,155.89759998983916,159.76519858978565
bad_form,171.84610472905155,174.84330919690152,156.031224802947,159.84993254277325
bad_form,171.46023722970386,174.6733651796305,156.52452574567167,159.75164994737364
bad_form,171.0464994069301,174.71050252218015,156.73565295520476,159.86373441141342
bad_form,170.64908173919866,174.30493376367815,156.85088155601608,159.83010812631983
bad_form,169.9559765510531,174.44041916051316,156.67905211107245,159.710591334339
bad_form,169.32336726458118,174.9744874033384,156.66709356004148,159.34732617613344
bad_form,169.8959994377434,175.3029206801171,156.36670527026507,158.96209072980486
bad_form,170.95528138763868,175.964812684425,156.3330288104348,158.08684633309372
bad_form,171.09387384143935,176.56408172350604,156.85708862431807,156.99439629303433
bad_form,171.24005510433412,176.38141755371387,157.73146442923274,157.51172448506776
bad_form,172.13393442167737,176.52250237578028,158.22846657890724,157.97561410059282
bad_form,174.32890725690476,177.01349824837433,157.75635614182974,157.79826380576438
bad_form,179.40064804235894,178.55127489245015,155.70030393431756,157.12365034597536
bad_form,176.1981892958538,179.72421000217815,153.44466442584675,156.31728518409693
bad_form,172.00476137069342,176.35123482837867,151.61247231005854,154.46279082248975
bad_form,169.11964111496042,171.7862265290251,150.84004142311053,150.7884804677013
bad_form,164.40862498948889,163.92152333563567,148.03197381718113,146.0331070548824
bad_form,160.94492258196274,158.60240827377822,145.982283874398,142.7304911522153
bad_form,160.1527306255743,152.80232889686425,144.86108057573838,139.39548792718733
bad_form,159.10045993970962,150.76478523064912,144.22443986881896,137.83763567265143
bad_form,158.2968312975049,149.39068395914666,142.87094927335653,136.54536867992257
bad_form,156.303903203934,148.22541318159773,140.67366420763133,135.29536159008254
bad_form,153.76788691671663,148.21608595703646,137.42861773341943,134.71795392188253
bad_form,153.43959444104019,148.14141857893077,136.2589359106775,133.48585094776416
bad_form,152.6169449748866,147.31162580802314,134.53357448517306,132.95935937001948
bad_form,152.22073217625487,144.64852172522384,133.13544351393895,132.0529584844416
bad_form,150.62354725479304,141.39740025699888,130.64066705650725,129.95334389095422
bad_form,148.55216470446393,137.99059333250128,128.21049254361574,127.60568967418806
bad_form,147.17116826233686,134.19308767811364,125.98420878407782,125.1771020418908
bad_form,146.0070099747653,130.7501504567516,124.2638293413611,123.92186510175969
bad_form,145.6642847091264,129.03153968685157,123.7763559314554,123.53128276160865
bad_form,144.63374199365308,128.66756900963114,122.52656283647933,123.4845953505735
bad_form,144.2656805564003,128.30783847941265,122.30836120960225,123.8361723328893
bad_form,144.09021364224722,128.62968779331223,122.76098421078164,124.99089720251277
bad_form,144.3452954263568,128.40378894632087,123.45019832270923,125.0722195118282
bad_form,144.29447007372823,127.77892862074222,124.27387869563202,125.88468617720798
bad_form,144.11050157314494,127.6055542491195,124.75512994858104,125.81559382460878
bad_form,144.1070972311999,127.03520327495815,124.55397232555922,125.8028852121742
bad_form,144.6244675752388,127.91961272620271,125.31094257475856,126.55534876516634
bad_form,146.0735433675964,129.21105853814146,126.80670827339965,128.07671739364193
bad_form,147.77535137182355,130.45566054099328,128.72098048367198,129.30186939126557
bad_form,149.18479573068754,131.48019518059647,130.2017010770756,131.24729368334422
bad_form,150.16533451056114,132.87258157290634,130.85083343151106,132.89036809127853
bad_form,151.96358311051333,134.44467188005606,132.79258721600368,134.76825664269472
bad_form,153.3570868992981,136.65343475555906,133.3834164591294,136.83091381852563
bad_form,156.13573349513808,138.95271480156202,134.24700315841324,138.76328975333203
bad_form,157.72024236359533,144.23598985062227,135.8474203302346,140.78469459936866
bad_form,161.43189822717594,149.8013486434128,137.82025942570274,143.13186984324233
bad_form,165.42408832094608,154.84983991901294,140.41942955056098,144.70024924771928
bad_form,169.95098313189263,160.94989945206635,143.74377313695615,147.59950775790537
bad_form,173.70643443111362,163.67767836573267,146.70148263870755,149.69822196327328
bad_form,177.77897314386246,169.69653286930026,149.10524689924097,152.5329662881625
bad_form,179.201756645042,174.89387333668014,150.8059314836284,155.0936459085579
bad_form,176.9393537785602,179.1613050226448,152.3021771513526,157.34014471824207
bad_form,176.02760078431078,174.37676287437628,153.02881809615735,159.75603932534446
bad_form,176.60453187508713,171.23631336601323,153.33602970563302,161.74728199696236
bad_form,177.27397363091944,169.02575482143092,153.92586495302612,162.89369554609058
bad_form,177.89314762595112,168.20966841704868,153.9256024012677,163.7624738086703
bad_form,177.82291891482697,168.91305949624405,153.91495552910442,163.34839765464787
bad_form,177.9620539443114,170.22979032123973,153.74413001659838,162.67034598260133
bad_form,177.85279520303038,171.42630278402444,153.81681332651658,162.2231760780462
bad_form,177.3312772647704,172.0727952267666,153.69243063585597,162.01586788973194
bad_form,177.11393460252623,172.29266262554324,153.52282859031962,161.91318250648155
bad_form,176.837152270813,172.5279449626614,153.42654267005864,161.93535119496735
bad_form,176.61632053387774,172.5968671584281,153.32791866996834,161.8186539487393
bad_form,176.16754134962355,172.48316299348156,153.37281760598415,161.81666247468675
bad_form,176.25578133085145,172.49101091284382,153.30833993880535,161.80065701808257
bad_form,175.8393862664769,172.85408354044102,153.57587595095922,161.41857405622383
bad_form,175.3690460395199,173.15330387312267,153.652251621737,161.06832808991297
bad_form,175.19208480940534,173.33413887332,153.3823453559876,160.77859704988091
bad_form,174.64750223454882,173.80304956564336,153.463996371688,159.8318990251355
bad_form,174.2178972079148,174.4287329863615,154.20069385260229,158.9601147770909
bad_form,174.06775592753954,174.72576638551115,154.76054219630012,158.49911699908233
bad_form,174.20906898532462,174.9677306609107,155.21159394566484,158.89058876912017
bad_form,175.52173309616813,175.6652877806631,155.459414999782,158.0846600981549
bad_form,177.5524963105219,176.86723421164015,155.30934500514013,157.35885642558608
bad_form,179.75858892649714,179.20609201633792,154.3600060211489,155.65213465908298
bad_form,173.68692547240795,176.842240697455,151.4031016543307,153.77443280988254
bad_form,168.19186553454492,172.10949427377662,149.98746234119665,151.18009048419387
bad_form,163.54806372352306,166.63540160889673,147.32850538102684,148.30750042459377
bad_form,159.63542041850033,161.9177148650457,144.55361378843634,145.54477452390657
bad_form,156.53244631281163,158.51910989052598,141.58671704322597,143.05859951397738
bad_form,154.58870949277315,156.36607341886472,139.8117188918325,140.96836022659696
bad_form,153.68505423220168,155.1389288178365,138.4131979474901,139.1256649308148
bad_form,153.50673683646716,153.6270925118962,136.9639445423616,137.09497251533693
bad_form,152.52165005831066,152.99916833030747,134.98866332549733,136.01714337905136
bad_form,150.29235833012848,152.08353815909285,132.54383406437685,134.59222840037634
bad_form,148.7900547491135,150.75126131168972,131.28415462382296,132.99658054327062
bad_form,147.9115121813123,149.7962517453343,130.4357393622599,131.81007144677878
bad_form,145.67252765295288,149.36614752486304,127.85901660767843,131.374532538409
bad_form,143.1110185316601,147.5402884268549,124.9044440279157,130.09486349447104
bad_form,140.4950622598225,145.29172863463006,122.19086197438203,127.99950055533381
bad_form,139.44448736466282,143.34025769153723,120.34826112808985,125.8497688868301
bad_form,140.8111972280492,141.3194778005108,120.34611763071203,124.55706847216905
bad_form,140.40971462497347,139.57217499339274,119.47141200246597,123.8197069719314
bad_form,140.30869414096057,138.15875035129193,118.71452236519528,122.84883335784903
bad_form,141.74057041979847,138.41638209787223,119.94984615383414,122.75217542983708
bad_form,141.65396468468117,138.00883547159114,119.30420125045238,123.41210807741987
bad_form,141.5520623786579,138.1476738254122,118.85814370387888,124.50596500701235
bad_form,141.67823235296066,137.01328770919014,118.86187185399655,124.62977231617961
bad_form,141.22977390228294,135.82518325665794,118.45088119412567,124.85217419771641
bad_form,143.1632968930545,136.5605690284576,119.95005053894002,127.27436449616678
bad_form,144.98696370008366,136.26655289504836,121.95649577882466,129.05642405787367
bad_form,147.18800543457706,136.32725154226233,124.62477493356931,130.79089871893117
bad_form,149.04048072346333,137.48198387799704,127.1587807812572,132.38204349544978
bad_form,150.69306402842275,139.0993819286166,128.64385517176657,134.89453907445937
bad_form,153.2157408536929,141.78271092454673,130.54558585573167,137.09866967819602
bad_form,154.51839140964228,144.06003228840896,131.54402193522074,138.73075634805454
bad_form,156.24791369579333,146.377676603644,133.1935849514663,140.18981831813707
bad_form,159.4409292845158,147.9677310975736,135.67756971881653,141.46165124967308
bad_form,162.33163413606766,152.5942591513808,137.04306311941534,144.33018123002486
bad_form,165.9793197329674,155.78158854819995,139.82516251796088,146.47252057336038
bad_form,168.23842287929762,161.11108272829867,141.62718418228206,149.91239681631606
bad_form,171.94624149132952,165.01580741979708,144.34926797332724,152.32392105942688
bad_form,175.83821793222543,171.26130809082917,146.95580559991728,155.04973501190048
bad_form,177.93477699115104,177.9843305507654,148.28205448829522,157.81408902099642
bad_form,179.23726136653596,174.66214449764232,150.7355827679015,160.5063387589167
bad_form,177.5266597274938,170.93832879246915,151.70643499654435,161.92466333304094
bad_form,176.61609721030618,168.94250742042752,152.84233759811178,161.95056168589974
bad_form,177.17545500641629,167.40480384631329,153.44264074896992,162.64292134369296
bad_form,176.64080757129958,167.26873728755086,154.6285723453777,162.40969735627394
bad_form,177.04970033714784,167.78764089207664,155.17913100923818,161.81804332456042
bad_form,177.52592679513944,168.78830576410866,155.33568983324622,161.18184359800213
bad_form,177.38850461540267,169.7583018467321,155.34906165819243,160.5977506223643
bad_form,177.3739637580217,170.56652219469072,155.27697540806372,160.23939041098083
bad_form,177.36198930412365,171.30730955898488,155.2849371396032,159.8095879064101
bad_form,176.44236036047693,171.61678862424728,155.33469453716796,159.7917335267682
bad_form,175.6139975996341,172.05214838773185,155.0816488786438,159.6149685952336
bad_form,175.2795319494821,173.30340685114015,154.9062222610543,159.26885088728238
bad_form,174.97779608758975,174.0025071436066,154.93168504283125,159.13810972580362
bad_form,174.79176129894793,174.7499506846621,154.78549391083126,158.86454499345564
bad_form,174.74240759335765,175.65472070862762,154.4802073957165,158.60570985369054
bad_form,174.8622245508396,177.26953144222367,154.0479346214056,157.96762637436916
bad_form,174.9741396695171,178.019827046747,154.1666809238897,157.70780140953698
bad_form,175.0687667285849,179.2403651800479,154.26471443966577,157.4848392373851
bad_form,176.00359771152537,179.95881814130558,153.34960105599487,156.93259878005597
bad_form,176.77041399136397,178.4194747880695,153.0177987912333,156.3316195783209
bad_form,178.48852064136128,178.10777054511047,152.27306889872105,156.36779245440735
bad_form,177.7009492156864,176.7363413360922,151.01872041238093,155.52071429920406
bad_form,173.21586401436474,171.89500277622142,149.31339980896752,152.85263845241522
bad_form,169.48127865365203,165.22180472555536,147.48192592922007,148.93676575670813
bad_form,166.46930975346177,161.0484086006551,144.9309587649632,146.31965479444926
bad_form,161.82649640370815,157.56137799277082,142.2369583289316,143.44848090389777
bad_form,159.75502944925194,153.7795434265426,140.07399484842773,140.5516151721277
bad_form,158.60496713893627,151.46430029163523,138.36382031731583,138.54548363994573
bad_form,157.5038690217424,149.93374985436637,136.8336672422595,136.86982295272955
bad_form,155.65073240293654,148.86513184640103,135.19222027190116,134.77888103436743
bad_form,152.89894083236848,147.41696254479106,133.34637561325056,133.03626620726283
bad_form,150.4361481173376,145.9850893172549,131.00288979790582,131.48189685517994
bad_form,148.81999792115437,144.46571253146465,129.37456591972526,129.5327989687483
bad_form,147.37853546816498,143.30238732443834,127.15807843541369,128.40567530907742
bad_form,145.38902400001135,142.20353188015363,124.99421807464414,127.29041761568593
bad_form,143.19432626455108,139.84873345016433,122.71644455412529,124.8430496437521
bad_form,140.27022757427426,137.3182186991059,120.09201411961618,121.94984842317527
bad_form,137.7738869902783,136.3144155283188,117.78392764595915,120.64823678102613
bad_form,136.09507209877043,134.63288931453567,116.01507563201636,118.8443073295702
bad_form,134.98647112107514,133.78050234716335,114.61390774592292,118.25563608147931
bad_form,133.06101139767628,132.59443225498916,113.05902607925083,116.83302105419816
bad_form,132.36549639492287,131.74970445182686,112.57979721436459,115.97925724361991
bad_form,133.63761958866704,133.66155214419848,113.59280625268416,118.03102914261731
bad_form,132.91528738755983,133.94846296808777,113.15890640332903,118.79584863993045
bad_form,133.70592546598718,133.5623806330741,113.8047726192231,119.37429025235164
bad_form,134.53906251463852,130.76405091699957,114.67188787849221,118.44968727794071
bad_form,137.08545364233632,129.8949807606041,116.63952565403379,119.66613943015142
bad_form,139.96167493329713,129.1614534280225,119.69017307563881,121.26407035266095
bad_form,142.76901907802304,131.21209654572286,122.4211826902358,124.49858915708523
bad_form,145.0216730729787,133.7231353364042,125.00201623387996,126.86836142278753
bad_form,146.5889852684332,136.3691919242394,126.88662726672813,129.93683928089317
bad_form,149.16095582379467,138.69440774194987,129.3520757409487,132.7522423034642
bad_form,151.9097760579135,142.34560270635353,131.52238322325792,136.29858120166728
bad_form,153.96213889376398,144.03774533558482,133.691142638348,137.94728179348314
bad_form,156.64006107529124,145.95891401890432,135.9330990599691,139.84656214822314
bad_form,158.8426428539339,148.94501721010715,137.3814928872282,141.94126515611492
bad_form,162.03447051172898,152.83525503482366,139.34198320427473,144.411694375283
bad_form,165.12780494348354,156.84182524634818,141.54251310517517,146.7267791035551
bad_form,169.36977285529574,160.70755180926443,143.82044462050789,148.9849944104722
bad_form,173.86189423087322,165.75727975367423,146.32151551234884,151.676376748846
bad_form,178.14962600913438,173.72076303366015,148.78955792567913,155.10678149745084
bad_form,178.57293456609443,178.96340613964526,150.50808598740974,157.06542229972297
bad_form,176.7761559454928,176.7242219899927,151.51566537791624,159.1990703691292
bad_form,176.1125763491553,174.2771078903066,152.40125051193988,160.32613276503955
bad_form,175.75436211063456,172.32596861193144,152.5647240584812,160.83076219542096
bad_form,176.47595227431444,170.77075917028841,153.15158359603595,161.33765694376652
bad_form,176.33313195755113,170.59042272379216,153.4238823069707,161.15611247719488
bad_form,175.54829666556984,171.25259441083827,153.9682051626968,160.71568151263548
bad_form,175.14860572088233,171.8313631625983,154.12562523423256,160.41609240785536
bad_form,175.15856752216166,172.38443430406198,154.14607469883828,160.19162057010297
bad_form,175.1464479100862,172.7581675904686,154.07809640789117,160.16963466372061
bad_form,175.06497523350924,173.0181468394804,154.04698414898957,160.09911523542831
bad_form,175.03868179584018,173.1110046526485,154.0655054484134,160.06819833658992
bad_form,174.8246168906652,173.28186494447883,154.16712314898484,160.03920328718274
bad_form,174.42625182111132,173.72378020239225,154.48814771077565,159.79539204041578
bad_form,173.64339092387644,175.34971672126036,154.9519816631982,159.02620267204335
bad_form,173.21466950661602,177.04600224453742,154.8137056415303,158.0400893710823
bad_form,172.86131634642945,177.31621128723512,154.72177351238975,158.07416312108464
bad_form,173.10238624733887,177.36359868547257,154.59656537597246,158.33315296004497
bad_form,174.05640421350103,177.5335443543961,154.43317370332247,158.26312624197146
bad_form,174.5021773648911,177.51719473491573,154.25086850272328,158.23296903535703
bad_form,176.48202435526443,177.88642216414715,153.47903633396197,158.10977852780584
bad_form,178.65341547940625,178.40777808116115,152.68457467267518,158.00361418511912
bad_form,179.33641715415348,179.0703908847879,152.5109908799004,156.19262576686592
bad_form,175.74607861567472,174.4592630565902,151.35056566925408,153.70459665696288
bad_form,171.58571017817889,168.52566872919445,149.30180458236924,150.52009180593882
bad_form,164.1269472093458,162.63272061568134,144.95900366968812,147.76562366264994
bad_form,160.09731465147968,158.0661534822062,142.19201486686234,145.3003551236793
bad_form,156.57187796793716,154.5913774043245,139.85262763207865,142.9970339183546
bad_form,155.44492876793254,152.91275177283097,138.7054133687405,141.0920777656158
bad_form,155.05021768410484,149.92995619005134,137.46081634392075,139.0447024375908
bad_form,152.94812135225263,148.01865372247718,135.33692527318993,136.30085584906192
bad_form,152.72721381019323,146.19235021823593,133.68232967320722,135.19705592156478
bad_form,150.16217581335388,145.35716093336438,129.98675676211943,134.48068353569005
bad_form,147.7759264122293,144.79149847589852,127.15851488711088,133.72284005420286
bad_form,145.56418290970186,142.40543449292508,124.31018807855358,132.12973625379428
bad_form,143.66823176703926,141.13469194683233,121.71557927040311,130.55638656643094
bad_form,142.07174870396173,138.48804287129298,119.50440111313812,128.4730065965304
bad_form,141.72827657580896,135.58928118271925,118.62029091266976,126.39350221075631
bad_form,140.8804190767921,133.8736500247273,117.74770661523057,124.5715817918566
bad_form,140.7642416211886,131.81059407445724,117.56434925754924,122.66885328436442
bad_form,140.99194412787557,130.40125906705913,117.84309235332539,121.79071547056989
bad_form,141.4768716029125,129.47331250352067,118.83638448785366,120.28753458504573
bad_form,140.06482938806826,127.94643508637299,118.07159637967192,118.97810627703424
bad_form,139.85554258461949,127.1412194304218,118.16979898681782,118.50064995042501
bad_form,140.95548248816252,127.80549677016471,119.68366105283968,118.9066080557833
bad_form,141.95240160463857,127.22898457260303,121.07910071438984,119.1565944478437
bad_form,142.04465814397517,124.91206703363262,121.5508400565251,118.08462469033446
bad_form,144.1272281692906,125.82910234688791,123.74765197665415,119.02312575885094
bad_form,147.35217710695812,128.7589087965674,126.99681134648426,122.17986081321956
bad_form,149.98532371673244,131.9349457766612,129.7205918510852,125.86703130828792
bad_form,151.6334502806412,134.07892580784969,131.3862877798254,129.52928998214503
bad_form,152.82372079320248,136.04418057500618,132.32042137906342,131.27223369363577
bad_form,154.95776909801734,138.98151530780788,134.69679021487798,134.14126743001952
bad_form,157.06284563197983,141.98294927971537,135.38712202067495,136.52762018006283
bad_form,159.03377956380902,146.0977278179258,136.73504290485837,139.35315696108793
bad_form,160.94526934434498,150.86417544139226,138.19210057004202,141.8701584809787
bad_form,163.07325671466904,158.696529148897,139.9239729370542,145.59031737895643
bad_form,164.94968466267153,162.04754546214946,142.19490403941558,147.69550169027602
bad_form,166.72528495128617,164.59358938736543,143.77088279125638,149.29664938471453
bad_form,170.16915132510726,168.122205646255,145.76017169083664,151.80554919032753
bad_form,173.49793179636222,174.0438840962165,147.84254994153227,154.2800049582885
bad_form,178.4535214186153,179.6651272699035,150.21492315896458,156.79809180769513
bad_form,179.4099877805727,175.87292062644465,151.62589079272217,158.2632009902322
bad_form,177.22397961507983,174.82686608300386,153.1399974834434,158.91087449732757
bad_form,176.51314975468927,173.06396927109736,153.12742914722725,160.03805151571518
bad_form,176.85248779534538,171.64392436700248,153.3452414179597,160.89435487324795
bad_form,178.18300815420147,170.91907702359063,154.38722857557298,160.78371614033915
bad_form,177.71838184182624,170.4764977522309,154.81072853972026,160.84488726799046
bad_form,177.52919207753513,171.20733487550723,155.0499812324682,160.36034743539577
bad_form,176.99194958583246,171.44818923206762,155.47814102538723,160.10833200093256
bad_form,176.88474263478165,172.38490971790816,155.33768150566496,159.67308488622038
bad_form,176.6582333595918,173.1925980648063,154.99080510252412,159.6558893876464
bad_form,175.91018427733889,173.7823704991558,154.5464040216242,159.74302369843878
bad_form,175.63786510712728,173.94877072548076,154.3850254698575,159.88892542809816
bad_form,175.200155321736,173.88183944557076,154.6243888908818,159.81508691350805
bad_form,174.86991514401015,174.01719850394585,154.85418456700185,159.7875766309018
bad_form,174.44078443152563,174.14394613240614,155.06788671142394,159.76511033905433
bad_form,174.45607721100458,175.5711628831419,154.61179837707004,159.01102095543462
bad_form,174.08429197618372,175.7139438941037,154.61825358268123,158.9729253215306
bad_form,174.13360495103663,176.28193993292342,154.74358060596145,159.15422449147655
bad_form,174.4419327858056,176.8639666883431,154.3711171091254,159.09537896220422
bad_form,176.42287995294492,178.61890487370445,153.21513310762103,158.65903206974136
bad_form,147.07870761335764,146.01314840306395,135.89771746634878,133.9155597405409
bad_form,146.343121711287,144.26037487117932,132.7831134889315,130.21369667868447
bad_form,144.36955218795427,140.63172201902648,125.38719037690345,120.57457522800556
bad_form,137.60953767007481,133.32830164001498,115.00234315524284,111.20050389969194
bad_form,127.23576154103104,124.32552992833918,104.88153831010862,104.03372690332111
bad_form,120.87568114117782,119.39050913009261,97.79054838218667,97.42705883482535
bad_form,113.42744276556536,116.26245865642481,89.97671131068716,91.08858873878745
bad_form,107.13371954443951,110.26789942378726,82.54541435433367,85.62165173909449
bad_form,102.17585721905755,105.23291494299795,75.84664766986373,79.2227699422063
bad_form,99.99882328130943,105.82184901456213,70.81397880784084,76.95556322574248
bad_form,99.74822253901866,104.3688888362356,66.02302291100199,72.4542121906041
bad_form,98.07041194809628,91.49035906789715,62.16100405194493,66.10658094013542
bad_form,96.27233944499783,96.62279808067498,58.55861033907348,63.35445124899928
bad_form,94.41281581652183,94.58991081544345,55.247395925506794,59.764054705184094
bad_form,91.90861815179468,94.14866128338114,53.49505248527828,57.57257666495224
bad_form,90.34179019691523,93.57900759061451,51.4205885809057,54.59987021514206
bad_form,88.65549866359483,95.52338875635097,49.84021625689775,53.98642744602893
bad_form,87.87573824375666,94.46406038284974,48.57504530901309,53.142497007089105
bad_form,86.47325855935762,91.16600839578022,47.59692539806804,51.934362125052985
bad_form,85.12281645054242,90.78446097461156,46.93086157857198,50.52888285065973
bad_form,84.36574307634801,89.48661767248747,46.6021108096175,49.43732023110573
bad_form,84.01734550648295,89.06473772471105,46.86231755029792,49.76420834808374
bad_form,84.61759310167473,89.41083454107871,47.21599507911509,49.83556626954436
bad_form,84.39648187586852,87.78628941901023,47.6342015783477,49.94417064994235
bad_form,85.24838242053399,88.17443146977426,48.0281824905897,51.089470286106575
bad_form,87.04471274825357,90.56512585442563,50.33093076465991,53.3894354951442
bad_form,89.11391148154274,92.27844707946088,52.5040083595037,55.413303888895655
bad_form,92.32484370722797,99.48459736916604,56.69393873351578,58.683028032972686
bad_form,94.38703254230246,103.60990820381575,60.362175468530495,63.471354531285215
bad_form,101.04017972732562,109.20344630476156,65.4412150409413,69.10275186920785
bad_form,103.36495932665811,111.05779024660683,70.64710280971303,72.70391160790922
bad_form,111.46363192960527,117.34593629207023,76.55562231050527,81.10824668185222
bad_form,115.46062839742295,120.60075715043195,83.12415238386524,87.47367793763647
bad_form,120.72209450319305,123.73638887103398,91.6282314183901,94.20208786650238
bad_form,128.19777892829305,131.14062872035703,99.63788387494697,101.16859990366635
bad_form,142.24005182827716,136.3543485654954,111.59749471688582,112.81915320785143
bad_form,148.31875425080943,143.53643915414608,125.43815900523546,124.02670998324217
bad_form,152.69950812029492,150.76127001985702,134.6094794151119,132.29213674717107
bad_form,158.37368151350006,155.03236469318028,145.55213221694424,144.51514799571143
bad_form,164.87520819993154,160.88674901553202,154.4683421867511,155.64748168316837
bad_form,164.43700684702367,164.20814333823733,158.12403908703703,160.97181988181563
bad_form,169.9268259132595,165.44837011762877,168.36651189058873,167.6532094973604
bad_form,174.09975622444392,170.5609747672972,177.16721418982488,177.62114298717805
bad_form,173.2605878339729,172.6286541951499,177.9614894297947,175.16545735372472
bad_form,171.7231032840954,172.66987062508318,173.92611857744456,171.9036510100017
bad_form,168.01193402350353,171.69333689139592,173.8095851449869,170.48784578970262
bad_form,167.09495765023613,170.00278970748207,172.78180793968448,169.57603309359135
bad_form,167.83063367345724,167.41841194076818,171.6513669686427,168.9957407765278
bad_form,167.87475913810675,166.2193769729287,169.43036571675836,167.59378397643567
bad_form,166.0274135067684,164.965189158786,168.39747676075118,168.3031833851785
bad_form,163.40101371116447,164.41960578429357,171.21345006468712,169.35068114549304
bad_form,162.5466661359869,162.1557780278292,171.57825751330552,172.03805128834895
bad_form,162.96348319075807,159.13410472860875,172.6387545071564,176.08568938116906
bad_form,165.66718048594456,159.33255702690207,172.97404574192967,175.71958128138968
bad_form,167.31666068795792,158.80077008199842,173.8765106939676,177.14864752975254
bad_form,166.32019164538872,157.2626429407699,176.67225568357364,179.51358346766406
bad_form,162.8806912894696,154.57503975189266,178.01290094000106,174.5540781416369
bad_form,160.26711094624665,153.36023160468028,172.59797512126818,171.46554299205494
bad_form,156.12348854456488,150.87391886598934,165.4987163788489,165.34480561259485
bad_form,153.51605442206184,149.49361709602596,157.332851063312,158.4612967331318
bad_form,150.24549492959133,143.42505931932382,149.43731729479475,147.0369727224419
bad_form,148.58336028139072,144.92709535149265,142.4392910676327,140.93267228034566
bad_form,147.56509915341806,146.4262831166892,135.65945381667325,133.92951087373666
bad_form,148.21141221731654,144.68553557571863,130.0707619163313,127.05567491791061
bad_form,149.25129844967486,138.6452962392725,124.17127684378673,115.51888316660862
bad_form,143.683508216695,132.61273008085792,116.62120074439767,107.69728628750468
bad_form,134.02762733310337,125.59141128766792,103.65775285543504,100.69326215554179
bad_form,122.67365859783065,118.90517269691716,92.20686677190719,93.12560880688312
bad_form,111.54091767443822,111.64584698592726,81.09101764209129,83.44324855729661
bad_form,107.2480762017008,107.48232158786641,74.94430490543255,76.80357922886702
bad_form,102.27711515902044,104.36198611492647,69.3295513599873,71.98916276685685
bad_form,99.43006906402799,100.31723765857818,65.54418562975314,68.50278046575545
bad_form,96.46403176636278,97.91038869720958,61.72150454341693,65.38642368231467
bad_form,94.49307669144243,91.32105323283996,58.87323358016175,62.484912439455
bad_form,91.75143100578082,89.10463970966154,56.53083733143313,59.83717563961176
bad_form,89.64063729761541,87.63094051986626,55.24202385972035,58.645408177087006
bad_form,87.64659435018862,90.60797082583002,53.94111086695477,56.45892299333707
bad_form,85.17522404689288,90.69495565714166,52.66512834217946,55.67742361028155
bad_form,82.83898298376347,89.3944453699043,51.77586596738257,56.283866758097304
bad_form,81.67319892209852,88.55362403292739,51.37200092458613,56.17124316499695
bad_form,81.46909032248958,88.4162021777541,51.836186355761015,57.48264676920775
bad_form,82.1551003325607,89.23520038629987,52.53940348886664,58.28719320005996
bad_form,82.70068249822383,89.92988579106978,53.09247388052427,58.86400596447021
bad_form,83.38629186902438,90.1395206190003,53.583334797127634,59.341686235942575
bad_form,85.24722869974659,91.26151160524195,54.73022737100786,60.48412434715891
bad_form,87.9973907113034,91.97087923825227,56.996852593543736,61.87087289616426
bad_form,90.79873644287265,92.66764140862273,60.05570823733689,63.693902315404955
bad_form,93.534834921457,95.38847701032645,63.98304857722718,64.95190414851078
bad_form,95.797440493277,100.19751444502488,67.96678947974328,68.50676549623569
bad_form,100.98558334604766,105.79534685087675,72.06369567009989,74.2564881903013
bad_form,107.13853194879148,111.08031560183372,77.62052973579415,81.68587990287318
bad_form,116.62683260082657,115.3600783023224,87.25022460810857,88.45536646483316
bad_form,122.60874614253356,121.77356230164102,94.87911527364747,97.20901164471093
bad_form,133.95177805036076,130.6929610568471,103.66783232977991,105.66621083812447
bad_form,138.87265853664272,139.0723406092392,115.95688876595904,116.82384356733405
bad_form,145.46562489428996,146.79309341390308,128.04307609338193,127.2822647561429
bad_form,151.34713634507534,150.275719420557,136.000657968721,135.88134383541038
bad_form,154.9297414078419,154.35470889582774,146.2244586033177,146.1444913263291
bad_form,157.91235896976232,158.13383127860823,150.2734032710075,151.15145311800867
bad_form,159.25889912040844,161.81682105853443,155.84876902551923,155.78245632393939
bad_form,163.19914103738324,165.67032999642834,165.40940341593267,165.71690855821063
bad_form,167.35379351934023,169.8002356226866,173.10316707668576,174.93247229923477
bad_form,167.97978577815434,169.27642529092435,177.19088280373944,178.55670521168653
bad_form,169.11284139237415,170.60583496952916,178.9894648312726,177.42103784122196
bad_form,168.10581373127368,171.6384160909938,179.15096692827694,175.8778397909061
bad_form,168.9229800869523,174.68753668012423,175.96931529866018,169.7484395382413
bad_form,168.69837010013828,173.44804607926966,173.3633966177916,168.34048422492725
bad_form,167.972012235729,169.47678449604356,171.14318475140504,168.09876854964804
bad_form,167.21736040241439,163.6887492095292,172.38124463080976,171.29816658354176
bad_form,166.25850780156975,162.13908597444436,174.5384572008478,171.6598046961602
bad_form,164.70967468442805,160.6126780477969,176.19317132652526,173.74901494326448
bad_form,164.11576365944742,160.1727029923441,177.71697669345002,174.88782191235393
bad_form,166.15897056991975,159.8357493656968,177.38773831106113,174.31898455433597
bad_form,163.2530200767328,156.12990781066785,179.23996260605685,177.77389137484494
bad_form,160.3496598912315,152.06778408245677,177.36944904991063,175.51732085054076
bad_form,157.04977361428286,149.0228106643824,170.10267725592925,169.81362268498074
bad_form,151.46643667495744,144.785826800266,162.11516795893195,161.59356338023963
bad_form,147.0079732666849,142.8994906802394,154.3065401732219,155.81529932067698
bad_form,141.3775606697991,138.9554547731562,145.94207610731473,148.3141865502535
bad_form,136.72769924430884,137.33039991946742,136.78856459965692,140.71449706950546
bad_form,132.66237837905408,135.91201861508583,128.97802913951114,131.52192815213894
bad_form,132.11765663405555,135.82359322884525,120.5603700234617,123.0932490931068
bad_form,125.20604981210612,127.55970705156334,111.899277898159,110.6951688643023
bad_form,118.87255894545936,119.48922532352664,102.37864789256679,99.77702909093205
bad_form,111.0258871607044,110.79764236182784,92.0438927793412,91.44850335360377
bad_form,101.96858195305215,105.84649700566972,81.95472365232058,84.02857519522968
bad_form,99.0118131637385,100.90191006405252,73.16172761945865,78.15524574108679
bad_form,96.13414035896302,95.98536213763825,67.17557199149587,72.47845202974719
bad_form,91.19218353522076,92.965076893972,62.498558873951595,66.08616140668624
bad_form,86.39861681997118,86.31793257428106,56.424604645007946,62.96613775093323
bad_form,85.76653648071405,86.53873293033188,51.67906497752267,59.08056936457848
bad_form,85.05337423614411,87.81168563121211,48.94535407487996,54.53943513296093
bad_form,81.8670820871606,87.11222938329323,47.71882902767942,53.33561875951358
bad_form,80.483136309621,86.32039386976902,47.225857921821785,52.92310003220257
bad_form,78.67925770507975,83.84021785870434,46.77507366679765,52.18962498216234
bad_form,77.4951654141829,81.307759128051,45.9445465649905,51.708585692062115
bad_form,77.76379217032104,81.69600096321342,45.754186970842056,50.647307978658716
bad_form,77.84269223908073,77.11100818115855,45.91109293570668,50.0175397139015
bad_form,77.63003016199227,78.11728397274122,46.075772535139606,50.42968679677108
bad_form,77.67060562015813,77.6935529662604,46.345150530994886,50.06900529099926
bad_form,78.22569883255493,78.73463978937373,47.07949411563618,50.835565303430144
bad_form,79.55337402549377,79.67538841093335,48.08685705636378,51.404394445809544
bad_form,81.53434636743839,81.23766261048995,50.98141184899231,53.35990374052119
bad_form,85.26852254548027,85.1997231658361,53.62615488572277,55.6772010201347
bad_form,90.57952222225339,95.29712507413309,56.669615367180256,59.128761142250596
bad_form,96.50521202779402,100.97073331499442,61.63136914500893,64.60219836783949
bad_form,106.02137531389826,106.97789648970156,68.59205061340879,69.9345971059372
bad_form,109.05281440775913,111.17375952888061,72.52495738464,75.69191161699734
bad_form,114.19687536332485,115.46705902653329,78.01822408344577,82.8850081086295
bad_form,120.90950751043668,122.80570480924355,88.52310772201463,90.44506968361299
bad_form,126.46523668859128,127.24878745422761,95.59551467086965,98.15796796130655
bad_form,138.63785314337505,135.7227967971708,105.66969618251153,106.87299600279488
bad_form,152.24558100538778,145.673382230712,117.21392724397691,120.53245786075755
bad_form,158.13968351904026,149.24426721183494,126.30706638358018,127.45718988191385
bad_form,164.4086259646744,152.90230528743754,135.0632940741811,134.00107213877735
bad_form,167.14715940952664,158.9908814090998,147.08976167415778,145.3749712928187
bad_form,168.07591230623794,161.61380029948404,153.16714286901083,153.49686187991995
bad_form,166.98333025807844,162.71974371883982,155.57217608278862,155.4950814137242
bad_form,167.97124324014464,164.85679419659897,160.7746728787053,162.588072969925
bad_form,170.84042584844258,168.6472150721934,168.31278296721757,170.76733982447485
bad_form,173.8814384624569,172.37372752890238,176.06105192021957,178.7187812661444
bad_form,174.25318982778754,172.55872542321868,179.01062726689256,178.50042409835174
bad_form,175.32543792052678,175.11014934911614,177.96323520756664,174.15819438911424
bad_form,170.14028229456542,174.29274627207167,179.85272762405106,173.89867430112582
bad_form,169.96422998373143,175.68901955333948,177.48139028589836,170.13601118810766
bad_form,168.9973667485696,173.3064067297537,177.19783129155647,170.77979025054958
bad_form,167.31285096700532,170.60642382368104,179.08129276309285,173.61783410539795
bad_form,165.36184335840943,166.16735936403052,178.61948282815607,175.5253216298876
bad_form,165.29037875248113,165.46668715243854,177.4043779609712,175.64568902552037
bad_form,165.95734353027558,164.5973979802099,177.26804382548735,176.1484040716609
bad_form,167.64236392762015,164.03991244170518,179.55350930487037,175.08675722825205
bad_form,168.21028688480934,162.34884523807912,178.9464079320894,174.53954187121053
bad_form,167.5811005217932,161.33267523695602,179.70985447281205,175.48583687071232
bad_form,165.27201659266083,159.31081147334913,178.80134215663017,177.57881995736025
bad_form,164.8183008744237,156.65919330527126,177.9987428671408,178.06954469701168
bad_form,162.45131491600142,155.4345823169039,174.6198895957459,174.8645687250554
bad_form,158.81826225055295,154.17905426637532,168.05743671543857,170.37794442794035
bad_form,153.28294885756912,150.85146376138775,156.98085771499484,161.91012237200795
bad_form,148.9717016892048,150.9118217554808,146.54852818497247,157.12651411552315
bad_form,147.6970132326581,148.17550909153485,139.65251346090284,146.01633746097914
bad_form,145.12105833913887,142.3949079554462,135.36565127135094,133.96636683663687
bad_form,142.4179030452586,140.17753098985548,129.5909107221271,125.76296464298326
bad_form,142.85144997550964,139.0448044647576,123.54835235177535,118.87118775469173
bad_form,139.59900814417293,133.62311144478315,115.54624497447381,109.02794946400931
bad_form,135.2579280707551,125.17647872677432,107.36515977056098,101.00139361192265
bad_form,125.43060723505182,116.72535323897537,95.13620572071227,92.35991893781863
bad_form,113.53724595305832,112.87002314836816,83.31666137218025,86.57277546954003
bad_form,107.99802800141819,107.49594132855049,76.32172254662146,78.61916072916199
bad_form,101.79422971986106,100.0077784854777,69.82143889123483,71.52507852298822
bad_form,99.34167245812756,97.8599324088529,64.39539106250618,67.43246473491047
bad_form,97.60570565794151,96.81607351759868,59.58761341946155,62.15237109807191
bad_form,96.60824802339971,90.18113854105711,56.170474477155665,57.502816659233645
bad_form,94.22358602638039,88.02747117729412,53.252302686769724,54.87389346070245
bad_form,93.43084982399712,91.92045086422777,51.29247316935874,54.15727383966225
bad_form,92.45494676375883,91.83008628247103,50.51685075326458,54.741479839869896
bad_form,90.29064579367005,91.09313897711097,48.47038259382225,53.30469489288083
bad_form,85.96409733868381,88.64971613904477,46.63710655398012,50.42907210369651
bad_form,83.74975023282427,86.28228640347935,45.33900913831059,48.84714654491137
bad_form,82.16641601761077,85.33682347253695,44.79093973648122,48.16093630849713
bad_form,79.11015152865991,82.733195883117,44.27071885747699,47.37403306281675
bad_form,78.05169422046488,79.36081858742784,44.541191781539055,47.06734634607977
bad_form,77.17622938772655,79.25681065944147,44.387934252493835,47.38804789660725
bad_form,75.88569540311181,77.9142623248266,44.58381190869591,47.757695811367
bad_form,76.09566567742803,78.01437734883129,44.92713995305331,47.954271961529116
bad_form,75.84537957882769,77.61785432309387,45.28600315639005,48.03338776154277
bad_form,76.16319628069681,78.28741426511378,45.998868527191746,48.66633986893822
bad_form,77.15232845717146,78.24147496039645,47.048602349174814,49.54559381173084
bad_form,78.73541571097024,79.60328335805131,49.51848763220147,50.35081767622535
bad_form,80.54443611899752,80.85979532879179,52.35800815427888,52.47908232526191
bad_form,84.52869900559533,87.38673079606363,55.59630104648062,56.760532981435006
bad_form,92.10994582810035,95.39181316418781,59.15474870503158,60.80794683658422
bad_form,96.87952029485108,98.67130859978786,63.27379910511195,64.22269042726214
bad_form,102.23936059120162,103.88386770582375,67.94125299902487,68.93974804636827
bad_form,107.3773927532842,107.21763282065251,72.31279705246078,71.92730848809447
bad_form,111.4892450356485,111.0255483978706,77.16580464961532,76.6922752125235
bad_form,118.92620039967264,118.55640212630469,85.40567833670042,85.40951320240407
bad_form,122.97806759446206,123.81166396246046,92.65093580203046,93.2789514019222
bad_form,131.1233622789368,128.99151803844128,101.29439418921817,101.09652494317834
bad_form,141.76285831893628,136.01373615470132,110.26249240587157,108.83995460298351
bad_form,148.64506078471337,144.1034028078616,122.48300351516045,121.5149719268939
bad_form,151.61802519639085,147.38246803652424,131.81011070764964,132.2542016002474
bad_form,158.92713656211782,150.11828845219756,142.7993992904893,139.8810356095728
bad_form,161.23006625353412,156.22055329589853,153.3338230560287,150.39889301602025
bad_form,164.75030770729202,163.60667356847722,158.70690973465426,160.43752529306883
bad_form,169.54938544988673,167.93456615757736,168.24571948928335,168.94504295257155
bad_form,168.2523337091656,165.63409466233716,166.12377219200405,169.25053842247667
bad_form,168.85313922356207,165.92263422979013,171.86357924559348,173.54649420917522
bad_form,167.72099962463358,169.20819270650614,177.1650746569291,178.79138094335428
bad_form,167.10628475458057,172.9462710893828,178.39013717401846,171.57834124188062
bad_form,164.89386416046048,172.9871841226558,178.36330652682508,169.36598025869355
bad_form,165.15443670225918,172.88939393431824,177.18447198172245,168.08237274579233
bad_form,164.83586106977316,170.63812775215882,176.99504494043495,169.00979438893512
bad_form,165.74639448394666,168.32671807024968,175.2140785101752,168.16897988481827
bad_form,166.4464440985776,166.23919919864386,174.84246403178096,169.24727253263254
bad_form,166.8569658664758,163.6020240486191,176.08798303142507,173.46441295624393
bad_form,165.68294572647943,160.31422983527193,177.59160021660045,177.58339867705163
bad_form,163.99236631742917,157.83988422204766,179.23234019758456,179.91286534030223
bad_form,163.74415523023285,157.92320154530367,179.83689913314015,179.78720677890385
bad_form,163.84934988148862,156.77411717607876,179.31397469384913,178.97437756892703
bad_form,163.29127488675195,155.42497478584684,177.88215298531614,175.779083304531
bad_form,162.96271842585114,153.35391096109745,173.7881401738169,171.59286931858298
bad_form,160.7902019280871,154.25363723071172,167.70481951656777,168.27904439070045
bad_form,158.9250675883386,152.45733244977487,162.49751481949656,162.87746555761018
bad_form,155.938451557717,151.55565325823065,155.2304506678147,156.8267649471307
bad_form,152.24249612069192,150.79330350659723,146.55866817472403,150.35390656866522
bad_form,155.6651657789838,151.74905692221736,143.83685786056628,140.337373369219
bad_form,154.49600466918122,152.25094661659665,138.84433065430144,134.51757425705497
bad_form,154.59079984053147,151.20843622155297,133.24593370997647,126.11128141601938
bad_form,153.96092729016334,147.53132678223974,128.01584631318624,117.89504268910983
bad_form,148.66470939888592,141.23012027706977,119.0581113409917,108.70938598269043
bad_form,140.07549738199384,135.00449491237922,107.71490277528741,100.86122733979875
bad_form,124.20964470399976,127.84217316996454,93.25586660983538,93.25410373538847
bad_form,111.23639368426882,116.96942714637835,81.73179178984776,84.20152133550448
bad_form,104.87966379049024,112.40713638497266,74.15337395413468,79.92505406553886
bad_form,100.22130144055237,104.29488713742312,67.91226943278787,71.72842133739368
bad_form,96.14269323493214,98.24935646679288,61.480596031087146,65.82708066318969
bad_form,94.53139187981414,90.7101421210849,55.652265762193565,59.12957643493638
bad_form,91.91188685116084,92.03024037901855,52.11505645579854,56.289362526743105
bad_form,90.48277383565143,94.97947938002757,50.909166925786565,54.75319144177632
bad_form,87.98263647827315,92.89104112805785,49.4837879391863,53.2815919756344
bad_form,86.03342222151427,91.28143040170735,48.1536191891351,52.01021368479468
bad_form,83.79120491204675,87.9870072484777,46.61171318957469,50.27049573698963
bad_form,81.6922561225559,82.46034319537033,45.67345993363472,49.334436734146834
bad_form,80.48091366799042,82.66951734592666,44.872340799564654,48.94771895421235
bad_form,78.193711929705,80.024135582567,43.796170681832336,48.203197598851204
bad_form,76.98483165394826,78.86100320910987,43.92951351840571,48.079665148268646
bad_form,76.56408762088716,77.6348451885908,43.96954371698888,48.097025909073466
bad_form,75.98106633611758,77.32049523746913,43.934615680500485,48.33219812080216
bad_form,76.26158996660051,77.46175918032044,44.50767122575314,48.93365954442618
bad_form,77.11560555526444,77.61547826695625,44.87298007623929,48.90336507942794
bad_form,78.28062263232268,80.17625713501204,45.6910230069127,49.39107241068581
bad_form,80.98068114788704,82.79307506149618,48.334070829705524,51.153816032752616
bad_form,85.70718030174129,86.2945468164829,52.38057257659108,53.86270088643198
bad_form,93.12355760041626,94.1083854699981,56.53903712225133,58.23018875287039
bad_form,100.3613085010435,100.70948721679662,62.09713479152538,63.35286323674609
bad_form,106.7714526301569,106.43540998320539,67.06630248387029,67.77590741044617
bad_form,110.079716196991,110.48453157473642,71.10510636289689,74.19375435513928
bad_form,115.89924792751034,114.28740936653338,77.59505784259613,78.66956360282398
bad_form,120.34153091281203,120.0580703198115,83.76366447220624,84.804547095781
bad_form,124.53860677099895,125.87961181818399,90.59613311050123,93.60475985098287
bad_form,129.4865924439968,132.4339231447063,96.8491324801306,103.09843663102447
bad_form,136.9767352011122,140.75087987663744,104.1049221816898,115.60005920064455
bad_form,164.86125194559187,147.7947626432319,125.40270136265588,123.25931611306919
bad_form,161.5803589496547,146.77478344158862,129.84716880151302,128.7727520531781
bad_form,164.31175962281935,156.87162702326512,140.33474816324684,138.00907774011014
bad_form,166.42458836356823,162.2089617313892,147.06385861033863,145.45268858119903
bad_form,168.95115566529418,166.58495271855284,154.57060069411605,155.85058847160457
bad_form,168.13920979575903,168.69514437221892,157.00129119500394,161.54605435871142
bad_form,165.77776817000725,168.87850103861322,158.40396290788502,164.20575783816508
bad_form,164.54340653080854,162.81121707164093,155.37535907519623,167.97149368626734
bad_form,165.2311336198186,161.95072993227606,154.99283680095547,168.05448354651307
bad_form,165.23183338780245,160.14924572529517,155.5590521172712,167.44786300187644
bad_form,164.8462803290359,158.86464556855086,156.9976652511932,166.39855146729303
bad_form,164.83865837249863,157.60077790098887,159.12023111989555,165.27677355152
bad_form,164.17689113333716,155.87892751198268,161.6106598223027,162.1832470497054
bad_form,162.05302682922317,153.0795860056182,165.57364540492648,157.39867726497823
bad_form,163.50560901764857,149.1658158672574,169.83526184215228,150.1019178154215
bad_form,163.40617502855193,146.2134546182878,173.83472321826605,142.55527358962382
bad_form,162.05541799199773,141.7473195959434,177.17114672953485,135.54967047255573
bad_form,161.71940550834498,137.80995874408228,177.6125684160819,127.01208978888187
bad_form,162.5023343729905,135.2150064979139,172.60145082044946,120.10766955454338
bad_form,161.30861336102376,133.44704879611535,168.09868115916436,115.54245134133816
bad_form,158.7467848382719,131.76156170061836,163.2795410383653,110.9545532848758
bad_form,154.76364440882702,127.68550089164354,156.7924314384591,104.87643593341062
bad_form,146.66008680963708,123.06246020635514,146.35130121862417,98.91111192954924
bad_form,135.0422372587158,121.68523630671937,135.99378100756934,94.54520997660495
bad_form,127.16937225476262,118.0882528224179,128.41914989566686,91.4368229244165
bad_form,123.30344932374906,114.24579260227821,124.0828175540509,88.56398646715076
bad_form,119.73657236474078,110.19033491877362,120.62976087942806,86.64776876478334
bad_form,116.18974009434635,106.08022527556842,116.76002405254172,82.8614694034344
bad_form,110.32157496153555,102.74431993398649,111.94007602762193,80.18262207884999
bad_form,109.02325389620997,100.86568773808726,110.721213897805,78.94581345382221
bad_form,107.20250110499839,98.84287996216682,108.15476317925493,77.46608187258607
bad_form,105.73389450634468,98.26755999656464,106.00674751588215,76.46495652739537
bad_form,106.4990405784378,98.0366916930109,104.63847462742572,75.6299013129713
bad_form,106.15288067927077,97.95664686362731,103.44872578741195,75.10433582882149
bad_form,105.53117773238867,98.30195493740605,102.72244926788903,74.83383984499079
bad_form,105.31347661173584,98.96847998948597,103.34724946663675,74.92721642465835
bad_form,104.77251061316848,99.2107282911425,104.01464360448205,75.27709377778274
bad_form,104.58485040325274,99.67209651886887,104.82744874241101,75.94025701485299
bad_form,106.20813998418149,100.39740314159113,106.12022228708148,77.12646272016445
bad_form,108.22176400742083,101.6196596215933,109.86393306591597,78.68106996433312
bad_form,111.06356318460523,103.62904836644597,114.38932356256504,81.97924800364007
bad_form,115.81686193218773,105.5767415164973,119.13600770575698,85.12842448938238
bad_form,118.89865183338281,108.09993937763608,122.94776758386914,88.23128737541839
bad_form,123.68605188056046,111.88327905492646,128.2135953317207,92.35460420636434
bad_form,131.04122707940573,115.555151439782,135.61266327485978,96.87390581097418
bad_form,138.2740419610519,118.44816252231705,143.26928056405578,101.74241867844745
bad_form,145.4664053172211,123.2060101978542,153.74346863427067,108.45339065703044
bad_form,153.07432827592825,130.6630332101784,164.47128517550672,116.2527619851715
bad_form,156.85956045189198,137.66274256733905,171.7331295516758,125.78104399656814
bad_form,164.65593514749048,147.3940509933913,179.16278494363368,137.19259660177102
bad_form,172.08494726672765,156.55093140976592,170.38514529466238,148.62998325050972
bad_form,167.77566977473145,162.4836401570523,166.38338583061767,155.13947614410588
bad_form,169.70693218096747,167.67860864935136,159.91232655815332,160.74815889409433
bad_form,170.56033317099914,167.48060571035944,157.81537505817943,162.85066573521442
bad_form,170.14877927375795,169.2647284604004,156.0519798457646,165.5469540811009
bad_form,170.1169187875902,172.47325890249974,156.55608488314687,168.3114847931631
bad_form,169.25807368790421,172.70560625751096,156.31738293921632,169.33556030817098
bad_form,169.7001377021409,175.0558301750897,154.5219306340616,173.18911425631325
bad_form,167.0841357789212,174.72633731176745,155.56884213061068,173.4915089204738
bad_form,162.15483595384177,173.6135706272521,156.72947242777596,174.4830309088207
bad_form,161.0352761409229,168.74074218073054,156.0671506952519,172.7069332897475
bad_form,161.1578737631563,168.31383157429133,155.0199024779541,172.90535011976132
bad_form,160.74108930950175,163.49288897623342,156.01900776019366,170.25668502716064
bad_form,160.87814008348482,162.45845344997204,156.9873207162615,169.4863671208645
bad_form,160.8511879320531,162.42234246860758,157.62848802667466,168.6285382065912
bad_form,161.94947385251004,162.44413614646774,157.29313897808927,168.43352306665489
bad_form,163.24265816137142,163.2239556029092,157.2100138291548,168.58494459819977
bad_form,163.32416496068183,162.85359492432855,160.2203719582984,167.3719361554264
bad_form,163.97185729589714,161.90103425526647,161.98096695089956,165.2124302751992
bad_form,163.12551335380937,161.73950428814334,165.36063840395428,161.26258138883844
bad_form,162.92931389170883,162.30222311455378,166.82991946119324,158.0725134098284
bad_form,161.78511542692806,162.4687087256719,169.24881337001767,155.57231758922848
bad_form,161.40490088528875,162.52774817251537,171.68855170006967,151.34931527842858
bad_form,162.06156098532938,165.1411173652185,175.71169344581725,145.19128911039795
bad_form,164.53050967110548,161.3009719634512,179.31845679719294,137.96093105959937
bad_form,167.59832352936957,158.94806610463135,176.6991253890031,133.1227518863208
bad_form,167.28365818015698,154.54142174466688,171.64092994490932,129.70910505934324
bad_form,167.07966941309894,153.0611513741919,168.5071552325925,126.63455363111157
bad_form,164.49856280374618,146.03027512526614,163.87693563676996,120.55230550527688
bad_form,164.4570107033146,142.17502493342772,160.98255142965783,114.72601218217653
bad_form,162.2945022971378,138.94881357776282,155.0972551354615,109.21604582842832
bad_form,154.64949555396703,136.12571629497702,145.39769210124547,104.09158821898211
bad_form,142.0835893007738,135.18856388813583,134.5864740146919,99.32761973960373
bad_form,137.64882642786702,130.61980127176815,128.8224724829575,94.67134774529097
bad_form,134.35929106717992,127.96466270302857,123.49013339477008,90.34100288728644
bad_form,130.49395256064378,127.04145102869761,118.77638367803286,87.7488777250876
bad_form,122.90712991410064,126.25804387806282,112.44166403890557,84.54298140005517
bad_form,119.20770589884224,123.23377800115101,109.45870186824189,81.9205718567377
bad_form,117.31515606692898,121.92650885409907,107.35061207943721,80.39397231821187
bad_form,117.03460352244277,120.73155726835358,106.87491503981133,80.0394092342388
bad_form,117.22402880239628,119.84558772951719,106.01721855375942,79.29487834676797
bad_form,116.85606119595136,118.69589921251777,104.98391917855545,78.11028074849139
bad_form,117.04588752958905,118.39245688263398,104.75436953779189,77.29646565947792
bad_form,118.20795647250873,118.1579593575699,104.87372360135461,76.87562996017687
bad_form,118.71791121168694,117.83750340862137,105.230510731708,76.84582750257363
bad_form,119.48824337349747,117.88629744979953,105.87282928597693,77.20097616875478
bad_form,119.77364676069519,117.77594498093562,106.55380310736862,77.59945263560019
bad_form,120.33518516746045,118.53723373623701,107.80949497309618,78.11968921709439
bad_form,121.43589913967578,119.6218609644939,110.2790076404078,79.59225861505013
bad_form,122.72192064416892,120.49536593347302,112.69092589659078,80.92900009250133
bad_form,125.05793400102607,121.61339978406748,115.24101386791972,83.09439825550544
bad_form,131.35477027577215,124.50315971146577,120.56299124094218,87.24469848908018
bad_form,136.97021076669031,126.78812124533367,128.69752179683508,92.5472190463895
bad_form,143.02005645318695,130.86293850829804,138.7216928487977,100.62590968669775
bad_form,152.39351588817408,134.68534898969912,150.33448883544108,107.26444673080238
bad_form,158.62395931678694,136.37985246925382,158.21566971798597,111.44265129239537
bad_form,164.96625502548275,139.00654587262443,168.50199053601145,119.9897947651412
bad_form,170.32079267306057,148.94999349755741,176.95929581836788,130.53035364325223
bad_form,173.6226879684925,157.7488952145436,176.51358668296098,141.27899284784596
bad_form,176.2318309023026,163.47373752732665,171.49808233909977,148.53059598533173
bad_form,176.3517680864913,167.84081426810275,168.30130124489662,153.87401733729186
bad_form,177.3151223524016,173.04501585066976,164.18225173536135,157.6947231704843
bad_form,179.48484286824407,176.96320137940947,159.8461782442621,164.7247830442781
bad_form,178.02368537086403,176.66354838727094,157.98575251065182,170.21026646304728
bad_form,174.95724616037162,176.7478766201388,156.41932063486453,172.82537672755166
bad_form,171.18451535074627,174.14949191160937,156.4353387589623,173.16510576468934
bad_form,169.02207956549216,171.22463243677487,156.76037831917313,172.54026476526613
bad_form,167.42940325034775,167.70677382333741,156.69059955627537,171.37229745970686
bad_form,166.51584914300832,165.1111386740199,156.359391420026,171.33529242122586
bad_form,166.69193470739134,164.1478800503018,156.57986181332848,171.3436572224892
bad_form,166.75641016248605,163.5979330238371,156.4348394298337,171.65343790217773
bad_form,168.0464475895875,163.44448883404965,155.83535051671464,171.43493676377352
bad_form,168.84669929594668,163.06146678400506,154.80158736421293,171.76853162584052
bad_form,170.18023753782538,162.62275614665458,153.78718675959908,170.76721302367253
bad_form,169.9633000131878,162.68999962325228,153.9745208818317,170.44456296293342
bad_form,168.90831969370547,162.16244964077092,155.39173063265756,169.20876926073095
bad_form,168.67153171314607,161.34098271232395,156.22377626084221,168.74543689135666
bad_form,168.00667620657515,159.11929150972514,157.9035260392,165.75803247110107
bad_form,166.88273402305865,157.76979343937097,160.04031258105772,162.1274994551203
bad_form,165.89620866906156,157.23436444813262,162.71888824259906,160.62718752918386
bad_form,163.12746740408372,157.4772938830537,168.1485053249585,157.89391060233038
bad_form,159.9563073284124,156.0902607385301,174.12490746323468,153.2557299728601
bad_form,159.1366744903995,154.84664847355555,177.36934084399277,149.11653779610762
bad_form,163.5856887544167,153.64095461491692,177.87234046534917,142.89875349278526
bad_form,163.53014468892104,151.64290988805175,177.93119396155902,135.49257220751628
bad_form,164.283295627402,150.25282234233896,175.4400527507377,130.3422217226524
bad_form,167.30928239067944,148.60395552604444,174.81896405047326,127.02280726270018
bad_form,168.23079026747666,149.75328587220767,172.56581363976554,123.82297115435858
bad_form,167.50901145131658,148.5674640902429,169.27841023159,119.94592322803538
bad_form,169.93813863948714,145.6981999884906,165.07212456388558,114.5504153866789
bad_form,167.95838051650884,144.3898036735485,161.4847826213617,110.24631260419017
bad_form,166.1046269479232,144.22433897817993,157.72918020403668,106.59407264569236
bad_form,164.1924987663192,142.33740406454135,153.08944501985755,102.40638368059717
bad_form,157.61088363401623,140.9185841845124,146.6319631588849,99.3838624063132
bad_form,153.23724655438102,136.25225306976657,140.8541777981266,96.12376753528196
bad_form,143.6162782957615,133.06655104332134,130.92713087816438,92.44156854997476
bad_form,138.0768958035876,130.33428862193077,127.00624178928172,90.47848278105306
bad_form,133.8895276491729,127.98634999237414,123.22832501301266,88.56480410185924
bad_form,126.27481660361828,125.14256930123284,117.63816324587663,86.9139708500361
bad_form,126.59843346361399,124.46827654955982,117.87364342771133,85.39021396013703
bad_form,124.9252823101438,123.46321142573036,116.36736239590593,84.68809018814636
bad_form,121.66335451954309,121.39576302206306,114.45227361075317,83.87322649581091
bad_form,122.02536010853306,118.8233541659556,114.32749848342456,82.88818156578361
bad_form,121.99076050397754,117.85675537422706,114.47211322234554,82.95354254661919
bad_form,122.43672699848227,117.11564782286355,115.47872787988547,82.81368849756933
bad_form,121.74331374108392,117.10369833355185,115.75130680369554,82.99223854578128
bad_form,121.96815939654508,116.92941481937012,116.58930950848989,83.10619808015053
bad_form,122.76911927270496,116.97745958332584,117.75237675047222,83.20075253829873
bad_form,123.912517261803,117.62051226438953,120.31523533816463,84.55674475560613
bad_form,124.92753042720541,118.85953626589857,123.7470527844828,87.20790881248104
bad_form,129.19726573980478,120.97076569731912,128.3232696088296,89.98335772525218
bad_form,135.2853550794955,122.71004900479868,135.19457701643813,93.9173593810047
bad_form,139.97316911407458,124.09230634050054,141.4513941178511,98.00608309739914
bad_form,145.9371147869273,126.50373805650041,148.76203783254726,103.176592580234
bad_form,154.46286986163165,127.13901849871192,158.25850474719198,108.24011283064047
bad_form,161.8413276481631,129.8294749842326,167.50389793753908,114.7952882144815
bad_form,168.1457632677035,134.73653838190015,177.26221673595742,123.81333467749235
bad_form,173.2509133139092,143.3589365140674,176.23913718106877,133.30048430317657
bad_form,175.35346102721078,150.23134442025716,169.98512970491467,142.01592019026126
bad_form,174.81685451773077,154.7314877452653,164.99004336197382,149.3907573869494
bad_form,175.5916220872413,157.83663131889386,161.17064003023253,154.0487244127508
bad_form,175.37293699775424,161.05602806610852,160.19508961360984,155.58498617491546
bad_form,173.29391275125528,162.56039644788686,159.23582147513122,160.01290373382778
bad_form,168.1719526058794,166.8543770245649,159.6677159214237,165.03030030517158
bad_form,164.56867596999206,169.0711812381806,158.75875189078099,168.63099353884832
bad_form,163.08110998627998,171.58266948498408,158.28490818605638,172.11261265841216
bad_form,163.114271454564,173.09776965788242,156.24287929498152,174.63090189139908
bad_form,162.17526466846118,169.75789949456654,156.01676516148837,174.14305129318464
bad_form,161.8458048370947,166.60471543818846,155.13008853483356,174.2760192320747
bad_form,162.66882565024014,164.27611479719297,154.92689173648637,174.2021154634027
bad_form,163.75405706301908,162.87610283101188,155.83935675565306,173.88056979450104
bad_form,163.03492501603702,162.328129943126,156.97810331780406,173.71484647818377
bad_form,163.45085442562473,160.72964838925904,156.9983403391679,173.0673687844239
bad_form,164.9325807524799,158.69321477403,156.16200267749522,172.69561869627276
bad_form,165.70811831674317,158.3993931679455,156.32565586929482,172.7601437716292
bad_form,165.14668841304274,157.27929560998572,156.9330149938426,171.9075769111235
bad_form,168.9485888204621,156.01580925533435,154.7833715558384,170.33496210485512
bad_form,166.95035340638796,154.64934071510407,157.29069969469052,167.83851421863986
bad_form,164.20126692549294,154.3453372882621,158.80018503989223,166.7825499439525
bad_form,162.4990968497398,151.17640317630963,161.1104964073495,161.0445363243294
bad_form,158.83423002555523,149.2986984110501,165.37162168493708,156.5908763569553
bad_form,158.6081694126753,147.98700943858162,167.57569937347046,153.3953183659246
bad_form,159.9497745618923,143.71687643288402,170.76893897557161,148.56119607818064
bad_form,159.39313522925153,137.1390122576377,175.36474337783207,140.4862540222867
bad_form,156.84392631247266,137.11402035502644,178.2921466420117,133.5895278304636
bad_form,153.44276944219752,134.00803686752786,171.14693812580958,126.06347105648229
bad_form,152.61175455890702,131.01003088545858,165.93155851086067,118.89093483361509
bad_form,150.57554911795074,126.9901776091978,159.44451659909788,110.81847513820597
bad_form,149.32776692256056,125.89132190323006,155.1411214272055,106.88485913086703
bad_form,144.58789811018391,123.13464965748801,146.2481404140547,101.94324273647925
bad_form,137.33098857496103,120.6955466905765,138.38201456863683,96.99438787611479
bad_form,128.2762025516061,117.08228950236274,129.98834760223636,92.73723842988687
bad_form,122.3292638786307,111.83996182413307,124.62306718432805,88.85874392848177
bad_form,119.8559413850075,109.7562915433718,120.98733733443495,86.07991436468888
bad_form,114.89676265798771,106.86327934967439,115.9706893743325,82.29885420026483
bad_form,113.05059911330035,104.70375332669104,111.6833338703214,79.88745947768734
bad_form,110.15689658823634,101.86557587567899,108.43378071373627,77.97807452261367
bad_form,109.43864259543834,100.4414963724848,107.44747443446923,76.27065188267665
bad_form,106.44090610560156,97.9089168800017,105.04812683075411,75.18840628151173
bad_form,103.96732219745762,96.3113139420021,102.64213181794577,73.79029457621397
bad_form,101.88420977974998,95.4314423070623,100.95131884016439,73.15622798069853
bad_form,99.4462548065317,94.41015577063604,99.67416122494399,72.15903086376062
bad_form,98.91752659828748,94.38406955131579,100.01675265455077,72.31693995297661
bad_form,97.13615297108795,93.90582142769067,99.43499096885375,71.73357517976177
bad_form,95.83826392555069,94.0809870289984,99.24590483012815,72.17235822032058
bad_form,96.88055084251643,94.18742429955716,100.44085007919898,72.53958500558446
bad_form,98.16757795636926,94.21828211273876,101.88100210048225,72.94504863213871
bad_form,100.13290123605462,94.81843925879332,104.11725451594785,73.46882727235243
bad_form,102.10817380752323,95.76324021847105,106.56083998062022,74.17091546201561
bad_form,106.81276432144989,97.27879411816268,111.65887477110539,76.24403743156427
bad_form,111.28630537874608,98.89422137567965,116.482045496469,79.22474080253238
bad_form,115.52727440307012,101.72195218005614,121.07093752585635,83.52741325584873
bad_form,120.52138928430213,106.25547590047707,123.58920318382602,87.88768790245416
bad_form,123.25027014328126,109.5691493466276,125.72353345043803,92.08776047514709
bad_form,126.77073225194654,111.71036762485248,130.10151918820097,95.15629159077264
bad_form,136.0215238947522,114.15293215084172,138.08193056449775,99.37363854661834
bad_form,145.40981862518547,118.41258127654997,147.24994391191728,105.13921479172276
bad_form,148.39140253973366,124.63138562272188,156.94953463788534,112.88411443013976
bad_form,159.48926849535115,129.177755167501,169.40831256482403,119.49489236734263
bad_form,164.47112296012122,135.6537711455904,177.60209988082696,126.86035729012059
bad_form,170.9370151795247,146.79501222297353,175.48639204286113,137.94907010554502
bad_form,174.39868474654904,158.12522019072125,170.05747725155803,149.53738985771804
bad_form,171.23596402657,161.33599271672622,169.18994203578842,152.8809878930756
bad_form,168.7085416288895,167.85558623851054,169.43825385408178,156.8735445928624
bad_form,169.8601772874565,169.13267301735868,165.19049572271626,160.48485132199997
bad_form,171.61366347130644,168.77692564475998,161.95184447073774,162.7388697137958
bad_form,171.14705972521585,168.0441918001046,161.48120478163895,162.70540131945884
bad_form,168.99943988092414,167.4410682297871,161.09566469435632,164.337552256392
bad_form,168.55164040580502,167.87941744967583,160.3251963667214,166.3146313005196
bad_form,165.78290087460826,167.77615309538209,161.55169731281427,166.84972504723552
bad_form,165.13743594880523,168.29408799794714,162.13708451087172,167.3699494439055
bad_form,164.50559573805424,167.83531257978535,163.06868173516588,167.83548565549663
bad_form,164.65548526909322,167.76849354157625,163.41139033052733,167.93548786529877
bad_form,164.40396234580183,168.0834981843038,163.38618452021208,168.3693948878398
bad_form,164.12433326179658,168.01002110304975,161.94378961654726,168.09876007284808
bad_form,166.46906869720797,166.26902483275813,160.59031017061142,166.36213277282872
bad_form,166.23863990840886,164.62902490298467,161.49171432562318,164.0995825104413
bad_form,165.74136167471357,165.07592220404462,161.4792276637544,163.8184933523697
bad_form,164.92668471624447,165.25309639365855,161.49655423745241,163.36833078349875
bad_form,164.20348053035272,165.18257800989318,162.96888303685725,163.0406512589236
bad_form,163.4054094171434,164.59181483184554,164.5721858743537,161.65100963826492
bad_form,161.04586751048876,161.76997721469442,167.94709306747396,156.05013250913748
bad_form,158.49227028496236,159.07734508503077,171.5055312886095,151.15354444600746
bad_form,156.39124548943275,155.6639573762282,177.67806425973072,145.26977467836372
bad_form,157.80905926402235,150.78435325409797,178.25450554733462,137.71906130303972
bad_form,157.1035908941005,144.64149583968873,174.1272933366534,130.80588122027473
bad_form,156.6234191845538,141.19045641702735,170.47829705387048,126.28341460784748
bad_form,157.91443101429545,138.5196251064627,167.4112391150867,121.2626240058865
bad_form,155.240890799265,132.6019604294155,162.0150219086103,113.44760152584271
bad_form,152.52915289191324,129.49155132151915,156.70855128328296,108.72107432928863
bad_form,149.2168093538396,124.8173175077876,147.95028061088433,102.22566443923648
bad_form,137.4457281991894,121.87781399592923,139.03018117484538,97.25768271581512
bad_form,168.6317909839889,169.54030989418138,154.67113006061876,164.99491240634012
bad_form,169.37491404549718,169.04725346825083,154.2951119069462,164.78709698244387
bad_form,170.1193132094844,168.51228360370158,153.48336592765403,165.0013810500133
bad_form,171.52660186350354,166.34690742468177,151.56144898191025,166.21582413005117
bad_form,173.09528827498156,166.38154816910387,149.82001806616765,167.51588831888174
bad_form,173.2534139577821,165.23823311213667,150.51818380062844,166.3973664871121
bad_form,173.48479687788327,164.94429392001197,150.82072957132215,165.39440472234836
bad_form,172.96162366986263,163.01049869242985,151.71858726517607,161.79846778829165
bad_form,172.51209073763678,161.37917206806654,153.6180357591979,159.11228164288573
bad_form,171.64916478606202,160.85195751381923,155.45214122965217,158.45831750420615
bad_form,170.9812670307014,159.6097724508751,157.88449075561425,157.24625300246737
bad_form,171.78820194152266,158.6735889156144,159.8208294420612,155.0692336708069
bad_form,171.1962937143723,155.6324630650011,163.328124467767,151.0040141596496
bad_form,169.9759512031078,154.42718251526372,166.83306751482857,146.7522526194617
bad_form,168.41793062707723,150.95163088432005,169.68266148212044,141.75084785870314
bad_form,167.19833957124993,149.18148343775087,172.7771716657629,137.65679863698415
bad_form,165.6742622637306,144.81263165486806,178.3401302380363,132.26531280772238
bad_form,163.58542688708488,140.17423393971686,178.3429648239842,128.51035376759705
bad_form,160.56269058878337,135.93250805211056,174.11712295476156,123.65622670439464
bad_form,157.3716597120246,130.84273539888414,171.12330294912394,119.50817991755093
bad_form,154.9247952832326,123.54158615335476,168.01704094215143,115.02968485068533
bad_form,150.57317261545572,118.75731224339027,163.81512451781708,111.04807300187952
bad_form,145.65994420253074,116.6741782101477,159.41173367361208,107.67828462087809
bad_form,142.956368370408,114.60752279252661,156.48811562473892,104.81707620493728
bad_form,140.46607812276812,111.79142757606874,153.4601864115803,101.93878048150333
bad_form,138.80794706605124,110.13918183199272,151.50277228333837,99.65113540727168
bad_form,138.33184100015865,109.29991226963799,150.76281331143855,97.30540739859646
bad_form,137.70518259079608,108.38502384365476,149.75020751306042,96.64714421561132
bad_form,137.83057978151012,108.01450080750206,149.6211266823149,96.60639064009206
bad_form,137.4533377703832,108.58080138304476,148.82533451673615,96.56124853470209
bad_form,136.7264849120474,108.5772637221596,148.54573402173932,96.96458074687695
bad_form,137.28530313206105,109.56624631037423,148.6950252293768,97.45528950338769
bad_form,138.51206850670656,110.53698238433783,149.81761950675644,98.48757549358521
bad_form,140.10070918160363,112.16133279327202,151.35807641022888,99.67544272490039
bad_form,142.4208251279591,115.14105115387557,154.21040824566037,102.33783822202838
bad_form,146.40175398466363,116.62259429861136,158.7352811333269,104.99809403776203
bad_form,151.45187877893076,119.12836966324323,163.99386932028318,108.36214424709644
bad_form,154.4204223848706,122.11560157319785,167.93882003809168,112.1701941912292
bad_form,157.68646420962997,124.80064074030419,172.52445826662782,115.8249201504594
bad_form,163.4105521895567,129.38359320478875,179.28729377623426,120.69218165550669
bad_form,168.8097439355219,135.4166212882864,174.46915237655554,126.05731473924718
bad_form,175.76809798683226,142.1846003518149,168.3380385309842,132.66172389225008
bad_form,177.91795827966664,145.89505313515124,165.23242390721632,137.08162493008354
bad_form,176.31434411572056,155.56761562355686,163.91114347912082,144.68774105309348
bad_form,176.48179077917263,166.64979296637608,161.9097046082655,151.96113001686538
bad_form,176.77618428310862,174.46515259343906,159.91041422282615,158.3656040560176
bad_form,177.77749283778883,176.62042745765234,157.17249613512104,161.9039673324894
bad_form,178.28725652889509,178.8485517606143,154.98802855534294,164.7032059717064
bad_form,177.1713562742848,178.27540980490065,154.1566958019697,165.84975136112172
bad_form,176.33933282480757,175.6481767969567,154.22443430728245,165.45398361117176
bad_form,175.46772534086875,173.32070293524183,154.03235853978663,165.124613759006
bad_form,174.817465935135,172.25684390855236,154.10340441026352,164.7959426828755
bad_form,174.02707051102328,171.35370868927436,154.5917662892554,164.50064134492223
bad_form,173.4073037985091,172.13268346531302,154.750380242677,164.37929128259597
bad_form,173.27341758359776,171.6862676933174,154.6623845412878,164.17840905815982
bad_form,171.1747052595562,170.870844343552,155.4885154609044,163.59884530367066
bad_form,169.9335058745703,170.27642167934144,157.11707707340295,162.59101392422892
bad_form,168.13664276099792,168.24208595509552,159.77906096822977,159.67034216094896
bad_form,167.5765547110367,163.74542028149514,162.8187570113768,155.8981144658234
bad_form,167.37698686809222,157.88788790729402,165.6953903695923,150.7259866139861
bad_form,168.30126552053054,154.28472019088443,166.84889214020356,146.49964219783402
bad_form,168.99421945364617,147.65065570706275,168.04108802652394,141.69982720073665
bad_form,169.24757175105896,143.11249673384322,169.25999273333176,138.17038892894138
bad_form,170.04438565569745,137.20496959150216,170.57655259032958,133.52766543503628
bad_form,168.82975420026912,134.41645433172076,172.5830225937786,130.01821525448557
bad_form,166.81695550112465,133.2214106239535,174.6416649062848,128.579427632623
bad_form,164.25406928141155,129.9605701490967,176.70796949213533,126.84139125989293
bad_form,161.05930039100852,128.04437900596022,179.3011389695087,125.04734884208574
bad_form,160.16052443598468,126.96960073508546,179.90105504310327,124.0662690077015
bad_form,159.41524173606436,125.13856522660276,179.67467000192536,122.58356798283239
bad_form,158.31608232269565,123.19542503325577,179.06920935074348,121.19933193632667
bad_form,157.43337038177305,121.61535264816551,178.0050341395649,120.14748060741479
bad_form,156.76624064231572,120.2661769604533,177.22752258563284,119.0356290914111
bad_form,156.42073835306093,119.00920848279169,176.86968612291892,118.19420171191416
bad_form,156.30360487244536,118.84142663230936,176.78986196678008,118.13373177708985
bad_form,156.12125461120195,118.12526605987537,176.82952020066625,117.98014365148575
bad_form,156.36154192197523,117.99040480229007,177.05159176248907,118.11625484901339
bad_form,157.15251654377772,118.06523691293172,177.75346325357756,118.61127748102336
bad_form,158.3788344439672,117.89769651495399,178.9335947274537,119.75387282920806
bad_form,160.58915319380222,118.6636171103455,178.81327352195214,121.39978306621128
bad_form,162.95142574064374,120.942430254362,175.71336793030346,124.71868397695107
bad_form,165.7048748376201,124.37219230995285,172.53511981128483,128.1902011247011
bad_form,168.63303349997642,130.95305619718096,169.72680093545614,133.19684690674478
bad_form,171.9476121093488,136.46055231452866,166.70961016675648,137.61417855699133
bad_form,174.74170068348297,143.66979423714037,164.69947124544876,141.82866311820322
bad_form,176.3874464170594,150.2421780759908,162.86549106910803,146.09010885906778
bad_form,177.3019139259813,159.99758460119864,160.6924242934515,152.44576837106635
bad_form,178.13358182520443,165.43184940235585,157.81081023161164,157.19979532337706
bad_form,176.4922679846182,170.9024788034582,156.6677702196017,161.1547153438911
bad_form,173.9330864655547,172.34750741038013,156.75098703391427,163.01582456886098
bad_form,170.9009288555464,173.52330738131226,156.7219121118791,164.8952582575789
bad_form,168.51285196181996,173.79472913411274,157.36873451297734,165.84444061046267
bad_form,165.94322966162665,174.3465789440307,158.2800134279504,166.56371272058263
bad_form,164.78450086747148,173.69274726568983,157.7923823297762,166.94090973281382
bad_form,164.88638761741382,173.52834381415244,157.70655089360216,167.19468823980515
bad_form,164.51689304167144,173.76016706282073,157.70924448964007,167.61250727601512
bad_form,164.8480855008337,173.59535226469868,157.52783072701254,167.91434388202472
bad_form,164.6012934224956,171.73498933131182,157.48718567113156,168.14816586733625
bad_form,164.6435271240446,171.71263603837986,157.48006468058028,168.27984108061818
bad_form,164.28478197780825,171.30190518874969,157.94115916374224,168.08463856985585
bad_form,162.45819413827698,170.54806496334166,159.2567543666004,167.71491175085418
bad_form,162.0265893924777,167.9575700235761,160.25441465499344,165.97770473748685
bad_form,160.84768877564187,159.8293295038134,161.98205139789226,159.48891393776614
bad_form,158.79439776112451,151.68921009521367,163.8450687461315,154.2044271807926
bad_form,156.60042861923534,143.07719748775153,165.56731840804147,148.91249129540242
bad_form,154.2866819244093,136.2520941021515,167.35903861445135,144.3325848382213
bad_form,152.19521726297594,129.06082277572855,169.7429383278693,139.9384873063639
bad_form,151.89167142414829,123.42105144712832,171.02988112549275,136.50794641976978
bad_form,150.06628050261185,121.18245725534018,173.67305586360874,134.56396484397388
bad_form,148.82270236130032,120.02426998206468,175.67946726748275,132.47599537428763
bad_form,148.44508452553575,117.27784375834233,176.8272889804638,129.86739826994065
bad_form,148.34492720140884,114.43469978469308,177.24170173501696,127.4957887798376
bad_form,148.52419610233764,112.71874005626009,177.94598950935762,126.2676523402227
bad_form,148.45304041459156,111.12262257882222,178.92805077544475,125.39355595053479
bad_form,146.92004122612488,112.04027801585805,179.833027463914,125.37048767640962
bad_form,145.72294203717482,109.67267941456345,178.9153692959402,124.22760234591661
bad_form,144.4296417123554,108.56380557684727,178.02145808152764,123.66536125728075
bad_form,143.14435902429136,108.21552281285159,177.41447839017428,123.69364264288438
bad_form,143.18724823907087,107.93131441136752,177.3722758661245,123.63933827485747
bad_form,142.70218072106698,107.46586440242274,177.34674163642916,123.74775173456419
bad_form,140.98029651292973,107.14554704505278,176.4619794182678,123.79914365602738
bad_form,140.69638362981786,106.57478298657303,176.76389773103196,123.87944932554271
bad_form,141.03940658730923,106.8149270633793,176.84621136122513,124.0525474732882
bad_form,141.2956142473341,107.04724174706011,177.16111606523435,124.15344920243328
bad_form,142.1029043644808,108.23611880856042,178.5857969545294,125.37397562944838
bad_form,146.10802857445756,110.98941819608726,177.9446009509392,128.31268756137123
bad_form,150.7352056227237,115.8130803847483,174.30449763934558,131.65671578789085
bad_form,156.20415854248955,122.78465101523129,170.6909176393902,136.4556522429527
bad_form,161.65073586848553,131.6814322361347,167.39968642967582,141.99005886668238
bad_form,167.09067871266961,141.71061783159155,163.9953280636849,147.26361608696874
bad_form,172.76321954304316,150.47879896186387,160.40108655568918,152.43858581893028
bad_form,173.52514274534272,160.07562706311074,159.1083915754912,157.7896363438676
bad_form,172.32052850462236,168.77718723081097,158.68612810353287,162.34465500738702
bad_form,170.96258739870206,179.13035142928376,158.06183252144916,167.79069651974612
bad_form,170.59971287422127,176.4781539392701,157.68804960297396,170.02943628804343
bad_form,169.21677779657105,175.26785716944988,158.00994560571417,170.82794957433075
bad_form,168.65412976525127,175.05654619937926,158.12934690657852,171.02065950317697
bad_form,168.824689590016,176.36454826766024,157.9797212044389,170.4662570033515
bad_form,168.50015567284913,178.74710835694793,158.04180180142743,169.53678460756032
bad_form,168.37651731742633,179.77674084504832,158.06951884229264,169.1803600462096
bad_form,168.27270207672552,179.9029984090996,158.1151821964699,169.084135845029
bad_form,168.28912060776537,179.42691783849583,158.11038206914125,169.00799057616763
bad_form,168.23500225753688,178.43858824910515,158.1562454057412,168.46800035152333
bad_form,167.8262223405058,178.15813185323208,158.31905469577643,168.34071483381243
bad_form,167.54152061981287,177.98045035245872,158.42529036056817,168.30286967240343
bad_form,166.73039941417187,176.50687175920885,158.92014465497434,167.373486300404
bad_form,164.41292708434443,175.45880626454587,160.2605049239102,166.39989541359557
bad_form,163.4795442804682,174.93380213562213,161.04514058331577,165.5359938137131
bad_form,162.30943705989822,168.20106026388422,162.65144282989215,160.1107620332671
bad_form,161.02460569493545,153.9584141561456,164.00445288464667,151.82013423190295
bad_form,159.9544321204886,144.40091802599213,164.71514771002796,146.49286106523303
bad_form,158.21586795496822,133.00044675498907,166.46283919621513,140.5157686211808
bad_form,157.26246631536787,125.80469688577081,167.99435071352713,136.42612508879944
bad_form,155.3106697221688,122.12487195024656,169.47153566516428,133.6783601675099
bad_form,153.42272879009823,119.16957017861158,171.7593324766291,131.44850150370596
bad_form,152.42624424402786,116.3213970095245,173.20689999675102,129.09564426105422
bad_form,151.54056592013234,112.66852414810947,174.7478928564406,126.50194043934835
bad_form,150.08015611303185,111.56861553934188,176.455460318908,124.55924683038688
bad_form,148.90613062275065,110.51071981729054,177.84612357152136,123.34808021321405
bad_form,147.49204145806593,109.63476575850412,179.2840611503436,122.67854112073718
bad_form,146.21032700397524,107.80034483372947,179.23121892782527,121.56913030943056
bad_form,144.80587008064228,106.47551485316973,178.21776840819308,120.13323453962036
bad_form,144.3087962314003,106.7653791022267,177.69048159423585,119.63169714529386
bad_form,143.961004127066,106.49520114285868,177.16759597829642,119.37060156066065
bad_form,143.25629401190295,106.20906110172545,176.50267061295975,119.11918170032394
bad_form,142.52044533874746,105.94842247669155,175.84837564164815,119.1549525136027
bad_form,142.31276909610682,105.15173325877983,175.45554856007496,119.0883844786895
bad_form,141.75444280714365,104.89088946540605,174.95732511303046,118.76519400925667
bad_form,141.6086829135818,104.38040571628179,174.66707747261708,118.36581938633594
bad_form,141.5361787881267,103.26659872234757,174.90207720844776,118.74278564785075
bad_form,141.87845878311072,104.17183591398404,175.48858713438668,120.37025859843607
bad_form,144.76600345266255,108.53299295475051,177.47161644897028,123.21410071141736
bad_form,148.21793062610018,114.2754731809196,179.82609468721267,127.05709045845893
bad_form,154.0567158903599,120.16406928557349,176.39765490541916,130.28313830156014
bad_form,158.041503305617,126.95100116824489,173.91299157716227,133.79493955273327
bad_form,162.97104171740355,137.45880775311912,171.37604031797196,139.14002062812315
bad_form,169.1556772183321,146.20455950945995,167.79561258203245,143.7649245662251
bad_form,173.70537794144994,151.943926621056,164.9779925631724,146.52118676429185
bad_form,177.00913508860475,165.03757171410825,163.0202543972621,152.71114678299674
bad_form,178.2056715936389,172.00175766940728,161.69029364366133,156.3127374889842
bad_form,178.19755764518175,173.80474675787502,160.7832538649887,157.20940591715586
bad_form,176.9375245328005,178.98472491604184,159.80494736737847,160.06540898057054
bad_form,174.8550631869778,179.3139082777722,159.33149451162487,161.5620104360086
bad_form,174.07116777209816,178.49613932130345,158.93990630152047,162.62728293264342
bad_form,173.86538870800175,178.88196074334732,158.547694401987,163.13052120734272
bad_form,172.689704258761,179.44119847614732,158.1213796350105,163.6222059688212
bad_form,171.87925468587125,178.89515743480027,157.70970824012707,165.04517335295057
bad_form,171.76855381081134,179.19288768006427,157.2626438540897,165.96303127766296
bad_form,172.16163162999663,179.76317509672273,156.99956880342762,166.1347781547653
bad_form,172.08148134441035,179.8065727912137,156.77649675597397,166.52811720768548
bad_form,172.10055851039203,179.74769544868604,156.58109036939106,166.15371368422828
bad_form,171.35439987822798,177.81613104592785,156.78823726477935,165.35798979118894
bad_form,170.53570469173624,176.6546483635348,157.1114643113214,164.93109270024385
bad_form,169.59390320520944,174.3198406808799,157.75460013544443,163.87511880198704
bad_form,167.6776326870105,171.557909457035,158.63585731025174,162.7827644904923
bad_form,165.86687660760987,169.69233931885975,159.79709709454727,161.7974480745904
bad_form,164.53792437766657,167.84904273630218,160.84317624974022,160.7031692394452
bad_form,163.55347157486102,160.81387187165666,161.23644507748418,156.9729871235015
bad_form,163.5430177640224,153.46622459290083,161.83723987577036,152.63907964689685
bad_form,162.6584730904959,144.88994809773533,162.57680416763614,147.76075810176926
bad_form,162.4859621617542,135.16150806110267,163.2328747524279,142.3868446970274
bad_form,162.114101847677,128.42540514428376,163.81735879303233,138.55215486939002
bad_form,160.8325575372079,122.47772264940114,165.09454811556586,135.3098777862482
bad_form,160.09998660073313,115.24884531916929,165.89292068212262,132.05693554357742
bad_form,157.292632484256,111.7947714753504,167.14556395663345,129.76113265067886
bad_form,155.24294903862045,110.19660300178334,169.24342001724503,128.743819945251
bad_form,153.39583784025103,106.73818130072729,170.8356419261261,126.67200092511334
bad_form,151.07202925960087,105.24393771253474,172.29061161722697,125.85171735606309
bad_form,148.28963618387212,105.09227795456871,174.27190598942622,125.4745782650169
bad_form,146.29538708538377,103.66813571784293,175.6692448249615,124.49210937561872
bad_form,145.47715606202567,104.32852702471912,176.95318621264366,124.3582838217578
bad_form,145.07033450180373,103.30482265824354,177.53939568661573,123.89239543455088
bad_form,144.36266596598574,102.23817041978731,178.66720256176487,123.30753700387419
bad_form,144.23072015543767,101.23604056285495,179.1431267946611,122.74181968310853
bad_form,144.1912527015961,100.55547717447033,179.44093435844684,122.23273799273005
bad_form,144.27431596017627,100.47187964774277,179.36282287915438,122.26884363491573
bad_form,144.20839632287658,100.89185387422526,179.43547739917787,122.51616937505867
bad_form,144.27738382121333,100.83441146601966,179.34545077204893,122.9024744698433
bad_form,144.6357802922642,101.83030745611622,179.17189734731386,123.91275336406562
bad_form,145.09506208009756,103.63265126945711,178.79393695655156,125.30386304214218
bad_form,148.86684456012395,108.50218240814692,176.03350465868934,128.84561192979677
bad_form,152.2040650945173,113.1700880221616,173.04801634645193,131.8992592568755
bad_form,155.49691790164002,119.5390834386872,170.63896830418736,135.46117288248075
bad_form,161.66203758841067,127.77093668662216,166.8456657292772,140.49271392910683
bad_form,167.1203104892847,138.11814289202408,163.18809561404933,146.71305914123658
bad_form,171.21949940057067,150.89756928698068,160.5630733420595,153.512528512956
bad_form,175.09417528040632,159.96582647382365,158.49071092369513,157.83034109806357
bad_form,174.96739624931732,167.2100036695091,158.1344553262027,161.85768675476902
bad_form,177.40942346281952,172.08423389431584,156.40296116294593,164.6564336564053
bad_form,177.35933160513565,176.58477938244377,155.94962518978343,166.7607848937139
bad_form,170.814504677361,178.7866567969502,168.4832757794436,147.49458343420375
bad_form,171.6702148903916,177.5398151801896,167.62193141077825,148.32813520519954
bad_form,171.6834936105318,179.06391285398814,164.31517310024876,150.84902014085802
bad_form,168.7535714989636,178.5558396534242,157.56903095795332,151.96627138576574
bad_form,171.01473645770977,176.7853474344158,154.81588308994148,152.2265021528811
bad_form,173.59716432075385,177.39566226680716,152.293525493438,152.34746418262998
bad_form,177.70988646555412,176.30594801946054,152.22499425518237,154.96149999307573
bad_form,179.04562064696523,179.15681453322773,151.295318252874,159.30046277058327
bad_form,178.2702050909033,179.54141101833247,150.52257288731758,161.0249191085428
bad_form,179.36081177332107,179.90533292514365,148.00944500154156,163.89635973230162
bad_form,179.2072886038754,177.85126301293906,145.81997475850585,166.76994647243404
bad_form,179.59369647451757,175.863616712402,144.32375946763113,169.33850965876752
bad_form,179.78979079943898,175.6202402310411,144.24576302732254,169.1225289930246
bad_form,179.8223410764314,176.39136904484712,141.45768800127198,169.6952861959561
bad_form,179.39261353714426,179.96547740331823,141.34854450234724,167.28123904488862
bad_form,179.7929993510139,176.39995732172395,142.156103656891,164.88941133152252
bad_form,178.74312280126966,175.03634429456062,143.6076537114668,164.42482988172387
bad_form,175.48680642229206,174.57821562397797,146.415932120977,163.12886557251255
bad_form,170.22675831289112,175.3343484716679,150.58655131108102,162.41611789884615
bad_form,165.31053009261578,173.99181814677053,155.41178538548783,161.1610237323662
bad_form,153.00382940958147,172.5011737811581,163.01336167230585,159.82231006769453
bad_form,143.41946083254186,172.9009754540076,168.89924948417683,160.23471224622455
bad_form,140.0411789952413,172.91949243026585,172.05104111179088,159.9991354888897
bad_form,131.52621127143297,172.7568259166073,176.85550896662937,158.7597169076151
bad_form,127.77352984718799,171.07590062409238,179.10976490520488,156.8246775572112
bad_form,123.79435480350732,169.38365416044502,178.96190664758018,155.74581216383
bad_form,121.08470132439295,166.69575767385948,177.45881456771684,154.4312040882581
bad_form,124.63210100139021,164.1271786149449,178.79045359528223,153.3770920394734
bad_form,127.89867260306205,163.10868809513042,177.04506461970956,152.4970450073796
bad_form,131.18300327942728,163.6946191308767,177.64462542588547,152.13654260315909
bad_form,147.2542875528406,166.35305109989042,171.28381361430854,152.9748880592862
bad_form,157.12213307007133,168.35689341795756,168.62992019558598,153.9526372678192
bad_form,159.07759224175373,168.5153445090487,168.25593986849378,153.82327092529354
bad_form,164.0140908765895,161.8325531722417,168.58241530676145,149.27038598906478
bad_form,169.04020007067547,152.79984699278157,168.9311696789718,146.04950618714608
bad_form,168.3857207761323,143.54025631104682,171.03177894146518,141.61998259244322
bad_form,167.21814236072277,134.92821038651203,172.51880286492883,140.91071019808268
bad_form,170.79120738514533,122.73158287568097,170.94687841340618,142.45657983422907
bad_form,172.59389508020357,110.24999707724987,169.716519584105,142.09535442392777
bad_form,175.08181205489163,101.50029640088685,168.00009315524952,143.28827115857854
bad_form,173.36322588518794,100.3066752488393,170.34458946075975,143.3079953733065
bad_form,168.8587137491547,95.4540289408048,174.67337625378073,142.00017790499487
bad_form,165.8891153422185,95.3267430404061,175.65633017609065,144.20915186725418
bad_form,163.96244350084586,112.18079611137657,175.37847661028005,158.15657953053045
bad_form,161.99078576567896,127.82631292184371,175.3379542021272,165.8813519351826
bad_form,161.2187922082275,143.54501341801966,174.89800066094713,173.30946536142497
bad_form,151.08132938866635,159.1896684107022,179.65596934276903,177.53354682771857
bad_form,145.46167430705233,161.90995382977692,176.2188716715654,175.84403259273395
bad_form,142.09825675966272,159.10776342376928,173.80354819245872,179.61756907383983
bad_form,135.84022032650972,151.6603727322513,169.3467643114364,175.40414343362167
bad_form,125.19183827220002,149.33822253135156,163.05436725357666,175.29096637666547
bad_form,113.48372707526384,151.46878953610053,156.37578040809973,176.912317145075
bad_form,102.77039713784126,151.50464068560177,151.03469152073637,175.40613031085087
bad_form,99.8438424702205,147.99314805983528,149.6183264437976,173.47865743141094
bad_form,99.52408420363484,149.997302526086,150.22533882433947,173.73231584246668
bad_form,104.03174521392975,148.42298298576316,151.86087806573735,173.23636735036757
bad_form,106.52559725165767,153.22217654246987,152.77250795098135,174.57403885355941
bad_form,110.93456645457218,155.6733606861844,155.28587323002668,176.41503902448042
bad_form,120.98597412470451,155.3468421530745,160.3391298540425,177.3607041234897
bad_form,132.59553292558033,155.98642500961896,166.0345335895993,178.4476378971969
bad_form,147.09973552208095,156.10973918568305,173.2472644807282,179.5582573063546
bad_form,157.85558810807132,158.24568185629965,178.1217250218207,178.48134898514346
bad_form,159.18464473055917,159.03650337595735,179.23524903425138,177.7918433369919
bad_form,158.40286370876032,157.9296116608532,178.47498798862614,178.85742001788438
bad_form,157.18038291765077,156.59104827356532,177.63998636937302,179.9719519483332
bad_form,154.7542246087796,155.72901633218655,175.2388358772496,178.36027520970788
bad_form,152.82630959473073,154.1103612556485,172.11669554344098,174.51066313793893
bad_form,150.8248878837046,151.83321126716362,168.83952309935611,169.9640670812297
bad_form,148.5844699822882,151.2496999724633,164.60606094758674,164.7516638780478
bad_form,147.28964291191022,146.37598733063035,160.01332947979682,155.86408472944913
bad_form,144.6074245040378,142.2728896172093,153.7749226566586,148.0628616647007
bad_form,140.29774772153124,140.51711159898557,147.56942856340754,143.81400283075516
bad_form,138.1458604423562,137.82075043033046,142.0428079127279,138.1768270340334
bad_form,133.0562181926959,135.51107222343728,135.10751483388117,133.6517810533862
bad_form,126.99851747084689,132.7167203257854,126.53881726761588,128.01768545011228
bad_form,119.12180633978736,126.28561373989301,117.05486669626063,119.18396938511717
bad_form,114.26850560163837,121.72538714599301,108.40549383999752,111.23497570422103
bad_form,110.13215984348885,114.38304603199947,100.63448444407038,104.09288614086799
bad_form,102.97673416533944,109.71047238257712,92.42410938356937,96.83964652267673
bad_form,98.8494271754854,104.16813557403601,86.20204812089816,90.72890385867316
bad_form,96.76741333061034,100.91555316785542,80.82008875908724,86.47180579135903
bad_form,93.01164098126127,98.0841910223453,76.10427337369981,81.93802462071392
bad_form,89.91650588293844,90.61360994162037,72.82891276310147,77.92875549018316
bad_form,87.648133296363,89.67484201098138,69.51687231107206,75.04264020552097
bad_form,87.0793892442933,90.42763721172174,66.89454316958995,73.93636530246295
bad_form,85.90316899474922,89.91563329608597,65.27390981915858,71.6476323943287
bad_form,85.62904887703647,90.1567006169482,64.18869522825133,71.3022338716271
bad_form,85.52304455023145,90.42263709495843,64.28991400999541,70.64577852337737
bad_form,85.26398997221587,90.57339274299997,64.7999450751135,70.60621969331095
bad_form,85.22481879000313,90.8599769421192,65.71140091034249,71.69534343710484
bad_form,85.1282613696391,91.24692902149505,66.1370881273628,72.31803309195897
bad_form,85.33515987336722,93.18992115178301,66.48867182747358,72.91388588541281
bad_form,86.56454835538439,95.01164530039154,67.8201557197151,73.91833301863414
bad_form,89.059624356003,96.50801561389434,70.72953654819082,74.92231701341012
bad_form,91.7404131092419,98.88854315534485,74.8698055950261,78.06671535510452
bad_form,96.77825673075415,105.71420697763871,80.03286239084338,82.13632550197343
bad_form,102.35588886734465,112.25619194061046,85.33428522428795,86.28746809202391
bad_form,108.35376070985974,117.36256275645216,90.60631167596193,90.61787984337928
bad_form,116.7766696723997,123.78008703113073,96.4834764222528,96.05607995590259
bad_form,125.47462073565369,133.06256297256127,103.08884685921737,105.33319541222028
bad_form,136.28166757186662,144.0455976176202,111.37514929527774,115.48054128500135
bad_form,146.88906406977213,149.37315211521877,121.02398837408356,123.19905946129964
bad_form,153.677050000576,154.33403351948104,128.36268262226622,130.56838149207368
bad_form,159.2424639538421,159.04522528342616,135.23356008143526,137.72520884486545
bad_form,161.7046157255927,161.89518791568818,142.95936132139053,145.15891137683127
bad_form,164.47249903987571,163.91497967776462,147.99590466231103,150.52170702922754
bad_form,166.62985787416764,165.90932537914063,152.780306870846,155.37943006981405
bad_form,166.6134752888348,168.68283891198826,155.87751244748407,160.8164408097077
bad_form,164.91402175877806,169.6398463660995,157.57116147215388,163.47861682307266
bad_form,162.96494173050849,170.39553277174045,158.07271676242854,166.34048723650233
bad_form,162.1447005538733,170.18755359286746,158.13140636766045,168.3199895092789
bad_form,161.93797690877705,169.3379404080459,157.8341234328269,167.3418476247054
bad_form,162.07242861774185,168.68052422929713,158.36547966057046,166.2144867860567
bad_form,161.0117329386035,163.42616429186873,157.11003380011581,162.64151762219427
bad_form,159.89259126934053,161.04295263550694,156.31964526573984,158.0325500110186
bad_form,157.7049148745927,158.54516146260352,154.2306930476834,153.14283943574134
bad_form,148.9429296773132,155.4385526495436,144.39562781367607,149.40359147036958
bad_form,143.92017989340678,152.74963725789024,136.8941373790731,143.80599077257514
bad_form,141.10397909586527,150.432764148385,130.16452841991187,136.68546931568594
bad_form,139.08425625047664,146.29498129067778,124.94908029561921,130.49764908976223
bad_form,133.95440796392958,137.94546869485896,116.78829983862451,121.98258351208463
bad_form,127.80877883873003,131.12492492976764,108.41411484750137,112.24126188957624
bad_form,122.89956805294533,125.77405653042749,101.99829752757466,106.43313239433053
bad_form,119.98716103156788,124.37771967416413,97.07842664134279,102.97543364488229
bad_form,116.93090851255293,122.98178510581191,93.40155838798887,99.72779202352297
bad_form,113.88223920388003,121.04255437309877,88.62679696448026,95.83514623545562
bad_form,111.5991126664386,117.57123803202627,85.22613165596852,92.26845445155647
bad_form,108.17610332661015,115.33624074058763,82.22562924793641,90.48680800321438
bad_form,105.1666635430254,109.77421856526054,80.07678222386147,89.19926524167602
bad_form,103.7294454437068,108.3311700805551,78.83176888715786,87.37141420424405
bad_form,102.54134309616354,104.63256227401943,77.92707557927167,85.52804103992821
bad_form,101.71970395696351,103.65438129076826,76.66728294753767,84.52717508565075
bad_form,101.5433266060905,103.69566743967003,76.43963004340355,83.49774051910606
bad_form,101.60243641710504,103.4035237602523,76.50265206126005,83.39636503236892
bad_form,102.7172814507787,104.68465579967106,77.11845833234031,84.1856679952848
bad_form,104.66741661875417,105.63216143983342,77.93408700042067,84.62978993047341
bad_form,105.46374724150105,107.74453671291022,78.15421445234489,85.61045399829436
bad_form,107.0196679363014,111.88157531831547,80.1552453321309,87.8186484061032
bad_form,109.28910724208697,118.72501825136955,82.52874406921143,90.56014335573104
bad_form,114.38281186390101,124.34034593906348,86.45500112799584,96.27376461491133
bad_form,120.95956069579776,132.78502968012884,91.8031751300365,101.61548695052062
bad_form,130.80718468406687,137.87549106715338,99.6394797706377,107.01289389321914
bad_form,136.61673292659552,141.31450782130514,104.80784740442976,109.50484847069475
bad_form,140.39733525251035,144.61313560547518,109.51390248969403,114.19205670212406
bad_form,145.99545790507497,147.64472937438563,115.90375412114571,119.55043318330428
bad_form,147.6562468177785,150.11913399020014,121.10512457937014,126.85544545221344
bad_form,151.80653226975355,155.30841519765733,127.53097042817734,135.2382785145032
bad_form,154.28126436999753,155.92608132057862,134.2870447793035,139.60741733928754
bad_form,155.3817628095216,154.99147502201006,139.98287850411893,143.59319754206075
bad_form,155.56513146167634,156.79331575532382,145.69755316304867,150.01167508060632
bad_form,156.4828550822988,160.36882949908116,149.84256298660193,155.30454365912735
bad_form,157.92378971482603,161.28042532374823,153.3217790216484,157.55189389339597
bad_form,156.80056771870673,162.7583260836426,154.78562328376407,161.15406479634535
bad_form,152.57397666233715,164.10437076542243,155.42405133601093,164.0145908554448
bad_form,149.6202427325941,163.51768862146642,154.28836312179533,164.82822312996962
bad_form,148.3808854467462,161.46167149069132,154.2164569458704,164.80447393092547
bad_form,147.13871130310082,160.4642500179087,154.51232317954984,165.77197370358553
bad_form,143.60191297256895,159.48389677967705,151.14635210296467,164.49625907450934
bad_form,142.2827566080457,153.56748868367606,149.78402151023698,160.24022462361071
bad_form,139.71756449585345,146.34592386138073,148.29671957738995,156.811614972106
bad_form,135.19258283915124,143.84938674190457,145.4486737377202,155.97858557646182
bad_form,128.2245891340982,136.30327114874333,140.96302451725288,151.73729457216984
bad_form,123.95163748041068,133.80308367690486,137.7906633680591,149.10966321473657
bad_form,118.17575115763759,130.99943091146685,132.36511046928223,146.0125635312739
bad_form,111.96429855784763,123.91735901834747,126.34600448022297,140.938762544533
bad_form,107.18624737830443,119.11239682633261,121.83953456954151,136.49527379725706
bad_form,103.032048954298,115.74550168805298,118.0604077338946,131.30665185124818
bad_form,101.48400904243496,113.9005113525822,116.16839992568029,128.65112339178427
bad_form,99.71727142252827,111.10760221132017,114.34639020848329,124.46533271980033
bad_form,97.38573835927977,106.66533975757385,112.22919867560208,121.65916733572286
bad_form,94.57610268448019,103.70373420905997,109.43809524453317,118.48734900928812
bad_form,92.9913867980487,102.63772691036705,108.15155048764566,117.59512965229865
bad_form,91.52422907923709,100.85951199204463,107.41498688461897,116.7830993041002
bad_form,88.8598655348268,96.85801898325438,106.03039915561578,115.24930236530653
bad_form,88.56712346122194,96.61010380571668,106.280834245671,115.38504021304993
bad_form,87.91725471663625,96.37746486385373,105.99870754121014,115.3879091559192
bad_form,87.61243194537413,95.9699176721579,106.05038929719345,115.35027106420551
bad_form,87.3387397604805,96.20358475980862,105.88696938319342,115.27324962874778
bad_form,87.955219300736,97.28211428022178,106.13984631665238,116.52257704103428
bad_form,89.21868529408414,98.03690298649296,107.94812093740174,117.78948592261344
bad_form,91.6957780301388,99.12699965562737,110.84895520373394,119.0372338395639
bad_form,94.85126186869378,100.16860970844887,113.47363057912887,121.05553347189627
bad_form,100.28537521449653,104.49874480797624,118.37149214349614,124.77897268784312
bad_form,104.92198968969518,109.66554981335109,122.28517966771005,129.9953194372771
bad_form,112.6437332197512,115.13621220783801,126.94551530961962,133.14495476936932
bad_form,117.4281012070008,124.21789118233859,130.50653314554262,140.10048954652163
bad_form,128.50534929069167,136.0061089719112,137.9195263038517,146.37196273852643
bad_form,135.02006960294452,143.94506655471818,142.48719994633328,151.56120007371297
bad_form,141.54660090141678,154.12949883163657,147.3697334960603,158.77128855210657
bad_form,148.14502091557364,159.5292949156743,151.7606361158119,163.5926064623105
bad_form,151.26259810602397,159.8911885795544,153.27564111300296,165.6277648175428
bad_form,151.196908391813,161.4135312070658,154.22942776444918,166.54854691758487
bad_form,154.85952194629272,164.0019675337926,157.78489154495628,169.79821979192874
bad_form,158.12451080295642,166.65906776334631,161.16991914122977,172.45296359683257
bad_form,161.44197615460922,168.61023353396342,163.6752367624484,173.44494775459796
bad_form,161.53384266417083,170.57653614696343,165.1778446383772,175.24175637999
bad_form,161.70196565722648,171.56255593360666,166.11853530949188,176.7074669850593
bad_form,160.06591658192326,169.11954265533052,165.61669480877217,176.2382612501657
bad_form,158.59347228500604,167.27442705611244,165.1687661877846,176.1157826642131
bad_form,157.98596292294334,166.15620537804452,164.44296513366342,175.03115076158895
bad_form,155.1867580536848,165.62591127681426,162.19398403205392,174.1541674900802
bad_form,149.86654188078433,159.3787131222059,157.9633246308554,167.94051026647705
bad_form,145.99994922574373,155.19977023809548,154.12984787784583,162.01664747892002
bad_form,144.27321577288382,152.51802222475573,151.23996677627107,158.33477861287332
bad_form,141.58658760555718,150.40060343645087,147.93130713410375,154.06916669406618
bad_form,133.03469317010246,144.0045969451867,138.74133910356377,146.549439323956
bad_form,126.69163044646201,138.03200152817442,132.32935213993184,139.53701582206654
bad_form,119.93590242644618,133.45005410915067,125.81547961229282,135.46424578213194
bad_form,114.75587441166643,126.7611032841095,121.28118887774968,130.49701387060256
bad_form,108.31102160470465,120.15360448476868,116.43416379464136,126.21121136923722
bad_form,105.25348634287198,117.01150530393598,114.13964974028454,123.18329969123931
bad_form,102.23557800756231,113.3971429480179,111.94820021642474,119.68367869378989
bad_form,98.64133485118104,109.28882602400019,108.8397218498007,116.25520284770718
bad_form,95.32805593822592,105.91186162055551,106.26206198826122,113.53039697681348
bad_form,93.06714625599214,101.35750734603847,104.62364130950175,110.46812388613779
bad_form,90.081566430231,99.79723684989534,103.1132432865802,109.81468081530889
bad_form,88.31628532379727,97.88128534287911,102.43468067744743,108.54581371146901
bad_form,86.52924861294922,95.75245756886858,101.31136212648858,107.75739899620194
bad_form,85.02544678257995,95.09862709088137,100.51205818808262,107.79485361209498
bad_form,83.2369604123548,92.64004545569273,99.44843023944418,107.21415267491108
bad_form,82.92401439540762,91.81847063596688,99.55109839378832,106.92236066271312
bad_form,82.53291447226857,92.59435381471494,99.68133163841134,108.00248975690016
bad_form,82.21291312514286,93.62079341473057,99.93970640503574,109.07538876354226
bad_form,83.66661146455232,93.46169584033733,101.56521939680135,111.01214368095506
bad_form,85.58535715560491,95.3923228332578,103.9017544982218,112.59131546835042
bad_form,88.57306035542331,96.09337241672354,106.13953695859769,113.41224272172977
bad_form,94.1392811182618,99.0461555014072,109.83454321669083,115.40862679839574
bad_form,101.13197597062926,102.2603995589584,113.9133911658304,118.31358544853862
bad_form,106.63016225589804,108.45599421638613,117.00013060608597,122.63297464774593
bad_form,113.68119619739177,116.05396032429744,121.04153365925657,127.69122784339271
bad_form,119.85305054669067,125.22528333127364,125.54848852020106,133.4851728618725
bad_form,125.9236912458686,134.27673929548604,131.63910360272456,141.36075808926753
bad_form,134.54091917520597,142.58903068188468,138.0396406610834,147.7647020175814
bad_form,140.67609163231342,152.5729372335889,142.60612822055754,155.27520029319626
bad_form,145.47426612882222,155.01703029877788,146.36102589973632,158.60326982031845
bad_form,150.4195886364262,159.9664796833047,150.09409887170426,162.32614897136426
bad_form,155.1732443114573,162.46729984278574,154.3476276308643,166.1791740670591
bad_form,158.1654550478811,166.53474766285075,157.59790374581263,169.35580102031994
bad_form,160.09129947329404,168.07001596061232,160.5762811424564,170.47263456575627
bad_form,162.89829666418393,169.4145793408865,163.87785494959138,173.23775676285354
bad_form,164.66986495130507,173.105072977056,166.398373722785,175.73761504531288
bad_form,164.61045584325848,172.68405031968942,166.8632055537611,175.44634917239793
bad_form,162.99056422020112,171.60309704505744,166.76205540830568,175.3354331654137
bad_form,161.74440441222018,169.3508256963666,166.55993770563268,175.9474150090658
bad_form,161.10650177037098,168.89670509134345,166.7794784186709,176.0174343621973
bad_form,158.17743875398224,169.41830327805113,165.8038620811254,176.95217245008766
bad_form,154.74686968262597,166.34575228624462,164.42328159461002,175.5359758069466
bad_form,149.23966412683492,161.09958224929645,161.6746098251487,173.02197406444785
bad_form,142.69612776318056,157.15351472210915,158.55234622537125,170.831474983319
bad_form,173.85206709271063,164.62010122806075,149.68334590380795,148.51945298558064
bad_form,174.35199198890086,164.20972761468377,148.92413082643859,148.26902166014006
bad_form,173.90853089902666,163.01663407780055,148.39918291884433,147.16377232478993
bad_form,171.70201454331,160.65520428978246,146.72076618708033,143.99318370386013
bad_form,169.30018508418158,158.27648045366058,146.16474413167614,140.90512502265972
bad_form,166.3599235102784,154.4013776456368,144.66238082067704,138.56724625140083
bad_form,163.9373827699984,150.65084124622612,144.1181968635529,135.91258580626751
bad_form,162.79438552945984,147.58260429562625,144.36216104174528,133.09026374489412
bad_form,162.02166293133305,145.11586142607024,144.13921392774114,130.89360160008448
bad_form,161.4080870127606,142.70712097260594,143.4863483032707,129.32959680511755
bad_form,160.62594461052848,141.03978013108855,142.9541353595957,127.7534733321321
bad_form,159.15026950142104,139.91314657925517,142.36784874114568,126.78793862784622
bad_form,158.5713813904372,139.81236363539062,142.23422766154852,126.25254128832438
bad_form,157.66091427161385,139.04067581557976,141.86841159548445,125.63144288984287
bad_form,157.3919799906394,139.27281932551037,141.66122182362946,125.05014786831151
bad_form,157.05455685287026,138.8780441094537,141.40132943042843,124.63521125319471
bad_form,157.09726846804915,138.5057851413117,141.4479360205232,124.8045659585066
bad_form,157.19191126800467,137.83982253114957,142.0916459466177,124.60558440702741
bad_form,157.51583165718526,136.54223079210345,142.79309762680143,124.24389800794688
bad_form,159.09107921253812,136.00560863508784,143.6005106603599,124.5976588168879
bad_form,160.8302201811732,136.899772951005,145.15637923540154,125.73651788754103
bad_form,161.78059066017067,138.5218424112135,146.5279313162912,127.37499777923381
bad_form,162.5954815488018,139.96572405600895,147.77788755527214,128.71103453342556
bad_form,163.50934500300013,141.71290175537357,148.89829881310854,129.8655570546019
bad_form,163.8102452327519,143.51996373950152,149.63865467802827,131.16917935052086
bad_form,164.70429670494752,147.5202584704618,150.51437319915152,133.29078380611122
bad_form,165.2445422638809,150.8033993673589,150.713865698544,135.34241294646478
bad_form,166.19396922163142,154.7931033222746,150.85963177757353,137.61282655195507
bad_form,167.6525934597697,158.13013964049858,151.21604754745,139.38532975071408
bad_form,170.46816606489213,160.4312665520619,152.30825736082735,140.8822584851086
bad_form,172.28454908245268,163.09847857052907,153.2208992385023,142.04426609576387
bad_form,173.69931063967633,165.86493213852287,153.82288010463031,143.36746718152668
bad_form,174.98111680968194,168.58086757389302,153.87267126826762,146.5794001715384
bad_form,177.33716391210638,169.19999416155002,154.38074104239914,148.2132445535827
bad_form,178.56584420147448,170.8372451901137,154.80412794768256,149.5211435030587
bad_form,178.86348445019902,171.35849022601994,154.91482156066633,150.4014110472919
bad_form,178.98557904000788,171.00251562290606,154.98878158150728,150.6307141054544
bad_form,179.01539340605757,170.8552950475801,154.97475836261594,150.83974836595456
bad_form,179.06685312819297,170.967415246052,155.0967300967018,151.19988371955355
bad_form,177.19607757768455,169.63017292981414,154.674906962029,150.03719345217596
bad_form,171.8241557246486,164.94508414675005,152.24524683434976,147.26103098502705
bad_form,167.251317192736,160.82752762981272,149.49960722697855,144.72646636942176
bad_form,164.50814728841175,156.96793474633395,147.6987520904459,142.11122274509415
bad_form,161.37710798804665,155.57831498230684,145.8322176951186,139.91473609039897
bad_form,159.66262501301333,154.4017495538541,144.81504849268484,137.72246971277698
bad_form,157.876934086759,152.73743037562727,143.96141692752607,135.23882435997209
bad_form,157.01344491066294,151.80436526417503,143.27559395507154,133.69910333155406
bad_form,156.20954857275163,148.43747284063696,142.8869715478437,131.83636020913855
bad_form,154.63358495766107,147.2373142625187,142.04460087894748,130.28291777187837
bad_form,154.25145443012119,146.03543965077205,141.43225070548732,128.9058971025614
bad_form,155.69583390295762,144.56069139951455,141.59403066157017,127.6510466181224
bad_form,156.21703319795293,143.65127734906426,141.38119770254355,126.99860890554353
bad_form,157.72537273068892,142.82342771104663,141.8308120459647,126.14862727871753
bad_form,156.85023675294383,142.39357437782112,141.45293932472467,125.6336157856471
bad_form,156.56071674150724,141.84006999705238,140.90455132442673,125.7026235156194
bad_form,156.4739235751764,140.8592262509281,140.92105971244982,125.94012471271841
bad_form,156.76291568226523,140.18323487597235,141.831005118005,125.9508322287771
bad_form,156.364057326409,139.6757733261218,141.88868067220199,126.4638754132263
bad_form,156.0273484455928,139.40520203786792,141.2523600634426,127.37682479742185
bad_form,156.66694795364,140.07124095642487,142.3600389306238,128.33615670984534
bad_form,157.21983814895307,140.84326637651796,143.2499370081818,129.28576269112827
bad_form,158.32085499389248,141.21144104740287,144.41358570152943,130.33420548267333
bad_form,159.1249931953868,142.10015426964185,145.41467948718966,131.67253708295866
bad_form,160.40564959420323,142.81255800298422,146.48221500859287,132.55735882143682
bad_form,162.13900223163466,144.2834576510293,147.32591940816462,133.74770770667013
bad_form,163.6936637401351,146.3841126497758,148.16056024592228,135.18419577092425
bad_form,165.12628364884597,149.04488621846937,149.05028062986167,136.62887312110695
bad_form,165.91529888190377,153.23928503022776,149.6189561603148,138.80885916082437
bad_form,167.4465758726089,157.3529881910928,150.15839763255235,141.0256930922095
bad_form,169.33805501591303,159.86374115047929,150.74675823953575,142.4817075282417
bad_form,172.67503113662332,161.69000570871378,151.4994570027755,143.7674837199268
bad_form,174.3685851550056,164.60426208982165,152.10578434414535,146.03571710822527
bad_form,175.06548236219624,167.4767415725596,152.46394040809753,148.18125792675656
bad_form,177.3485303756948,170.59142476016905,153.83031003734047,150.68368361227664
bad_form,179.97463614250037,173.32360888770037,154.99290473316483,152.26386657377697
bad_form,178.47866651590496,172.82664221133132,155.66814985974761,152.83373633434178
bad_form,177.89330923438405,172.7468801055038,156.31001982535955,153.38840345922085
bad_form,177.39611349826194,171.82485486558474,156.58208918984073,153.22205675196935
bad_form,177.45068726032218,170.99015757981027,156.6061251872802,152.99909374275882
bad_form,177.97141882007625,169.91360965958614,156.5516651115557,152.55341937669093
bad_form,178.80231327477944,168.44739238460642,156.5192297227319,151.2467220111088
bad_form,178.54309483942734,165.12209052119746,155.80860525481987,148.96937064695118
bad_form,174.3104229422416,159.9195344101319,153.58284966996155,145.2700652247347
bad_form,170.84659824352607,155.80225374540584,151.62113631788202,141.68913535614467
bad_form,168.46672844758731,152.20003363993845,150.32995914800148,138.8430456463189
bad_form,166.5010855734904,150.8139118448025,148.94162658726927,137.1533423792371
bad_form,165.78985944992934,150.32977508566302,148.02858935830272,135.94728620457633
bad_form,164.88935578646442,147.31589328172453,146.96701874427532,134.09083567933837
bad_form,162.88374292263455,142.93320795379643,144.9467475316425,131.59032186980872
bad_form,160.21945707584095,139.8996330139987,142.6766166766977,130.0271454674244
bad_form,159.242204601855,137.5386438460514,141.10367040730875,128.57109767093579
bad_form,158.39494486732966,136.48055281437468,140.25514644969513,127.62801614244137
bad_form,157.3503692591429,136.16292009951954,139.195640696915,127.18533689827726
bad_form,155.28506128687178,135.71330478250698,137.4818413627579,126.44170707737376
bad_form,153.71279377466033,135.54009614476203,136.17001702116622,126.05534945136847
bad_form,152.9592269301539,135.1502546471747,135.22546485245834,126.11985091633301
bad_form,153.15707758358477,134.88955402734948,135.08842687007552,126.41397661381691
bad_form,153.16898403714382,134.61941754884606,134.96860657238872,126.45203549886082
bad_form,153.0011357256314,133.66959737664232,134.89635240070493,126.45700754456792
bad_form,153.23895901973225,133.2816739364066,135.09386877198742,126.99781526432108
bad_form,153.75941643506735,133.49480843640382,135.83452642737842,127.18810904074368
bad_form,154.0722082246315,133.73090233868203,136.44988253583074,127.61247983779901
bad_form,154.61175103807417,134.332948443885,137.56393663631204,128.4178508898192
bad_form,155.77289378220277,134.82847283222804,139.04662907097298,128.609950367501
bad_form,156.6185374162721,136.4081906588849,140.22085436877393,129.76233865334956
bad_form,157.38711123652573,137.00712879591103,140.97750064800547,129.8351998586653
bad_form,159.13482191153506,138.74800987044404,142.42548684805334,131.0574120294159
bad_form,160.83742091948156,140.56681542356023,144.04792812109986,131.5545509959308
bad_form,161.88939345568966,143.08858721586753,144.9940939267063,133.10314337329868
bad_form,162.67099547831222,147.94159427469143,145.3152573393944,136.05702898820968
bad_form,163.42720270023912,151.6929012568469,146.0198468140037,138.3967310924835
bad_form,164.35269753427423,154.51373159546986,146.87780246189448,139.90930315818318
bad_form,165.9083932852306,157.50210724650978,147.63387498999694,141.61884202788218
bad_form,168.16090663960532,160.33703851291452,148.39574227960915,142.76293219015548
bad_form,169.93250104368556,164.7951966616135,149.2123731308023,144.69638046821342
bad_form,171.87009296974938,166.10362605314248,149.75097749948435,146.0917916962402
bad_form,174.03593939280498,168.18442094551352,150.48953044035775,147.59289948752422
bad_form,174.9843951378957,168.97257326792433,150.8696260160138,148.52928878481882
bad_form,174.9794864442947,168.11179800078796,151.49496715865985,148.66488337257582
bad_form,174.8727181086156,166.9072945074094,151.4149680948278,148.73604587420908
bad_form,174.92467588948995,166.35804591738943,151.35861537448602,148.5596466015732
bad_form,174.82276952508704,165.80569971306343,151.3021510795196,148.16280316696407
bad_form,174.65390853407854,161.49119140595897,150.99628982259037,145.80698666319608
bad_form,174.30151784412965,155.70715040581416,150.91816375602392,142.94634556360313
bad_form,173.6321242469249,150.03022930571476,149.96045459768393,140.0915187481376
bad_form,172.06641310319733,143.84193125961465,148.75539762751063,136.87999340059545
bad_form,170.07328126154343,139.8840231228373,147.78532483268697,134.06240407505933
bad_form,169.0450863730512,136.37148137180466,146.64947152092023,131.12514977026063
bad_form,168.46321551433024,132.3451364663305,145.39987294430844,128.7985633353134
bad_form,166.06425881441103,131.52658551322372,144.06578446817892,127.58142897644021
bad_form,164.7171925231112,130.99141390789234,142.5811672540846,126.5336866264727
bad_form,162.5004397541,129.83772548298273,140.62615219369403,125.68109278347177
bad_form,161.5630268055918,129.72912436531314,139.78256662203447,125.26897391041982
bad_form,160.2728343432269,129.42132621409118,139.0305636467822,124.63315042248576
bad_form,157.79879850343332,128.62554939637664,137.59290469862253,123.84425566385809
bad_form,157.04219251211336,127.81017335334462,136.85139131775748,123.1152245977448
bad_form,156.75638713380914,127.80902495360087,136.3185158809467,123.08364562546882
bad_form,155.28731818395525,127.18676979125689,134.85450588608265,122.93201545389778
bad_form,153.74030806274564,127.31669444641724,133.93252019902746,123.12105059110792
bad_form,153.32086972093023,126.62645651005002,133.6563030513546,124.00288888057597
bad_form,152.73896993897674,126.04839901047404,133.34807808360165,124.24569960846421
bad_form,152.70409465743063,125.97315480586082,133.70005432728385,124.48179223792539
bad_form,153.28526534057002,126.21453282386689,134.31002846089086,125.12989231107102
bad_form,153.96517959186846,126.27024963646683,135.09961359504385,125.70105316096516
bad_form,155.34747640353658,126.88107341353161,137.04729823266067,125.76299278227478
bad_form,156.3227163604184,127.92383535468888,138.23267755931272,126.32812404397893
bad_form,157.49404129076967,129.82621112781175,139.75330237996806,127.11295058934027
bad_form,159.19263065585096,131.5539229010597,141.991610929301,127.78360887457677
bad_form,160.61894628639027,133.45701932710523,143.7464075400744,128.2378673526977
bad_form,162.7527066441515,135.6950720686213,144.8552381177219,129.4856516733118
bad_form,164.19111348294908,139.67250494737905,145.9050264797504,131.46070881812273
bad_form,164.9281265259938,144.18518405154268,146.87105726214114,133.69756394610738
bad_form,164.83554118444448,149.10668386537338,147.25382775423483,136.3904660830117
bad_form,165.30232743910486,152.55035170355657,147.75989566969835,138.34542708888102
bad_form,165.93482359787615,156.1654086688131,147.95843919504117,140.40177482700315
bad_form,166.92556752624168,158.65948622284245,148.5078411902684,141.8825190456604
bad_form,169.43904675451756,162.198606301563,149.5341862887385,143.49038651231479
bad_form,173.68208632387328,164.64573597065305,150.4084731507106,145.05359443990545
bad_form,175.58990593710735,166.4022811121822,151.5434211449562,146.20656909283068
bad_form,176.2832081789003,168.12993333884503,152.21754402238864,147.42520683361872
bad_form,178.09507328173677,169.0545627643128,153.0775452880102,148.2793628086304
bad_form,179.59785741166397,169.18305808115014,153.67830889919293,148.61830405683153
bad_form,179.71414621703963,169.15416836618476,153.75186276641628,148.70571847873063
bad_form,179.79496389356817,169.0848351756464,154.1249371862672,148.67239057505608
bad_form,179.76004393722485,168.76151204156375,153.84776103119552,148.69459213951114
bad_form,179.7319459619255,168.7289573083738,153.7422164593435,148.74419280462044
bad_form,179.18399051214334,168.25351536492008,153.37366130135234,148.48934316242193
bad_form,177.760452388281,167.65994677245544,152.8176664003893,148.03809703041395
bad_form,176.2310196630416,166.49586966865675,152.76711083283215,146.84362347203412
bad_form,174.19397170357277,162.0117910939174,152.14529980995206,143.89486388109404
bad_form,172.31059331488868,158.31767947387826,150.9894672297345,141.23901317851997
bad_form,171.0978822144372,154.01540340479016,149.99617501951002,137.41026247207853
bad_form,169.31335978993053,151.16541534824034,148.4977862661276,134.26818651911248
bad_form,167.837634089249,148.66523673929154,146.95742326128618,132.41063014789512
bad_form,164.99628794359572,144.7270423998342,145.96993676960693,130.10851702543133
bad_form,162.6534014934182,141.12116195785472,145.3085038344561,128.26919660952376
bad_form,159.15418004559635,138.07858950800875,143.40707992499816,126.19192898798727
bad_form,156.91173823143748,137.33906916761697,141.8860772946499,125.7054973454783
bad_form,155.00160413167225,137.1019171080093,140.59302662896286,125.21073325334169
bad_form,154.1420260498009,136.33883844280996,140.0194403946636,124.68269113310467
bad_form,153.5822962333981,135.73945964505162,139.41836894918498,124.6778511934817
bad_form,154.03608894673988,135.8548609191007,139.48443460162062,125.41056960362124
bad_form,154.05501176926407,135.60327809840942,139.23440752647377,125.7706693545855
bad_form,154.23048055929544,135.30201675032052,139.43002981295453,126.17806623823853
bad_form,154.617503074651,135.29214300944173,139.58618833474463,126.52930013664374
bad_form,155.3470486837404,135.72209783824687,140.14026959601284,127.22932181811453
bad_form,156.97092699841943,136.4048644913671,141.07408674882603,128.19492428227088
bad_form,157.88519544103795,137.47046683429832,141.7818436791399,129.32984090753996
bad_form,158.42881993564416,138.08133897149924,142.31689670140122,130.3863226563276
bad_form,159.21837663878028,138.9025637258483,142.88636042139248,131.6977674587118
bad_form,159.99580908524877,138.41300730483135,143.4896096116089,133.06545931560436
bad_form,160.70344414915175,139.7248065472822,143.96720425189713,134.08663993106634
bad_form,161.55205642555947,140.5832204856313,144.25498726735938,135.06002097299447
bad_form,162.68964488790334,143.47622685402257,144.94363442147036,137.03018861074455
bad_form,164.23254776082618,147.30633218783726,145.89101750535664,138.90782025699698
bad_form,166.08959085602015,150.33357578991067,146.74180361845683,140.51007802209674
bad_form,168.38418535938922,153.83122300919214,147.3839509797117,142.7356077427877
bad_form,170.68739119188135,160.25452091581582,148.38412101756484,145.84423055471848
bad_form,173.36437489302418,166.9376828539912,149.14667735959765,149.42511558039803
bad_form,175.13154914782618,170.81957717205822,150.0215039002037,152.00540683556468
bad_form,175.94775913685984,174.4737731226218,150.61962730786524,154.34354073730898
bad_form,178.3389519696903,176.1383243101483,151.82413834880177,156.04740887570608
bad_form,178.48690748689654,176.7520512644817,153.3992560424241,156.48393349703755
bad_form,176.04642623809383,177.40780829490194,154.99284555239456,156.99194737714083
bad_form,175.2081816851665,177.5226356291344,155.6002212996105,157.21106153565063
bad_form,174.53795577269094,177.06264960155923,156.02679492843836,156.91181057766067
bad_form,174.42620853715056,176.95938900292606,156.33783175934255,156.80002087293025
bad_form,174.37270056868817,177.3104919449983,156.61590601982715,157.14994318899465
bad_form,174.30031713912285,178.2012507027615,156.66677890551068,157.54874825884676
bad_form,174.39259317930023,178.44058284229044,156.7773799372499,157.67553968815443
bad_form,174.1756181419483,178.59673388141226,156.72218365449672,157.82325208681124
bad_form,174.32137039382604,178.35454172289647,156.81098314716587,157.71419517359755
bad_form,174.13665019667178,178.71981256804452,156.9106809820356,157.82104154669514
bad_form,173.6730881310517,179.0271316109167,156.8764403729554,158.25967493646345
bad_form,173.3062648075433,179.32122976065884,157.03983373375272,158.42118777655648
bad_form,173.38667829334165,179.30099497884893,157.14606008566025,158.38502822217356
bad_form,173.07918480777826,179.31270147454006,157.34632582330363,158.33038585943515
bad_form,172.9043367256721,177.67168924443197,157.54133220851534,157.64256797679013
bad_form,172.76957808846225,175.8103453731316,157.60790770941801,156.6424121319401
bad_form,173.56393229974339,170.61628257325415,157.31966114003754,153.8273830050347
bad_form,176.17537005204684,165.34181794090262,156.07338245541715,150.64455793205664
bad_form,179.9857752018994,162.59862459940294,154.1112988401098,148.53392162241278
bad_form,174.66727088201964,158.60951327744476,151.34745850239517,145.41536863317882
bad_form,170.18480506392834,155.17376961743125,149.17005488390953,142.1078551620344
bad_form,166.07226476421866,153.4157793624203,147.52103227282842,140.21326660414553
bad_form,163.72346821933263,151.42618954664377,146.41732864714376,138.6093733251302
bad_form,161.55418086724762,149.51104483001265,145.01221730045512,136.6457568911597
bad_form,159.70595210676862,146.96008521501702,143.93448716328928,134.472785439414
bad_form,158.2551146541852,144.172880234393,143.08746531833464,133.0946814155596
bad_form,157.0188278029785,142.08251257035678,142.28123537825746,131.98542120913308
bad_form,155.86120385166433,140.96967678640178,141.77619678318717,130.99903364701208
bad_form,155.11577668232232,138.81054404307324,141.21330112707136,129.43622061556485
bad_form,99.40473584979105,135.5843998836925,90.63039485285026,119.31364066915202
bad_form,98.67603589478841,132.559236438635,89.13249328554492,118.10130571882829
bad_form,95.41571006018876,128.86487101271558,84.64398028427854,116.31398841949571
bad_form,89.74414894539655,123.82348215265566,80.90479400073652,112.79727126123748
bad_form,86.51284704796063,123.37658487062191,79.49973112914074,112.40755988151567
bad_form,83.46651892503576,119.34819353121614,77.79405551845815,110.05783002761508
bad_form,81.0677500816555,116.24202298084583,77.68429804234277,109.15243108215431
bad_form,80.68823705208115,111.33602319247481,77.36231972196342,108.19210328055888
bad_form,78.43304388411434,108.17320355067423,77.4909090551503,105.9999962718355
bad_form,76.78030772577785,106.55058129230412,76.70356629552445,104.94046422419055
bad_form,77.56799622787764,106.33176888600445,76.19072672946237,104.79102478780355
bad_form,76.48423380640469,106.04133826920227,75.78433829357418,104.56977519678134
bad_form,74.30488280501231,104.24678039356525,73.73995230318283,105.04858648845337
bad_form,72.28200155296764,102.29774162603377,73.21380000800667,104.13898585203957
bad_form,73.03400070322363,100.80890528915921,72.58754071665571,101.69503303329014
bad_form,72.7505288695329,100.70270081695804,73.12855514303766,101.8250763098567
bad_form,72.813860108933,101.11130194013327,73.45668429009191,101.1573037337926
bad_form,72.63552267742438,102.69796797333913,74.96801758854721,102.92630342539854
bad_form,73.53068577695956,105.67928505475209,76.10417007461916,105.03669251839469
bad_form,74.18809432485807,105.19495599559545,76.54660970978449,105.92999856726806
bad_form,75.40618929647036,106.51843262940389,77.86106615775404,107.84933828143735
bad_form,77.68413553964979,108.32784213422747,78.61672044014124,109.66109457702453
bad_form,79.7231096996486,111.30066143630822,80.78722744849985,111.5962125601034
bad_form,83.34689177906552,114.8668651171958,83.61087000124337,114.3821931998539
bad_form,85.93937322408101,118.01150294468917,84.9277904443022,115.82264901767995
bad_form,88.51876866859692,120.6615859050311,86.4024580755858,118.18263308987278
bad_form,91.42708555170475,124.39167707000232,89.67774783215941,121.66540406431187
bad_form,95.68081394730353,129.26575794830453,94.78521279754803,126.90442614009669
bad_form,98.66053095383137,134.0956782071075,98.16430765127764,130.40047375420744
bad_form,102.39109855855457,138.42918707725323,102.59563256589524,135.51242826803045
bad_form,106.76215578697065,141.45093092918492,106.94266490435793,138.40960880418208
bad_form,110.301645427458,146.9334719981743,111.90152393747002,144.16577630584476
bad_form,113.75086225570666,151.795314005053,115.59504005652633,147.98773922906227
bad_form,120.19206615614186,156.7107008083281,119.56398863372003,151.9273606503089
bad_form,126.0496229414322,161.14518748544066,125.31560142942651,156.9375501431041
bad_form,130.66769210492242,164.00352315518435,129.6632586681842,160.54139047744542
bad_form,134.92444435218727,166.85271723332065,133.3887511487505,163.24184167826894
bad_form,137.32744800083634,170.0877089432575,137.05225852661934,165.80937117674037
bad_form,139.81982633561046,171.9884323601444,138.96329409580167,166.61875044817822
bad_form,141.48403634933194,173.95270664058913,141.37188654605833,168.8539789514488
bad_form,143.62122037305127,175.50503418825153,144.85229345433723,171.09253551550475
bad_form,144.9897923133617,178.03450600858122,148.24396919057887,174.20410340547988
bad_form,145.28952968071175,179.37430235478283,149.43619324527924,175.83631270567417
bad_form,147.36810117812166,179.63951800451372,151.79522023733412,177.96249788783894
bad_form,147.33599449414533,179.08432152356445,152.96601448969344,179.99168593859295
bad_form,147.87079802147952,178.46989528277152,153.57193366623355,178.93214707719343
bad_form,148.8100262175008,178.09656295426154,154.7954148378449,178.29259676934493
bad_form,149.63188720545554,177.3647986986124,156.1648383983252,177.24141069481948
bad_form,151.01650248311398,177.01489002835484,158.0387670185817,176.4140859373553
bad_form,151.50176112596512,178.88659666880585,158.31618845738012,177.18696231314982
bad_form,152.07145798045184,179.60814414178898,158.729470668814,177.27500108123414
bad_form,153.26909243376835,179.798988404258,159.46454950306799,177.1058280918798
bad_form,154.94161244063002,178.79670597809073,160.1781501518053,177.45344813216815
bad_form,155.8000181773581,178.118764489431,160.46007042988563,177.7122498886329
bad_form,154.66007822811335,176.77972312024127,159.644510981683,178.76931870527173
bad_form,152.8639028394957,175.29993965111385,158.3398837466402,179.35197217552513
bad_form,150.0557894970095,174.3682455780676,156.63569746826192,177.22779826727765
bad_form,147.33213706461086,174.28366649717896,154.06176229007684,176.7433211420999
bad_form,145.33820324306,172.97153580838676,150.8982934459799,175.34238274919346
bad_form,142.69070749503078,172.46855674848598,148.10230217285738,174.54549391309735
bad_form,137.5289743817435,170.96704311752106,142.60974480553944,171.7942734193041
bad_form,130.35055811962937,166.49387039575214,137.531571975923,168.01679284631425
bad_form,126.2977090339011,160.00885655872452,133.3752564422505,163.01321941917112
bad_form,119.86542284277809,154.48275060206328,126.95605586671297,157.8278518999292
bad_form,110.69094363996047,148.44824476739515,119.12957016439951,151.3358687633436
bad_form,103.91663403952157,143.73540159211902,111.54364983521245,145.32510500180652
bad_form,96.84567006621177,139.3997269063874,104.57397341053668,139.48812150668047
bad_form,92.52148433270753,130.78911938742195,99.16553372904335,131.08498722894444
bad_form,87.32302184481676,127.0420794575864,94.0727588799395,126.68495411856755
bad_form,81.646931281771,119.20210281199928,86.69365150578889,119.55568958901891
bad_form,78.65802374956701,114.93741750585289,83.60927486574995,115.79551075559364
bad_form,77.21347377285673,110.07588796925032,78.4616310774028,110.49998035319379
bad_form,75.95157829875222,107.41821169993324,76.36289170353223,107.03094375551994
bad_form,73.4070074769487,105.65256675095827,74.31718631109987,104.73217014701542
bad_form,71.23101184716768,103.52455687215928,71.5715903520079,102.004616477633
bad_form,69.31361529391165,99.93253046644656,69.31807159386169,99.3099235249124
bad_form,68.7044126367042,96.98147687812457,67.82662210799786,96.69937125705769
bad_form,67.4392367629456,94.46469331778394,66.2390698266897,95.97325479489122
bad_form,67.59180790424324,91.43641969681664,65.95815974731322,94.8620608190912
bad_form,67.45290367813408,90.65696543380727,65.67321360702886,94.34457257121161
bad_form,67.25113958651531,91.3038944665052,66.00250151061205,93.33082243368783
bad_form,65.71472432914055,90.49959643097884,65.88543358782007,92.5424210268067
bad_form,64.86431499166969,91.18707848541584,66.31051589935576,92.71888109858732
bad_form,65.40766998557854,90.59064643113044,66.64800529355514,92.93664332042428
bad_form,65.81872877943408,90.26895212472692,67.01742444062648,93.16464692308986
bad_form,66.41351674404206,91.1247273111,67.88553687730378,94.02772864509785
bad_form,67.7371119464566,92.24939144198459,68.81329860977861,95.53429000312799
bad_form,69.36786899457422,94.33051134608547,71.861362301735,97.28551908564772
bad_form,71.45914119445155,97.09890689337823,74.35865518428638,99.78826447735676
bad_form,72.92946950857487,100.72583623157198,77.35419529820021,102.38984104128329
bad_form,74.62610260678645,105.09475298634709,79.46417861659971,105.26987077855115
bad_form,77.32463166000792,111.76182880858377,82.83737040143004,110.98842348446722
bad_form,80.58218990747264,114.98084777131527,85.91520984283638,114.56916798550581
bad_form,85.63364877160166,120.05646447706297,90.10992915115312,118.22218258256737
bad_form,90.50691766844454,129.11662102115733,95.75039145153407,124.78708892564931
bad_form,96.49556434503216,135.8040988751956,101.54014405733699,129.47536898216038
bad_form,102.40951622318357,143.25638523862216,107.88871967939959,135.3620897002728
bad_form,107.6032113265938,150.38492365420052,112.18657011333369,141.9098271334982
bad_form,113.56705514666754,154.13796772406613,117.67151954373561,145.62135699835434
bad_form,121.49254022551253,160.19925162834255,124.3049639048259,151.6996180005832
bad_form,126.55326739228312,164.14527743186835,127.42367901128901,156.1500527971498
bad_form,129.04335595924792,165.82953981249875,130.54898937147314,159.4736304340711
bad_form,133.17862881747152,169.21267007277518,134.17036865529374,163.21621007810396
bad_form,135.94050314538862,170.119605887329,136.0670142593263,163.9050454315084
bad_form,138.31066878189745,171.28516945887552,139.40523457239522,165.95868887598562
bad_form,139.1565122697035,173.8172583233827,141.44673031816225,167.90096987496722
bad_form,141.55986952783348,174.46688835490792,143.6625690603283,168.80763443821522
bad_form,141.21398838330512,174.94531458726465,144.09458676995402,169.42097661048038
bad_form,141.5971240754215,175.61688183489883,145.41448611358211,170.86158525098858
bad_form,141.29674361483933,175.91300630095185,146.22691537604712,171.74375081059932
bad_form,141.77609850586222,177.16405992943788,147.41917497244722,172.7581612658496
bad_form,142.37556858344462,178.41084324862672,148.77566997381908,174.44095165027016
bad_form,142.82207417855938,179.81800853181824,149.59335498291222,176.13211679871515
bad_form,142.7494743937357,179.84091075929143,149.79226233683985,176.86995431705648
bad_form,143.4080449090556,179.63955583432917,150.53740789715977,177.57729759189053
bad_form,143.97570913453924,179.59060563279337,151.28660450354067,177.59809997252245
bad_form,143.96897322669554,179.2387948517401,151.45407192611088,177.51427325512398
bad_form,144.2126111339282,178.97013544899923,151.59077139789983,177.5182233999097
bad_form,144.279587919996,178.2506734646848,151.5750801201572,176.7766078745811
bad_form,144.2665235025279,177.72475962154599,151.53390706089746,175.65905844835135
bad_form,144.48268933412285,177.13558823416713,151.41051308320394,174.73814556235524
bad_form,144.51457492939758,176.70323776960456,151.12011297452332,174.0174293015961
bad_form,142.0813989346523,175.67485229517095,149.3576040336394,172.78859360755177
bad_form,139.36790759551778,173.70972086198327,147.91121234084002,171.55530198090997
bad_form,138.13226113824544,171.29978789810883,145.9224393265474,169.92779101026906
bad_form,134.97619855545003,168.15251014831205,143.11653640245552,167.71300380045636
bad_form,132.18210910982313,164.96355808904042,139.7146344081512,165.2489908832591
bad_form,128.446944209719,160.2365530242323,135.61846378691862,161.0018064495683
bad_form,123.12526121825204,156.47864558851433,130.19445830406602,157.3905478572308
bad_form,115.78289420017171,152.1277160316861,122.77003647575151,153.18661608296074
bad_form,108.23699880637707,148.72455575725746,116.33585750441411,150.09374258235917
bad_form,103.85472900890215,143.56221214396894,110.31685570517826,144.95845750775447
bad_form,99.2982935373297,140.36204383675388,105.13526066183903,139.79606774152805
bad_form,94.20409506616278,131.32927784168143,98.40819032931846,131.13632141045682
bad_form,91.77983503652223,126.40657275715176,93.78226068939686,125.43182175891916
bad_form,86.92757643629284,122.14762375930644,89.14941878740734,121.3058344120376
bad_form,83.36830424105261,117.29829720238286,85.23931573096826,116.26572776810771
bad_form,80.89734367983084,113.65089841440897,81.15076725932548,112.61388304669033
bad_form,81.0920156654833,112.56986455330434,78.22304833789495,109.85120001296865
bad_form,79.43655000561046,112.30693988430221,76.67734004641994,107.85817191026213
bad_form,77.39591026866191,112.084470739225,75.36882486586543,106.66842196568223
bad_form,74.23812510358891,107.82278199051186,72.14802219235803,102.67023748640047
bad_form,72.74933973654214,106.17777095373768,70.55381833387622,100.21182998753575
bad_form,71.47051411043924,103.47925356814125,69.02496765586724,98.9019411223129
bad_form,71.22041776321191,99.75231154622026,68.33609218311224,96.97426354127387
bad_form,71.14324263084154,99.4151600718418,67.76586018442059,96.63320611035437
bad_form,70.60284054424761,97.74349224096392,67.60275782980024,96.68658729946478
bad_form,69.7982497467217,96.9540835997401,67.46779973433607,96.22106242392066
bad_form,70.14772003848964,96.80108094949162,67.99848725573914,95.90765356257864
bad_form,70.73133640553135,96.5591494668177,69.19535076673728,96.29517615552172
bad_form,71.1199968517123,97.32608950335668,70.0766844063088,97.05501707433207
bad_form,71.69097884974724,97.98882149025667,71.03014923928485,97.67667032196327
bad_form,73.17331242423717,100.20815850903307,73.12151201054775,99.74340091493796
bad_form,74.6696472951578,102.51243840174516,75.60698367260792,102.84499496140913
bad_form,77.07518850195652,106.6788208048674,78.45405900734433,106.3614930920469
bad_form,78.27547701861266,109.75149959717754,79.5800846624707,109.42644464962173
bad_form,80.27769292496595,111.86879220058057,81.36251923503437,111.59423874096245
bad_form,81.10533462701676,114.78756753883229,82.81979202798158,114.3673619572502
bad_form,82.58112781643615,117.43830754843086,84.53674598845707,115.59060000254095
bad_form,84.86801212563932,120.66443011310207,87.5767817478219,118.36751953491846
bad_form,87.4108524550004,124.55265444396804,90.22596110001622,120.85092983486884
bad_form,91.51461095842785,132.56087013899938,94.96270578351387,126.05844788023477
bad_form,97.63615887587713,138.36728589650784,100.81388197792408,130.9376754405428
bad_form,101.81219177457831,145.31950596657325,106.39488931342217,137.71957588969744
bad_form,106.46241186167981,153.56365349099244,110.82128513372072,144.53629242614167
bad_form,111.1146549324707,158.55977251841,115.15606703088021,149.17979896679725
bad_form,115.49232592985169,161.36459329136648,118.68249828045582,151.9360367941639
bad_form,120.20288113470622,165.98181485369753,122.40452610156976,156.34074587051683
bad_form,124.66916306888226,169.2464678299317,126.65171311378818,159.80882297375547
bad_form,129.82003409487714,169.75186122043507,131.32810775343606,161.92604552988038
bad_form,136.641181254947,170.91026889683928,136.76795179273896,164.59762930304313
bad_form,138.55797106241846,171.61247031035913,138.56530982141274,165.23178764783847
bad_form,140.71030692926513,175.49829415279274,141.768684791418,168.43931249970012
bad_form,141.891485270975,178.64486502286874,144.8672424786425,171.15149197387905
bad_form,142.24941471995265,179.0096830833228,146.63807626708518,172.40650653764615
bad_form,142.53447627798477,179.711797896059,147.76669401606634,174.1417929360307
bad_form,142.8150509590316,178.9447228478002,149.73366650756537,175.67737226621574
bad_form,143.00017845914033,178.62254880392476,150.62796280101483,176.59143970065887
bad_form,144.80695318760263,178.21676856129534,152.72385242668963,177.85506468820444
bad_form,144.88273259628284,178.06244971495232,152.8829203068969,178.58625116652755
bad_form,144.92608125281046,177.87241711329838,153.47993199404078,179.70855239898802
bad_form,145.5671222748741,177.98130848461196,154.30980871947614,179.5216478150386
bad_form,145.87094236857712,178.46683126623975,155.3164617166717,179.38139803219943
bad_form,146.54357414691933,179.23509979395092,155.89283577479523,179.50483692455114
bad_form,147.46399651452245,178.8928617788546,156.72380962746627,178.86703205182803
bad_form,148.76786490347723,179.09490419595895,157.93794573365216,178.17845492142166
bad_form,149.96853835773828,179.23630062058217,159.11038168300507,177.37885868680328
bad_form,151.06000590468554,179.95842817472294,159.9150723189423,176.8831840862641
bad_form,152.0934815709846,179.43838905259344,160.61579562106115,176.68504097549513
bad_form,152.14362744718824,179.31059255948622,160.6603215069919,176.4782668438896
bad_form,152.22683503063234,179.22960691220334,160.70636262080913,176.115484103133
bad_form,152.05233288690795,179.0613775398113,160.56812278320882,176.07535743688766
bad_form,152.21101251441308,178.60699517080295,160.51362331232022,176.52385964230905
bad_form,152.66000914851045,178.3382208111466,160.46095433846943,176.74464286324482
bad_form,153.2915215020232,178.47186436585613,160.51842374514635,176.7842484622541
bad_form,154.21341245762912,178.44696616357854,160.45379570832563,177.01082495377946
bad_form,154.53671313856972,178.4487254242305,160.1238695624602,177.48269081753588
bad_form,154.29212230880688,177.96351315342648,158.90806477868836,178.49177464279353
bad_form,153.21862402255798,177.41999064854832,157.14793113524894,179.56690384193112
bad_form,151.06194376160948,176.23992664631962,155.07417550127172,178.77203308431416
bad_form,149.0819267596431,174.46832729909818,152.23449063562413,176.98654609455485
bad_form,146.4880745897774,173.3860741037041,149.69281250797437,175.31885583034972
bad_form,142.16430899409218,170.63510162403972,145.50657860394088,172.14282842490576
bad_form,133.8786929578653,167.7808591411444,139.21500402940254,168.8287023688046
bad_form,127.91368341060917,164.63871434525694,134.64788756073574,165.19789294603834
bad_form,121.00710018038069,159.30604070569683,128.95765120961815,160.93125771086818
bad_form,114.65936492640785,151.46375991505462,124.02300698664388,155.88187563103492
bad_form,109.71942689446178,146.48688527591554,118.77636935021545,151.58190766976915
bad_form,101.76491538607553,139.95505045514997,110.97920669841282,145.30100975218326
bad_form,95.18494201665993,137.12138319783693,104.46067628258866,140.945525926503
bad_form,92.15809172118105,132.3105965570217,100.40995782285503,135.2955886300476
bad_form,87.76457897795501,127.87701062622344,95.54437855807357,130.1299038415027
bad_form,84.60582677541015,123.51251139207756,91.81126252148421,126.55423527772628
bad_form,80.68866022243884,117.97359710725328,85.70376686664953,121.45855008356914
bad_form,76.99180720035952,111.16114518646441,81.56186851467734,116.24749185399806
bad_form,76.27159977470359,109.54311053723256,81.11707346960952,115.36561816054697
bad_form,74.4150772730116,106.05762943119171,78.74626138404021,112.12711195333
bad_form,73.99264801003307,105.90307387313905,78.16378279360275,110.47754531946552
bad_form,73.37164489536895,105.63733620320139,77.95732193158776,108.91620126957116
bad_form,72.8291038771556,103.91144209152918,75.77722605421485,106.9530269762581
bad_form,72.21087964929131,103.29505033591477,74.63475179814975,105.91783337585048
bad_form,71.96562226672887,101.0265263175283,74.0740515250962,103.5690204402274
bad_form,70.93545025732942,99.35947859230026,73.2631679969772,102.70024421213678
bad_form,71.15684422103652,98.26315302887974,73.37796124911516,102.09497566473625
bad_form,71.70799668047397,99.10195915828649,72.92975372346399,102.45517941387617
bad_form,72.0050247746658,99.57937625541388,73.45384698717231,102.97949225462027
bad_form,73.18427922379539,100.59097068310302,75.35835925842701,104.05023013557154
bad_form,74.93020175985396,102.62565015951526,77.72134433980486,106.34626627289786
bad_form,76.8347588285909,104.80639193827702,80.34165503796014,109.6395683243377
bad_form,78.87776434923234,111.81466836943974,84.18177067383293,115.48601394156134
bad_form,82.38366478078632,118.03536664868628,88.1082797812581,119.68702573138019
bad_form,87.45239876483816,124.47082381504333,92.90872945445804,123.58228140554347
bad_form,91.9200293659436,129.54744274362812,97.10946390031073,126.70859242901595
bad_form,96.4140432986303,136.13296963817328,101.60298126510078,131.04126618897396
bad_form,101.02916847957835,142.88460847647968,106.36246618341593,136.4438854323418
bad_form,106.69598135994559,148.95165617330088,110.5194063981919,141.75670183929947
bad_form,114.90046009526807,154.81444215698318,117.16537255535701,146.66773194509855
bad_form,122.13896075388104,161.91177764633338,121.89410513459916,152.5181653822259
bad_form,128.14931402504126,168.16957064813064,127.28759613539158,158.51335272991747
bad_form,134.41256581310049,170.62328174575566,132.49410978754887,161.4325977048506
bad_form,141.27135546896,173.34398782294616,138.15021633514496,164.53776490990592
bad_form,142.82057806650707,176.6414009028661,141.64445965543536,167.49770929180053
bad_form,144.36950219962606,178.41194701477838,143.830664437805,170.71870487229222
bad_form,146.4119224536181,177.38488939452705,146.67817064470722,172.67829640228373
bad_form,145.9122117473386,176.44186605792376,147.92047900147367,174.49251471497237
bad_form,146.84485554855013,175.96583522508055,149.51607562637605,175.82884487604304
bad_form,146.36057764028817,175.0080410954951,150.8398651388671,177.3290885370127
bad_form,146.58021875973253,174.66716128136324,152.04389058178,178.63828153675195
bad_form,146.83613082022478,174.64837991816484,152.9323550605723,179.6341143433854
bad_form,147.36107817238613,174.39487599438334,153.97590196027426,179.3703769627891
bad_form,147.52000180867924,174.51416248864268,154.5129839445234,178.94845301800345
bad_form,149.42257391292415,174.81335079435976,156.3751533046315,178.1856709798467
bad_form,150.4209343314481,175.65929295504122,157.61319383703733,177.9410320906938
bad_form,152.85368155953893,175.81730565849043,159.76836690397658,177.26696792775863
bad_form,153.359659833311,176.82137094483488,160.39292394092968,177.6427795803437
bad_form,153.75062659725535,176.96863017163437,160.81231877175614,177.27401763744464
bad_form,154.2409511509231,177.7298877945436,161.0012308986339,177.7154820019285
bad_form,154.70729131635142,178.21605634796512,161.1434731163322,178.00272016545244
bad_form,155.11495906565222,178.34566089713638,161.3345554126859,177.97634238469047
bad_form,155.13268006805376,178.36732154780665,161.1169151489411,177.92249049016974
bad_form,154.9552798966491,178.4821582326651,160.7614877033794,178.07822870106023
bad_form,154.79550240923135,178.78809139313478,159.66068213375075,179.0076992919565
bad_form,154.20848146079376,178.4915739712008,158.6015835536553,179.54474910930577
bad_form,152.69468854632285,179.1263821238089,156.2102631385927,178.82367295949794
bad_form,151.1776466082883,179.58284239393166,154.54437766195292,176.95219669963316
bad_form,149.32945621472197,177.19725350678922,152.0085869093948,174.51715396671207
bad_form,148.04140932098508,175.7703661962249,149.23997237246476,173.1246500204328
bad_form,144.4392841386122,174.1695529170662,145.70971570312383,171.3540463627917
bad_form,137.67363941628875,169.01854474096538,140.41302886681115,167.36887822831076
bad_form,133.14083713443006,165.5277655400986,136.6507841522924,164.82144629634124
bad_form,125.70409593234581,158.00016595171408,130.70472905989396,159.3965399147639
bad_form,118.14883394611991,149.55428857402018,123.95460147063139,153.4092992370652
bad_form,110.34436386527048,143.93487729878444,116.88295907347994,147.07375648723757
bad_form,102.72512917623573,140.51324323120764,109.3407498894302,142.21282427452195
bad_form,98.67262275621374,134.63264282260252,103.85366141690706,135.02329113687526
bad_form,93.86353442682753,129.39012830734467,98.08913616091105,129.58721639206166
bad_form,88.68940632899961,124.94696689211443,92.78459810683997,124.35876394516573
bad_form,84.40877324765165,121.12000676860146,88.2988971542514,119.89392384293382
bad_form,80.35123285830167,115.33664941106579,83.25865855862885,114.22301034272307
bad_form,77.24554805984167,111.53878095519369,78.60812408401391,110.1876971340501
bad_form,76.7641687419898,110.16543312747922,77.25428738245733,108.74639920450417
bad_form,74.9366002244168,109.48461540753027,75.65180697959649,108.15748926839402
bad_form,73.77332110240332,108.00147670143835,74.6545444922896,106.39723306649806
bad_form,72.41612965357297,105.54792273267753,73.69113534756886,105.17715494139229
bad_form,72.39886266303779,104.57853339746694,73.20020781779883,103.99607044026435
bad_form,71.62538549435106,101.58596576447502,72.59640141878393,102.29819887123583
bad_form,71.94266638338104,101.18083471805528,72.70215577263836,102.32842486616495
bad_form,72.42223021531987,99.30898648184137,72.81212690088194,101.84498436949063
bad_form,73.1078605027177,98.99693556077625,73.05114440476508,102.41867563971782
bad_form,74.06444848295058,99.62730212662723,74.36682594319873,103.31107892043596
bad_form,75.06725772467877,99.75922068864577,75.85741618324738,104.21370332216496
bad_form,76.73579850143147,101.82389087609033,79.92432420751268,107.57917029671866
bad_form,77.6988267402786,104.71066210602928,82.81744850291463,111.99890224941655
bad_form,78.73831175678674,108.99278616596325,86.23627665824557,115.92769998749107
bad_form,83.13569699810893,115.39024956922432,90.82742419180941,120.44798099454931
bad_form,89.30063005902849,126.49327803847345,97.15201446559855,127.25600092015668
bad_form,95.94922768408065,134.2378607843372,103.9462446220915,133.39389885975913
bad_form,100.07099304924537,140.04446409513076,107.59313809485133,137.89945631610234
bad_form,106.56019262235958,145.61852550598064,113.48098417944558,142.4717263526218
bad_form,116.22465447058462,152.3960973718857,121.5549511834947,148.9910650433162
bad_form,123.15997901013563,159.29755558242763,126.90116946161615,155.3763809197568
bad_form,130.7760655665992,164.32823553244035,132.87091368143064,160.19250515243397
bad_form,139.24406215037465,168.8689816417943,140.635368841046,165.01868608198563
bad_form,142.3863869564653,173.09739993522837,144.56262427999758,168.26497613615453
bad_form,143.88793499200062,174.76809375956728,147.22715524729293,170.44633397824728
bad_form,143.35336999304639,177.38046947603584,148.86440248554734,173.33249323676893
bad_form,145.32082135959095,178.9249811746972,151.04681127479486,175.22703937867053
bad_form,145.58352422739213,178.44002897198664,153.0584154327545,176.29287686373902
bad_form,145.26720561092625,177.67769437562396,152.993028759232,176.76979101848522
bad_form,146.95437693893172,178.13070136658752,154.31421934288437,177.62274612145524
bad_form,147.64929304474285,179.03593977970178,155.42386707379825,178.83135947850315
bad_form,148.19010565694418,179.34912475795642,155.64564332922816,179.89072098355538
bad_form,165.99026493856542,157.93995502431838,138.07753105769837,139.32212305769824
bad_form,166.47278273046862,158.86762219161915,140.6494576236744,141.1024504634979
bad_form,169.13061664974688,159.75879582391704,144.2907754043696,143.0842655511925
bad_form,167.3540588342198,160.90627386235872,145.38541613875717,144.86679933671627
bad_form,166.44989440087014,162.59452560751794,148.51394700781927,148.38214371695452
bad_form,167.01137200278274,163.44146132931914,151.4738567021708,151.13171650506646
bad_form,170.5995017852916,163.67814982874737,156.070451406894,152.86745970209728
bad_form,171.2933455049623,164.05880536830105,159.11157159302812,155.80098367068786
bad_form,172.30948368622043,165.9893849627061,162.19734932577532,159.72240027276356
bad_form,173.96752325925044,167.20447605738235,164.9240605788015,162.69100911927848
bad_form,172.25490008398643,168.85120398844197,165.44093767359342,164.21059589129547
bad_form,171.21725530892292,169.9125879505488,165.10110658215876,164.36117455437935
bad_form,170.36255287944311,170.15807417854438,165.21914653036973,163.88688323633988
bad_form,170.28691889627993,170.87034709358434,166.100445197691,163.4557489613597
bad_form,169.23367719915734,171.1134736534116,164.903313209311,161.99112044633253
bad_form,167.8873606972446,171.00083480111104,163.9664826388702,161.09519384458125
bad_form,167.92937319974115,170.75561255787866,163.61100154188716,160.55172664928995
bad_form,167.77042369928648,169.70004582124892,161.11580824766472,158.72660326691775
bad_form,166.3904720067806,166.70753207481664,158.0460259399163,156.2832561642413
bad_form,161.29072255024911,162.35041704250668,153.07279812997078,150.28758984005455
bad_form,154.45660299140434,155.64289577182316,148.7175902628574,143.13915629164728
bad_form,145.51302071965117,147.22183679456458,142.7138582673348,135.3123378317361
bad_form,136.71838962092608,140.14684964678105,135.75930627680358,130.1897463809115
bad_form,122.32379766721692,127.09955377362903,126.25969739143486,119.63827348534353
bad_form,107.45379295523438,115.34002898345702,113.79397883481768,108.86734988757406
bad_form,98.98425146333318,105.99063433341615,107.40956245289135,100.90398809239859
bad_form,90.41738316707239,99.87696639562301,99.9430142983361,95.52144472653974
bad_form,83.53718842083106,92.82157761383405,92.47737514518643,91.4254553239981
bad_form,73.59169958585397,88.16233482234225,80.03384006084978,83.77954497486627
bad_form,70.3556608069606,82.9253550170638,75.59703168680714,78.28510524759511
bad_form,65.75876803263827,79.79088043719423,72.1995559956638,74.50592835862383
bad_form,63.23658437453463,76.81975084632961,70.74121387446642,71.35429904632335
bad_form,60.059531866326324,72.87250580656337,68.27315968052957,68.99203044992291
bad_form,57.612462219096926,70.17799850020424,67.05930815791298,67.0594797203616
bad_form,55.173762354080054,66.32136752391062,65.73303510443756,65.6002481574337
bad_form,53.44060068341247,64.18719227278757,65.80946154800772,64.13223910571803
bad_form,51.883510206643734,62.36788099936933,64.87968728545977,62.70759851865838
bad_form,51.21348194893295,60.88283998638502,64.29013738987109,61.57632026014506
bad_form,50.739429440943866,60.278945520132766,63.154529501817265,60.40146146838236
bad_form,50.07240544123471,59.96710765697469,62.14952094494794,60.63731350513863
bad_form,49.14841191400865,59.13168519019939,60.83887908591719,60.599741095429394
bad_form,46.94721725538227,57.83551407021082,61.33658983771224,59.79313001240298
bad_form,46.73929037247768,57.24302094396933,61.74149160953597,59.41123757066126
bad_form,46.85064796291027,56.201448709605984,61.7263519169254,58.97759814119981
bad_form,47.18875928404714,55.18510213897571,62.208300433307684,58.741588914383115
bad_form,46.51755705711662,54.81024415960957,61.09564720965998,58.26718407440823
bad_form,46.78539383547644,54.523991833155776,60.81722626083977,58.250362352747544
bad_form,45.91592675791185,54.58489411696439,60.113702920503016,58.97237993294957
bad_form,46.0634632685161,53.736028682224685,60.25716940016769,59.11504368983354
bad_form,46.48804039827701,53.48881040179367,60.59864062960735,59.54407794567362
bad_form,47.942008946971896,54.97239513759013,60.918314002204,59.90058852815085
bad_form,48.92306233586419,57.60209400926743,61.91107306778389,61.48834022659798
bad_form,50.84131415448388,59.734315764258156,64.81504099909927,62.482707390654554
bad_form,53.0548094435087,62.31440808952948,66.14304177107346,64.07050947593964
bad_form,56.275601853793944,66.16834663148245,67.50397415639478,65.66272195588819
bad_form,59.17954245286637,69.00677973739687,69.02491919374812,67.66739798088892
bad_form,62.416981181781125,74.02798506578716,69.44897067915753,70.5210693974748
bad_form,66.39600832002822,79.20010596023269,72.38601821687648,73.05424002939841
bad_form,68.07365945097206,83.5231978032536,72.38921081048328,75.08901917137051
bad_form,74.10211293956507,86.75713901749032,77.68878076166693,78.341985148148
bad_form,80.26993491523302,91.37672106035131,81.86141779410384,81.22394990497854
bad_form,88.55475610312624,96.34611800510368,87.55172040891499,85.07560219586026
bad_form,97.42599380087728,103.08044812672313,94.74907498909764,90.3058685221219
bad_form,107.87290881428041,107.37482274040144,100.59561927813766,94.23778960462666
bad_form,116.79325548990451,113.9164239643813,109.34966866153187,99.45563731326992
bad_form,125.19464596054638,120.33004385424556,113.66270121935734,103.71940539292751
bad_form,132.30276981749427,124.23414215183277,117.84193844538862,105.74541150101517
bad_form,137.72830304995512,130.77929703039953,121.40672279869763,110.69230998145339
bad_form,141.51132887673685,135.20436563475073,122.65976582336242,113.6499019080726
bad_form,148.15723952310208,138.2379465016037,127.85824245346562,119.31784461354748
bad_form,154.27655756901817,141.43326883067604,131.88501425204313,123.92632578978939
bad_form,155.64355338188594,146.1709097063491,133.85141714019687,127.4407240672022
bad_form,158.25227791329968,146.813137566804,136.65456474932594,129.60705657821765
bad_form,158.63401676575114,151.1518730405418,140.2129236868624,134.48632105353906
bad_form,161.21281801868415,153.7936612660421,144.84086336539147,139.0242127071317
bad_form,159.67981006668083,153.16007202425197,143.82555391775108,138.76858193669153
bad_form,160.2320187301724,153.16520446268123,144.82651411330357,138.9371555602411
bad_form,159.82269826710242,153.6784406361865,146.56606083663192,139.35412012944408
bad_form,160.0813616344087,153.16219633144138,149.09395383507007,139.8102158696089
bad_form,160.5008368753049,152.73802696421367,151.37014901862182,140.33142599090368
bad_form,160.03887699346419,152.57355659662196,151.38534678915082,140.47664491987075
bad_form,160.51182609641933,151.895148946354,151.7138111908293,141.11199719894785
bad_form,160.6724647000144,151.79731618449267,151.87965606068607,141.57308878710413
bad_form,160.46947241750968,151.38401098443433,151.65065065389507,141.42422993716383
bad_form,159.58682620631438,151.17556778726356,150.3966857289588,141.1181857781461
bad_form,159.14399254470777,150.75105037566067,150.2014079019849,140.94432197122396
bad_form,158.64302796275862,150.19796324080437,148.962611823026,140.4720384252717
bad_form,157.86261477051985,148.18563467791265,146.97646631245118,138.19163235591967
bad_form,157.00022768147363,144.7971470852177,146.02656816450795,135.3271795131594
bad_form,154.508705271086,141.94723805234253,142.06243498453367,131.58058277661877
bad_form,146.59899148443654,137.5178073810054,133.27553734927508,125.34767690045229
bad_form,139.3771275645462,131.51465803588724,129.2613749549812,121.0663424444937
bad_form,129.96660808385664,126.86735379561671,125.11577063753197,116.64542650553636
bad_form,119.7955662997131,120.40372148404288,118.15857418841429,111.33414860588245
bad_form,107.05293560239645,114.05711352100616,109.47793836674552,105.13784643352979
bad_form,97.72516309733368,108.29334104453619,102.36941999139077,100.93821400380794
bad_form,93.46832355035286,104.50182130805507,98.81519433251619,97.79569875835895
bad_form,88.69594607511061,101.0333258580896,93.05265539125863,94.11044264790813
bad_form,84.33548609650592,98.15848866659127,91.05992778402899,92.64294951637615
bad_form,80.16530750551044,94.75564756482493,89.172900689589,89.03436641488987
bad_form,77.2765564420128,92.08679586540825,86.01712891257927,86.61263284201165
bad_form,76.38769639877808,89.25886301336044,83.60089221663824,84.62600671499939
bad_form,74.1877805146807,87.35877481450507,81.61143805446457,82.21677235143957
bad_form,71.5277373193245,86.26716805133748,79.03267348115291,80.19338151872878
bad_form,69.4562364171336,85.18604828915988,77.05304903488862,77.04918620121876
bad_form,67.70782218840532,83.71793553993399,75.40757217417764,75.24387426597546
bad_form,66.14276182409395,82.54146580234175,74.05358021207843,73.69953834376646
bad_form,65.80534252000683,82.1186623158818,74.52810643221271,73.36652552894721
bad_form,65.55781883285499,81.69191693670479,74.39662715313172,73.2787896689218
bad_form,65.30997449379208,80.38111736381035,74.94857108336984,73.84925585137688
bad_form,65.3272160915962,80.06123593898911,74.20785815802304,73.94534708403859
bad_form,64.75577347047886,80.01350099366152,74.17019154310893,74.2262632829945
bad_form,65.53963838411852,80.43919853500245,74.66389447743559,74.43364443159727
bad_form,67.0785739714841,81.41949464235188,75.30684530154032,75.32456793805596
bad_form,68.48407451579459,82.03221255062931,77.28151298878328,76.81199064408428
bad_form,70.45495992752473,83.727642006405,80.5267361203149,78.75520703004958
bad_form,73.83454697658908,86.44483954368854,83.30308739247305,80.92620876560449
bad_form,76.88732313460918,89.32887788119149,85.97308516907735,82.78958323393016
bad_form,81.19236056481333,94.4170115809232,89.27229495740082,85.85177553668892
bad_form,90.91711576006111,98.82331731291174,94.38148050129716,88.52422249445144
bad_form,94.67996626534182,101.8711521893917,97.84457922322686,91.34995235935448
bad_form,104.96337492580673,109.03494642705999,105.12600521117781,95.74217908709089
bad_form,113.26518339184693,114.67505668197646,111.16882036304897,99.40710731272858
bad_form,115.19152767121554,117.35869759232185,112.69959618271088,101.36547119703239
bad_form,120.15708101551525,122.63163674436944,114.6399598912362,105.40774708369588
bad_form,127.53963768733487,126.32105345836203,118.46463221781335,107.97430160036473
bad_form,136.28522483056895,128.76385914346403,122.67260300670232,110.18757672489649
bad_form,137.4312857921321,131.91781045113314,124.18668994787573,113.43087553081646
bad_form,143.89840627502858,136.22115398186665,128.02600705529636,115.9200012053285
bad_form,150.81975130434583,139.98579771400216,131.63870797896809,118.85003041379134
bad_form,156.32061414772713,145.07226811779182,133.7052715836278,123.80566927449223
bad_form,156.37013068411306,150.2299536107284,133.49989316197104,128.02629831024285
bad_form,158.45255547355794,152.71963654261984,134.56524536806012,130.48616244489642
bad_form,160.29766455525242,154.43865730059198,137.36296836995928,133.49578115856914
bad_form,157.70807777541265,153.89533823349674,138.6236442047822,134.01035060260412
bad_form,157.55043724866889,154.42566569956904,142.2553924705534,136.403960001893
bad_form,158.6832644000144,155.62643807236796,145.133026004728,139.60095416984578
bad_form,161.52423638807863,155.3950756444858,150.70170391562317,140.81528001668943
bad_form,160.61953711001695,156.47271260120317,151.50887768615775,142.86147382050177
bad_form,161.1627496942137,157.17123448364438,153.01999815563315,144.67062497964477
bad_form,161.86752162075533,157.58888867185914,154.40604174226596,146.19677835806252
bad_form,161.0914371812456,157.9086817179277,155.42281238647467,146.7379297652557
bad_form,160.84353516603176,157.34607755418017,154.9926276541852,146.8123911197073
bad_form,160.86963059435996,157.05941966359342,154.9392691250844,146.7845447472196
bad_form,159.82612300643163,156.41308148980494,154.343163167393,146.56922827194245
bad_form,160.84827263927633,156.30585190946286,153.38294613644334,146.59109511242784
bad_form,159.65843078479176,155.94857576760816,151.6062875087811,145.7673049576057
bad_form,159.88068941491807,154.46474714423704,149.33595403316198,143.51078449044496
bad_form,160.38152271685297,152.37041207499925,149.18152296519548,141.25104726498762
bad_form,160.7710825245019,148.8275500609608,147.57263235099748,138.8419150215685
bad_form,159.18670401087948,145.82452134264867,145.02282854540195,134.74136387658996
bad_form,155.7606155428665,140.91960738325133,140.90515373423713,129.71631307581714
bad_form,145.12369790702672,134.2059195609718,132.95060878509727,123.41395959860824
bad_form,130.62364807930604,125.77166253353522,123.96377374745107,116.83847058723732
bad_form,118.5716444627314,117.2387833526789,117.08821987947816,110.6587346188787
bad_form,108.25540685409828,109.95253455284526,109.21645782277896,104.51755493620414
bad_form,94.69756925931512,102.25095940022027,97.82408443794574,99.04269823641452
bad_form,89.88901780842343,97.4642028607314,93.9748894313972,95.7936573235336
bad_form,85.95772909040147,92.3053804671024,92.09310196272023,93.20494177120074
bad_form,79.26711275077946,88.97909321057904,87.3950084871306,90.62160079940347
bad_form,77.21180930491602,86.94892830030699,84.60390778073422,88.19149451034744
bad_form,73.16503145627291,84.52884059413094,82.73311276486082,85.57303620988237
bad_form,71.8600958834856,81.75472948939455,82.630222186305,83.7481052674675
bad_form,70.42082539147441,82.33097931089748,81.82503516084745,82.62646538435308
bad_form,69.91323701992263,81.88778369497265,80.41770356411143,80.34863202933748
bad_form,69.13410365747336,81.63225382111773,79.84093464901302,78.93073958952436
bad_form,68.6616551861498,81.36765143091748,79.20526949556046,78.69066149679736
bad_form,67.72265054951816,80.57427083100595,78.37093998248145,77.72698469365616
bad_form,67.55961005271007,80.0439242468226,79.11933930688619,78.18085346537656
bad_form,67.67635601221951,79.14751270024203,79.2257771747437,77.6156499841659
bad_form,67.97356576726355,78.75764427135078,79.68638275816551,77.31930178241288
bad_form,68.29218065495536,78.98316970294638,80.2969033229137,77.45321047798531
bad_form,67.78324441682508,79.1179069532227,80.80891192230605,77.82608606170012
bad_form,67.91318474450406,79.10444001801955,83.08854744004171,77.75126631472308
bad_form,68.97069053946723,79.54243325228936,83.22412713178134,78.01773989924708
bad_form,70.46727483349878,81.72493307275295,85.6451204728879,80.18791141696737
bad_form,72.5274294133228,83.1534930807569,85.29688982392715,81.40437611356344
bad_form,75.3691409691832,84.59841788478968,88.175942529755,83.65939504481142
bad_form,77.74280908610768,87.04335875084303,89.28718547361666,85.70569765776916
bad_form,80.40303483140212,91.17460881333079,90.66960650595482,87.7388388518973
bad_form,86.29214348275076,96.0213334487513,94.86511883848746,89.78205796142115
bad_form,91.64573602694662,100.44031048357476,99.09651231923363,92.0513834740999
bad_form,101.07752224419619,105.80361241421267,104.61348830387718,95.59945427627251
bad_form,106.90738566242328,111.04753935711935,107.6338373082138,99.34632161174099
bad_form,113.9105974834759,117.10972994114798,111.13473459203269,103.30188865578779
bad_form,122.52098032819634,121.10222476640294,115.02031478574827,106.13741116569354
bad_form,128.19691067466846,125.26889643845143,119.0834557136485,108.64200326475023
bad_form,138.468145029202,129.4183562687803,125.95706091547929,111.67794567886415
bad_form,147.53079220824645,135.36335861365677,129.20191710495442,115.14093794291786
bad_form,152.229691556395,141.52107984257233,131.2928660501074,118.27420083005987
bad_form,157.01617835139808,145.76479958965945,131.69552335605636,121.06239824293496
bad_form,160.0401760861967,149.89697005663533,133.77632849413683,126.2760944751842
bad_form,163.18201535956234,153.14004081435715,137.7064494623925,131.3023472580798
bad_form,164.58367457793588,155.86214486642717,141.39485146873034,134.19041523460956
bad_form,162.86343548074487,157.24346441930916,145.9013134259198,137.91014864503128
bad_form,161.52669951701657,157.88806793145483,148.45597831627893,140.8067640109836
bad_form,162.8756820266911,158.62807547127053,150.0694613781636,142.6586764335326
bad_form,164.41437296646257,161.1028422212208,153.01255674924346,146.60604143516275
bad_form,165.6322383891439,161.8711819454606,156.66664152438585,148.961279348492
bad_form,164.7894692376206,161.6119867965311,156.90063596479655,149.7615576526724
bad_form,165.90980645947474,161.4209967389322,158.8135965860355,150.17553693561803
bad_form,166.4319294717043,161.38463986762258,160.0081841837974,151.0917100979723
bad_form,166.55506361879085,162.35493444053995,160.84535832195243,153.3273534100856
bad_form,166.5845641761005,162.1469122493739,160.66631729613493,153.12991877726355
bad_form,166.01618192463658,162.29977927130383,160.74256411411665,153.09137154177145
bad_form,165.1322459149999,162.21475927249534,158.93794463948026,152.9078651085634
bad_form,164.47390274130373,162.1933079981046,158.26003649700937,152.83980197145587
bad_form,164.27202200787565,162.4864515412483,158.24820900800574,152.79912322528162
bad_form,164.24245363542477,162.25666742711874,156.56710464902284,151.7044248538879
bad_form,165.25934784013364,159.8581180163745,154.9856806022784,149.6930500944675
bad_form,165.65951846916678,157.71454539761254,152.25003831070057,146.74661165688713
bad_form,162.11158454672858,153.24435516341453,146.14551490123824,140.46396321804073
bad_form,160.59003274819804,149.805116526405,143.42774936016204,136.26258368093582
bad_form,156.64979874240893,145.03883283087725,140.55706202394882,129.71329579473246
bad_form,149.78131297992948,139.45551167517422,134.7872125601345,124.17986301358988
bad_form,141.94502334927907,132.59577773433568,129.5972073880827,119.6855847019819
bad_form,131.38994050173054,127.30442821483311,122.46463554377297,115.9926514953786
bad_form,122.69641998122322,120.69774044604401,116.87555223920438,111.16521983274092
bad_form,115.88017889750301,116.19083660247449,112.89674722969794,108.2462869135099
bad_form,109.16837898536227,109.85058739675173,107.74935449544567,104.36278166047467
bad_form,103.72620289318894,105.62459314020023,102.80652515435567,100.86931235513109
bad_form,95.93829051748361,103.36055519648028,95.22816573930658,98.22467472112253
bad_form,94.01612905362322,100.72648537511668,94.52813832240747,96.41850762656792
bad_form,90.32736620224051,97.85535779552612,90.86670642991434,93.19411250206927
bad_form,85.2299342571028,94.72696393650176,87.22307541266032,89.9528048233599
bad_form,82.82849936194509,93.57821221686368,84.31140899253101,88.11588233979991
bad_form,79.79388276335095,92.29086025255873,81.86930561352331,87.04185166691276
bad_form,76.47950143119004,90.24704267770568,79.79596476681346,84.64364623811201
bad_form,75.72725070616951,88.47238718680507,79.56769279202608,82.20853543245332
bad_form,74.16862416579227,86.33054077653458,80.4443536255105,79.73968955159461
bad_form,71.9288562227494,84.64008418568034,77.96371488676458,76.9499415612711
bad_form,68.99395653434084,82.5974731134765,76.87438644695371,75.38349680007877
bad_form,68.33268956454714,81.24472691110782,76.69834768419398,74.00148900388253
bad_form,67.1531097862894,79.7592309120173,75.51942255207699,73.9794948352304
bad_form,66.68908474715107,79.34756868678767,75.90594638629393,74.23677472006406
bad_form,65.71078629850086,78.46092909333822,76.63125696912299,73.83615468565937
bad_form,65.94064234340232,78.53058915552714,76.60351921289546,74.39481439781025
bad_form,65.9330360149234,78.29858928159348,76.3680074691102,74.98162208605466
bad_form,66.98424829876512,78.86106352514918,77.28264643266388,75.87360329505677
bad_form,69.02882477212944,80.4691652858532,80.38184458992247,77.49317155854195
bad_form,70.98822039424556,81.77855620995444,83.51322177752793,79.43030361784352
bad_form,73.3506536362932,84.34999656617975,86.14559369275514,80.96270864423083
bad_form,77.97758916493865,87.31938961389517,90.06051154288352,83.84477074679548
bad_form,85.77211901181738,94.94512911495502,96.46600481370507,88.80170971960322
bad_form,91.93173629928742,98.79299308643834,101.15450694250967,91.73865355071727
bad_form,99.99276997283698,106.73877857230431,107.85417130812475,97.09235870303584
bad_form,110.85902155414473,113.7785914833261,114.43934712190223,101.73805717975192
bad_form,120.09279415903208,119.39998144135143,117.55599790609264,105.87331482078929
bad_form,130.41139192975734,124.80971203697828,122.38099497944687,110.24104460048875
bad_form,133.96416998497904,128.57980125431035,123.62677269278598,113.24674400763664
bad_form,144.61656622175065,135.9942128940013,128.20499542034597,117.96902768021332
bad_form,150.87702336163161,140.54238999689352,132.13455918496075,124.13061530398743
bad_form,155.7934251328569,145.78196671750112,133.4962780982156,129.83784032024596
bad_form,157.59605323164044,150.8512134918738,137.57950446002897,135.30143791679214
bad_form,156.11522672366303,151.62232109614416,139.2964677935585,137.8391568191912
bad_form,157.3438367100622,152.19543133914505,141.4661978231243,139.76625197745943
bad_form,156.70494696168643,151.95314989967085,143.9767593688723,141.3042271085743
bad_form,157.4975277085939,151.95295868362598,149.2732100562821,143.69628261850664
bad_form,158.1110140133695,152.02305288166966,152.52907914901107,145.07269823045542
bad_form,159.97635240268886,152.26084171763617,154.27055680022204,146.0940973227887
bad_form,159.37616211310777,152.8673428534551,154.83140545093673,147.95869685570239
bad_form,161.67173037366226,153.30465846904323,158.4918115778669,148.94412988476302
bad_form,160.83859242659017,155.51092054801424,158.17121232022208,151.02840366952938
bad_form,160.31056189003132,157.02421720318318,158.97457305548522,152.60389179095745
bad_form,159.9186554543691,158.38386335588677,160.54551495985137,154.11460864394382
bad_form,160.33990794842222,159.1320911163123,160.59843164158463,154.94034951834593
bad_form,160.52726664078634,161.34215411583844,160.6568715446968,156.3980282242967
bad_form,160.19670278668065,161.83614186180353,160.52639575779932,156.62991060405153
bad_form,160.1063643513833,161.44315510100972,159.80007448669716,156.0614172773989
bad_form,160.0131507754162,161.19166208150494,159.33444696939011,155.78335367090565
bad_form,159.5544631615345,161.1497561271943,158.63743400641516,154.5844828454653
bad_form,159.53263375341407,160.26395691132058,157.98056345901946,153.7424071006874
bad_form,159.4296925243623,158.6174011365367,156.22303156172856,150.55221425285853
bad_form,157.98711965387002,156.57738521879736,154.18566459805385,147.71601580656292
bad_form,155.57455939760285,152.93992828734162,150.07085523087076,144.01408379896938
bad_form,151.2240331155626,147.1547532710424,143.98342637209151,138.3673456891602
bad_form,146.6233147744655,141.45056740650162,139.44292300425283,133.5674306434599
bad_form,142.8227411770699,137.93694444718633,136.60185489615418,129.21877618344004
bad_form,134.6728534889067,128.83839553725878,131.65796088890505,121.63944385757067
bad_form,122.46417426482537,120.74643914796195,124.80271854422224,114.35961992645915
bad_form,114.77790770548481,114.51165705194722,119.25924863859855,108.70852206815472
bad_form,107.33987477201507,109.51321340286037,111.25442013450842,104.23334510049523
bad_form,97.98199973577488,103.64514409017056,103.63129565884103,100.49633283806081
bad_form,89.82906307956785,97.33526855519898,96.76024093978153,96.31708209319129
bad_form,84.3926353896614,94.27132482593203,91.95909757151445,94.61280467358358
bad_form,83.26920443093314,91.98088842186417,90.08828638929033,91.72695333228395
bad_form,79.96428282105165,89.93493486857534,86.35901693914904,88.82986598712424
bad_form,74.03468311642416,87.30492776271689,82.4498042854756,86.15999630313931
bad_form,70.81733645327057,84.46974702058327,79.37282353204145,82.55882866982128
bad_form,69.15650115358648,84.12476359537521,79.79490235788684,81.8391507022784
bad_form,69.47869833713247,83.26830491536799,81.19010151060806,81.79850101354567
bad_form,68.52642363400145,83.1961336125085,80.61968911348647,80.6413699946655
bad_form,68.20923602873734,82.44715116061059,78.93183454551898,79.64441856849099
bad_form,69.10413809530468,83.25245988966583,79.98624736316864,80.19932950407251
bad_form,69.05419426402085,83.72557517703359,78.49612377213049,80.38135108758547
bad_form,71.41897853370699,85.63521836881364,80.3777602247778,81.902512157058
bad_form,78.2136720462259,90.33467035182514,84.56536049934392,84.650421935135
bad_form,84.50181666273687,94.41294229183035,88.65742990935098,86.84768193920489
bad_form,92.27462194050145,100.49878878351922,92.33797938104924,90.60791711119644
bad_form,100.53948687743957,105.82910632459019,97.52124806300314,94.22404541271916
bad_form,112.45578368794611,115.04161608472026,106.69051362104693,100.74364144453705
bad_form,122.46078178112143,121.73832411280384,112.93941936578948,105.9168796676421
bad_form,129.24659667683406,128.39453231657046,118.45040351450359,110.32320693442786
bad_form,141.0916756844665,136.47408701255034,126.80495936649943,119.26099042416178
bad_form,152.5299207239937,144.69359712298754,132.32057625487133,124.99008174991627
bad_form,157.15182427232048,152.9633420696465,136.85787100402143,132.33131488112798
bad_form,161.65556042568377,157.08554157279534,142.2944033900825,138.2873057793169
bad_form,160.71910473674583,158.79870542661558,145.93984997796963,143.59290575862573
bad_form,165.94926566604025,161.66266269631498,152.82205284105518,148.61785648292758
bad_form,163.69285468082904,163.21800700063685,153.71718418603444,151.87225827865385
bad_form,165.55519714622056,164.06609071697355,157.40049644933183,155.60039782301504
bad_form,166.18857285011754,163.84389837460705,159.98906069092033,157.53946179984726
bad_form,166.90703774643595,166.049953385622,162.06062170929607,162.36172726130619
bad_form,166.23853975277336,168.98679411865407,162.23639932565519,168.10111655801953
bad_form,168.8294146007307,170.08220608114436,165.71537321175552,170.22049715296924
bad_form,171.3532345973466,172.36936653013814,168.04388883369654,174.58134562201187
bad_form,174.1030838380772,172.3477537224976,176.63378883328323,175.8614947968952
bad_form,175.08067001814774,161.82746569537142,166.77654212993266,155.84089186077964
bad_form,174.46900790485697,161.55198768708712,166.7983983780461,155.65114917981157
bad_form,174.2525518814618,161.25030458562017,166.70249734470104,155.37218310350664
bad_form,174.19356382341928,161.14837770625937,166.5018709723312,155.32375401141707
bad_form,174.12245257247352,161.2410470021575,166.34029187834798,155.32706566435232
bad_form,174.0013123752714,161.42819039058105,166.15382391037997,155.54209677337627
bad_form,173.98371092040955,161.50054334834962,166.10078550799017,155.62059872374476
bad_form,174.0384414103178,161.52251078497372,166.12121995350995,155.81544981129503
bad_form,173.93522350470914,161.4711122233901,166.13093010730506,156.08926396135695
bad_form,173.52571233150042,161.2862035698075,166.18413948947045,156.25966095955866
bad_form,171.81000328414194,161.3097161160702,165.87482313167706,156.33351246743027
bad_form,169.5762267859746,161.2999040862763,165.05727887062227,156.63459666856133
bad_form,168.31683815101826,161.5138142634539,164.07280060361563,156.97090664135501
bad_form,168.04895236902823,161.69226211225669,163.6607380939212,156.84333600697624
bad_form,167.89688153260468,161.43112693190102,163.31290140510237,156.61954966286652
bad_form,166.8168509912438,159.1031417036083,162.4597955972372,155.50884411583274
bad_form,164.2090428003163,158.3972997336128,160.18150212902464,155.1909715858269
bad_form,160.9598593222601,157.3490881902817,158.1250694922975,154.55320210043806
bad_form,159.82069979003236,156.2544030123767,156.25669763488781,154.44303660720868
bad_form,157.48626440196426,155.75816169934018,154.07978781763882,154.68072396479928
bad_form,155.55327649947822,156.11783481995727,152.41299188677348,154.1146211260724
bad_form,153.12362507200805,155.39453191190995,150.6890399647755,153.79974832113248
bad_form,152.05919518267015,156.0289512930545,148.86367804933218,154.45074906816
bad_form,150.75715026251314,154.8405208223462,146.0448822984585,154.59838341915597
bad_form,149.57200085851647,153.97898920885416,144.1289782357939,154.19860862675952
bad_form,146.6952810098464,154.24406199749052,140.45581440858484,156.39251029876158
bad_form,144.37279148536862,154.25131313411583,138.48637699527123,157.30194744089306
bad_form,142.8910977697904,154.5755751934024,136.92803053335004,158.07173977040418
bad_form,139.63384803974114,154.0915838564949,134.52180915873055,158.69339561748157
bad_form,137.0505040000893,154.17588538042904,132.740374625913,158.51006907429084
bad_form,135.55070997088148,154.47352609510708,131.51497172346194,157.91490312605117
bad_form,134.71741419516897,154.9793067723951,130.99788921587748,157.59326333161601
bad_form,133.77997250325006,155.5940467578278,129.5189985518325,158.0310291117835
bad_form,131.58215788438662,155.51126447599577,128.56739970876285,158.11837545664542
bad_form,129.9680014608249,155.19396207603657,127.28103954255408,157.83024231752233
bad_form,129.11014574346322,154.34636454584805,126.78393287689715,157.64576880330688
bad_form,129.1395885985048,153.06450921842261,126.79313984507732,157.46642643375938
bad_form,129.3762149340259,152.15032759983637,126.76604363172633,157.61167109840437
bad_form,128.86579159650887,151.26821625352468,126.59432745866626,157.8445127599086
bad_form,128.81998003742274,150.53975923443048,126.74519329009618,157.98557264100202
bad_form,128.91884643119624,150.13034785396812,126.59871592850162,158.61471822182645
bad_form,128.79587900748646,150.38801730474353,126.13387223602945,159.1462882289492
bad_form,128.32926500131651,150.58078963628475,125.30088323647854,159.96891432620444
bad_form,128.14656437855976,151.1973667479115,124.48429845485111,160.83957535625743
bad_form,128.2742215295563,151.70729604567563,124.55304675502583,160.9823225511722
bad_form,128.76479983683103,151.98099803211508,124.72264648523627,161.03500589876072
bad_form,129.84155773903274,152.64534612026787,125.50796493394857,161.82760663509572
bad_form,130.72923192383948,153.27121812972948,126.61972852915413,162.4060807656527
bad_form,132.06368777492048,154.49615091598605,127.37997528773144,163.17114398162238
bad_form,134.5646963719539,155.76542462726894,129.67993385532023,162.9653045086082
bad_form,136.62848513221456,156.23325804062867,131.58340277141824,162.70088166515418
bad_form,138.75120236409774,156.6644936597646,133.00261169325543,162.54579080416698
bad_form,141.01849584230717,156.44874593705694,135.06854081051372,161.52604258899635
bad_form,142.03675620447348,156.45066523377312,136.1278835028129,160.1899612305572
bad_form,145.08152060563364,156.60553645516103,138.4562430571632,159.82955812745587
bad_form,147.23221814190455,157.67653054508293,141.13622928544325,160.37391239104116
bad_form,150.276118816317,158.1875138100679,143.52252089364973,160.28082934132206
bad_form,152.64906086363493,158.25307429202337,144.81369578516922,160.8171007756986
bad_form,154.28707712584446,159.90492968362537,146.75709872650822,161.8672532733597
bad_form,155.3780823713685,160.30294337125667,147.8440987481964,162.63789612686395
bad_form,155.6317660858483,160.51925533782017,148.46017239317584,163.1131593902492
bad_form,156.06000212568406,160.51428405013837,149.16257821886907,163.25541223527787
bad_form,156.34432259636617,160.5269383016664,149.33362536626146,163.45681150045482
bad_form,157.46124601687544,160.14180291477766,150.49197274575783,163.4699954597242
bad_form,158.09530599509105,159.48201570634942,151.23519434529868,163.19794026223033
bad_form,157.9265429223773,159.16003523543122,151.23505897366564,163.29449030971
bad_form,158.50499792059702,158.56197516394317,151.63520205641484,163.0670838284426
bad_form,159.12229177170317,158.3542883349337,152.20007210141168,162.87124054987441
bad_form,160.31480444106822,157.9795346645154,153.41201079470736,162.3284508268764
bad_form,161.62145009102025,157.76842489824318,154.49920011902958,161.97682572528552
bad_form,162.30096894709212,157.72126456679717,154.95093235481582,161.6533066694396
bad_form,162.72019627309587,157.9053844250614,155.0133602311287,161.41125431668206
bad_form,163.32220681730945,157.77450534811643,155.57879630000255,161.10679570019204
bad_form,163.87297609450476,157.50630409422462,156.07987001440594,160.85834902908337
bad_form,164.27781923258593,157.26053549775307,156.61363945317552,160.5471485059192
bad_form,164.47037045336089,157.27647187147423,156.86249398920867,160.29691040968368
bad_form,164.80187611374967,157.4821135365169,157.30121774303868,159.97298103355425
bad_form,165.1808309211509,157.8480348485856,157.70766758584614,159.71043888082463
bad_form,165.64871417106272,158.6264925428691,158.37931668219545,159.64383438261288
bad_form,165.93089006652787,158.94879521114277,158.74372768869773,159.58742680773366
bad_form,165.88212877631616,159.5857478437662,158.74601556938603,159.67198236956673
bad_form,165.72793651664733,159.82103819856124,158.69369566333916,159.73458627262247
bad_form,165.3022874053666,160.17631457784546,158.48859378015075,159.88717676203476
bad_form,164.88487601187708,160.47312362481193,158.3311502059884,160.06174271119127
bad_form,164.3218748614326,160.42220562354504,158.031050778638,159.7831043084295
bad_form,164.00165009425243,160.24114771122305,157.86714885080684,159.6526574657506
bad_form,163.64814933483646,160.03932079869963,157.55009365942112,159.53742133040174
bad_form,163.19436761015717,159.75888811505698,157.15211475386292,159.22829453299693
bad_form,161.86577830922926,158.90561624755938,156.3600905874653,158.3395933441973
bad_form,159.58246777149458,157.40976851667367,154.93778270983745,157.6702960776054
bad_form,157.5847638090445,157.24009692843666,152.80033203894382,157.94354954881265
bad_form,154.76690135326453,156.68800411054215,150.77142551617973,157.3047522337945
bad_form,152.8615261722607,156.12126141450926,149.09504950803023,156.67651830218932
bad_form,150.08401465234294,155.87000153584162,147.181339898177,156.26237286895798
bad_form,146.29595306524723,154.47884821417028,144.25044559191124,155.81547784801467
bad_form,145.0744132861664,153.2754443268862,143.06973117885428,155.20424625682182
bad_form,143.09605490532414,153.17776779082598,139.7047757417753,156.69844114432792
bad_form,142.17796335705015,152.34793180260624,138.30581300398973,156.6848244678134
bad_form,140.98604917647347,152.68808364996545,136.88083079102844,157.480411870962
bad_form,138.96051597180468,151.71913728500135,135.08965124051045,157.22131043230434
bad_form,137.07940366186574,150.3178917551321,133.51915922982008,156.02735845690472
bad_form,133.21342503277143,150.79135111985917,131.0515885080903,155.32795122708927
bad_form,131.17288549679145,151.93049830978276,128.5726753710049,155.39558038558351
bad_form,129.74144627148007,151.7038986054528,128.81364238439545,155.28918034497286
bad_form,129.08990727146357,151.27229507376995,129.2015109471353,154.66022390535477
bad_form,129.17966600131635,151.2477526014255,129.2424489945937,153.9251153391397
bad_form,128.52610797366125,150.90028497258947,129.06508310775266,153.4454351244617
bad_form,127.95975756779734,150.70768561553976,128.79794615721008,153.49225381715476
bad_form,127.93928685360873,150.62564900698715,129.03318456977263,153.36726054773663
bad_form,127.96745492746624,150.48154010669745,128.86041205064421,152.92594836953367
bad_form,127.84108692111974,150.28064378994011,128.92443904356074,152.3197136104088
bad_form,127.50230547259213,150.1601090521129,128.8579131254049,152.08739384004772
bad_form,127.50154036644582,150.27225352989285,128.7309968223967,152.42534380454077
bad_form,127.654272004696,150.4279987871911,128.95621472889349,152.46261506115903
bad_form,127.89545647998827,150.72927798434267,129.24557747881343,152.85498401075813
bad_form,128.19995582048904,150.8936946306348,129.36239985263063,153.10864331491084
bad_form,128.47388076150014,151.4394745083168,129.39025607738532,153.80890880761152
bad_form,129.86040109512976,152.71717115388682,129.73356158017168,154.88020760250262
bad_form,132.67707102176936,154.21473936852112,130.98612967593536,155.75686301687597
bad_form,134.63127455269694,154.7650929786097,133.05559541310762,156.3639249528557
bad_form,135.66030556987403,156.50788166749538,134.31508172994359,157.32390277866492
bad_form,136.88152332585105,157.51876790310888,135.60997992619926,158.249860688427
bad_form,138.55720091853962,157.5422686860491,136.34728102270756,157.67499714202867
bad_form,140.44546904769012,157.95707029194426,137.65664373321243,157.82342714339964
bad_form,142.13286088763763,158.2924713657262,139.30168883301576,158.63157726092476
bad_form,142.69980569280267,158.16269277340407,140.0925933336813,159.21473788949365
bad_form,145.34041917040906,157.9535898348906,141.85302811605706,159.25224671917917
bad_form,148.3818035534673,158.2795536106911,144.3931409212777,159.7309222973481
bad_form,151.82162116310758,156.99260286436063,146.91314746582805,158.09240320988337
bad_form,151.64791218550894,156.74877929837274,148.23504434133542,158.02553586077457
bad_form,152.24190540786964,157.3541516256498,149.83821229722116,158.2526614077828
bad_form,153.4013343164813,157.33257395953757,150.41990568696846,158.866684405674
bad_form,153.7932323822416,157.91058746616366,150.64570531628152,159.75025609946525
bad_form,154.28252615532352,158.3128801779822,151.2509765471213,160.19702638849049
bad_form,155.61820606298636,158.90185227326796,151.99812888742716,160.90228394966152
bad_form,156.60356135632628,158.96736595055833,152.15913667057154,161.45008135788652
bad_form,156.8794043959994,158.87032010573077,152.13904712864675,161.75573714203807
bad_form,157.91525531707228,158.80392606739338,152.92985652812368,161.66120923617905
bad_form,159.20080844211608,158.59753867438806,153.5131133021852,161.48539326025207
bad_form,159.56305879086955,158.3407583839724,153.63343140158133,161.1766737003721
bad_form,159.6045089656907,158.7996333471183,153.8192509174332,161.06979373039454
bad_form,159.77058177056293,159.33006435657225,154.21622234830213,160.9538089602918
bad_form,160.19808050792676,159.64896122585455,154.8887554866173,160.73575914862087
bad_form,160.58357121307085,159.44733576584497,155.3505252985244,160.3867745251308
bad_form,160.78915607820534,159.51339534974264,155.852041654511,160.17194399792172
bad_form,160.91667091075874,159.44889603716786,156.09831596668715,160.14311978095654
bad_form,160.85844226680234,159.53637909790933,156.02758009587788,160.26289527955996
bad_form,160.85964954029012,159.44430465815043,156.12165979333537,160.27108127440613
bad_form,160.92844309884615,159.24491592028954,156.10968156077826,160.33582352547197
bad_form,161.08532166784983,159.19810930170837,156.12163148807034,160.3286483929636
bad_form,161.18594231176377,158.90693752950554,156.23329052388726,160.20298135439552
bad_form,161.18871080148006,158.64074938114993,156.2007148350001,159.90246670048555
bad_form,161.0898202291728,158.3853606049738,155.84935036535595,159.801191946893
bad_form,160.8279869238238,157.8505045553497,155.3729560370171,159.73757699036165
bad_form,160.02969193163008,156.31035592893826,154.38514022871274,158.9168266393867
bad_form,157.28468429482479,155.27854026115608,152.65038307228005,158.5643370668523
bad_form,152.7905877968975,154.75279844241723,150.27719742091801,158.0677666344973
bad_form,150.27446367876271,154.2656017052795,148.77978035754882,157.422607429308
bad_form,147.201705051526,154.15784459743244,146.83408945559256,157.153016404161
bad_form,146.18655493736784,154.07997325793121,145.16109989999657,157.39275121001924
bad_form,145.21716735326146,154.05651426388573,143.5671662193233,156.99671734919943
bad_form,144.2706024350197,153.9578046413789,141.70048104992512,158.2411526248287
bad_form,142.08169303401314,152.94351355474882,139.84410759978746,158.79367359106715
bad_form,139.14381178480866,152.84350159169782,137.5587097915342,159.13393670048995
bad_form,137.71519410523445,151.07853574765792,136.5628810699116,157.44313171180673
bad_form,135.96023265247345,148.9979373848928,135.10297589174013,156.90142822497208
bad_form,135.28200267473792,148.48209294741523,134.1591379681249,155.96433065032787
bad_form,133.67263246991763,149.46126273962534,132.3362774106941,156.30200890970903
bad_form,129.66684349884935,149.3829473939745,129.9709296234508,156.6892685077156
bad_form,127.44298873872879,148.36662478121127,128.2985445865868,156.19751707938934
bad_form,125.71211750006722,148.1044003416105,127.07397793881307,156.17909136563932
bad_form,122.36844987033493,147.53389267532918,124.67829357162555,155.64389516133707
bad_form,120.11232636408559,146.56756737074355,123.10962517025914,155.43683035340015
bad_form,119.4796034360125,145.63391361791165,122.47293804116951,155.42452378544482
bad_form,118.36773766741027,145.76338098713572,121.37422856999162,155.2154584117874
bad_form,117.49597944333729,145.92916882785386,120.7488752517659,155.21141900396913
bad_form,116.66372293213252,145.45751847054484,120.24765528941617,154.4022431702152
bad_form,116.44108737152453,145.4452361671972,119.97618276940534,154.3527739257585
bad_form,116.50560132982528,145.76490930726456,119.98969215346699,154.2081765953886
bad_form,117.15659340960869,145.98992488111344,120.81870476960471,153.70687269611022
bad_form,117.32767594191671,146.30948085200907,121.67576019607088,153.5925189324939
bad_form,117.42079639621306,147.12035891646593,122.56262354878464,153.4937385219913
bad_form,118.8802685462451,148.66108062826376,123.09482834076537,154.0971357381822
bad_form,120.81637233595492,150.3157467442825,124.09667272118773,154.866174833104
bad_form,123.22713725305098,152.61374439949736,125.76247242094193,156.20860319786644
bad_form,125.59390008791516,154.72665339585032,127.7847396046052,156.6063440193783
bad_form,127.5901186785517,156.18836810872878,128.98997587951837,156.9456422461805
bad_form,129.62702436462115,157.88598737586284,130.60394047883437,158.09267106307777
bad_form,131.09579032075436,158.91705388830394,132.5742917787843,158.23221844995356
bad_form,131.27530806108172,158.77839957267932,133.49882311332883,159.0332982831177
bad_form,133.10283456522035,158.47593918703473,135.3851051142687,159.64476030352833
bad_form,135.96444347627116,158.54309536830442,137.34677314203674,159.09412848903457
bad_form,138.57519960561706,157.57948675421275,139.668801178425,157.83558691544266
bad_form,143.08060805714928,156.61144697104226,143.62342499827898,156.7621405542524
bad_form,145.42394610154454,156.3568665383362,146.41968495047684,156.91607278870958
bad_form,148.67384558608748,156.38235963924578,148.57996119398248,157.2043024058779
bad_form,150.05328054178815,155.96154688546804,149.64424835510283,157.71094523793977
bad_form,152.56040018705045,156.017497590052,150.90801062150516,158.165142301335
bad_form,153.47847385779042,155.5897408722368,151.52935432715157,158.4982449343609
bad_form,155.6703905719898,154.89020348705762,153.65885248475703,158.72583637405532
bad_form,155.16624827286978,155.7215349057277,153.6014758327399,159.1826953560016
bad_form,156.6578734016297,156.87266649979182,154.88496106010163,159.65751901867452
bad_form,157.54475116336275,157.887861946081,155.7097558249864,159.90178663552163
bad_form,158.38223429130127,157.9551140136018,156.34330252893838,159.76559336196425
bad_form,159.12026613166594,158.34106904731698,156.9088235708048,159.85709085169597
bad_form,160.5820965129764,158.58917510391785,157.81027979923456,159.84903346310804
bad_form,161.72732135876902,159.22021497989093,158.4107755507629,159.87163532792098
bad_form,162.66547478106384,159.88377942710198,158.7584203193625,159.9273243134042
bad_form,163.6635060351614,160.30266116493323,159.274629282759,160.0261154407425
bad_form,164.44530971045765,160.4892625633993,159.72782876108616,160.01640089413468
bad_form,165.05468432813893,160.74087881668856,159.89968027711402,160.14022868482115
bad_form,165.75468965053463,161.1165921993083,160.06998587345413,160.37811276432578
bad_form,166.8661664065574,161.29130547085654,160.60365746833955,160.4875936401053
bad_form,167.18527230503875,161.4266365106845,160.85170738940022,160.64628923174632
bad_form,167.38689114000036,161.32813039660746,160.89235643684142,160.77369717390008
bad_form,167.50839601777471,161.4713215727214,160.87425345670917,160.81742350203783
bad_form,167.52163386569137,161.4571891824245,160.93406952041803,160.6143257473794
bad_form,167.55846731852844,161.40621558869924,161.27779190741785,160.13468082982635
bad_form,167.1526099644265,161.27362404333542,161.2573392834614,159.94580988535648
bad_form,166.9284195725224,160.82085446679434,161.28193054496882,159.67078207518063
bad_form,166.29619299361184,160.5907928010299,160.97732632510835,159.54103792509312
bad_form,165.6100119630969,160.54792871997915,160.7576268918016,159.23079832696618
bad_form,164.74677597054128,159.92774738142077,160.10238893830427,158.9985146027953
bad_form,164.67957677929746,159.226489196548,159.91303608475457,158.36852057061188
bad_form,164.18655847900624,157.80500022267805,159.2049677686696,157.94359870040975
bad_form,162.49247110086327,156.8604028289343,158.10203632272905,156.78353649996984
bad_form,159.94744281323474,154.34648010594483,156.27276973244983,155.66983367530366
bad_form,158.94254922925748,152.55261850310066,154.96932776388715,154.44934864512487
bad_form,157.04875805824662,151.66489289081295,152.46806481747075,154.5532111565512
bad_form,152.37856411928362,151.43337049116838,148.2664961229448,154.82494340683056
bad_form,147.60149531831803,151.62012159669263,144.92566563050588,155.22435059609504
bad_form,144.11064443458858,151.8480572411405,141.86070210981055,155.2445996220006
bad_form,138.53937623299842,151.6797088113837,136.47563052521454,156.5794834755529
bad_form,133.5739826505615,151.68645064921745,131.97247730792563,158.06439717987126
bad_form,130.57177005232106,150.02183947994632,129.9196664426286,158.59112626087708
bad_form,128.28570876278818,148.16457127463866,128.49182175318197,158.08681410568465
bad_form,123.74470057787883,146.34901404379886,125.64995559399614,156.40859974966077
bad_form,122.55241963148248,145.236060053387,124.44981921916258,155.77844481787935
bad_form,120.31853444361317,144.48033951802014,123.15298234149392,154.8351336008358
bad_form,119.43567822846708,144.46548769627375,121.48405457376234,155.15581294180336
bad_form,118.92753257127919,144.3129332123444,119.7690457122812,154.7875909410728
bad_form,118.0140906613517,143.21321765023535,119.15463832050833,154.16516344493678
bad_form,116.45105610994514,140.72694302472308,117.20198150055133,153.2568643128124
bad_form,116.01915114016194,140.5156651810128,116.76089198361773,153.01807776119838
bad_form,114.87954095413431,140.28832816028228,115.58099093997424,153.10881483783885
bad_form,114.11846365069962,139.62757625974095,114.97205219246737,152.6727261092286
bad_form,114.10676869356269,139.12291168000252,114.51534263149242,152.66590197459197
bad_form,114.50444510260601,138.01653922842564,114.62436311275285,152.28539715647509
bad_form,115.11602620438885,137.85711343135495,115.11893261222666,152.42988338765372
bad_form,116.12532806883863,138.46507297066776,115.62246635745714,152.55202761469803
bad_form,117.77437545496969,139.44134934328042,116.92755186279977,152.47382432939386
bad_form,120.78459956252033,141.05514972819105,118.98592480705042,153.72348589723535
bad_form,125.00285338072658,143.3613407992765,121.90532984135763,154.3721531105612
bad_form,127.28580774324334,146.84389421201996,124.11162219831063,155.57700449199532
bad_form,129.83586003386824,148.44557126494033,125.82990781790414,156.3868337392149
bad_form,131.97069530938438,150.3899277251135,127.54436956448318,157.05807135000083
bad_form,134.11365245356419,152.2580754263384,129.57077227772322,157.51751588693836
bad_form,135.43604394615616,153.49832455958455,131.92248049632173,157.71344265877266
bad_form,138.4927337657634,155.46992831021595,133.67319145732384,158.82510195295572
bad_form,140.41884122986596,156.79850470704224,136.26353058737627,159.21115327981954
bad_form,143.49491426092837,157.55738569592057,138.74168543889272,158.500386475977
bad_form,146.485058061434,158.73970026498904,141.84532011316824,157.8127355344697
bad_form,150.813669504494,159.07728066562032,144.6670213039837,158.09844225153796
bad_form,153.33350037000227,160.65426454842503,146.5291911365549,158.82349736940904
bad_form,153.61125485966957,159.90386505761657,147.10558200812267,158.83848345559164
bad_form,153.65617067631172,159.89953006770003,147.7905313989904,159.92197750375655
bad_form,155.5480280906191,159.9358501750883,149.63835192256047,160.46011351176867
bad_form,155.2962437402432,158.71273202391197,150.39018133831956,160.5254974658773
bad_form,157.49664861543832,158.15386415807268,151.94333894274632,160.6218138205104
bad_form,157.93369904803066,158.195975683874,151.91065464717622,160.59226463172294
bad_form,158.72760623569314,158.3360024453806,152.41475722861492,160.54673984636614
bad_form,160.01122089964602,158.38313603810397,153.1795425080256,160.4726185723282
bad_form,160.83988128944077,158.39760342284546,153.6678973483456,160.35852230625662
bad_form,161.77686993553388,158.44992069953702,154.81441430312557,160.26008596251805
bad_form,162.49199043815065,158.66996993722256,155.94095435888917,160.03144115881105
bad_form,162.85901158741518,159.37070109192854,156.43799794167876,160.19202973110137
bad_form,163.4123483867853,159.84200075310855,157.07443750945004,160.14186891086715
bad_form,163.6709479393604,160.32166601885115,157.38360583402883,160.00428550591684
bad_form,164.15788401791272,160.75988814359187,157.83404255783287,159.91485814802397
bad_form,165.44338275313697,161.09180504546575,158.4224622343505,159.9579270473753
bad_form,166.72307270659397,161.4288287883707,159.02484936270113,160.01023988022564
bad_form,167.30653620914052,161.69185422693982,159.30557651328334,160.07613041308474
bad_form,167.8965370312481,161.76407858992644,159.59203227899079,160.07048550331837
bad_form,168.12952210337212,161.7907691411905,159.72323387517352,160.0474034295975
bad_form,168.19209940364965,161.73023692921902,159.88243044568335,159.9019688569582
bad_form,168.17892901084443,161.7014104141484,159.90178496235183,159.8072072832413
bad_form,168.39099155111535,161.57138205984924,160.29230965286396,159.5970960619347
bad_form,168.6905685337439,161.580935624962,160.88920237036578,159.4447653053379
bad_form,168.92068555579854,161.84388607011556,161.39156765794328,159.45863122455972
bad_form,169.04778369595857,161.96228283030254,161.6340146654664,159.44871330662784
bad_form,169.1116976891816,162.049964219482,161.6440054722673,159.48264456446756
bad_form,169.19912921992272,162.10638286441247,161.88864497353657,159.40529326820933
bad_form,169.31364112952568,162.0358484080714,162.18343870279017,159.07390933110685
bad_form,169.41490060569123,161.92930790089855,162.45661502459978,158.8480706577387
bad_form,169.61503025230203,161.62335765467984,162.76264003284268,158.36877842926026
bad_form,169.80141022951273,161.52568639761978,163.3037396159973,157.95461961068247
bad_form,169.98014975720915,161.30957840866526,163.49674187854927,157.52249390245112
bad_form,170.01469739723376,161.161998302536,163.62561689944096,157.4160971631617
bad_form,169.99163602366556,161.4905477111241,163.53543121132728,157.4494343505152
bad_form,169.74934473550513,161.75230499588858,163.17370731417077,157.55440015061416
bad_form,170.18618072503358,162.28237902461694,163.24700677822383,157.74027977205878
bad_form,170.36050336756864,162.65323253853398,162.95475481853916,158.04953253973457
bad_form,170.36407162560775,162.99291335044063,162.02023976796113,158.1046230433308
bad_form,170.08029453551723,163.3014407420666,160.92319608441937,158.3264946670727
bad_form,169.53934193727864,163.46784958647063,159.92060385329407,158.34918405113362
bad_form,169.3305517072073,163.6375369202915,159.63286271235012,158.32414895381518
bad_form,168.8440653731541,163.93008413231001,158.90816164265257,158.7086399338111
bad_form,168.90935277100067,163.67582251847426,158.68580423103728,158.09087104852463
bad_form,168.61844888250042,164.30748150526705,158.5301992168964,158.42414555354037
bad_form,168.25794386039502,165.95154896552927,157.86153428379006,160.5060927798108
bad_form,167.77193314575385,167.50690703369628,157.111773679211,161.75813484589776
bad_form,167.47836507462358,168.46175447866656,156.6371721047113,162.4787248466271
bad_form,167.41811823606838,168.83598295275488,156.1843441709049,162.65494197059056
bad_form,167.4710583179299,169.03286481090842,155.50306674880105,162.37341611233336
bad_form,167.4809938243152,169.07872326447,154.38813731245347,162.33978663909753
bad_form,168.1060232068043,169.12727767912094,154.4636220328753,162.28630393365424
bad_form,168.51669211527584,169.08076199821542,154.20427888356443,162.27092361993166
good_form,176.67745440849808,178.37402005949437,155.01887902887873,169.79520685392802
good_form,177.13962960522377,179.00838448357905,155.41872401021737,169.4326673198132
good_form,178.11606491565078,178.83567676590553,154.7482863774345,169.75394585219195
good_form,177.8968159049708,178.75909531813778,155.08995891488613,169.7269019699411
good_form,177.92361486383868,179.0785121710761,155.4483664278124,169.6402851627027
good_form,177.48716608489966,179.84151708495278,156.1784394778058,169.53834894975506
good_form,178.64758458453653,179.68088211230523,157.09075864700003,168.39201194624616
good_form,178.30412600297817,179.79001459814654,158.23010362925643,168.26283839493703
good_form,177.93762688644955,179.3650271335534,159.35361573749663,166.5358948501712
good_form,176.85649810717817,178.6974730715325,160.05753058490444,166.53208498143204
good_form,177.07499473504626,178.2917096007654,160.0596313580999,166.44767818988728
good_form,176.9125144482029,177.9582551100895,158.86967099574747,167.10035695016194
good_form,177.60258044884836,178.0261172598663,158.43481162351344,167.46423412112406
good_form,178.31715218683883,179.72431771255597,158.908498192607,166.69665844593803
good_form,178.90292809589306,178.54167989484498,159.04691784881368,165.84276782849963
good_form,174.41848394833835,175.63880525803418,158.25435192439755,163.82616720554176
good_form,169.6868785284854,172.4462971997299,157.60857385151257,161.72280868928945
good_form,162.752892817982,167.90946408492144,153.6519117627199,158.46315382455194
good_form,156.5943098305158,159.45740604619712,148.71636267481796,152.28148118031697
good_form,151.78821129207273,151.77825917594686,146.12552676803304,146.8132766995354
good_form,150.36180563182134,146.84518785250876,147.0103911378832,141.86080491283343
good_form,146.25726576419893,143.6255540935972,146.67255124118716,138.2183053950865
good_form,145.34914393693361,141.25760418530345,145.8225736297164,136.33015139106854
good_form,142.9190040238274,136.23000470929804,142.34188467136778,131.54362643299635
good_form,139.0096924806975,132.6484773866758,137.35546804488257,127.00980982216342
good_form,129.35293858133724,125.50145719175077,127.84480076052962,118.06293201497115
good_form,124.89745630328031,123.01302639264206,122.89964177341511,114.80142278028805
good_form,115.06714769469428,111.81260265599991,112.46637590466017,102.98668158270544
good_form,107.07073694415777,101.29126503255245,102.8324477403356,91.39762530297685
good_form,102.53633947420013,95.0159535684392,97.61791634838046,86.96838061158621
good_form,90.68379671827068,84.00623919810026,85.59106162754968,77.80133399888155
good_form,84.81072317645618,74.70466920174425,80.20431695833277,71.40877412421437
good_form,75.95321897443249,67.6160805209456,72.99965824247319,65.09404379377563
good_form,64.29965969012561,58.18601395454862,62.7316125702618,57.383131152803486
good_form,56.29131520382849,53.66749430581187,57.10727017620793,55.73695357390818
good_form,48.67063899657716,47.28892938003753,50.35105946240025,50.11746847541473
good_form,47.14576542192296,45.502679563389236,49.26615792718667,47.72778564524647
good_form,46.04748676684739,42.81144709787634,47.70415875097625,47.14025050073902
good_form,44.54945576860373,40.68433044344521,47.92587837955961,46.245895038908486
good_form,41.37223203090987,38.38579711599099,47.09932814317485,44.662617169636114
good_form,40.526088559095,36.76016729145312,47.30884599036336,44.00161684085359
good_form,39.20006522022687,36.861607222123965,47.06039455828851,44.020049634696285
good_form,37.12970245015591,35.57731548067054,46.38749913105931,44.19541265209125
good_form,35.90162345501408,35.327642708793206,45.15473696187671,43.27418121701133
good_form,33.804254245372505,34.54179984347171,43.49706334671313,42.41349021112467
good_form,32.38361973908191,34.37221948393873,42.32328332947652,42.1921960312683
good_form,31.873482054570996,33.821391528260285,42.29202378073545,41.631462183982045
good_form,31.38563255486144,33.710424551564124,41.52100268947339,42.318076132610315
good_form,31.063419687751043,33.86189060510705,41.17435309063872,42.23216098007714
good_form,30.969825878537883,33.89927257976881,41.4408070747275,42.388596696741054
good_form,31.918262236728072,34.13695265071996,42.02199922288298,42.8193657161036
good_form,32.834964355115524,33.74637386355054,43.13723938072234,43.049332336163374
good_form,35.72327732881986,35.22894301730456,46.18474484649564,45.3047565286112
good_form,39.11013592415638,38.43715138681723,49.59843103146778,48.54171272986955
good_form,42.13541256357727,41.10291933485451,53.00102400610275,51.89927008389622
good_form,47.368154685847614,44.49771107090353,58.976522443531366,56.350679961824795
good_form,52.181641667296745,47.4564559723037,64.38526883552765,59.75461963416922
good_form,59.15715810632501,51.67544986496488,70.09830214106404,64.00429783629248
good_form,65.17304108415999,57.90701561010535,75.70444145390181,68.13951623131248
good_form,73.56369567288709,67.23206783409253,83.64066172376074,74.90611867673964
good_form,79.93142664198291,75.64598977748464,89.8834138283615,81.6750819308827
good_form,84.93025244834621,80.73639368054869,95.34649375752883,86.73160327737918
good_form,91.95054978828847,88.74874844903903,103.22517867983422,93.78644522400089
good_form,98.0712689519143,97.52918046786647,110.13945532553339,102.23783245955497
good_form,102.70779113323573,101.91817128513588,115.28543978875551,107.09092637660459
good_form,108.81771736756164,109.28803607649239,121.5719552174559,114.21437758719253
good_form,117.10671736708792,118.3017902857353,129.27043642187533,121.97290529610643
good_form,127.32179756878776,128.21037363774417,136.29116156599875,128.76746041302835
good_form,135.97631622658798,142.56325042098138,141.29566114308503,136.65985409868145
good_form,141.7889074684677,149.86992943181238,145.01042981050225,141.16051386892298
good_form,150.91727795329422,159.01634585884403,149.92999918996273,147.61469340896662
good_form,154.7530496880783,163.1227976034375,152.07226325944944,150.48451917296867
good_form,158.6992526533984,167.5464244345549,154.01246231900126,153.51890203886288
good_form,168.78988114194476,174.90683145471584,158.16312201550494,157.81794829845157
good_form,172.47641235733357,178.3379098331049,159.3388765427995,159.65787105480135
good_form,173.59809940269417,175.19175418154882,158.7535877179722,163.46790131891893
good_form,175.8458261149201,172.21049262851614,160.04961906373202,164.5058112657835
good_form,175.62356227311713,173.10297727847706,159.85065731420465,164.57029653835224
good_form,174.65420262278383,174.21083884775976,158.30005408560615,164.66753196035714
good_form,173.0263142124338,174.42112432629733,157.04176054229143,164.95993888041988
good_form,174.20087802019827,175.09543618407187,155.51152503703244,165.8237048413773
good_form,173.12229093818752,175.790002119303,154.20447500762847,165.06576374404972
good_form,173.22871423341124,176.18977257862326,156.68933843152016,163.30197931269686
good_form,174.99179569760554,176.20892673741017,157.166122551179,159.89794156574266
good_form,175.0587978531617,176.9320608010306,156.8845355499629,160.0510974731145
good_form,176.48222259086467,178.30427036169277,159.0440043981838,157.61953895232932
good_form,176.38051664108895,178.4728303726941,158.2517315794174,159.20430040940656
good_form,176.10793561670076,179.88178664945391,157.35088860835768,159.90136340415944
good_form,175.65812505274303,178.77656912705703,156.76722127028776,161.49657140225563
good_form,175.89222212871806,177.22695242968527,156.95461633129773,161.82077195399825
good_form,177.5488622259608,176.39730450676726,157.4455545075551,160.51414910720504
good_form,177.9774574799862,175.908182989468,157.67224765857077,160.59673389456634
good_form,178.28926298880654,176.32352433177016,156.93336705320507,160.73988560029844
good_form,178.23614222220255,175.8705578200334,156.8241480994097,160.97288700658714
good_form,178.76006898260565,175.19619211946286,156.3668574768235,161.13433187319532
good_form,179.23355740720075,175.10482691334286,156.26014394441094,161.29960194507814
good_form,179.4053940626078,175.23566130770124,156.05960598640385,161.57105105215402
good_form,179.984464539886,175.14611316001643,155.2909831845733,161.74500399284904
good_form,179.46298588218886,174.86110895983734,154.60172566612155,161.64095062309414
good_form,179.9717660049625,175.47874463439047,151.96152611560026,160.20872506319157
good_form,179.80446845498253,175.4118378577412,150.8460987642068,160.36139506425744
good_form,179.4230549722483,175.14377349142728,151.26199741492843,161.3325073949476
good_form,178.8757777572791,174.6090086638675,151.3622176860476,162.44864735817126
good_form,178.2282249712645,174.7374303560127,151.99427245028582,162.85522668838163
good_form,178.23646941590712,175.36905429929453,154.0888260939282,163.00889508942103
good_form,178.43213514928064,176.1702223504517,155.5587269447801,162.56985014719822
good_form,177.6789332764533,177.20272244359933,156.48273280399223,162.27230121044562
good_form,177.4554880373835,177.7931686660716,159.6285693942668,162.23837161661032
good_form,178.7162302850462,179.48238154168027,158.03864405311495,166.729198613015
good_form,178.81787910667626,179.79233238835695,162.01423889810138,166.74392223224982
good_form,177.55472715563042,179.98097254249916,160.46673076464685,167.4303767778705
good_form,175.98358521447008,179.79651685904454,159.2163401307122,166.83336203233338
good_form,174.0144592706919,178.06151039856135,156.8659240186614,165.7060617781448
good_form,172.69301730392309,172.80119920842623,155.76505191356205,162.36222000110752
good_form,169.3297188231627,170.61465008529464,152.58004053662327,161.2031132660858
good_form,164.37693204543064,164.53943393984056,151.18534844358732,157.09416957308306
good_form,155.95833561832967,154.09819079322367,147.36689992675502,148.69794799694648
good_form,147.5218411705459,146.84175592085776,143.7277699909574,142.49289794364597
good_form,141.2941131205206,140.58280118667096,139.67417568042097,137.72791980400694
good_form,135.6050202643023,137.42669559783923,134.70797452062638,133.12370659806967
good_form,129.1099962074601,131.33267396104554,130.05284594896244,128.37803069888466
good_form,121.86188742152885,127.40157710631266,123.60994465592339,123.20926531470411
good_form,112.68513937733906,122.57309791108567,116.55820800053651,116.72242240304595
good_form,103.36276378906268,114.91494768351923,108.18108992635942,109.31250097517699
good_form,97.74490088157341,106.96917194845621,101.46131372824655,100.74276841286121
good_form,92.35997132947955,95.72404534084811,93.65488852656671,90.96607801414734
good_form,87.36265462728596,85.22154908255001,87.26289324709496,83.16565327218365
good_form,81.13904643559766,77.03786063163659,82.03087891451759,78.29749042839114
good_form,72.0623673990957,68.64245310686496,73.55325644534317,70.95741059335055
good_form,66.64014953934293,59.37618314360621,69.10225573077585,65.65443876382912
good_form,59.639530230745365,53.01867096529749,62.601364876434765,60.468936032846806
good_form,54.73069199077083,48.860533787718325,58.36768291634253,57.41141268610097
good_form,51.833462257584536,45.64221839227562,55.74482378457783,54.81436019159618
good_form,51.07644091518757,45.887797084517594,54.576245926238656,55.37230903054546
good_form,48.46521886391803,42.89194288855849,52.485853881170186,54.35553984304475
good_form,45.985852745411215,40.939625512036066,51.02830711584886,53.10873752942878
good_form,45.2803681340214,40.57244960709544,50.79508012838622,52.614819938944265
good_form,43.858991965410965,39.15982989856724,50.62568772010308,51.748838683596624
good_form,42.9338434239886,39.0811980643105,50.69841337101436,50.71924423409708
good_form,42.43533263420743,38.59823444485547,49.786046774636986,49.851482827084965
good_form,42.729701686741905,38.79514030085885,49.61337173897291,51.31688158928734
good_form,42.98391458759566,39.35511102463172,50.227143100357104,51.671025403222274
good_form,43.341996535516344,39.17310879551163,50.65725995661907,52.52232987432245
good_form,43.889484731233765,39.30320081732462,51.327944863750204,53.22971334991446
good_form,44.60757705388565,39.31989521199901,51.902810015110774,53.93987629342022
good_form,46.02716688814766,40.14926429047473,53.564449363918605,55.688856306382654
good_form,49.366365459139146,43.35183312985706,57.29436945447453,58.319948545140974
good_form,54.11491166186935,47.00646680393731,61.782082731593235,61.6862397129882
good_form,59.01069228653299,52.57830468089882,66.57458851686825,65.512766031877
good_form,63.927418509091886,57.746081295194045,71.23317339420916,70.61317077976717
good_form,68.7972323048628,63.065469679345085,76.24653658219052,75.75499701338447
good_form,75.03172375561621,70.30259036474328,82.54593182254989,82.4319871765037
good_form,78.8490576236785,75.1430204552832,87.54712793163357,87.00958643241574
good_form,86.94818933133814,83.94487590452302,95.56499561405039,93.36172504611409
good_form,94.68668972007578,96.06248390701428,103.94372181893159,101.88750528944064
good_form,103.50880684133625,106.20922867588052,112.92633321724799,108.16825870339687
good_form,109.89458939910321,111.89210260567572,118.28341768587282,114.01872566169942
good_form,117.16178921117273,118.55237332845216,124.0696175348043,120.01623122978512
good_form,125.60782781616825,127.7180422137205,129.4328403300408,126.1485974006431
good_form,135.3968311746026,132.97800779670024,136.68011193299122,130.0124512943014
good_form,145.123282202424,145.09461128206888,141.76313998172165,139.15299950132814
good_form,154.57661623819385,153.7634348951198,147.31457443753098,145.10112576720778
good_form,165.3352428377536,164.3590829644477,150.1025309228722,150.8103703821679
good_form,164.70819943817068,169.36452715239372,149.0178103267795,153.285468889918
good_form,169.426975207989,178.15066856065727,152.0540901940999,158.74402374211292
good_form,171.5991177301787,178.12056540568105,153.05686276028004,162.20709942836
good_form,178.88941833630082,171.77765798574748,156.10742356921338,166.51694855468068
good_form,174.28949968012725,171.0076402530685,158.23527507817772,168.417405793523
good_form,172.84087245194544,169.47310273194896,159.27844035888862,169.41912525724067
good_form,173.060504137947,168.7687226169508,159.57704506431196,170.14987550620194
good_form,174.08337106281752,171.93620258260705,159.0070925868529,166.61743770172188
good_form,173.5152445571232,173.9966252431835,158.93516373233368,164.4014069766065
good_form,171.1469514062614,175.97727869884935,158.2371437479452,161.25441649145333
good_form,170.890078711012,176.61215099206774,157.87925026800028,161.0641203615326
good_form,172.3993360939632,176.28181659906002,156.7269331246973,162.18460229740697
good_form,173.01782997049327,176.21346355475538,156.23421571252746,163.8569324892746
good_form,174.18913142153954,176.35074331751503,154.81732720408044,163.80450527537707
good_form,174.627300574954,175.8124242131132,154.5860776979953,164.97174045328788
good_form,174.65723795467005,176.67360624104725,154.6745669233639,163.55426002168977
good_form,174.47721742390772,177.52607900125693,154.6967011747102,162.1040732030704
good_form,173.15462419864295,177.9333115595766,156.80474714154101,161.6122068166328
good_form,173.06090591234255,178.4699169188721,157.27857066108513,160.74011669816974
good_form,172.41280432249403,178.63161264644373,158.69964186205277,160.39388671570822
good_form,172.079457707112,179.14325938781184,160.067611604108,159.28383675414878
good_form,171.2468673593603,179.07999063791834,162.31153823436352,158.25658119783265
good_form,172.67530380074092,179.11812732833093,161.9387559765228,158.33014262281375
good_form,174.16257154647082,178.80049754794877,162.3216791648908,157.49003099214295
good_form,177.1869341147752,177.90935659778225,161.1561728127645,158.90159512659423
good_form,179.04884690785266,177.797946427266,161.82789267509688,159.20862051153708
good_form,179.70546364533453,177.6183643208496,160.03565807108575,160.05468575567892
good_form,179.69989507457413,178.08161496106288,160.1843484678129,160.54429589279962
good_form,179.13729879193596,178.2929684950121,157.90033893597345,161.58827221708924
good_form,177.77061186302006,178.25430217604017,157.57652359374407,162.15662704347577
good_form,175.61546622187728,177.79399940171473,156.52736433808334,162.4602134118009
good_form,173.8684400613182,173.69836295275107,156.65900352517323,160.26481969365906
good_form,171.13161537137,170.94421842495717,155.2613564912729,158.98186032685476
good_form,166.56046382819238,168.9026902331042,152.4279176656893,157.69290024672515
good_form,160.31473580610523,165.52933724138398,148.41585007332145,155.52436908380866
good_form,153.71420199898824,161.3044730836522,145.56061114540282,152.12095340649796
good_form,151.25540766798093,154.91481120274705,144.10398895391404,147.43824641048457
good_form,150.7890452152281,147.82168563702433,143.89472662923302,142.40143365943135
good_form,141.45027076439752,145.07503966706403,139.251304193949,138.54032769684284
good_form,136.4990156491633,139.19997458580343,132.4720085316671,132.6261495129051
good_form,125.34732017583758,131.22468081061598,122.51697939852278,124.16616037505574
good_form,116.09385393741306,120.24424390299528,113.3676214657019,112.67279518611645
good_form,107.43168441552984,112.8677951823057,106.49961494229461,104.31980573375347
good_form,99.25463086782963,103.21273142580944,99.25115447152609,93.82318458639935
good_form,90.09378289562653,92.94387181471645,90.5379410742332,83.59185183417327
good_form,82.45911855188359,81.3101113812205,82.37579928181488,75.32083867795203
good_form,74.55275103569363,74.6700968381003,75.90754056196366,69.8156055495554
good_form,65.78342449549253,65.61079407990613,67.67736582878457,63.3747511528745
good_form,60.44095537385083,60.170231332221064,64.1073760280865,60.43939622177698
good_form,55.674690061480035,53.41089509866261,60.2138819231949,58.571977468925105
good_form,51.51595812216754,48.82618879438558,56.216574046637625,54.77012086027997
good_form,49.6278731730406,45.70105605455474,53.57332071232979,54.09764224086499
good_form,47.75734617491343,43.057017616016935,50.99432397121755,52.01803602052201
good_form,45.46272235158547,40.12158978348917,48.43986848724838,49.430375621117044
good_form,44.08976312307986,38.64072280793543,46.38706361626653,47.43500268826984
good_form,42.593296368249426,37.94303646246994,45.7607163134396,46.737038771303915
good_form,41.20488458970183,37.32036664558052,44.8832944389238,47.28556690866362
good_form,40.67224327020511,38.26175452274986,45.39440814006291,48.146870312233524
good_form,39.014886910848176,37.9325023531386,44.54501242650047,48.112414570061176
good_form,39.060138543777285,38.04867753884704,44.59106316982464,48.333305601233775
good_form,40.00582195883279,39.327725205404604,45.57118176331264,50.00861441358382
good_form,40.82080009188023,40.08197616980252,46.62315606682134,51.20127061459261
good_form,41.503888040488704,40.83303661841125,47.37136992480801,52.294252177839645
good_form,43.830264293100974,42.225392447689316,50.1173769435937,54.36590826833169
good_form,47.073294682824205,44.79990553226182,53.575257018318574,56.93502087683674
good_form,50.404350801167354,47.66906325295961,56.90969487437004,60.28352530790806
good_form,55.71068691059746,53.27357871697818,62.99379508034746,65.38886088838754
good_form,61.84148941382351,58.717173451730496,68.60725669896446,70.26407220429502
good_form,67.056582803737,64.74838186940862,74.48360775734021,75.11544724316735
good_form,73.61456356632874,71.2040250766705,80.98222075313492,80.81465057887249
good_form,80.94775187807835,79.59342626979011,87.7342056850952,87.71528097993229
good_form,90.29254338102857,90.01979786495757,98.06402803465565,96.45450400696376
good_form,96.95840322468354,100.6125923858005,105.33335347501972,104.55665114478975
good_form,103.56634566946894,108.73641264648836,112.49656364949972,112.2774620958892
good_form,113.30691325811344,116.18860998165962,121.22592754718625,118.24553420076563
good_form,123.54461053151661,125.58695928903775,128.68769502679214,124.5350786486149
good_form,134.7507644488789,135.92652574498925,136.2058273677198,132.54024573900818
good_form,144.08212481588376,145.13655537896247,142.20049356921996,139.32927276561722
good_form,150.17625101016608,153.4303612380019,145.31196594524903,144.50625434918015
good_form,155.37515573026369,160.19332686494573,146.23051291463435,150.41906120264417
good_form,162.77021067703592,169.12010595366337,148.43760918063245,157.81778893041738
good_form,170.81434634562584,177.58513411035383,152.03940511412827,162.2148321615202
good_form,174.65844844097035,175.72681228640235,153.8994218053295,164.7368973016846
good_form,178.3408556826048,171.93444424580667,158.64948864757855,165.84992452862593
good_form,173.6731892919162,170.82139078607935,160.3930265315806,166.92716775817883
good_form,171.12853384529564,167.59696938656722,161.45198704259013,168.51680216552683
good_form,171.33738241756927,168.66755276997554,163.15519159674545,167.86717558973385
good_form,173.0709790027449,170.4977051974717,163.35637362836422,165.92988883007766
good_form,174.87313109243678,173.04162280786647,163.17027855743586,164.19398672449105
good_form,175.69091985388002,174.2488185994076,162.3846749736473,163.7518119074582
good_form,172.86546904354458,173.24493017609473,163.37222261485158,164.02375506816864
good_form,172.96722157733595,173.5319247649998,162.65720114374477,165.22460967250032
good_form,175.72017026763066,177.914449169914,155.98331165819545,157.83760424266438
good_form,173.983266006097,178.72035111785556,157.60874061204464,156.37845992613723
good_form,174.1941980835816,179.06772182891777,156.75725443199224,156.9798195432939
good_form,174.28276111888817,179.04827049668293,156.90272471903836,157.05125192946988
good_form,175.75289129897865,168.63633648207468,160.23172068396443,164.30256943788962
good_form,177.08617672848814,178.32882579602438,164.29189645279715,167.35314181126085
good_form,177.83843463888053,178.24830454594957,159.84399140387967,163.5518772084805
good_form,178.1777062951206,178.00258407963338,157.74587460670554,160.0170912684738
good_form,174.73981492783477,174.97222049638216,160.49245141695218,161.12477810591975
good_form,173.29547918751163,175.1036025364467,161.27456498996685,160.634721847098
good_form,172.0204689694062,174.52559490020707,163.11362415510024,160.8785154777095
good_form,173.14223293936632,176.02126598809565,163.20820744750367,161.21960382183025
good_form,177.14978634217545,179.80277335471035,161.2835778963762,162.13823871687325
good_form,177.79557783025976,179.55516522097673,159.56628449700764,163.42651188286672
good_form,178.68079359279758,179.68077600578076,158.50537996425209,164.27043409689188
good_form,178.96945867655415,178.84236674904423,157.1496904852464,163.90490144470408
good_form,178.44570907262062,178.76187941548253,158.1496056490361,163.44762507125085
good_form,178.5941410860991,177.48270587802008,158.81144271100723,162.1742584445495
good_form,179.26597271113872,176.53840274947413,159.06101157286164,161.23227512821018
good_form,178.84148421380368,174.42786791947566,158.77067172033634,159.89134766689978
good_form,175.09905347757646,169.57396208459875,157.43798933807088,158.03425775357582
good_form,171.04808157320485,167.05885824251732,155.8473398448774,156.61906676689745
good_form,162.4669031488805,163.69828714849137,150.63558919427413,154.33616949608032
good_form,153.88508495287547,156.7465036438225,145.11566181600128,149.72246386373357
good_form,149.0225612901496,148.2758451992166,142.4340777377096,144.28238371329996
good_form,147.90888235075073,145.31077756696584,142.86931679176496,141.57897429398514
good_form,145.66423240463087,141.8264590626287,143.16155054501027,138.20798254574834
good_form,142.703305841694,137.9132463944826,140.40704436298495,135.89088844668342
good_form,135.5014981824474,133.70952571542807,131.87366169150977,132.23102345956443
good_form,127.91624870576393,127.16589689392515,124.00209666804527,125.0126581321534
good_form,121.16398477333408,119.49032661108065,116.33586038476716,115.52583881981244
good_form,112.95874798914278,114.7118406186382,108.89042570532449,109.54001146517965
good_form,105.00881966985119,105.74001149795605,100.3262418483582,99.52197427079244
good_form,101.04240960738218,99.16564819688584,95.9364124474733,93.68220564463263
good_form,91.35294952753208,88.1887556804403,86.64778390168169,83.89634799723257
good_form,82.61764610728778,80.00050497385467,78.5439999262695,76.45470715180912
good_form,75.0506471999789,72.8793365674867,73.42392597290156,69.49462848642588
good_form,68.43499978609367,64.97260898963772,67.16373536067002,61.869793277736214
good_form,62.465810339983776,59.33576542436899,63.48366141527732,58.214309845140086
good_form,57.62901892207878,52.05616877004335,59.18732124373896,55.80059859236046
good_form,54.21910144662853,48.15660469609961,55.81765539168628,52.98994131377809
good_form,51.950931888845226,45.359466125735715,53.246223165507466,51.25824746340045
good_form,49.532474248830525,43.5637013615139,52.08734773896215,49.37587166975319
good_form,48.14054495235491,42.053604258960554,50.805321862322764,48.15741750697384
good_form,46.205702534064685,41.14239427843207,49.51785734104922,46.61840373734198
good_form,44.78184595675198,40.338602948537954,49.162609949253905,46.75634080478167
good_form,42.92209141418819,39.65070117290705,48.31033238404689,46.83574500447976
good_form,42.20695540102283,40.29415631693392,48.1652417210783,46.93737065843328
good_form,41.020426066465404,39.22954520955177,47.20432511171557,46.076221879149976
good_form,41.64662432096531,40.153514947531754,47.00389215058648,47.866293141128445
good_form,43.110249440038004,41.153279645396424,47.91104596010053,48.91902184872236
good_form,43.85679935487066,41.73974487267223,48.51268485094765,49.490862354112416
good_form,44.85820900655505,42.298217567575826,49.28288865680409,50.10277989459068
good_form,46.991027418722126,42.922711230222404,51.416269345162895,51.74183515845823
good_form,50.532330622104254,45.54744414255277,55.111030338140004,54.43984791177475
good_form,54.438284811504275,48.61383268276443,59.422846286664104,57.88222342477987
good_form,58.648386048873924,52.386047287416304,63.782474484744014,62.43434568328671
good_form,65.60842785329253,59.440526061915186,70.45659274844327,67.33435458576898
good_form,72.42084234614703,68.94433512400092,76.95953823544978,75.06486447104739
good_form,78.03296111728957,76.781127990265,82.74792650669319,81.15420520494001
good_form,81.94276631395684,82.39255712936259,87.70515884881593,87.73483958353148
good_form,88.19799611404812,89.32354681584384,94.52762597787168,94.10081558051775
good_form,94.85047615012837,98.250079569094,101.53258066745393,101.47482238641925
good_form,102.37515547745738,104.35212249420294,109.63826288047416,106.32629841418819
good_form,111.64554012489648,111.99861591062303,117.05569375888568,113.97903873049904
good_form,125.77644448544353,116.67021787412968,128.83167805317882,118.38886325164694
good_form,129.0935475633197,124.81219425311973,131.95697091509467,124.69145712098847
good_form,141.196374972146,134.60188881953655,139.03235466458304,131.15328317980442
good_form,154.01340433706952,149.07013795575148,145.92300099220597,141.320327606184
good_form,164.31518211614465,157.41945693823465,148.6960720094252,145.65833457173824
good_form,172.00399474130964,166.48148908839315,151.0337496893176,150.2347755480091
good_form,178.55406581631993,175.834726979634,150.86420550643015,152.8160746731079
good_form,179.67985264146182,177.01316810526595,152.2041790480233,156.70190494703556
good_form,178.52832065799436,174.3375550531642,152.9435361296133,159.86409953029582
good_form,177.72720428039779,173.83287059445934,153.31475307154943,161.95083717044994
good_form,175.8311200278029,172.103710724765,155.8767222820536,165.03319243201352
good_form,172.04586530124274,170.12071558415118,158.61835989612865,166.00590366508206
good_form,172.2119581126333,170.058290766042,158.46701031733593,166.85016226658658
good_form,172.31073069087685,169.34906780719467,158.1215211187515,166.4467525120962
good_form,174.03583499464838,170.85325717504753,156.74803222683988,165.2165308798569
good_form,175.4538495112264,171.7027036207997,154.16658768701018,163.94778233337541
good_form,174.13092143249722,172.97384520971514,153.77431243359254,163.01436104756823
good_form,173.67564253182076,174.19273275575557,152.91553314496232,161.81411996488723
good_form,173.30274619364926,176.68803744237772,151.26362187486808,159.78457834690914
good_form,173.63955873316834,177.4782781583522,150.2351780714399,158.99694973154268
good_form,173.80568211422585,177.31555766565594,150.58344783035477,159.60894073499227
good_form,173.99166107091045,176.84392417349972,151.33898912782783,160.69708734213657
good_form,173.17772812086756,176.55463471318598,152.96148446215022,162.17489136945036
good_form,173.09465963067112,177.10320676299702,156.3057373281677,162.3599334024518
good_form,173.45432015999668,177.3992171200738,157.57769445753078,162.1385283273888
good_form,173.58467321902958,177.37138625975655,159.15574827823855,161.55371571444158
good_form,173.18830345097743,177.47644475254498,160.44476560856944,160.96269781431423
good_form,172.9362103072147,178.0721465601512,160.7253289954077,160.4444147453961
good_form,173.16686948784653,179.44266709264647,160.75406476279355,159.8655070516541
good_form,172.917406592407,179.19931843846084,161.56614607232603,159.5473490185966
good_form,173.1294977460453,179.87595813495466,162.6175247752094,159.85534894575719
good_form,173.11224087199844,178.26421869565405,164.92650645493327,159.86174122707337
good_form,173.02829453579344,178.44902561930624,163.1695649621234,162.3698183295808
good_form,174.6971854026198,178.38511198193905,161.37439024477757,163.0628796159758
good_form,175.6214548474951,177.75645395215946,160.4136243518552,162.73020048412317
good_form,176.69857689107582,177.76527129367287,159.3225029546908,162.97810752827408
good_form,178.43223767203773,177.37163115866718,158.0451593204355,162.8326216597786
good_form,178.76930849121857,177.2473642943492,156.9555080241146,162.5145568597038
good_form,176.06533543106582,174.25996573184364,155.68574462418044,161.19853142844698
good_form,175.4229537879847,169.48994589421892,154.95544762546035,159.09031375592662
good_form,168.02726899889402,163.77182057917116,151.0719355002506,156.51656813800847
good_form,159.1296582860143,158.9139160358777,146.48346828881276,154.1419900065614
good_form,152.5128243340277,154.13040211279352,142.95702464009855,150.7704825135048
good_form,150.39515250558992,149.26665521269555,142.07493500032,147.4172237437363
good_form,145.85603885318787,144.58387740111098,139.34850659296592,143.18463907245678
good_form,137.75106058982183,139.02759763446318,134.4228367675014,138.49769048845658
good_form,128.74676407218607,131.0916126701166,126.25551926164248,131.10545311313237
good_form,122.56767460084399,127.63860152139466,118.82866786865013,127.6039937062991
good_form,120.34698759950967,122.30885884916738,116.01892030479561,120.51297232238971
good_form,114.89999556383628,116.9216187970681,110.24846294039754,113.49884506767503
good_form,107.23983757935892,111.13053867791638,102.89651390529866,106.39318434887156
good_form,98.16050428133207,99.0557899300943,94.64215839527903,93.40441017086664
good_form,94.1214836352271,94.08842437653455,90.0886634175058,87.44120561286815
good_form,86.6436478466569,86.03249161200785,81.65404416612402,80.28974755483705
good_form,80.03498493430266,79.50825305362108,76.3204924424349,74.27799884610559
good_form,74.61073135547244,71.2985981027574,71.34914319928654,67.03525067963578
good_form,69.50739426851011,64.32722235905432,66.47707738007651,61.79812517271131
good_form,65.16421059075404,59.158610471745476,64.03446895378634,59.51570119540258
good_form,59.00272775831748,50.88081789676093,57.91114823071874,53.82873018149181
good_form,54.39801072126555,46.19596178817305,54.81894338224962,50.869738473222974
good_form,51.26868023128279,43.959748886446185,52.44550036250094,50.172592678544156
good_form,49.88753088191942,41.52027000882773,50.28889090669312,48.51619181295907
good_form,47.99574010388135,40.721512345755315,48.25116432476642,47.544152489419474
good_form,46.134825306805894,38.86364553168203,47.23584758209668,46.62239334069783
good_form,45.80544391312357,39.64127233155119,46.87717420055826,47.50287041083205
good_form,44.32405769774192,39.04316520724927,45.88132334486935,47.07798485681261
good_form,43.16461643178772,39.140413502162474,45.44418815708686,47.303789472840364
good_form,41.529831108369095,38.74361074216098,44.917983771319896,46.64252847965657
good_form,41.14353548099313,38.92301083671488,45.08082626872358,46.49231905509328
good_form,41.23143928033855,39.04460052132332,44.962934150377144,46.91106481247776
good_form,42.08073904479529,39.96957529757639,45.656994817831794,48.08241761097089
good_form,42.877054828095034,41.177406872323,46.50452775993243,50.28829974631666
good_form,43.157612619793476,41.40630423155808,46.74965961525911,51.05046707984891
good_form,46.08987678911895,43.00107889781964,49.91626961507513,53.607180012186085
good_form,49.50219952014834,46.168035774204306,53.666997250548555,57.207181370776446
good_form,52.253912454030704,49.7470642044377,56.790448530964234,60.71618562034544
good_form,55.95822337033983,53.20901796973476,60.47650957370185,63.4075696201578
good_form,62.22368978293853,61.654716667215475,66.71116527293911,69.0074888851995
good_form,70.30186587088036,71.01339249137247,74.05760652281208,77.46882675610873
good_form,78.04026489978355,84.17758151538602,81.2840104704146,89.4047121279877
good_form,83.09425478464067,90.52097575878729,86.03613715494988,94.48648316377341
good_form,88.02558979316461,98.10091738148486,90.94831007341696,101.51767619875721
good_form,94.20961393118205,105.20348323195336,98.89199308079569,108.01047060666579
good_form,102.42005916240458,113.21541621111189,107.90703340147013,115.05506374279528
good_form,112.40011107854158,122.09906495859087,115.37232442837642,122.1813980386496
good_form,121.3424088732209,128.7074908561388,122.5441672320881,127.9851396045965
good_form,131.83135089188943,137.64821033287643,130.5500480902718,134.2428210245526
good_form,137.13637866712412,145.0593664244114,134.48729336681876,140.12373053046278
good_form,143.63367372787928,154.7008288588156,138.46918069955927,148.82455033122633
good_form,154.59189830996095,165.28845187482082,143.8109298922292,155.61267202492596
good_form,165.63388305055938,173.95116352297313,149.09773876563756,159.81241085384855
good_form,174.16281615593562,178.071840120335,147.63593467854312,161.1651211367622
good_form,176.32357678704312,176.1808110918721,150.5863005282697,162.2092498930242
good_form,178.33224777937258,172.49072783920826,153.6460452846632,165.04003542682594
good_form,173.40710418631218,171.94297944374674,157.13749291020264,165.31656610231616
good_form,174.9860713533666,173.3556307917897,158.08587515237406,164.66108796977926
good_form,174.44348461607464,171.462602685381,159.15564415717319,165.86204544796183
good_form,174.56953061223223,172.16517487340764,160.71005793702506,165.81254320714962
good_form,175.49817346117717,173.4812096395292,160.26971211194385,165.31062883082612
good_form,174.9497295306168,175.12224853521167,160.4775525393339,164.071796171604
good_form,166.36465764082877,163.01202499451963,172.8253156361588,178.74313649999436
good_form,161.85982104969187,163.01284623204586,177.1554299188277,176.89082646274636
good_form,162.6199626783921,163.79660255979852,178.99505968159573,176.02097584772636
good_form,163.55472944870147,163.70616656106537,179.9869302734211,176.75337754196002
good_form,162.28370399895084,162.6250746637748,178.66527562041688,178.67267978633654
good_form,161.61829330882523,162.4558507284226,176.51012392427992,179.2305614522726
good_form,161.61185650366477,161.31540997861424,175.99347621547264,177.7324707192771
good_form,162.69665773006912,156.76325601507244,172.082761282064,172.12920897581512
good_form,164.9023531994573,155.15650636313023,171.89323614609995,166.235528716396
good_form,163.41088400487686,156.15810003747438,167.52271727635295,161.04072340534054
good_form,155.4682822054585,152.11613039070932,159.2489528120542,153.7569419978323
good_form,158.20982692648755,150.27169271517488,152.75727156546975,148.77257998444935
good_form,153.39445345175474,147.11325033056406,143.38310889761394,140.9567598987696
good_form,145.76443814014178,139.26154425382524,132.58771679253988,126.06751966277248
good_form,132.51213059867803,124.01144899133996,109.93286192940555,109.80230391243546
good_form,122.13523480805577,111.71605502346168,98.22388311578754,97.20519537549694
good_form,128.36816462652243,102.40398438966565,96.90269348544504,85.41247434073497
good_form,133.24517862489432,93.95892122655425,95.32510383300368,73.53738691891031
good_form,129.8871775289638,89.10936857768513,87.36132173758062,66.03763029062839
good_form,138.30898674900445,85.16615745858354,87.71828756502767,61.96561805582999
good_form,128.6076399682016,83.36109906490293,80.41203244174484,57.8245718430776
good_form,90.7359347866817,77.81902557338958,60.67293519764565,51.50982371964999
good_form,82.57243490226136,73.36382638976312,51.815127584864406,46.74894829327346
good_form,82.79824275917707,73.38487466326836,51.524674909242776,44.49927392020352
good_form,76.97176627055262,70.41379974418197,46.76903035101225,40.65188674107133
good_form,70.99684833177105,67.83822361262042,43.767268015432386,38.2290649249129
good_form,64.92351570296557,64.6824277228888,36.075347579224186,34.154691807448074
good_form,66.55632818922794,62.20474911382888,38.13577436319168,32.04957072163887
good_form,59.46333931813723,58.205862149335076,31.466095642664406,29.586559379005944
good_form,56.22995091996971,56.10800081512258,26.435385210824965,27.479487641230282
good_form,54.46238109162096,54.126645660266654,26.279102516116502,26.153143225239752
good_form,51.92795644174634,52.43007164687976,24.762306011436785,24.6835053564162
good_form,50.540616635274866,50.212393588450404,23.61480518668168,23.044756882439007
good_form,48.633173135300495,48.83725958672127,23.271989640583477,21.745372926112076
good_form,46.51449875085424,46.93341645440753,22.15884136354272,20.585238236793707
good_form,40.61364929890939,44.44042887022093,20.69509466025676,20.16773976173604
good_form,37.41213459007037,42.28471852508978,20.47688228961039,19.307762993540035
good_form,34.86405570940397,40.31923091829437,20.88482255518202,18.842277892180626
good_form,33.655448054832846,39.19202521913637,20.809231651052734,18.49121336245223
good_form,32.565763784699755,37.39079266258624,20.91603344669856,18.574190470674065
good_form,32.802339264104106,36.94629948997573,21.18629271430455,19.12980723986998
good_form,31.623636894180677,36.50733565704862,21.512054376087082,19.12688122682421
good_form,30.933078052040734,36.15190379984142,21.663205017441598,19.755358930810463
good_form,30.692070153967588,36.69301985487294,21.279254848901648,20.2904308430544
good_form,29.086157579272278,36.5219131633467,21.96672206133712,20.44109294444051
good_form,29.423886325913525,36.82040118961323,22.33546775912452,20.37635643373902
good_form,30.814968662113465,37.08682480270597,22.009676212810362,20.217335576464556
good_form,31.76349601675986,38.04463066931426,22.842346166006056,21.073190212557673
good_form,34.49873085893201,39.93202242128972,23.464026868771864,22.864451712768535
good_form,37.50175235421203,42.64470555508178,24.942869359981177,24.983027579196175
good_form,40.288147272179266,44.44509333739389,26.68032912640008,27.73270433624773
good_form,44.25181583569667,46.93580727886976,27.90411515842102,30.94516568478757
good_form,44.99247439144153,49.400512126949195,30.75509549746878,34.51827661915945
good_form,47.534611599144625,51.3385004913942,36.28990812408174,37.38851036702474
good_form,52.86291676307877,53.70711962779308,40.40798648692732,40.26360450355233
good_form,67.0354431215498,56.598502142321706,50.1429421507322,44.29604726581231
good_form,100.6947336453386,59.438896539833365,68.34135205949605,47.615927417906875
good_form,82.28972392967063,62.04926147772659,65.50174819424392,51.57341435908354
good_form,81.57307713370767,66.20294822990621,59.93278524361497,56.64642468733628
good_form,87.28594805245041,69.04337823294685,68.90119792235495,60.253089583885014
good_form,135.88968953086044,74.63534672361294,90.46642570384275,65.51407225924802
good_form,133.48967441369373,83.8510615582814,91.11269956758464,71.5302196035661
good_form,113.37920001614296,86.09957895074547,82.31187761796252,75.83159741545371
good_form,118.69720752274418,97.67146247947221,84.7725563978748,85.42955050518646
good_form,122.03568684849955,109.61747288937502,93.5820603523732,94.76260218267628
good_form,128.18625605737265,127.00335912743606,103.82983418519707,112.89446598103193
good_form,143.368294977882,138.77382561597264,118.98259261841825,131.60902583555125
good_form,157.4717435540792,149.84735107914247,138.7699661292018,142.7132356624784
good_form,161.33900125243312,155.25077159061297,155.35027774586302,150.03253146006202
good_form,162.0217460173689,162.18820963188682,158.69779316187578,158.27659232560814
good_form,164.22200565253445,162.2438689284891,164.61342739817698,160.9223891312039
good_form,167.05038831580885,161.548025735623,168.56318513959198,159.70896000955943
good_form,172.14389136937274,164.22233916514494,179.02980480319806,171.31750064157305
good_form,175.75669536806686,167.03099738398615,174.08644059776555,177.19123265505277
good_form,177.8833328119202,172.38812549185528,168.95918535684848,179.00404683686557
good_form,179.09993673499253,173.58501577450008,163.47106159316476,173.38213083130506
good_form,179.66391232002997,172.43383902458655,165.23332917613592,172.73072312625024
good_form,178.6027428509639,172.39410962098336,166.02907238151167,172.1256079284971
good_form,177.9290580570239,173.6343975817742,170.50779956340455,169.6410319015374
good_form,178.87007324475005,174.89337716577327,171.6098065468585,168.32617168300578
good_form,174.30584887669218,174.3119263115578,166.73082561872184,173.44978343236932
good_form,172.86077406866562,173.4822926930424,169.5018980731674,175.38549698173964
good_form,172.78281653751463,174.30318079714934,171.33283287824852,175.36227051279747
good_form,172.35792178095744,173.69623467502785,173.7375182155105,174.48420783975834
good_form,175.86262839597134,174.02861369961607,173.49898692882795,174.27949447774856
good_form,176.57187864334057,176.3085443187928,174.12626608972172,171.84973383739165
good_form,177.40807609221935,176.56061673449528,173.32917009066097,170.51894929249428
good_form,177.2930696654413,176.46579134901015,172.95209079950035,170.46514412316205
good_form,176.06074355846823,175.97337014965123,174.11056900584572,172.87337058665216
good_form,174.54596208099883,174.92176888474282,177.07326051904997,175.0118125068604
good_form,174.9946033553603,174.14879698545582,179.4997496233774,178.0378102193527
good_form,172.68226757918296,172.5532299194858,175.92820569213347,177.52446531733298
good_form,174.10710517797722,170.3040451622068,175.6673215307083,173.80545087521696
good_form,175.09816698664858,168.07851586283044,172.6968250462187,166.59841204761983
good_form,176.84410439844214,162.78370414182584,169.21223580986688,158.72336907284307
good_form,168.05111568712832,159.25008641062328,161.2023501913405,154.5636172382092
good_form,158.86268800930895,154.96206134778504,151.6737620886587,147.91867951209278
good_form,159.17810657713707,145.349168935258,145.47064304317965,133.9124232277872
good_form,143.62086590543035,134.08603120249265,129.38802982889516,118.02640790877588
good_form,116.91723800306002,119.3733662001271,103.8675050084534,100.51203369939786
good_form,115.74577430569914,109.76997433404938,91.79194835080469,88.85748700815934
good_form,125.91705847287221,96.52779911098412,90.11005673366653,75.20655931581543
good_form,113.87172859276544,91.10175377864567,79.04342029981352,66.97355494601283
good_form,126.03483780801423,86.25621300873507,81.32281951634302,60.76074487536378
good_form,123.21203197014518,83.24518932817938,77.27237820927544,57.20662195146851
good_form,94.48220800259259,77.10997903174427,59.07931868338875,50.28510404583825
good_form,93.14326390418233,74.09713922849954,54.75537715491193,46.07032797738244
good_form,84.54470891300764,70.85233401806926,51.98727960835481,43.423299961907865
good_form,76.80056945997285,68.85765036875745,48.06757334807879,40.87765094939756
good_form,75.6302697010965,67.42218652251381,42.4958205594703,37.33738138646899
good_form,68.29055398481546,63.39664474716483,36.42823863821597,34.00886642068243
good_form,60.17976359373381,59.05740212289231,32.16663799372127,32.26585860547618
good_form,55.527879457613835,55.49791015737014,28.89941226198012,29.94153618902181
good_form,54.14091863410992,54.481903776317054,25.392065196583026,28.20332843710843
good_form,53.93417628343717,54.13986131483525,25.1940022295913,27.052691746525408
good_form,50.77520470944805,51.50534993942711,25.31334986319067,25.191904969004913
good_form,48.99090301402455,49.04652547206599,25.031375346756192,23.869782598242356
good_form,47.006536150786765,46.737444241983354,24.253379579402907,22.587740292818147
good_form,42.67540134053125,44.226447853936506,23.170872553659805,21.406285707511238
good_form,39.40942694712986,42.63572152490233,22.927676412588134,20.980509637356718
good_form,36.88899706216526,41.24335934178615,22.522447082093485,20.515776796928158
good_form,35.88963497965708,40.13442313507099,22.6072202261435,20.619469644808028
good_form,33.04997560544355,38.752997250703025,22.670868734785767,20.607470575242054
good_form,32.90506773375648,37.59075291675,23.025982898265948,20.374366338392356
good_form,34.12908025567597,37.44460633850631,22.540713011555706,20.307678481279883
good_form,34.98036949520521,38.04020333815575,22.968562717608137,20.462002472736714
good_form,35.272215988719566,38.72529776155144,23.20513907132514,21.15757636325396
good_form,35.840417701779955,39.34205147148809,23.541342880771168,21.73374508065822
good_form,37.34041544184887,39.70563178330029,23.25517879221602,22.272188695302425
good_form,38.844433722351695,41.95865141350782,23.05976110518091,23.319693796281427
good_form,40.28467714794712,44.585353759922704,23.911285994324942,24.977380920079714
good_form,43.10121046919374,46.893531023107265,25.646826961204255,27.862321410491376
good_form,46.900262328964544,48.47201489463175,26.371260450141,29.875288665790872
good_form,49.779113836695444,51.85278312414238,30.481351677841264,34.18558225396155
good_form,56.72488307849454,54.862718608062266,32.59371474522943,37.707197398444016
good_form,60.467553233442516,56.83569648286874,36.55336487281449,39.509046895783264
good_form,78.64084129011178,60.8821808903196,51.138375597264314,44.392164826152694
good_form,88.1551872014511,65.427637226397,56.36223946756733,50.82034574409529
good_form,81.41846239983124,67.20572997434425,53.19785221333751,53.96961442622925
good_form,92.21627677935021,71.10119749269046,59.76024786168392,58.07332992276182
good_form,102.4129880811434,72.47872004921328,69.1805768789472,61.43032278380612
good_form,102.41993870781693,77.1363565720153,71.61754611487987,66.6020212184725
good_form,103.66897422534049,84.77261234017897,76.22007297912243,73.16130843686462
good_form,105.10255101169835,90.54626329551695,77.61169349913531,78.9108105015038
good_form,110.081697850247,99.74489688806307,83.46180654463734,87.9445577142414
good_form,123.50850387760875,117.84026313730723,101.93988392818912,102.21362058706426
good_form,133.4380080682609,135.48690019142748,117.15395042941364,120.21207234350429
good_form,149.93292989433084,148.91472225940277,137.30189788404303,135.86835838783776
good_form,155.31153949427537,152.3303268557238,142.52036792192018,146.19090687591458
good_form,162.3125076169578,162.99360268251542,152.66564374345515,156.01389604073015
good_form,174.38480382607602,165.06984516654978,162.68491338157256,164.3150336038197
good_form,173.6024947599352,163.89349175843387,165.87624727837544,169.17199158951794
good_form,173.82650154405582,165.27433444458285,175.09618109069064,172.02850792138065
good_form,173.88991931232846,170.8860302463799,176.3916926884977,179.66010753103546
good_form,174.92795761518857,171.2209544321591,179.89838869993216,178.23130481344742
good_form,176.2681929898167,172.70279645684053,173.68605533230948,174.61033068927713
good_form,175.63614246857483,172.38615371944644,171.87866257430534,174.98604690040798
good_form,176.0225367318056,172.7629918487842,169.31806192602593,174.47684566303948
good_form,174.59270360340244,173.79426420354076,170.5805225076622,172.25350738244762
good_form,175.52424374537893,171.84143260666303,172.35000580507665,173.68711845484034
good_form,174.0995619771399,172.3696174840186,173.95939864446976,172.85475490666212
good_form,173.89878174325952,172.16060816270567,172.04147110897893,172.12490080896998
good_form,175.64508651289586,171.61331351430852,168.94131577684416,172.32506363541233
good_form,175.2672043700525,171.93454982442015,169.66143784398685,171.54904913812453
good_form,176.10422740967476,172.5067895145784,170.46974302011768,171.64979443642147
good_form,177.34173096111437,173.12985918031944,170.75032724928627,170.69307528421706
good_form,172.63275004892154,174.06003792525917,172.88699914942703,169.06012577094543
good_form,172.74992078048413,174.2933565111808,174.55148068453434,170.2502568505341
good_form,171.84467690129446,174.91015748859004,176.94816845216235,169.60952977810953
good_form,171.3688136700191,174.0248862776085,178.11286457610686,172.48358567232665
good_form,169.7082547588154,171.44929521314458,179.5486117211965,174.7220805489014
good_form,171.3305513415221,169.5064203761346,177.89869996753256,179.61548789452934
good_form,172.61358692255715,165.77459967787505,178.54601469006127,173.61353570428759
good_form,174.81910067103573,164.27287195789796,179.2581626618568,170.26770887700997
good_form,177.03381696186491,161.6105886086162,175.70984489426755,163.17537118537967
good_form,175.423278654887,160.6631482386643,172.26398602344338,156.41337176492146
good_form,160.334504546625,159.026189081928,157.548837478525,154.41147036118844
good_form,152.9230698849016,149.44846880972412,148.12816301972452,143.48957614846293
good_form,155.05738871149418,142.6020590046536,138.729547023329,131.01470701041694
good_form,131.37920334132056,128.97862230229637,117.45695878021954,114.50194507085403
good_form,119.93653348924298,110.02927904956613,100.5957347537679,95.49361629268925
good_form,116.4684591669799,103.15945809023242,88.94693354096533,83.83976269672138
good_form,116.54852152462874,89.86892481364316,87.7395211169175,71.95209501277063
good_form,112.95198345812256,81.06192620376436,81.59687557284447,62.74857233399073
good_form,117.50901396402202,79.27945368322275,77.6048424386384,58.39114927351233
good_form,114.78835286001498,75.93697780656424,74.07724826086869,53.722478434126955
good_form,77.97724357897937,72.29116936613218,51.755614118282764,48.63238701545628
good_form,81.20054651286512,69.58891194487938,52.40691449936901,45.62362803823686
good_form,91.5371895826334,66.68197397229522,57.10719443759103,42.51939326568606
good_form,89.33720505477419,64.60760801021382,54.26869612823381,39.87246543730005
good_form,85.25801940981461,63.58285375100138,49.73843996394837,37.50195292077458
good_form,67.0312005161511,61.30975950925739,41.025209722508265,34.60173521066146
good_form,56.6577812463629,58.41929283040059,32.11560056685548,31.676426034122006
good_form,55.19199815046335,55.47724808152748,27.663561981043287,29.346439778996103
good_form,53.373584649846336,54.400088091794366,26.84449552453408,28.29515217632725
good_form,51.18456843776073,52.67498915147401,26.003931311211424,27.303441585068516
good_form,49.2377713889806,50.9033949229172,27.881030777996024,26.396668284968683
good_form,44.52250229229979,48.156036137954715,25.519109221735242,24.95257578944007
good_form,42.131052243261486,45.90666346388006,26.598943023166715,24.556905613520566
good_form,42.35893421030913,43.56168327777916,27.23198271023727,24.61005238724325
good_form,37.9911428370345,41.270400557719356,27.48444560491743,24.082340033159753
good_form,33.15075208181597,39.51062824718749,27.09190079437291,23.77920686540061
good_form,31.029219964660854,41.095516815213536,25.667690848980566,23.787781424415996
good_form,29.129528190156062,39.3959362404696,25.383297898285438,23.788073299497913
good_form,30.514075132683953,38.06429732313264,25.474890006260125,23.965664830252898
good_form,30.819388855112265,36.6499274467874,25.849332203037743,23.85137028685496
good_form,30.35567721466103,37.34577445899923,26.751325087861495,24.45487119470053
good_form,30.857088665712944,37.68662081880092,26.58314217356662,24.980006653602608
good_form,31.445362927414845,38.48375552634229,26.01087395672749,25.297116914377863
good_form,32.07836425882785,40.682288052762196,26.00844487298387,25.3487216737107
good_form,36.08314397405864,42.424211750433905,24.646553099225226,26.956797181813545
good_form,38.56499707374503,44.83303800421967,25.21268922799661,29.176816361355606
good_form,42.31747469592956,47.817663854953885,26.737163667599294,32.12541262809355
good_form,45.18523722728278,50.403168208200384,28.775841707030676,35.332044416109696
good_form,52.22240453263953,53.34510484381008,31.377189873954837,38.58390175411496
good_form,69.41178641200071,57.22304107394416,46.33289123857054,40.88988842538996
good_form,71.14873667740221,61.150988504708494,51.410440851759645,45.20511883898607
good_form,94.08724974983903,64.22813970596786,63.61093459678929,49.87897730927232
good_form,82.80762662723004,66.19537892303714,55.10035571369585,53.35242818115329
good_form,93.45583121769357,70.10382339875525,62.07141898943937,58.353322477972036
good_form,106.9502052229588,75.40733498422486,73.33104837294061,62.799203386424125
good_form,103.62674235307475,82.99321774150553,76.29503657714939,68.5307078404145
good_form,103.37331742400426,89.31389929314531,79.44080185957712,75.79192160468088
good_form,113.81062283016604,98.26765973211593,81.40055911153597,83.28778366959153
good_form,117.9133188353432,111.05811308696465,88.30111170339272,92.89987049068581
good_form,129.7066992829608,126.83269572812694,104.67324458207601,110.52274128404741
good_form,142.1826493010557,138.39195009161287,111.6129728667757,124.14037254942814
good_form,159.79741033068686,152.94911678573706,134.93654186666393,138.83535959740885
good_form,166.68150721415194,159.98444524857882,149.16037488545916,144.31562283855473
good_form,167.60545106420017,160.90576126240276,160.49666726347007,148.68247478791395
good_form,168.62121250015363,162.4861296799161,165.14405313606278,153.44321736979688
good_form,164.32726243883673,157.9255108874456,156.43097480525154,152.147660205579
good_form,168.76973981942956,156.1673906228149,163.79134511442228,152.58123228060543
good_form,171.172272345313,164.61533718381767,172.56551043989205,167.80066673171086
good_form,172.2515518436637,167.96808429261606,176.61557013765977,174.60993879364293
good_form,173.77502124750208,168.7152166975318,179.81144655070048,175.8380233423006
good_form,174.8091156954894,170.34808475139315,174.80295356304774,179.5503954015827
good_form,172.07837474455104,170.1446643582928,175.08582166683004,178.62808765907988
good_form,172.86037215989683,172.41994197449932,171.0651735650359,175.91254609537964
good_form,173.0814853044588,172.09808007213857,170.28767920528904,174.93107475383388
good_form,174.09116517246775,170.95446140184617,168.37164531222345,176.00475571136303
good_form,174.3585527302487,170.9144788478083,168.47936036335415,176.02313142011687
good_form,175.30502613295667,172.22724407838373,169.63567061410006,173.65081632512334
good_form,176.4065302124896,173.7671066503677,168.53995017982643,170.5235485180678
good_form,175.98821687472534,174.45772029559802,169.5800018283415,169.29740212085838
good_form,175.26027089164054,175.22273038772127,172.69737322275626,168.6516505584775
good_form,173.56590629242874,175.50652081881424,175.5826098215426,168.45781321688315
good_form,173.4186660816696,174.67220551240138,179.94595277139985,168.64163550522625
good_form,173.29596846162,173.45017880954185,178.81607765026862,170.60916723989922
good_form,172.49283890116283,172.13558527936215,178.28050847017596,175.58260857619965
good_form,171.9352702091365,170.56266390717633,176.3511985772789,178.7644425062047
good_form,171.904872871896,167.43989902940913,177.1780053360063,174.6322055969637
good_form,166.7793036771655,165.93752352467897,171.05635484183819,167.5294913564996
good_form,166.1936389433685,163.72970765424466,166.17004425472098,159.4217475345166
good_form,161.8782435960798,159.95915054730074,158.18668791037342,151.5116781343044
good_form,159.71669773496737,155.32734944945764,153.14668034641693,145.539439159899
good_form,156.41895342928086,152.54321845233775,141.0329731143649,133.5113193322933
good_form,144.64960960050183,142.50701541420167,127.34146354271675,118.25475249356967
good_form,130.15119083511425,130.17695773628537,106.82680968433353,104.71076941792055
good_form,125.23755911719786,117.95789733322204,95.15719929191293,94.0272897410026
good_form,117.86239094839823,104.92184825846488,87.5669932270576,79.04301450945304
good_form,111.08252880516432,93.37628138043533,75.48108050441381,69.08292307842619
good_form,135.44600026584055,86.5046110454116,81.59474175174802,61.58259324687378
good_form,131.30700335217375,80.89607860142661,76.27188069720681,57.044696668691095
good_form,128.83839789777852,77.50733435848429,76.3325287088176,51.85130576284845
good_form,104.43640906263622,75.48395397574888,65.35969762847374,48.33797128779897
good_form,94.98422453384183,71.16558903555637,60.04926657803532,45.169635164427525
good_form,97.29416289257864,68.82518192006881,57.1800612009747,41.50595840445432
good_form,87.95270685043391,68.70691694981986,50.49719549407504,37.095905376425925
good_form,77.3483775610531,66.0883457742944,43.909333002492055,33.821872526955346
good_form,58.729397349533315,62.02769115882421,31.31361201415171,30.88702942766521
good_form,57.09163650774576,58.659564040044984,28.539145000166066,28.72261942627598
good_form,54.81012662947962,56.416095959649944,24.91663270428422,26.92665640707354
good_form,53.83936471100465,54.78522007446633,24.896722098988267,25.267978143369582
good_form,51.311840016417015,52.71878775836932,22.780015233893575,23.795230105562077
good_form,50.61461563982784,50.7642189732543,23.034713285910573,22.787658216758185
good_form,48.88976012395986,48.80793666204726,24.005441035121038,21.776067902067098
good_form,44.37209687341254,46.64509089484097,23.26589561967379,21.617638833618273
good_form,41.33882062824503,44.57588342109328,23.25739351280503,21.615177636643157
good_form,39.13287499696815,44.86288029967914,23.07907568652665,20.74644467666719
good_form,38.606953778143826,43.02264081637455,24.55629540067965,20.87036690030964
good_form,37.09933615054609,42.637257340269294,24.9175645452899,20.934733271192535
good_form,37.10805708705184,42.873326303137574,24.45101324215011,21.256690476544836
good_form,36.98079987877359,45.797355752047906,25.038340077024035,21.534016012653925
good_form,37.333500838014366,45.05318554215442,24.898500290633923,21.799120906101237
good_form,37.73598467997141,45.16943683672091,25.193747009113657,22.242462751897943
good_form,37.94141868878969,45.243225292230015,26.066692037213496,22.975698992771175
good_form,38.66255264299934,45.238260188611804,26.290850102439357,24.37181486326183
good_form,38.494613679979025,45.775572908843884,26.10780512446894,25.561750527715944
good_form,40.7604726786626,46.853059063802284,26.54625721641519,27.301026646994327
good_form,44.73062136538406,48.73793045696014,26.307519834043035,29.942019905096846
good_form,46.574559171317105,50.383468874060156,27.46347670076133,32.21846603101982
good_form,48.45005616229275,53.11093238896524,28.77263999262021,35.30186010904434
good_form,56.74988666594868,55.67737525121447,34.093331744283525,38.29337464362515
good_form,58.24564324352599,58.156928631019014,35.908588298265656,40.54702383676612
good_form,82.37861258516745,63.23829487913861,52.97085620735697,44.403926842446374
good_form,83.29506612834518,67.62295984812795,53.38476645479987,48.89570590220322
good_form,80.81119727210057,69.90139967030143,51.80449638362275,53.53240832608973
good_form,83.18109094367634,72.60374022901362,58.06896760761193,57.87859250824486
good_form,110.19224981716488,78.96124338239173,73.89749153762669,62.35135325077956
good_form,105.04834899586518,84.60570099628495,74.70909284762821,68.3769848082049
good_form,109.85570611169402,90.25768829376807,78.099195864594,75.24570176066631
good_form,111.43672077109045,99.6877459744461,80.78379370061673,83.08015636559757
good_form,123.3014757832461,109.8051994745231,90.0137953301578,93.09328406813056
good_form,140.03577633518503,130.07693935890444,104.89169754114282,110.5175094190944
good_form,146.73459878820077,145.23476806169214,118.89140434013679,129.7784907972445
good_form,153.70824439461208,152.10190806532694,127.13635431202111,140.85867090797942
good_form,160.8591738071578,157.7343458099551,142.3779878891789,148.23064652154784
good_form,160.736859099823,161.3410607564751,146.20273570046132,150.49094253529648
good_form,160.96005683461604,167.63069226676433,153.6236600262132,157.16526557585564
good_form,163.89712021562298,164.00787520015075,164.2939091892636,158.76160108881936
good_form,165.13881056400152,161.21642921534539,166.91539472618612,155.29883964370302
good_form,177.66566959023496,162.8531587639592,174.48024720156022,164.07999808495777
good_form,179.74360728164666,165.01508585929943,170.7996600465271,171.79459754578164
good_form,177.84005575498554,165.99186261648296,169.14410277773123,175.55328924888028
good_form,178.88182260701635,167.02152338560495,171.02984765975762,178.92945442884084
good_form,177.52809286973834,167.80580332671437,172.05071535796395,179.2042998010145
good_form,178.56416554377188,170.5626058715438,165.85802170163933,172.81896445796602
good_form,179.7078930839325,170.92382909190195,168.0454819673134,173.57777596002921
good_form,178.1607170999863,176.45055830239315,161.01535734036784,168.8756125266322
good_form,176.0020018578963,172.03885727550298,164.5053495080876,174.14625271651508
good_form,175.70630963887848,171.896049526574,167.1351908247684,175.39918380330522
good_form,175.04782119268458,171.3690589060751,168.26627884618293,175.55192408298413
good_form,174.8994957029382,170.89264236640074,168.53928708542148,175.52705266723464
good_form,174.2006439764283,171.95104781833706,170.23456979283506,174.4251495962939
good_form,167.7049271747929,172.77776732040653,179.5864729963766,175.85707076662916
good_form,165.34797764272398,173.01699610183968,174.60550457511596,175.68447555551808
good_form,166.3033139184352,173.3510193648945,172.20387080922484,176.9919556034727
good_form,166.89042725141746,172.8222328182145,171.81991429472131,178.74113680402957
good_form,167.83730988945499,171.01076683109216,172.6387744231989,175.9825501428426
good_form,170.56886467667496,168.31484846683884,173.2299218857413,170.72779596104806
good_form,170.44943389728095,165.8516213960969,173.79930292609316,166.42492829590475
good_form,171.46351902690807,163.2404880817548,170.91748833306184,163.24000743751157
good_form,170.52812984071196,160.89554911316333,166.70356257020444,158.3370125841043
good_form,173.06503668070008,157.04604143057685,163.21672480522656,150.12658056259906
good_form,168.54147674330815,152.88635781155733,154.76141380378633,141.4302103159494
good_form,156.17901641043005,146.46176861413824,141.2320750069575,130.01139075465375
good_form,136.03156536963363,133.86157518159584,112.98164439647068,112.01482917911783
good_form,126.14109078438207,122.58981137614984,101.71366291191985,101.19185580616873
good_form,121.74036769998384,108.00522173066551,91.54410837193552,86.6018906504331
good_form,122.13658686164112,99.92794559550185,89.744543139592,76.6192258364471
good_form,125.13539214036516,90.9551781711873,87.32134149493795,66.87406445343267
good_form,134.26580377956756,86.65167064282525,84.63105706323611,60.628478431489874
good_form,133.11813281795995,82.34835285220345,81.82373519234392,57.770879353340106
good_form,121.28412315351375,77.80727168524948,71.73713546499769,52.25804357939637
good_form,84.20471671302886,73.66972909631528,52.746661334175286,47.58587710589201
good_form,83.38756069794272,72.25261588989753,54.006154987280695,44.43628033229595
good_form,75.59376902528794,69.7400776766226,49.576147526711615,41.23396065145734
good_form,76.68682734041016,68.00964030486875,46.342230628372405,38.0233366757772
good_form,65.04481493019091,65.37861200386652,37.380529325414955,35.235778148214365
good_form,64.88606258831828,60.947611265133844,38.29945833675464,32.61005539959764
good_form,55.42566533691132,58.380466429262015,30.02989471451674,29.92357637337135
good_form,51.428193698803085,54.822721961981074,25.22797873296831,27.798310431973437
good_form,49.64128795272097,53.5252124207035,23.791653848465725,26.416445185401734
good_form,48.1871397106243,51.555120586814645,24.116647624863134,25.762738030550306
good_form,45.57747142743659,49.29890866244183,23.39132960178277,24.232086444204302
good_form,43.515900439900875,46.38350767052452,22.687922494888856,22.810481175517893
good_form,41.82915709473358,44.62821911487105,22.394488132950084,22.239930314395696
good_form,39.380981765992,43.094816154452396,22.62187724127129,22.139075255643107
good_form,36.90280547625454,41.307765571174436,22.95132771799684,21.868405115763064
good_form,36.41646766294619,40.720219784529526,22.86281528412703,21.993385195690276
good_form,36.173405722709774,40.69025949341514,23.58246149895124,22.168624097415062
good_form,35.00299001364507,39.080813921597695,23.597107456185018,21.805230424685842
good_form,35.16645448522425,39.24118024081223,22.708891430363323,22.252607181192136
good_form,34.764188998584146,39.67312078581259,24.288246767487248,23.132352690503723
good_form,34.41901965432853,39.65243311807115,24.092359719152412,23.231443454574745
good_form,33.442946031641405,39.94659858040848,23.55016375416417,24.368550061721688
good_form,35.682076709212026,41.44317006064942,23.846797475917267,26.573476741688552
good_form,39.88398795916494,43.959962826476826,24.788642033693318,29.044076006812208
good_form,42.66777765531928,46.974271816438375,25.858801043621682,31.802387168480436
good_form,44.459402344474306,48.97857775850201,27.399168600491475,34.56246753363057
good_form,47.0344046654381,51.584382135426495,29.486258017353887,37.14728433097526
good_form,55.20355507276241,54.76913413373353,33.42215677485008,39.86151694706468
good_form,58.955305939300274,59.31160892642515,37.90315068655181,41.96129267331819
good_form,101.11376565794592,63.48112149670203,62.37630755375275,46.711967758811966
good_form,80.92356793004609,66.91718045156006,53.41315665473727,50.92458448596863
good_form,84.61030655903761,71.23416043412493,54.48672308820434,54.844155279700196
good_form,83.77164034585974,74.80793575559932,57.79029054290437,58.96078722183981
good_form,106.96514341627199,79.904932395993,70.46025409076353,64.63741579474245
good_form,111.77250058311463,86.77767540984456,77.39376786021951,69.86285489518879
good_form,107.05231252291318,93.73317994502486,78.21509925613049,75.96456456935832
good_form,109.85555329309923,105.17772193054174,80.15510333118856,84.99025444774273
good_form,120.78123139281473,117.09096361363177,89.38125098512099,96.94143653856692
good_form,139.33974240668636,135.52785937057428,105.37358488354705,113.19540780907134
good_form,149.21068244175737,146.04186634595172,119.80960462099826,127.73378439322222
good_form,154.4635984034454,153.9949869485178,126.32548375510964,136.07671665660402
good_form,160.8231524848453,158.1926421236582,146.3001546536548,145.19828387109465
good_form,165.43417820587283,160.59438880438523,155.00422866670417,150.18866509933113
good_form,172.5969672376324,163.85062604284443,171.3401181351931,157.19542368370486
good_form,174.57350158779016,175.93718690727653,172.38236482532366,156.4462749340106
good_form,174.18126929932816,175.26177999574637,172.81907883707422,156.89416659603475
good_form,175.46609546372997,175.71444994101654,174.20579350349973,157.70097419174147
good_form,176.82918762358338,175.95272503611744,175.12331168756742,157.9278685580316
good_form,177.12136826782344,176.19768111505874,174.94622894501927,158.03280753954564
good_form,177.7219622110029,176.4937476275497,175.27081233289945,157.972155710706
good_form,177.86384218536207,177.0015181803859,175.44941032675462,157.3455996753429
good_form,177.4829958234074,177.384107619538,175.3116940828916,157.29431855490597
good_form,176.53275295821018,177.25801629111749,175.50056403120612,157.18641669186238
good_form,175.95585538310445,177.0175138434992,175.35828939053025,157.30284818203896
good_form,175.3622890423581,176.69027463793103,175.14758242226486,157.27272992788363
good_form,174.79057854883445,176.4077192001259,175.0840956585535,157.33498214194947
good_form,174.6864754118205,176.051779795519,175.43800522412417,157.48964224839713
good_form,173.38811044409618,175.92633598955942,174.94758971902664,157.427769595342
good_form,171.1522955015262,175.7941456843086,173.53553845434482,157.79518524325582
good_form,171.32455144373975,175.17794028873192,173.42453052096846,158.3847505401449
good_form,171.56745699774402,173.50545944193374,173.3484668602387,159.30501705626165
good_form,171.88013614600249,172.73112513360005,173.2664223573058,159.88940809489722
good_form,172.50350643461292,171.90868629667187,173.02989817667725,160.442238514168
good_form,172.20524440423102,171.12538170904787,172.42831471443688,161.8676382917626
good_form,172.00585519004412,170.75766720418096,171.5527596115824,162.3681085438223
good_form,171.962020453134,170.99515433787695,171.31064166336856,162.51407345897914
good_form,172.2080239011124,170.78860049631592,171.08170043137395,162.82830318436785
good_form,172.46879062019724,170.6953101946808,171.01181901472467,163.06653383271163
good_form,172.5329676451622,170.65027851092083,171.02565857325715,163.04745352511466
good_form,172.60484814165682,170.64738228178857,171.13377342163903,162.9757100330701
good_form,173.04662266155484,170.88910652505535,171.63498759820445,162.66823862127492
good_form,173.33138061004948,171.76773326553618,172.20205076296335,161.43126406305234
good_form,173.9266806623756,172.99158557436326,173.42120632501832,159.45224793719578
good_form,174.5786520768337,175.01445200135223,176.17629881710604,156.63898032109503
good_form,174.82952091760413,175.37354237148892,178.19102925199,155.66584262148436
good_form,175.76835493854082,175.62409401843365,179.37259423778372,155.90882518960842
good_form,175.8715863572548,175.99520271230602,178.1620554360516,156.2761796599054
good_form,176.31818172338774,176.00653061376477,176.26226711837458,157.15030396754432
good_form,176.86759198125043,175.9655540800504,175.32319389695618,157.46483192116935
good_form,176.72302218702745,176.1721303955315,175.66620165302496,157.20795868310447
good_form,175.579003870084,174.6212104533636,175.6909047883726,157.9002323697854
good_form,176.34765727311404,174.7368602883661,175.68726352710755,157.45388364225707
good_form,173.50103737758616,174.00907773087303,179.05290963546457,158.90027783268948
good_form,172.76921796851298,173.09775804127628,175.54964473610167,160.56242615986588
good_form,171.37531620130503,174.68664363385298,170.8995137165215,162.03185073467372
good_form,169.04038315399745,175.79683008097007,167.08280746139135,162.176022259906
good_form,161.91680629780652,174.56845684624975,157.2847741973587,165.14351519867705
good_form,154.54146073607328,173.32933959334395,149.20284937107198,169.92770737837967
good_form,144.78384528247778,170.03409325050882,138.13903190059332,177.79983450285872
good_form,137.4905603291292,165.9207775936003,131.5444301281462,173.45031052954658
good_form,130.8282446742098,161.90026317454578,122.84773483119044,165.8009184160755
good_form,124.83266845214186,159.54723291579012,117.93310550011307,161.70025781829438
good_form,117.15502667770656,154.13212953192604,111.93375887943203,155.1504960572841
good_form,113.85961649895833,147.63929832296046,107.21653909214288,147.12116150691088
good_form,108.60358747218444,139.50307205137182,100.86975950252088,137.98396601934306
good_form,107.71437526526302,129.31874281110268,94.05822336249992,126.98281781289019
good_form,101.72285854637761,123.95538853084702,87.68257627029959,119.3061471866233
good_form,97.61475440261745,118.58229637940786,83.11397736501436,113.80787603830255
good_form,93.77885377136329,115.91851678104297,78.87128370524371,109.91864521227743
good_form,91.43022676920543,112.3156876430692,75.18714032221943,105.79248104260583
good_form,86.890953393502,106.52451519400864,70.75320612503519,99.72722672230638
good_form,80.70826728356042,102.84470915594682,65.74229380745527,94.91686515772251
good_form,77.19275141480142,94.95987286001741,61.40902281667792,86.9369661595211
good_form,74.25629770700345,86.94376856407109,58.35673595490833,79.18887124897644
good_form,69.54391982604614,77.44502670171414,53.88891636334233,70.15224419123285
good_form,65.71650287089926,70.78566944960625,50.124280226724125,65.55106038842474
good_form,60.59135195564397,64.55311615060077,45.85478415574009,59.354993208195374
good_form,58.07507421420984,57.78551565930003,43.04461157830746,54.50603657525389
good_form,55.97893300770975,53.857418065412844,40.99190348611497,51.61093387109889
good_form,53.36837154820265,49.65335327192563,38.35121455787014,48.28605914480609
good_form,49.520589654896675,47.02227525295065,35.98473048421921,44.89773417713253
good_form,46.529394343196614,44.07173467102373,34.449585711306845,42.44034080133267
good_form,43.394568858861845,42.82917169787185,33.832229915744044,41.16712753818927
good_form,41.7139039864747,40.49247886969782,32.391391573940275,38.64843722927302
good_form,39.35732840461135,37.096463354993205,32.195021052947375,36.71101667678352
good_form,38.37747356098345,34.853838638146826,31.84727286395929,35.04132071028716
good_form,37.881333646542124,34.13784900847769,31.865900993700173,34.62636407457726
good_form,36.60516063898477,32.199936862271,31.283727530244406,33.867891063287
good_form,34.605753993224546,30.0516630456904,31.82824649440504,33.4107941755627
good_form,35.04920231423283,28.831323734748665,32.295053046165854,34.00017316082924
good_form,33.265399009559644,29.847371127487484,32.75267838698051,33.518083345671386
good_form,33.6767422031728,30.483360579102513,33.558897869797356,35.447017993397964
good_form,34.27257057466874,31.34364282617837,34.10029183836009,37.73448709245841
good_form,34.44557522464558,32.50319010445374,34.316603820509705,38.2118434315592
good_form,35.84727383041964,33.340663504432854,35.959960927934645,40.87687620973227
good_form,37.27703984301957,36.12104362013218,37.7899407533491,43.78969879090451
good_form,39.62023097643988,39.39144878856858,40.179305294150865,46.37842990688081
good_form,42.4303402645061,43.77232789200887,41.81380030298115,49.8738562852327
good_form,45.18395352852246,47.58632275474647,43.911448326341585,53.172167374097434
good_form,48.91385859503487,54.732495860412705,46.68882490747085,58.773553214096836
good_form,51.99814209374068,62.7298042515688,50.00750351758009,65.21035392286522
good_form,56.690394264730344,71.93611430956997,54.23985185346021,71.07932377400104
good_form,63.641245163603685,80.55529481199278,60.230046748551835,78.49448696859754
good_form,71.912714433026,92.82851769868728,66.73227024508576,91.69863568383556
good_form,79.48003403558812,105.09362721082584,71.33078733268455,101.98341689214494
good_form,89.12392473275577,110.54910697154989,78.78628684907238,109.52010146543367
good_form,97.77613136308776,120.7323059256575,88.39966870403227,120.6499204851137
good_form,104.34439000611363,126.635077586601,95.60777922920879,128.90265202003695
good_form,114.42590047228711,143.86377982584372,105.12007795137652,146.8189136950814
good_form,125.53747249195692,153.49550006402362,116.45890319451533,158.74647941947913
good_form,142.7238911814723,163.01965886031914,128.41418092925278,170.8756693304299
good_form,151.8112335191495,165.65352886329575,135.30080071111445,174.90681384340968
good_form,162.80350479291647,168.90111194911535,145.56469160832663,178.82898095247322
good_form,169.37854692601815,170.8803297078217,152.96206129479475,173.98739006281377
good_form,177.5602301129025,169.80714938607485,160.48054180009257,174.03037637284746
good_form,176.06824679848256,169.8561141134545,163.39920107987544,174.4003279727767
good_form,175.84984580835078,169.07869348658232,166.33728718176633,173.81739793747528
good_form,176.88858677739643,169.1963803988523,168.66025981727935,171.83272860881988
good_form,178.9533712125967,171.1212968673036,171.18955951265067,169.22075441581438
good_form,179.48033250279533,173.8025113706057,175.71967415175834,164.97837925476364
good_form,177.75764596137495,177.28286098450457,179.6692310074343,160.9345492590301
good_form,177.17966835028898,178.97444592675737,178.18184275328585,160.02283737305635
good_form,175.16880128013062,179.5570232447933,175.91294377609046,158.33055670545076
good_form,174.26075774432314,179.10735912184447,176.21496099150465,156.88031338216692
good_form,175.38104049693558,177.58338780434812,178.29409027143248,157.0798177816317
good_form,174.59417008899138,177.02909579021156,179.4594534736781,157.4772151776562
good_form,172.12281034109566,177.47812263213797,179.98617648791998,157.28439115689415
good_form,171.82643430990825,179.57686919193054,179.2954404796042,156.45077590595218
good_form,171.94947782588136,178.98595957094665,178.80642036347896,155.30997389029298
good_form,172.84299518101457,178.0556940460009,179.32722290556842,154.71543037560235
good_form,173.25373874416226,178.42375153984213,178.4374720040137,154.75831695304706
good_form,174.47440086677923,178.56957597523004,177.79233821895596,155.22296358536306
good_form,175.47767895399207,178.24231980572995,176.9718388732317,155.16500616152817
good_form,177.005458609775,177.7908023274068,175.32403526818467,155.37390051385353
good_form,177.87306664640633,178.4362468076405,175.2476838006157,155.45970839844153
good_form,176.95003535256546,178.69068640336732,177.23918192021193,155.8394995082974
good_form,175.67405293045115,179.44842196473428,178.39815845574864,157.06757559691493
good_form,171.35337494651475,177.49773020179896,173.63609714861278,159.1025177454342
good_form,170.34032741397596,176.6951332730457,170.04412406641666,161.4051763030979
good_form,170.72393257750375,174.26507591092027,166.633460920395,166.27328244412888
good_form,160.9853996323348,172.31013333788692,155.93411775711593,169.89692355660358
good_form,145.4854342704538,170.0417665382941,141.43493320833105,176.19969643030527
good_form,133.42737911999825,166.9029245841464,128.79763638012975,174.70989276177855
good_form,119.42872076468359,164.48733685661284,116.29506788677287,167.03513965856402
good_form,109.80006764449215,160.00307321911953,106.30671178128948,159.09549604250242
good_form,102.52023308275369,149.96225955173014,97.45976542784638,148.97427196992254
good_form,97.30811064043974,139.6668924808832,90.54974696353709,136.14289926260997
good_form,92.97193075813516,129.90105247172048,85.18033561570023,125.47171527640636
good_form,86.67969483319587,119.46757574309919,78.36768156498199,115.21427049758638
good_form,79.4360759618927,107.57501403298508,70.43142428422243,102.70275944749233
good_form,73.12162138924361,102.11653404699172,64.50892084427811,95.38008077149802
good_form,69.22069454428686,92.23736895646192,59.57736064750348,85.51036556378257
good_form,64.50593917632153,79.14299803715903,54.57983257775008,73.21495550627364
good_form,60.08419123174508,70.41543247060167,49.599191190402955,65.9430569672564
good_form,54.52843784416682,60.07475237286435,44.4358147231995,56.38988505674232
good_form,51.27927369955322,53.12030035963796,40.75160146278494,51.606096489649126
good_form,47.558386465247004,48.072935259007906,37.8564128647225,48.00407304019836
good_form,45.03514023567703,44.740144981143004,36.26203726944953,45.30821117705265
good_form,41.94218186110723,43.57894302551859,34.745030124120085,43.224686156140585
good_form,39.61307621175253,40.50632239657228,34.06879264001891,40.283153477629085
good_form,37.942917580013905,37.36466604934859,33.364263809154394,38.13998116024867
good_form,36.66159731140293,33.90715179811957,32.241333086561745,36.18281684867951
good_form,36.66410843159526,33.571226789848,31.685631944098045,36.02857911027713
good_form,35.06243773161068,31.103271740421178,30.93890628441013,34.1887986117926
good_form,34.43974609816528,28.59239496906013,29.81104193272783,32.75271939903356
good_form,34.22098888324378,27.733480639723464,29.147630601773795,31.92191707132512
good_form,31.39409119506258,25.8767756062217,29.926196577969684,30.987111858625994
good_form,30.158205243869165,26.053020654894343,30.761848952319113,31.126832301552618
good_form,29.760758042510584,27.262743905332005,31.445269800046074,31.831207405979505
good_form,29.601661220467726,27.626785199316323,31.608640860231436,32.58116238039534
good_form,29.886850716662696,29.04510001393298,32.021546895774165,33.90669141516432
good_form,30.672274626399517,29.08181872302108,32.302471277627085,35.597008672583854
good_form,32.99575141309853,31.186821851352448,34.640593926238815,38.61658070058862
good_form,35.18966524277657,33.751291694717416,37.08340328184862,41.79867591326545
good_form,38.44707032792322,38.835361883919255,38.64285702466948,46.387959106793986
good_form,41.81732138341916,44.008396196193615,41.50026364256409,49.82577307569305
good_form,45.343859756320505,48.885645138185396,44.322512746304604,53.40036110397281
good_form,47.86751372858336,54.71689597810913,46.6851190197947,57.64684818261295
good_form,52.672001112030216,67.96483826326157,50.42161655103789,66.1501271045705
good_form,59.051257144445856,79.90885523069693,56.429534986342745,77.96548207744387
good_form,65.57579081657633,87.42661560499158,63.6316442516259,87.87286299716423
good_form,73.39771544897144,99.87985837693958,70.97447472378971,99.25295244024572
good_form,80.67007712720135,110.36107306093871,78.15787662228257,110.73275905381523
good_form,89.18883479087958,117.67440197869823,85.92825216078009,120.79289163879983
good_form,98.18710286111485,126.82486054407386,94.2344477298467,131.14022380365597
good_form,108.04636604679536,144.64356052089494,103.37889534908912,150.8078167478118
good_form,119.997121013107,153.08486580469437,114.6278190666845,161.88944121678608
good_form,129.89666929221696,160.85913180408335,124.22099739808014,171.25494414496777
good_form,148.57616716857106,168.34281299607764,138.3507297007412,177.37303357057374
good_form,162.6222012692845,174.62205141016798,154.0573508581603,171.13369463368048
good_form,170.50448798811507,174.1372762000938,160.89462769241715,170.00944483298716
good_form,175.66311861120204,177.43986337995713,164.1567875796838,166.4125682245763
good_form,177.28398585034103,176.7998515685079,168.7641791583464,167.3237532789261
good_form,171.71573443587312,176.7258982312368,172.22161324681278,168.1532642247354
good_form,164.80712203590267,175.9266829818986,178.92660491864538,167.42411279805435
good_form,171.18298668143828,155.87518996812327,147.15652203417486,168.99246163495403
good_form,162.17358971648778,157.41943479349817,177.53120637806703,143.68982878818701
good_form,173.25589115776967,159.61360735401072,173.9883477630245,141.0395270297015
good_form,175.24662113330243,166.40486360800807,179.2891777929668,148.0793533419858
good_form,179.83235117888873,169.58564068987982,179.2990823617493,149.14998788401329
good_form,177.41001044551882,174.78680733931046,177.8272446764585,154.14856151434157
good_form,174.43881172045897,178.88616409500528,175.95513387517286,158.7887708723345
good_form,174.1703735062402,177.6908816410023,174.70123358794552,161.43410461148795
good_form,174.18361144104887,175.9201286209753,172.9191926141219,161.75271989445278
good_form,174.02568635974302,176.9673909091482,172.6953752224588,161.37055082150087
good_form,175.64083146068248,177.71286832993795,174.4127067607201,160.88537988714273
good_form,176.35838352777347,179.19066255059408,178.15264447611756,158.34051544106129
good_form,173.51195930720584,179.19560855817517,177.63577997730673,157.40698416650736
good_form,175.8564048573114,178.7745121972173,179.8662578100735,157.03034584620542
good_form,178.15934098990707,178.94755618501313,177.63797369887868,156.65193419303566
good_form,178.53604679224065,178.8660748248599,174.870387945626,155.09727031077907
good_form,177.85355201232196,178.16064477059734,172.82176143320265,156.05839824833615
good_form,177.3279192795164,177.63881625216624,178.1336424120529,156.3911317470298
good_form,177.65627272365572,177.89012158931166,177.34823402411146,157.81913721330665
good_form,177.82736133241673,176.65304901696626,173.23421383856567,162.21538090177484
good_form,172.39508027002182,175.56275897829835,166.7119354093909,166.74657597690015
good_form,161.40892262272416,173.59996996939108,151.4730175650191,171.9268138552489
good_form,153.8900184505066,175.19983234499128,139.1969707497185,177.30043222834436
good_form,139.6607752331974,172.51724242874758,125.35856996243709,173.63100185248638
good_form,126.26282357074592,170.22937810360906,112.89641056212461,165.91553965608503
good_form,122.33708265460686,167.0729062725559,106.46314065792463,160.24030768163254
good_form,118.80435162569614,157.52357942513757,99.77112620554577,147.93186924352642
good_form,107.29790383471456,142.7961862667394,91.02939835125211,133.81253273928468
good_form,101.93098418305357,126.23079271845083,85.69515752246794,120.31413592326047
good_form,96.49821851790153,119.85499867849646,79.09567917464098,113.08632621272349
good_form,91.71274210836202,114.21843988598775,74.4159529895682,106.57919601560516
good_form,86.77183358718503,109.58866376430672,69.15706552411302,100.37657684201604
good_form,80.10302725326943,97.70175565560197,62.05693062165293,88.80908507315826
good_form,75.31049205477035,85.39617881201775,57.848800663831064,78.91693784466445
good_form,70.50332981253541,73.89058219730668,53.76131976145628,71.0333927874374
good_form,65.34009018456072,65.33233782821728,48.68526880601063,63.878807921168786
good_form,61.216209980224086,58.83521071805594,44.13938895518872,58.78413785190856
good_form,58.67591059247065,51.784774326404325,41.46893706700486,54.51539769484906
good_form,54.614465829277435,48.54540133728023,38.31881201906711,50.76527180032607
good_form,50.161635621385514,46.49534643215401,34.93477575662533,46.94522750935815
good_form,46.80028628348854,43.82644261900629,33.223737876769725,44.263806685682944
good_form,43.62820333405503,41.049622841382025,32.61859900528519,41.10477979204118
good_form,42.482830231098085,40.224379522281815,32.37050907505956,39.64423453250177
good_form,42.27086353930922,39.098899018203774,30.877406985683834,37.431045574003896
good_form,41.75157428148467,36.32828379603018,30.290438457319567,35.68003597009631
good_form,40.70261184250154,33.93289885497659,29.547319886746365,33.61163046795856
good_form,40.85978726359613,34.394517599785765,30.339121122479682,33.80570550426265
good_form,40.19903747892355,34.08691977027398,31.028237792637793,33.91900212790496
good_form,40.7856246421086,35.11607664334915,31.790467228698922,35.527035332528754
good_form,41.595233052920605,36.61563722532409,32.5677043720617,39.709680536962836
good_form,41.843036818891825,37.20506789686323,33.15843057437986,41.255057164695344
good_form,43.12897034342844,38.64021314495571,35.29591167213753,41.86969753973487
good_form,45.41286119614816,42.556818775549466,38.37705772890886,45.27416659970571
good_form,48.160225468302436,46.10412033961048,39.454551105978496,47.02811788855671
good_form,50.70750801195064,50.09372649336417,41.618048177471636,50.49992875944795
good_form,54.238628607416715,55.2704641118614,44.81435532434686,55.57408113933203
good_form,58.919870393570534,62.99902582163891,48.00353004390639,62.10994393606687
good_form,64.64152839473337,75.16884375223253,51.8630906898814,70.50913191537548
good_form,70.05128176620161,84.17930165041071,57.634050733605484,79.53586068138159
good_form,77.79657137040437,92.82049472316083,63.46685258652241,88.72947700883199
good_form,84.43801751877623,104.74661329267477,68.73351974695301,98.63016842839897
good_form,91.28724835790871,108.91216727897876,74.55906048376973,104.0590995214415
good_form,98.57731944329777,113.83084972469123,81.75317745370631,110.8156131568088
good_form,106.85853509627086,127.48098927782374,90.54553159779475,124.80555423563125
good_form,121.36431232884775,143.42030994840326,103.14926147634941,141.32915475929337
good_form,134.22849186189336,151.68242158418113,115.67787559319385,152.74370380399637
good_form,147.12776547168357,156.1094182272811,127.59456977560994,161.06633130099664
good_form,156.88091276446082,159.4552099394363,132.64588150408943,169.61742003338915
good_form,165.95711954251678,163.1881512955094,144.54140397567377,179.01491106447602
good_form,172.38317589841554,168.3232402247931,154.83192759717292,174.9705058340411
good_form,179.2788150930073,172.07116425911425,167.974648804886,169.54887463025537
good_form,176.946499014016,172.31920544561456,174.7213554131034,168.39099734917335
good_form,177.77187441178728,175.36718964281616,176.9927907473444,166.0703139592034
good_form,179.5381836784313,177.32685790883352,175.67386707871734,159.88627455827907
good_form,179.93753058610295,176.653914337612,175.75370152744105,159.15101029302923
good_form,179.75448261851741,175.40126265670204,179.6681709166275,159.07150605600128
good_form,179.44058676412968,177.19207005582723,176.53830391886328,156.55633311273456
good_form,178.66267251968642,177.49613061811087,169.990125436786,154.08651724534766
good_form,178.85505854697394,177.22356346932307,167.1304095199344,152.6534014986942
good_form,179.44761257800826,177.66071054661475,167.96761300924558,152.49275868372078
good_form,178.9878855200836,177.0057525662568,168.71057855703978,152.31702623670182
good_form,178.19982111251335,176.37924279933748,168.89987115270515,153.6873111228666
good_form,178.16022416286663,175.92096881506336,169.91062925527615,154.67164413341453
good_form,178.35352920744708,175.83447473571633,170.02981150816626,155.16148330225104
good_form,177.8137286029798,174.67596944111693,175.77818300772364,156.9481098451773
good_form,179.77852690767529,174.72090946538,177.0056590778993,157.52322910370572
good_form,178.0396899784198,175.8592941582146,177.50883713158697,156.64520694375364
good_form,178.92338201350483,176.91153505561604,176.67744009596623,154.98077403211215
good_form,178.0874030400566,176.98768454118783,176.7644299685968,154.91285082247254
good_form,175.45164075757117,176.31797526229764,176.51310581862472,155.93686879400198
good_form,173.77603105725956,175.6010805258908,176.40615790722958,156.7574854844008
good_form,173.91774562579226,174.44954429534442,176.2845843661037,159.07981850135823
good_form,174.6577211545303,174.2405788747479,174.922223622001,159.4017444523893
good_form,174.52940752190395,172.94319937024534,174.27949937543661,161.42198854004388
good_form,174.20875456398105,172.04684049561516,170.76385793878373,163.87030982284088
good_form,168.80672517228845,170.66368362604968,164.1070996844973,167.34435657290584
good_form,159.98996033358782,169.52556754460633,154.75420648941173,171.06932236659517
good_form,145.51345742839214,168.53647387999686,141.3706947876273,176.05871497318034
good_form,134.24966991305206,168.66694795691072,126.19081756421797,176.8022066131311
good_form,125.95603687979676,168.67716505073474,115.34356835820141,168.27915557037213
good_form,117.57931491550522,163.80525283663562,106.98014160734255,158.8116498250378
good_form,115.12072341984737,156.60773290109384,102.36513436417738,151.31346515531558
good_form,110.81282227284532,150.1876479682733,95.99214533023853,143.28418519964885
good_form,105.77015310221842,140.6122286700052,90.73537135510927,133.34221564249856
good_form,100.32203329715293,131.7609732956205,84.51855508194821,123.6297118346168
good_form,92.81399182837924,120.15874974523263,76.66745040811871,114.19429129642896
good_form,87.536115929017,110.08058112007086,70.27898333038824,103.15302335719566
good_form,83.3840909566191,103.86398873906478,65.22232173174613,95.62940898905417
good_form,80.77472749494171,94.80416238880184,61.2850124248198,87.46999323284294
good_form,76.63776027026807,85.63898462197272,56.5047848115366,78.65556024322534
good_form,69.64932593114423,72.22049984842567,51.31502554330618,68.52214552882475
good_form,65.01650032052777,64.34435949563392,46.6829559515756,60.91912363870617
good_form,63.264694658690345,58.7026604523609,43.143910077648655,56.77479906017775
good_form,60.439809003309946,53.30173394350849,39.87032445255389,51.665107841396214
good_form,57.18781135626258,49.586318313862115,36.86571948087967,47.416597087390656
good_form,53.39493502475228,47.08898348874655,34.85476449311991,44.961981248709094
good_form,47.579089681694086,44.33385036364775,33.76286627797209,42.171467563609625
good_form,44.41614510516388,42.23965165995771,31.6361341548616,39.42786256361037
good_form,42.484388417404446,40.33398159460223,31.15465236327401,37.59777074362302
good_form,41.529372400988834,39.030079918284244,31.098191395008147,36.506537985472626
good_form,40.656028053151,37.73251115950988,31.013674014145064,35.47917121513912
good_form,38.69948735786305,34.71742495325536,30.278042990485606,34.5738398601449
good_form,37.801596658869805,33.66885179055122,31.444222903069896,34.79831232102043
good_form,36.64543277168034,31.91705586620405,31.685196169100827,34.36759697216529
good_form,35.762863944913015,31.45369448724269,31.459985921601394,35.16281148929777
good_form,36.95940930518661,33.49746360727503,32.32366897217252,36.41077576309134
good_form,37.280004748743984,35.089656604615044,33.02627999425538,37.2389824241877
good_form,37.968352194064295,36.91658860194497,33.46605950034945,39.069211183694584
good_form,39.06040358530046,37.579726819932894,33.51270060833795,39.45389492618217
good_form,39.26869193391425,37.47779977697443,34.7330995220892,40.05302244719503
good_form,40.637418080862254,39.24172917482699,36.2699892002474,41.41681704314154
good_form,41.70673183332871,43.70908007726916,39.23597653021028,45.620747604870246
good_form,43.631027907615646,46.9685490746618,41.56584243515411,50.027069830231845
good_form,46.73790945750485,50.98416717743886,43.83686340868643,53.835509484483794
good_form,49.37333791845101,56.57802430769968,46.84952423116492,58.20868128526663
good_form,52.62199505151011,64.52920508719025,50.70626606799958,64.23447991994374
good_form,56.59178747620331,78.42760596254504,55.080669671053506,73.4381574912685
good_form,63.81246463384582,90.0667305643916,60.52037308162522,85.45312152375425
good_form,71.16844003442287,94.18993140636502,65.5815898451529,90.65037652938996
good_form,79.65422320209387,105.19243059630216,71.74075307917238,99.80300223342287
good_form,87.97643185016176,114.20744210955536,78.3850057554077,109.87584601133338
good_form,96.56273211313737,118.48591688312445,85.03472656897257,116.10614163934919
good_form,108.5430280429226,131.26691831543388,94.97723389732847,128.96125267742914
good_form,118.32766305938031,148.80068169507356,103.97482893206742,146.89358271492407
good_form,131.77725721155352,156.13385337021117,115.14778626024795,155.05486540947544
good_form,146.33917242912955,161.24574004404622,122.85456803393284,162.9857829630233
good_form,157.24664744573192,164.29512075956427,132.9086564861961,169.50072769885693
good_form,169.6905329167758,169.00990925088536,146.11086915562157,178.15053100571896
good_form,178.2225524889499,171.8763837224806,158.72936542788034,177.22720188896753
good_form,176.2062680257702,176.5989277048956,164.73155103009222,173.11413955449493
good_form,177.18656116664053,179.29387811992015,167.32763136378287,168.67276728155898
good_form,176.7650796857252,179.26935014601986,168.15546562133662,165.41702151919972
good_form,175.93842303191465,179.3294903295872,172.72035775809346,165.06268902557196
good_form,174.55543534399533,179.2556774029269,172.09694434737833,164.2309054637317
good_form,176.8050118435151,179.75511090851793,175.80703420720351,163.81202883989613
good_form,177.0431489651542,179.50930081300876,179.38295517780622,163.38405083312512
good_form,178.63956330079122,179.1275607655369,178.9661100048334,162.876947420502
good_form,178.8953388783255,178.52238451296287,178.68937739351472,162.21310603044574
good_form,179.41685251062552,178.96267740470034,178.7238517423753,161.59890825605265
good_form,178.987613095151,179.1988153974568,177.77606960678858,161.3632962497316
good_form,179.75492543687406,179.18765471012537,176.63700669389365,160.3890592993092
good_form,176.65885493655045,178.8772807685103,179.27458219413828,160.47492022371495
good_form,176.04842644905636,178.16341700914728,179.9238075944218,160.67166692616453
good_form,175.64517603398113,178.55985569513743,178.00347196527542,160.5273716681721
good_form,175.82674387672046,178.99761114197443,177.07384898017588,159.6905018775349
good_form,174.84939120000803,179.7659264105589,178.68847980152478,157.3138895934652
good_form,175.2242637973875,179.2558114401788,177.90190032696063,156.89161940310697
good_form,177.4747000843757,178.90656422251632,174.8543715614284,156.82403089620246
good_form,179.0726784976895,179.6487748916888,172.04266862643948,156.5788934136904
good_form,178.9490267601662,179.51750238421403,171.54727704363216,155.90285033689545
good_form,179.89379220302055,179.35119599690142,171.33365713282828,155.8318812415359
good_form,178.04669862254295,179.02713071005735,170.8572185530636,155.1858618193436
good_form,177.20702862997854,178.17857814377743,174.2523795238039,156.10695863486148
good_form,179.4934774539964,175.27722880031925,178.07392885631776,159.90156329971163
good_form,173.84258413337238,174.59670827754894,174.1378337213457,162.02411727034465
good_form,173.4046619821329,174.82810199697255,167.5890988814514,163.8635657837029
good_form,171.3961865403645,172.70405545018343,162.19947323490655,169.24563434762007
good_form,167.2886261426253,172.85850814585135,155.15014870791023,172.56139116756503
good_form,161.36895467587638,174.45644248271734,148.22513403857468,174.93837080442495
good_form,144.4156878899254,174.51465994340202,133.35408088064605,179.53302590165683
good_form,134.28178553203435,170.99946122949325,121.46608629998484,171.5672417898317
good_form,117.98172342562574,166.6894265075584,108.17699655512166,162.2047275287861
good_form,110.91191984070895,160.4916126217228,104.29496346942986,154.17393854707154
good_form,105.29142749448553,151.94876278006586,98.20264340503897,145.0268969221179
good_form,101.80187762260914,139.7128482073892,91.31003739394335,133.6673687619239
good_form,96.52822346119257,128.0179913815654,84.83923395847785,120.62817299855396
good_form,91.4618024757778,120.50897074849226,78.3504911554338,112.5007044330565
good_form,87.77860768587084,112.22096134236676,72.62612060765183,104.82244109318411
good_form,83.07411038577033,106.92178397694408,67.46568821216185,98.01126076535132
good_form,80.13719681796823,100.76177348632342,62.874793083968484,91.33622619234905
good_form,74.94343340428321,92.06405898280133,59.27447889961637,83.58789939448687
good_form,69.4048199505985,80.7005120368907,54.51098692678466,74.04366820740249
good_form,64.79694189444103,69.14612224847622,49.01369335076885,65.58664298263103
good_form,61.04928921820408,63.83424723735338,44.65350150904201,59.00840333231274
good_form,57.560573179955135,57.57939335790636,40.93339753950768,54.64100623378434
good_form,55.50038960942891,51.88632867178405,38.94871982316767,51.273882515521585
good_form,52.21928418896566,48.35814436955782,36.93085952032501,48.36286863024441
good_form,50.23929621881455,46.82705836825689,34.66414436225559,45.83123754879034
good_form,45.990208301893766,45.03570021463194,33.223022990759304,43.39755238901445
good_form,42.23311378548155,42.57083330535827,32.59036112829525,41.06205313917854
good_form,40.02393002181448,39.180222876924134,31.783174307736036,37.864292074526375
good_form,39.64183887553507,38.16192722685408,31.616492911135733,36.79048954993317
good_form,38.61153755404627,36.13497756587419,31.924039770982894,35.633918512026916
good_form,37.19765379613411,34.6645760338966,31.51509889532665,34.24743821009614
good_form,37.257462864951016,33.91865149205826,31.53341810615742,34.28483345698903
good_form,37.08553372752146,33.476984706297266,31.98172422079509,34.08913979334653
good_form,37.157479596205064,34.00988607107884,32.62640123881203,34.60958257781374
good_form,38.04966621965086,33.626684361646,32.80875566369414,35.07455619693352
good_form,38.6769188992617,35.27087221874207,32.86666904687584,36.76657398402986
good_form,39.07478310842663,36.63270699833619,33.441751746606556,37.675553097601416
good_form,39.502809777076806,36.86462563877519,34.440088930083604,38.367751100881804
good_form,41.606633318332996,39.15310871888131,36.29856186393588,40.270220742563964
good_form,44.5926787040756,43.11065485209929,38.01499620199815,43.73952784367508
good_form,48.9506152804924,46.5868341505663,40.132674027733486,46.98782162486206
good_form,52.07224148333315,50.82530385362513,41.59698221369746,50.02897258692617
good_form,53.976324589119024,57.75949933749337,44.42025372960992,54.0357743779297
good_form,58.08346836420395,67.4565343733054,48.06588463108015,61.38720166176711
good_form,62.68496593223182,82.92384806713244,53.46358456983197,73.22961630464502
good_form,69.58502673528909,86.68261260419365,58.349710785602824,79.24849407040588
good_form,76.83879455589937,97.22350157073345,63.855332789370784,91.6215555187919
good_form,82.41253475278296,106.24161513899315,69.50508185098091,100.03749368864105
good_form,90.69323633714589,113.57690361676202,76.0295324048976,107.18662337740918
good_form,100.50765900019991,119.4057641914149,83.15428562341967,113.85150678012862
good_form,111.05635861785731,134.02229433466644,92.5991264649407,126.31879227805514
good_form,120.41299976179656,143.20915287922847,101.12797204344152,137.40160434599335
good_form,128.9166501592798,150.3601982511351,109.55448149829475,147.84521278909912
good_form,145.9509850402535,155.05062836461732,125.63123745520639,157.91301133524172
good_form,157.59582574894438,158.828567525352,135.15986215078692,164.3678191129236
good_form,167.8553955316822,165.88112584843648,144.5820292796404,173.59689553203611
good_form,177.31509397201035,170.29653099377455,154.5352832786258,179.78599920674768
good_form,175.8980782953668,172.63923028484595,163.89282146860438,174.75474437648566
good_form,176.48384607591072,176.56218090920754,168.89484199230478,169.13330744543657
good_form,177.95125504376472,176.6700080281436,168.06843910068457,167.54055929040692
good_form,177.63239396797061,177.33006883585372,172.65365735990545,166.97815985392253
good_form,174.97897176023326,175.93308441767422,172.48174905261953,165.77444997880158
good_form,177.62985870352298,177.37124492629573,177.22808474241074,165.3794613347718
good_form,176.36498852272487,177.9203307858089,179.44398632956015,164.18075872888025
good_form,177.0702916725906,178.67889356027035,179.3833544305363,162.99047359420345
good_form,179.04972260957484,178.56860448935126,179.5372613250581,162.03201687486194
good_form,177.2349882850646,178.88987274421405,179.82802835285716,160.8011231942963
good_form,174.33367940831513,178.78121147724852,177.79140018945395,160.38588370855067
good_form,173.63840157057862,178.05180424610754,176.5127141060697,159.97896840000044
good_form,171.90685042153714,179.4161696743332,174.54898654445475,158.63374789296427
good_form,177.19707382907853,178.04914323860973,154.0680507486725,154.24646309365002
good_form,177.1319104371705,178.41814207921425,154.47276757710716,155.1365378870269
good_form,177.66659359248214,178.1938399744562,153.84961348552642,155.8900198007395
good_form,179.9381077064931,173.9928420394456,153.1540560840932,154.37826944835138
good_form,176.09941608965548,168.65895576750526,150.61680227964695,152.6353269749483
good_form,170.74583948818614,164.5130375682258,146.83748185588271,150.01899957680047
good_form,165.54247427195386,163.0175799976845,143.62916238113027,148.35316240110322
good_form,161.14582799579722,160.9980763734887,141.0592018025284,145.72319935057925
good_form,158.98871794736147,160.07988835938306,139.2266386522499,143.6847707446743
good_form,157.50181334271056,158.61541434925974,137.1445405501865,140.71341101459674
good_form,155.6225879483139,156.7173602734781,134.75492128180872,138.14045330026298
good_form,151.53665973283162,153.782527197406,131.37264263129703,134.75909501871584
good_form,146.60446788433026,150.88648555068846,127.43184983104082,132.0287918999883
good_form,141.27168065564834,148.75905644881428,123.12299749414794,130.57683736262345
good_form,137.37666486213146,147.26849993111506,119.16080311016547,129.26123506778416
good_form,133.2665145475565,144.14468155806506,115.17804279099244,125.99825679202621
good_form,129.93523263346688,140.93270147606583,111.74972996825494,122.64004167210229
good_form,125.64733625284225,137.04324523592356,108.49633668858137,118.0745271530941
good_form,120.9825877285661,132.04278852982736,105.23868484810974,112.59633949454638
good_form,117.36474045308813,128.85354365098814,102.08135894556654,109.16670232683566
good_form,111.83535405854866,123.23963253747479,96.96147972389313,104.17710831127707
good_form,106.2623066901314,118.33800843951528,91.5399522661518,100.62028912010129
good_form,100.67519222034338,111.83249853799585,85.85439860661727,95.73748374941715
good_form,93.44893266947543,105.82651645550327,80.26089595246589,90.15315397495237
good_form,87.41169490434658,100.02696117546019,75.27481870192946,84.35228055211286
good_form,80.60784490942794,91.32365109962399,69.40594810075605,77.0405608820027
good_form,73.86448748592304,82.6043853490986,64.65993476197808,70.76164996863284
good_form,70.30593455180289,76.6884706973142,61.06885573314214,67.55241279891771
good_form,63.4608742127803,71.6645264167096,55.32461093888727,63.54761094994356
good_form,61.63994651631512,67.10831988023808,52.80394747797947,58.86668753519427
good_form,60.30389135451713,63.971827459310916,51.30343554794421,55.93132985686688
good_form,59.3741261522237,62.227249344895235,51.52260925079998,54.41531459877225
good_form,59.62976883292317,61.624498179684494,52.05988402006853,54.603685555898565
good_form,61.051012250454725,61.542765256138495,54.19437766453577,54.74804413906071
good_form,62.82057606660089,63.38699907472306,56.04162138159398,56.8731286714679
good_form,65.25242713506991,66.04495817764445,57.64913266570128,59.49237310498303
good_form,67.26745315553005,68.74374509081417,59.31366757447843,63.24675263371923
good_form,71.98172705547054,74.80380624543297,63.60632340319999,70.18366062623421
good_form,82.49697259336943,84.46175958952868,74.85543682811065,80.66769236489944
good_form,90.33233149595537,93.21161550076933,82.6753624410536,90.26886981494425
good_form,96.25532083185163,100.84694673327668,88.22053272910304,96.96112598634409
good_form,104.54877701162886,107.76199299959809,95.42000086329305,104.55270846487963
good_form,111.77384945016905,113.63799120447938,101.78562814516275,110.80294002084875
good_form,116.35330854178417,119.92689321640194,106.21156980874791,116.88541312049037
good_form,121.25733766654665,124.77011758256175,110.0552337872581,121.31069507115137
good_form,126.47464542025915,126.83373912563215,114.28554888239385,123.5776697903743
good_form,130.56285512225364,128.4266946241095,117.79258112020256,125.79602725162277
good_form,135.38872347614077,130.2028330701214,121.99987252345132,128.31828744531484
good_form,138.4133491463218,133.77330880108664,125.11418260132956,131.5530338832051
good_form,142.74262073518904,136.1412755788983,128.34147210907335,134.01736393633854
good_form,148.89389246361813,139.40148529490614,132.34258923818615,136.58455165266565
good_form,154.7239877077042,145.25999930505785,136.40658568150013,139.69952579951186
good_form,159.82210825886006,151.2310250104876,139.91664467724016,143.35386371090388
good_form,164.6540319647237,157.88142743576088,143.01003057021023,146.86079888444382
good_form,167.73205959707633,162.01892774816514,145.06053041293458,149.13391404436592
good_form,169.25468781246795,165.66330882447264,146.13118455474194,151.15895023244303
good_form,172.32453023263494,172.4685108489646,147.52191881817356,154.6986152722261
good_form,176.08271265486894,176.8610786217622,148.70490283531342,156.89222674961513
good_form,179.81426264054596,178.08188492753123,149.7479276615729,159.41180147745487
good_form,178.41807600478674,176.32200945276662,150.66977936703063,159.89751504760068
good_form,175.18340359059778,175.3635043775696,151.88386547461852,160.05613066900742
good_form,175.1416812344967,174.82470780806972,152.2602785892095,159.85600243856052
good_form,175.03456457837217,175.56442740742682,152.41424452362708,159.415572951555
good_form,173.7023641006092,175.93911682780512,153.21471217693403,159.195326621896
good_form,173.603189193381,176.31270334782698,153.81552495520526,159.0605832240451
good_form,173.28797646285335,176.76797148798354,153.97299548450943,158.74449758418356
good_form,173.7127867413408,177.45005263228128,153.64318748289253,158.58098832864758
good_form,173.48763942517053,178.08034883292547,153.1922958065832,158.6537636575919
good_form,173.33948370573373,178.1320447676767,152.76719268591134,159.1092255376459
good_form,173.15300423677056,178.52056207323903,152.72863041702124,159.23859754728178
good_form,172.08834547823827,178.60453196306256,153.22153426227118,159.31960831542634
good_form,171.25692236373175,178.6196508535617,153.8197476358928,159.34927785537587
good_form,169.7458350378162,178.86760348382387,155.0326639933309,159.16934897050805
good_form,169.3895270841279,179.12970424345932,155.80484103008197,158.62149762539184
good_form,169.23411275734665,179.4925234059086,155.86248939832907,157.96092970351512
good_form,168.736551761506,179.7468741247766,156.18512856008778,157.7266821237482
good_form,169.00055003514888,179.64418052913828,156.44919514571674,157.54141522562014
good_form,169.0363010544637,179.71983241830875,156.55923153560107,157.577279691836
good_form,169.51474725092945,179.22613827014158,156.65384370688807,157.9128446252545
good_form,170.53124813830178,179.33305425745368,156.49315496340498,157.88909093766026
good_form,171.35569061896595,179.52999448485224,156.24386774446563,158.01850151680947
good_form,176.75704061471382,179.44995206123545,155.31911771781913,156.96981292032456
good_form,177.07091073463013,176.00346638679088,152.72373159314085,154.7476605571057
good_form,169.9999484302552,169.39063587412,149.2504592854494,150.84205684617856
good_form,163.1842392170442,163.86837177750374,146.23039237934148,146.83656515242205
good_form,161.04267125169378,161.36757191680255,143.98492386862102,144.08362154548144
good_form,160.9021947044908,158.8945789003118,142.48637799069752,141.19627071623552
good_form,158.902526107311,155.8316865670113,140.79887177732058,138.39806410573274
good_form,155.14469643248486,152.30355231708242,137.973275259398,135.1432756750822
good_form,151.99300358263406,148.42431963349335,134.6797890834166,131.75690353614576
good_form,149.26407457219136,144.2966667038156,131.64306144457086,128.72667795308487
good_form,144.76729382493082,141.31985651952877,126.78103426347428,126.92069971818364
good_form,141.16853501245419,137.3920167468381,122.91662096516787,123.88129319828425
good_form,136.7270274429014,133.1949566962821,118.3496727051168,120.9499859911339
good_form,132.33464797871258,129.74734762532555,113.58655655422882,118.3170721820371
good_form,125.01850767542203,125.20580853030387,107.44415887634183,114.08044036688028
good_form,118.90979668802635,118.80688394617094,101.73955292987635,108.74090942697515
good_form,112.52815802943974,114.63087651516798,96.63806555917164,105.35473989015273
good_form,106.04160583014738,110.4943126018426,90.51727061813867,101.70975479941382
good_form,100.41155765186573,107.98432214511435,85.42179355809746,99.75926750887731
good_form,94.45323466819929,101.9953493097944,80.75385476434361,93.94430545169581
good_form,88.62615007696917,97.3856550470883,76.7819015180315,89.72570417670954
good_form,83.8825634096874,93.53834429036112,73.93335591142424,86.30215397995175
good_form,78.82841033356841,86.83139948935147,69.2393931044775,80.93073847302344
good_form,75.17241386239373,82.63471422339185,66.82616736151277,77.86095799694948
good_form,73.36341298155632,80.49757028048766,64.63514042010664,76.21120813403721
good_form,71.87425153729224,77.39332230603975,62.944849754620506,73.27720837009018
good_form,71.81318137756796,76.50258157449787,63.1944582839002,71.98553388717548
good_form,73.32058087301563,77.48150957446309,64.81662703221102,73.24457943173186
good_form,75.49479837503277,80.21730522735614,67.18333401901467,75.95783060435781
good_form,79.12325137234433,85.69861181948446,71.05550133839978,81.00469704839884
good_form,85.24627045156234,92.24783502798124,76.60501757694087,86.90125487679035
good_form,94.37281297366218,99.7341777760235,84.977706859539,94.8886137347223
good_form,103.11897916195204,106.89254739914301,92.85734464618206,100.6938349764464
good_form,108.5649773544576,111.76646969809387,99.57273036258889,104.99979812205825
good_form,113.5227088141921,116.61991099635573,105.31639060802203,110.11301605040086
good_form,117.47965445922458,119.52941678872637,109.99919354388652,112.96611260496545
good_form,122.42469155360652,123.38505402338993,115.35295710490799,117.28856204213974
good_form,125.37910804397208,125.98015987838406,118.6822607075299,120.72545151503425
good_form,129.24425219563423,130.11748047832356,122.46290328082584,124.11674050604242
good_form,133.20708838796975,134.46971752470813,125.63669226428671,126.92870028749212
good_form,137.21277611192974,137.86672891546058,129.05845120694525,128.96210132931324
good_form,144.16292370505494,143.9272429545719,133.05682159697827,133.03461366563465
good_form,149.9797781170204,150.89271578355113,136.60657373589072,136.79593290271387
good_form,158.00926179674497,155.4546304142402,141.22462739808847,140.11273885595244
good_form,163.47458757011032,159.5157390196104,145.1594503666955,142.86045261492956
good_form,166.38814416298618,163.9646481246584,146.913329877411,145.37454583831902
good_form,170.23233759594444,170.04314865884461,148.72184851602228,148.8085931460523
good_form,172.88653196322784,174.8066276409706,150.06893704578718,151.15850381165146
good_form,176.44367307544493,178.62298613220952,151.41330015741437,153.21399835625363
good_form,179.50812940071512,178.0505653269352,152.56838243818316,155.25347525038478
good_form,178.45503288917627,178.26455518604152,153.6742699616023,155.39807426813243
good_form,176.8582521817104,178.3005136071424,155.13174570723234,155.42489999215294
good_form,176.04970751387916,178.74974007687433,155.92276145568468,154.92207204544735
good_form,174.8354961146462,178.8066540687652,156.82316932950815,155.3690140917334
good_form,173.60752681007264,179.01974429140733,156.8197696144246,156.30047852868546
good_form,173.31099729683123,178.81299016681433,156.67833381609566,157.23469965490685
good_form,172.28365266569688,178.42295814171914,157.04202622812858,158.03596249448609
good_form,172.02154905179,177.80997934106665,156.5260468560202,158.95405621394596
good_form,172.15494984547894,177.8408004546354,156.20377643028598,158.95283995912143
good_form,171.67092702194546,177.96315320282326,157.27933992845402,158.37170095525948
good_form,171.80787184157464,177.7463054839023,157.69574498759133,158.39895603466633
good_form,171.75101664286208,177.64811961321215,157.83501310630623,158.35536842281385
good_form,171.27897312994747,177.45293287863083,158.30974253831232,158.34025125755318
good_form,171.00257910427422,177.6231260876941,158.78786866443272,157.92637438605223
good_form,170.44372083060642,177.2829390920205,158.92263646259644,157.5722364044583
good_form,169.81713572947692,176.9849914426425,159.59500821220703,156.8634166672897
good_form,169.30176417644577,177.23586443885338,160.2124243487251,156.29134061679144
good_form,170.19541329616723,176.68562431461882,159.60600175072958,156.47216404062377
good_form,170.48228974371438,176.4374008523662,159.64226173553527,156.66014677985322
good_form,172.4421387158934,177.071514702577,158.54156547887328,156.7636670085558
good_form,176.07740987140772,179.20731737743154,156.87917697424356,155.40439693678982
good_form,179.9476821734107,173.37534440097969,155.21061130630275,152.91380499546392
good_form,175.41349236322435,170.01971012528895,153.30279784248424,150.96775898429084
good_form,168.9488590605581,166.38577328737878,149.27831412359996,148.65465705103793
good_form,162.03118192695317,161.50178862768453,144.72736609621754,145.6078777991693
good_form,158.9632616572761,156.61098537208,140.7082045697749,142.60974158423232
good_form,155.84308945740034,152.78809072492277,137.2036074710042,139.04888601300178
good_form,152.1174090072573,148.78678153500775,133.74990525486044,136.00161419437845
good_form,147.88467789960748,146.08781397977208,129.9219504693762,132.52730400818987
good_form,143.88164537794535,140.22973512613007,125.35497642690785,127.46495585964931
good_form,137.52312201133537,136.06154222581702,119.44977766490037,122.92859917689194
good_form,133.44883536948265,131.84910485806893,114.36991777491833,118.69655876292299
good_form,127.65563872191413,126.4277173420581,108.35897321377387,113.05333889457182
good_form,120.24972057146874,120.22157934599088,101.20308799897236,106.66905948796071
good_form,112.6492722445243,114.46421875846347,94.57775885833837,100.47385535675193
good_form,105.45481380516702,109.63076625793317,88.3065155938147,95.70903735553446
good_form,97.35210386029655,102.9502387512302,80.85802197575997,89.75223745314003
good_form,87.83648197267496,93.46205472005305,72.65375460307921,80.04903432542238
good_form,80.08451680037182,84.55868713023223,67.2700552549664,72.44650068122732
good_form,71.6800533361305,75.89263109026575,62.81504314005724,65.58319054814277
good_form,66.90587819571435,69.29646259876326,59.9915873427929,60.67143877380134
good_form,62.59063069131394,64.09223770721636,56.73656483101405,56.38592479091556
good_form,59.51256515115637,59.97774485275358,54.57870625717282,52.999534310429866
good_form,56.50333031786653,57.55666015002009,52.89552513117784,50.295668964883504
good_form,58.313541231225926,58.14053127595078,53.909253172921716,51.07005975684597
good_form,59.86542099099264,60.1934988047365,54.719786390697834,52.986952246486034
good_form,61.56035934635946,62.960922393300145,56.25071111192345,55.167709761049906
good_form,64.77235265019651,66.36729864043387,59.49514408740332,58.8895764232653
good_form,66.71807336933155,68.33792088061544,61.04163320592795,61.931660381789385
good_form,77.90294241737024,76.00763444762626,70.37372375827631,71.54815715418161
good_form,87.98966559674739,86.47922420689174,79.92249509394135,83.09924756870362
good_form,95.65829533295499,96.14415548335745,86.9892536237416,92.26224535560613
good_form,103.31201861152942,106.68326671622079,94.40590110552657,102.09911005713178
good_form,110.32472904701442,113.70526668707235,101.59021969332184,109.67238671491887
good_form,116.94076040481124,119.23664457758719,108.1117097406236,114.07872217377673
good_form,121.52372481115407,122.89524476769057,113.32781108251095,117.81450382256483
good_form,125.71948903657665,127.43486420197179,118.02679310986004,121.1876814584721
good_form,131.17592499420562,132.64778652070711,123.1961600237564,125.64279056595595
good_form,136.02647302422454,136.73354693263272,127.10241989771531,129.05462760749674
good_form,142.99098480150133,141.0228664013229,131.7683924673393,132.88691732612122
good_form,154.3662925320511,148.3208432367714,137.5441662201306,137.07659313023663
good_form,159.42040325261405,154.97755121748173,141.14843978249283,141.2626607808954
good_form,165.19747687703145,160.9299876748881,144.65976945606434,144.93571598395172
good_form,169.6765057944971,167.62878644862718,147.32298500771685,148.815261188841
good_form,174.6448864200823,171.34704848011737,149.62235289592473,151.06850662227515
good_form,179.34401943092013,178.00581774615316,151.6355018696888,154.85796306970187
good_form,177.92335575821085,176.58423718752775,152.92284225005835,157.48382328049567
good_form,176.7454039500543,173.82352785915268,153.5553198860427,159.0219231040186
good_form,175.55193607268538,174.48396180253545,154.44071790629496,158.79902003731806
good_form,174.55301559190048,176.20445949086192,154.8455466357805,158.3221877563705
good_form,173.6470079117339,177.3963056919303,155.47474596953262,157.8346498724419
good_form,173.61564935173797,179.0039046061045,155.7323906328911,157.826672771346
good_form,173.91166009435722,179.67739411503803,155.59750785627259,157.9314698076329
good_form,173.44449744654733,179.99118093373446,155.50661300684152,158.21546513428018
good_form,173.48905552954923,179.67490445369995,155.05586588155103,158.2069238797535
good_form,173.43890413005388,179.41588124533638,155.01879375988787,158.07279286885475
good_form,173.2016967220081,179.36760848953642,155.10403278095407,158.05392081793403
good_form,173.3597421092581,179.41144155920801,155.30075092948346,158.16442521133783
good_form,173.40231788724566,179.3866794686931,155.45248563355733,158.21494921301684
good_form,173.1794354485633,179.38825484928998,155.5799426927087,158.24580813259067
good_form,172.75548706303516,179.3018817722527,155.4985948296898,158.1427845189872
good_form,171.59994598258032,179.12402190303303,155.76246029331725,158.05178773674606
good_form,171.30973827072813,178.78651208370616,155.44072902870408,157.84337677412282
good_form,171.0064913381449,178.32324934027412,155.60464096066391,157.13925931914198
good_form,170.81257223037306,177.9538690764955,155.80454970089238,156.41966210634826
good_form,170.73240221171707,177.97372178672418,155.83028563325774,155.20848179924135
good_form,172.6876211948999,177.66459740800812,155.3250941001327,154.69188251703008
good_form,178.27087279793767,176.66399322721344,152.64730873535828,155.45161061565685
good_form,177.73698775762898,172.86271063421626,151.58563337102686,153.5171369937687
good_form,170.74107973543488,167.89818433687802,149.47756000982938,150.36636439946636
good_form,166.17246578099252,162.32138336092467,147.10863678093824,147.166565940214
good_form,160.4577863568544,160.11894389533754,143.78800807555885,144.5796090545822
good_form,157.39294178567826,156.52394096492185,140.48346034773255,141.0963763303853
good_form,153.49646401937645,153.12169657418607,136.41854220432097,138.2503057865197
good_form,149.1286170488943,148.1482739207247,131.96323089004483,134.43692190760086
good_form,144.1502439861087,145.75794121890087,127.20400422072062,130.95411741260665
good_form,138.9966941215253,140.7158423796998,121.86667333978049,126.82696726720337
good_form,133.26610875606758,136.78970059543772,116.18273198353889,122.9465210436702
good_form,129.20122237264223,132.7446128728145,111.56645201216979,118.74858220048054
good_form,124.05508645540667,127.81996163530653,106.98058648679786,113.2205639770726
good_form,117.8933771875542,121.64568654208877,100.69296330912492,107.14149330615436
good_form,110.88416194695006,113.96596910057895,94.29569949095338,101.08991892052688
good_form,103.82816175406549,107.43055637805587,87.60430082228385,94.98473427845897
good_form,96.37197750210566,100.47688595169762,80.5411747348212,89.46701991622882
good_form,88.4004953118187,93.58533632340983,74.32008295407799,83.23411935019772
good_form,82.27577112072625,86.68821258138925,69.38947929074176,76.99259480316915
good_form,75.32164406372392,79.15030715608323,64.3960486581838,71.99374368350621
good_form,69.07337685848853,71.83015488805289,59.444628943010656,67.15140398734016
good_form,63.96891172422009,65.11004856571795,54.32195198448512,63.444806517623086
good_form,59.557752077269946,60.185763835753605,49.72384951481298,58.17288540372825
good_form,59.00630879434506,59.65806785325965,48.98435339932536,56.41247929360919
good_form,57.543500567314,58.39612643896508,47.690368001813695,54.868956985001546
good_form,59.61733614213735,59.124287826318785,49.59168409184761,54.984902328584965
good_form,61.40386377653916,60.05291205082281,51.574595738489066,56.98593080389866
good_form,64.76277518585168,62.09242763843629,55.21940569150076,59.7700657265511
good_form,66.71218125528083,63.82446479563706,57.06330473480297,62.123086403092266
good_form,71.88206156011977,68.35553638610942,63.44544596162887,67.09611509762928
good_form,80.30351678479985,76.09319861336417,71.92154015744045,76.12978103964623
good_form,86.78676357509721,85.49684301038774,79.61244094291844,85.20543145138407
good_form,92.74407585149879,95.41974061436177,86.77677019292344,95.33727586222795
good_form,97.63099196797083,101.65766644876854,92.27414704040103,101.75303228425838
good_form,103.13024964781272,108.27248522584796,98.64921117627547,107.82669363159752
good_form,108.44453411147012,114.63027795639029,104.81448255730857,113.70841814381856
good_form,113.81066021439295,121.19345902368465,109.46550756187746,119.05293795270208
good_form,119.06691749533681,124.05495875982778,114.07352730364858,121.88729403450193
good_form,125.48373587412144,128.03128363059554,119.26125526169488,124.82127754142533
good_form,132.43215131169725,133.67257012956486,125.48850362131934,129.53850180115938
good_form,138.19793138616478,139.73220542829685,129.09447057465948,133.3110591302805
good_form,145.44634258620215,145.8121254547356,133.18432258710914,137.80410270032408
good_form,154.0195941168694,151.93125080003495,138.81789698807532,140.5713128067188
good_form,161.18575939449093,157.83781131529102,142.6850168805251,143.40869605936976
good_form,167.29901829355035,164.28329862864499,146.72308627377066,145.1574657609961
good_form,171.9465563037026,169.79559670489851,149.29563979391807,148.41380302708362
good_form,178.68177287186927,175.7640457001715,152.897442064855,151.3626172881718
good_form,176.4051659903955,175.9679799107684,154.78960639546872,155.698496805141
good_form,172.65613474543233,172.7474503486543,157.70906844416712,157.69695696176524
good_form,173.38474316571967,172.70329899848915,157.7056655025616,157.87066458064615
good_form,172.84577917849518,173.97556565588815,158.46924890061123,158.05315295879424
good_form,172.74347553448627,174.31774755250245,159.08084219790743,157.99574525199523
good_form,173.0321728625771,175.99927932469356,158.60205559977427,158.16872349351576
good_form,173.4702708574107,176.66451938651198,158.27145002482203,158.23064942592302
good_form,174.14493885540915,176.5166002122045,157.2069482672712,158.87423652320408
good_form,173.71527241213462,176.90179453660264,157.4670882881091,159.28576985573307
good_form,173.50670020815033,177.19262352340047,157.42448428467827,159.5471912477123
good_form,173.10592542007402,177.13921299252266,157.44047631261435,160.09387766217014
good_form,172.94901268958532,177.22301561260542,157.3712909487358,160.14302452359752
good_form,172.7980847077545,177.20506120291205,157.2845612018748,160.23043938150306
good_form,172.5671408631832,177.42289543431792,157.16878238582245,160.15292977892045
good_form,172.5336507822937,177.37165256147674,156.9936741728806,160.28222624047166
good_form,172.35883099439846,177.36154572468,157.10725254019724,160.3066817027422
good_form,172.004760683329,177.31746927945255,157.06341264130813,160.30349262787968
good_form,171.2264429415955,177.5850552100774,157.45725415462775,160.10855250319148
good_form,171.902752765829,178.68236852329892,157.2631888517566,159.59369598487433
good_form,172.58350038908577,179.8651317742223,156.77844923477363,158.779486557987
good_form,174.44763137091797,178.55832517419157,156.09272741907668,158.19476487902426
good_form,178.01289346485933,175.44138433970704,155.1215996458024,156.1485098541019
good_form,177.22925778743192,171.71766717572407,152.5508891171548,153.37988096002067
good_form,170.25981829693836,164.61067287584584,149.18651179116716,149.71606566924308
good_form,162.84924563993482,160.32084896552163,144.79797188409256,145.86050383336084
good_form,157.9162902802452,154.56034398539387,141.1855303907278,141.65410412846546
good_form,153.32652451165626,151.2034210240527,137.93454717226018,138.47048466361156
good_form,149.44356247492706,147.66688741925148,134.77314598434637,135.06573029890203
good_form,146.73344667300566,144.73623177690686,132.49719591847085,132.51797661309277
good_form,144.02278900122337,141.22369108072613,128.8468927071296,128.71545013208544
good_form,138.04932842341813,137.39286589345195,122.78399164961905,124.80037246350858
good_form,132.47439874422747,132.0098865245256,116.3711087470559,120.13101782566739
good_form,127.182295155785,128.41767062535587,111.10038419787918,115.71400752780727
good_form,119.10439760517332,122.85166362562714,104.87539390628297,110.70018956945603
good_form,109.19961063827256,115.10805296817422,97.70062640211495,104.4321105728825
good_form,98.60602593018302,107.4894222241312,89.83914577470706,97.73859281059254
good_form,91.40339009637086,101.86944031441293,82.66002561707317,91.56794257288709
good_form,81.29880719846778,93.49095457531197,74.34382869908688,83.72209618216613
good_form,76.25075454302318,84.8846675634415,70.0756765362513,77.5312692461799
good_form,67.60363140075606,74.58174240499766,62.63442285465993,70.0862523183389
good_form,59.3088905152788,65.81449115850053,55.2706210458723,62.26896707265937
good_form,55.19903157401522,60.29999605443093,50.34781830068194,56.17697744466256
good_form,51.22593771093865,56.877715340752246,47.67244575458096,51.83330801441712
good_form,49.42760597640498,53.64358822832967,45.66919160342207,48.152197118894186
good_form,47.991809545215716,50.309284654308186,43.99980829535192,46.14726688237556
good_form,47.85705987470381,50.53569899424137,43.790336698291554,46.633514047312765
good_form,49.192397656351226,52.091907773959925,44.46864603597349,48.798854387855705
good_form,50.327213160343604,52.92980817205442,45.597673852630884,50.175443215327256
good_form,52.46875354425558,55.20672789233631,47.60277428340604,52.995478153316014
good_form,55.506739747265534,57.64677503975726,49.156822940494685,55.313243171850765
good_form,60.644713827475606,61.39331454551169,53.98212388326544,60.81219463752101
good_form,71.47326786571604,72.47983563027623,63.634384475449586,72.97776512795059
good_form,78.35741226834938,80.28985208104184,71.09253254174492,81.14985262303213
good_form,85.95523517405661,89.77361775392289,78.75549991967381,91.2918636596948
good_form,92.87542059750115,100.1540493940328,85.50917056430994,101.3199662604539
good_form,100.54443977291015,110.3889307387465,93.00681658951102,109.88377378801277
good_form,107.48795037013389,118.10304525015533,100.44770390667759,116.67595176644514
good_form,112.71034340999606,124.01666470963956,105.20073905790932,122.1478411343646
good_form,118.85909854996527,128.42370575579838,111.44357634450866,125.48455991549102
good_form,124.0280917240145,131.29214609968557,117.60181120148486,127.8570177575983
good_form,129.38276613749332,134.42503824482398,122.57168986751486,130.7489874843285
good_form,134.59795494267857,137.39790444680355,126.00587430829711,133.55815654106584
good_form,139.29987221323344,142.91138420880137,128.87677022017647,136.3874872869892
good_form,147.4928650026636,147.49608711460968,132.3004286427929,139.31157537865312
good_form,156.60229253175817,152.7832977328151,136.64020682171767,142.82994806704437
good_form,162.52392391322235,156.57179785681365,139.08370510969235,145.28167872114466
good_form,162.11075577324206,158.5068525972273,178.55923196446045,174.26203070194026
good_form,163.56602036666538,158.68799191818016,178.1997078857238,175.65421340040928
good_form,163.95599063237074,158.43756988289124,178.673615164279,175.9623283872032
good_form,163.70111348083447,158.66730340581518,179.10055132453084,176.1958370431153
good_form,163.09213265312874,158.4634131950579,178.80655064072013,175.65337064190552
good_form,162.97824533269045,156.74174991384376,176.74714129726388,173.7171077768437
good_form,160.33078227187568,155.36434425446222,173.3798700491462,171.4234942278111
good_form,154.45439789279143,153.62103052284084,168.24082641000416,169.67119715674346
good_form,149.9598246988487,151.36024361959818,163.9841049792375,167.68517920202694
good_form,145.41411285363003,148.89350645367088,156.57918868092574,164.3862569089711
good_form,139.8882705371176,144.95762414580534,149.23906787290773,155.65075408139288
good_form,134.0765933106008,139.86602201770668,139.9638968692636,145.71339809198878
good_form,128.42172813891656,134.96494074041456,131.04872474135226,135.3730624569417
good_form,118.922301451106,124.38505931251497,119.38594204463567,124.9191468526596
good_form,112.07523405308089,114.25697487213341,109.12252565376855,111.51078000563592
good_form,102.30817820055086,102.84421663850864,96.70907658114885,100.06326568867564
good_form,95.96629582891381,95.07112520553338,86.71071690362015,89.39095457861356
good_form,89.41873847170193,89.34536899574016,77.42056137920832,79.6417592592839
good_form,82.59721256674544,82.51839229033669,69.41740343951784,70.29959100107914
good_form,78.53322816208443,76.15773277301113,61.98483802860437,62.013348687268206
good_form,74.82075341999504,72.65071507455009,55.74175821732854,56.87652223385601
good_form,71.07415665115091,71.78057712963374,50.593761027031405,51.561755729442325
good_form,68.82486339660058,69.21397781059807,47.28530227261638,48.83772158647935
good_form,64.11289875822541,64.58436025359805,43.47015218280808,45.57935558224153
good_form,61.39473295998642,60.8005589880829,40.88683552471417,42.455825092790235
good_form,57.238652901852895,56.83735529204444,37.52916225132543,39.415442979900774
good_form,54.1914224945055,54.65230153244596,34.55804023819758,37.188607795365726
good_form,51.95247920851136,51.861229192114386,32.49694040821936,35.14775244724888
good_form,49.5502122852935,49.38534490005904,30.37123303412278,33.04075312369332
good_form,47.52193104680813,48.57337893323729,28.478734522680497,30.886429139046868
good_form,45.81453566096831,48.25491218182536,26.232086515556286,28.687545790266707
good_form,43.49871033660234,45.57154682286636,25.01568954807046,26.807466059188844
good_form,42.28236502541147,44.02786949941274,24.213588989109567,26.149577356287832
good_form,41.55291568955325,42.91876898598434,23.728973133361944,25.76098924120565
good_form,40.97908529485836,41.566666724565096,24.076989205495188,25.77122652458078
good_form,40.940921184677244,41.31927587327179,24.376131669620424,26.014046813357858
good_form,40.8639729768427,42.508950933620916,24.31305526587873,26.19774398453867
good_form,41.264934127988866,43.95787789589204,24.76516859285294,25.89142188619064
good_form,42.17503285794718,44.34869468434428,25.685547533268544,26.15345840805841
good_form,42.64850893235463,45.62163862903602,26.383511105873364,27.70433024426925
good_form,43.83110834205432,46.413951944176944,28.106583759395427,29.20656021867835
good_form,45.50945963187183,47.68820206212162,30.33934869795894,32.89652337669424
good_form,47.90452009647719,48.90671167665189,33.24231186488828,36.95058056721018
good_form,50.720344531689335,52.2454500711233,36.146101330020144,39.828161497416374
good_form,53.71390687923697,54.026298762177504,38.83162344853025,42.81774176045451
good_form,57.57767284695722,57.974686288915215,42.984237993204715,45.103078264528904
good_form,62.0729628173764,62.70667690480382,48.44262697587459,49.14859421354811
good_form,66.77191211657775,69.17123212341774,54.64468053337197,55.4325425296621
good_form,72.33328975796788,75.18906350986738,61.51349029339565,61.602560823934596
good_form,78.13391554886248,81.53957750941858,68.4571798929428,70.15817666234113
good_form,82.31585087149399,85.88761185931374,73.60780887003318,77.30160666674732
good_form,88.37620384526275,93.68948351367406,82.06785756793744,83.7634716236293
good_form,95.72775578820549,103.55136721476163,92.20094843359294,95.40786064394547
good_form,108.69110754826107,113.11509680898224,103.93780804498476,108.58819514676745
good_form,120.05633288374662,125.36231399778734,115.92493439448327,122.51177350278252
good_form,133.78648956089043,135.54151356176072,130.40056544126796,135.70684658218585
good_form,143.0668292363577,147.67772806489987,141.0455408068298,143.8642421085398
good_form,152.17661342962745,156.97346337902937,150.18704054329885,152.32128502324449
good_form,159.13901887036567,166.27006331005165,158.69565899033233,162.70824539423205
good_form,167.0065783846011,169.49458936973474,170.77108339030994,172.11677072248293
good_form,171.9118348331298,172.35382784033655,178.08603878871617,179.9932286656116
good_form,169.00439475904452,172.1105696768369,179.57159168357845,177.29246689739028
good_form,166.69544694007158,171.833488942177,178.90666151024357,174.4815978368552
good_form,168.29992381942003,172.92608949541528,176.8118399533716,170.71460661118024
good_form,170.3043241603724,174.4154779939699,172.80373896461757,165.70204526512208
good_form,169.2416228838759,173.92532202045376,172.2308510232286,164.89308587468156
good_form,170.73286242042,173.2583379802597,168.9129400116752,163.5909215609456
good_form,171.66802901660233,173.22996331359795,166.1556715472543,161.700554902516
good_form,171.89076699592732,173.2333199119533,164.2221763575298,160.04314979358733
good_form,170.5127870543214,171.5848031348991,165.81763005976364,161.9001767032796
good_form,169.02915368520684,171.12717253677448,168.2988521257127,162.2874547730374
good_form,168.95453539641917,170.57218179432004,168.7824124010526,163.6991906913966
good_form,168.79583410003826,169.51948161704388,169.24411802902569,165.0845776553336
good_form,167.41149779989473,168.410897591165,170.52637752679908,166.58431508128763
good_form,164.9382200768485,163.83162907434206,173.2439364121175,172.1074837030871
good_form,161.44361299375566,158.78619035301708,179.19101253668998,179.1033722427613
good_form,153.93848858153936,149.68853584060332,171.795162380001,171.17133565453818
good_form,145.19918931988335,143.73518069131705,159.06667696219716,162.57472028344583
good_form,137.23812772550912,136.8998076516598,146.1668756122614,153.02645418880664
good_form,132.09733038815847,131.6860282192578,136.42751467645382,143.61310650326496
good_form,126.81091074151105,124.07492073253864,127.80057923789295,130.47374830781646
good_form,118.72286114739218,119.06942073310329,117.09513194525204,120.09842544569477
good_form,109.67404098964866,109.71767707019089,104.95347750560529,105.40770790886779
good_form,104.97784094370574,100.99781580576317,95.44500224402316,93.07960571228989
good_form,98.81516770012111,95.5384883380164,85.30790125859289,84.10619570073385
good_form,90.89857500861861,90.59250474721924,72.82003611179289,73.59690212658398
good_form,81.56704795724585,82.49788355566476,63.288693892637355,63.724793730822455
good_form,74.64127656136354,75.1121013534145,55.749304567828915,55.950577269297014
good_form,70.26947891511925,70.91739901743567,50.1835442075307,50.57037396626663
good_form,67.45470908195587,69.20661565606254,47.185920057039255,48.284208595743735
good_form,62.64738012904357,63.70488641245605,42.58880622077953,44.659078703445516
good_form,58.703017682840304,60.28404572034166,38.90973540877269,41.84084893721888
good_form,54.878752450099235,56.01567164884145,35.92315617887721,39.9929448691197
good_form,50.38334625290576,51.67938677663632,33.71582123231747,38.06500785117032
good_form,48.66480318118933,49.640397187908725,31.780164813552403,35.96321367679076
good_form,45.692880195494,46.41932649415024,29.79187244908252,32.88468699185097
good_form,44.33042739553238,44.662974678883316,28.348797810083937,30.71418436094757
good_form,42.4355842647984,41.593088878441776,27.527167029219566,29.558475951172145
good_form,41.460321374567044,40.43206823100178,27.702532415934844,29.464643337821126
good_form,40.55800072250479,40.58498212536623,28.18149066398579,30.005739742502694
good_form,41.07406615843568,40.582070568353906,29.027157704694236,29.91720975853825
good_form,41.342971323787765,41.72892990828187,29.776352511899166,31.283928779562423
good_form,42.39182860985675,42.67395229199476,30.928249327296555,32.769298411037994
good_form,42.80070536457131,43.611273943193844,31.53551441961332,33.179488594444024
good_form,45.022919782841534,46.678068027967086,34.063710377353914,37.65539747961566
good_form,47.377160524161006,48.61379939164677,38.026320784701,40.85552195554283
good_form,50.40566030888526,52.881619119905324,42.207623960041474,43.62326098007861
good_form,54.92859592725563,56.69482528149562,46.20230630984389,47.584614470946974
good_form,60.03195912088043,60.84492047767257,52.15529517941775,52.368419901267316
good_form,65.20755459983057,66.71289419163155,59.886318020630256,59.49389838857053
good_form,70.0397298562255,74.22059294692686,66.27009532265242,67.59522812693893
good_form,74.04734048496975,78.25557271011486,71.66231766262848,76.54071856337413
good_form,80.61589658686216,85.42629137960076,79.14651604280476,84.10866171178515
good_form,86.90548162922816,92.52648872470711,88.62856705717451,93.0899825756261
good_form,95.35322329516042,100.18432207566732,97.18053375703164,103.08168006005491
good_form,107.86438817014746,111.5467435514114,106.68832499364194,114.69721900017336
good_form,123.3721693541788,121.45198886548516,123.33787439005513,128.60626197349788
good_form,133.5791793829255,133.59135779901868,134.65238421494374,136.0244846908177
good_form,147.92492031210116,145.88101052943261,144.29951444926354,144.37834155242498
good_form,159.8280169623915,162.4042520383391,156.41917827223185,159.56700880011655
good_form,164.10243068146892,167.5223342518906,166.55509124869405,169.95330974811486
good_form,171.2689145802912,169.057525629595,175.6638337264527,175.5738244747473
good_form,171.09575874341226,172.74770823543366,179.10708347062197,177.09669563408355
good_form,168.29231605660024,172.20980995935895,179.32876780555114,174.4249857406756
good_form,167.56987665261286,171.75255304857276,178.80775997817176,172.97266679049093
good_form,169.3589145438053,170.88538513181226,176.28325177027043,172.07977750918147
good_form,170.44272757326635,172.59225710581222,173.2496812253821,166.51871651382046
good_form,171.1163396223764,170.84230062441256,171.0113236294742,165.86828103566887
good_form,172.91150476702165,172.18709368780412,165.82530827848302,161.83451517850503
good_form,173.49989121152095,172.58693659342842,162.24618169409547,159.63687429906602
good_form,173.63261759443407,170.47037503119188,161.8020114306359,161.6594885942177
good_form,171.45385345005423,169.35938596075223,164.6667841152376,162.1139883771336
good_form,170.8257303590851,168.3903148106444,165.50605241597728,163.51363485258776
good_form,169.9073339606929,168.92845955174496,165.65488273968205,163.26579740618735
good_form,166.86859369291383,168.54544607464587,168.09704446110544,163.49076247886674
good_form,165.19210774372357,166.66506892889583,169.7091133083968,166.62423195192892
good_form,162.85256512284226,162.98040409496502,173.53721606973878,171.58094890075782
good_form,158.6667837178264,155.99205723327702,178.09338387029086,178.61175780099938
good_form,152.7746853266171,150.6522505243229,173.376599587651,174.83996532277558
good_form,145.12833844892123,146.38769961488268,160.7580184680097,168.25811633107188
good_form,139.76926954024722,142.70633137611622,150.63759747095764,160.17622074843484
good_form,136.31016304891435,136.51247438308943,142.45222693517428,149.9678328816889
good_form,131.36200534170885,131.2474823017478,133.53951900800791,139.8390607877806
good_form,124.90764616073803,124.08795180977293,125.11197967012396,124.94321281076896
good_form,115.50924916042635,113.130490471788,113.46241398647322,112.22171047987874
good_form,104.78083895304087,104.61052808702506,98.67564060465065,101.17541900947168
good_form,100.59082277817005,98.83568657724443,89.57433079570359,88.5516984245964
good_form,95.13001896424625,93.41950510606931,79.37128218375642,78.8972309642507
good_form,84.07948948400343,85.37171317239712,67.17032894328537,67.53769013604858
good_form,76.50797397664627,79.3974092559705,57.519818928044344,59.55971659844067
good_form,72.22522334045843,74.18202678233222,51.02724049113442,52.00447610755896
good_form,69.20096122641158,71.96639570924684,46.78913689377589,47.48918380916871
good_form,66.50158746957172,69.61926721185031,43.70684166856387,45.540166213173336
good_form,62.869864062561646,65.02806840102475,39.71046704358088,41.50844394588967
good_form,58.8612624191984,60.42595137528985,36.54319002313184,38.814554389049704
good_form,55.48055530217085,55.73887079431055,33.6818052263863,36.287323544652565
good_form,53.467738078835836,53.930081302145624,31.40413712325443,33.60604769363681
good_form,50.96207833363714,51.89722941179634,29.11168102363831,31.310043260560462
good_form,48.467911865747396,49.77802548418685,27.181276794566116,28.96086864346887
good_form,45.085585116575615,46.34082362130506,25.502372406170352,27.399979532429604
good_form,43.560725148189306,44.724369709644805,24.405280189012526,27.247293934823205
good_form,42.802110303176434,43.72700094778141,24.429630485043234,27.759280145902963
good_form,41.40840383490998,40.57613339828651,25.54724658973849,27.0245768607442
good_form,40.564415297231406,42.316471431746194,26.001364935167814,28.57711740961064
good_form,39.96231012292023,41.334596215871144,26.546928599360893,28.592122031515043
good_form,41.18737530890649,41.72714848114473,27.583479109325516,29.10717767607985
good_form,41.929258155868,42.947079140213944,28.573604649711452,31.176049905222904
good_form,42.62696753223326,44.040958834541705,30.41606877456757,32.63619733620303
good_form,46.05549152637827,47.637238097347755,33.305059769516845,37.137073812091444
good_form,48.92746842257765,51.36424888814548,36.94275515030063,40.44874533925969
good_form,51.19323148116276,52.65363483472173,40.16884691909303,43.94110725554583
good_form,54.65938259959837,55.33874960204381,43.710612901165405,47.020441066816716
good_form,58.01219467227021,58.38156126049208,48.99750422985852,51.064127566322895
good_form,61.93578647153518,63.38113529690759,56.73218393878608,57.13089950159599
good_form,65.08406701353853,67.73513923798002,63.370149804859295,63.21361563668938
good_form,68.83570373830645,73.1865537318246,68.40391018131032,70.6757210569337
good_form,72.96773770693567,78.40302477777416,74.90324877453145,79.88090105722137
good_form,79.56966181371469,84.37808768333377,83.97611414448119,88.45579236015811
good_form,87.0082876047164,91.88354093133296,95.34907388068814,100.64503211201651
good_form,96.02316260262789,98.93769947640062,106.22241787944728,110.27204669453616
good_form,108.69790961761726,106.00954905351169,116.61804659818111,121.73991713431067
good_form,118.73790263569764,116.19426053773698,126.96707106219154,130.25551934747406
good_form,130.02854527552037,132.07848140897485,138.7662780601604,143.80109829033367
good_form,143.71737558231106,148.11135586777795,149.64509483792295,152.99776506667487
good_form,149.63937607591853,156.4795818510832,152.7146699311972,156.9524945011703
good_form,156.36759744100175,160.63251112186325,161.82707236451907,163.4975460071268
good_form,165.50222820613342,165.57081115330416,174.27098996226565,173.06299873998069
good_form,169.5781814919103,169.0065033684458,179.90412733870792,179.1564220770341
good_form,171.22898662347725,172.79865242662993,177.42928381631398,176.159855401463
good_form,171.44602044603644,172.47373257127907,175.58923373651245,174.67392934299298
good_form,170.51625443740755,170.18297759259934,176.61905524370843,174.31580665353545
good_form,170.33832369227036,168.83283937666457,176.67336024700293,173.8108844860028
good_form,169.84565068705754,170.04649782567373,174.54474444330452,169.45833449831528
good_form,170.03587512004052,170.30437585764804,172.12704322175023,167.15803372334918
good_form,170.95910172848707,170.6970066234827,169.78004368282535,165.42451132363615
good_form,169.98186055497513,167.72243078453104,171.44013738918738,167.68746412173684
good_form,169.23295276956728,166.49903292367304,172.14803878004184,169.18027215963502
good_form,168.91739034879834,165.88228849063327,172.67745142678595,169.91555717785695
good_form,168.2200726439414,165.32022947384806,173.9026739382947,170.95876306032127
good_form,166.45506512958687,160.96912003431146,177.18929937187065,179.7221145301384
good_form,162.28359408360055,156.500526384666,174.37072207039552,173.55163716313226
good_form,157.69919409679318,153.4998965083445,168.30152953798014,167.66631351988238
good_form,151.69397004214014,149.00110153936768,159.97481513787847,162.4443664942975
good_form,144.57779889657007,144.65472019193282,150.1122959354933,156.24491708877756
good_form,138.70042828908413,139.67908895236937,140.906909820532,145.94204187609773
good_form,131.98653798729745,133.83111699131442,131.4281649626237,132.81110104123897
good_form,120.01089610685956,125.87399156049125,118.31072171553427,121.18185177650963
good_form,112.54029763331606,116.89784816628095,106.77566346967043,111.54771333365954
good_form,103.44479574304152,105.36514767207652,95.15114044199856,96.3734530773495
good_form,98.14137170748702,96.16776705523256,84.09638470952132,85.9926143250978
good_form,88.51553594951774,89.47531071664228,72.15847946779115,75.00563715016858
good_form,81.32038204390062,81.68344438947693,62.82558996750873,62.670425246443756
good_form,73.8119929424155,75.11128954923318,54.357442215498,55.874890558336006
good_form,69.35784759519312,69.95428242060167,48.184486618466224,49.69098751915709
good_form,67.3655638391373,68.28932955164731,43.405820450523834,44.3672347446539
good_form,64.16589869758087,64.38543282884264,39.384950061592804,41.18707427054551
good_form,60.04414833308587,60.98955902419924,34.96376948613039,37.25116361071065
good_form,56.63187365702143,57.46555567709608,31.347556312578376,34.04243410685052
good_form,53.83046020997228,54.87922057378655,28.237410119016875,30.813511428443064
good_form,51.32853729285965,52.71060812667741,25.351151578718078,27.556834026823463
good_form,49.361815372495734,57.342935157929304,22.781397302384633,25.969683262348518
good_form,46.503557941127006,51.79652577385625,20.816156325320637,24.05792751332346
good_form,44.41083837884228,48.151536076462726,19.294204620279388,22.80268714544567
good_form,43.25887070552993,45.78589283674794,19.31344282293564,21.489612721972456
good_form,42.12586441551654,44.17991411108347,19.106006115534633,20.52682418949524
good_form,42.58841180703031,43.307108327364574,19.44591633615221,19.837966420216702
good_form,41.752984194602334,43.2530782203202,19.604384694403134,20.200506702117732
good_form,42.24412032251917,44.96593722543763,20.3953542270784,20.309958753493092
good_form,43.58782155949703,46.68614722813054,21.131748234308766,20.109243762703404
good_form,44.550520164711266,47.48733282648672,21.819984267662075,20.27166023705922
good_form,46.67808946819386,49.631604501316495,23.624769237969723,20.27655876151063
good_form,49.96950922682347,54.41185359815171,26.277840431936657,23.380576238889716
good_form,53.310824319768734,58.241141240669485,29.090290493063527,27.609736513031347
good_form,56.107686113468105,59.95218780134794,32.66636174489486,34.43395760777196
good_form,59.42482780704753,63.998527938770295,36.407530495258584,39.01513239614201
good_form,61.82751827727625,65.95252912424347,39.99372360227051,43.13945364042087
good_form,65.90108240498174,69.82305197103292,45.80814809190741,48.87170165432792
good_form,71.08410547497387,75.11815830790405,52.21815242198261,53.303766930131474
good_form,74.6813608692414,78.30203322619577,59.31538739301919,58.84557562944468
good_form,80.35959467677145,86.95369223116468,67.50326540913852,68.14426590874285
good_form,83.22507320394269,92.25785632120542,74.59969771841475,78.87585030651309
good_form,90.51190291262608,98.32533651378759,85.2324968396461,89.31291162477567
good_form,98.23945941205005,104.03932091191274,96.8326744489562,100.988304866622
good_form,105.90726865858487,113.07561450586408,107.7313275521482,114.36079262255302
good_form,118.62990983764755,121.04379629838367,119.9324451494775,127.832347027955
good_form,131.95077614041253,129.51081052116612,133.2931981847594,136.97572904885237
good_form,142.89650382597836,143.15273984855887,145.01552245325632,147.47711136965893
good_form,152.06720570249072,155.49198790398015,154.591748920692,156.87190752651588
good_form,159.7676697811622,164.63189942757836,168.00067208511027,171.43581450591077
good_form,167.63057102890758,169.6413604050473,178.39577275571312,178.6018250848926
good_form,168.71973588532927,173.83585062425166,179.10033443485105,174.97859986803095
good_form,171.0110088466516,175.6983807250009,175.9881426695373,170.8113964003794
good_form,170.95106261816358,174.69779140742492,175.6605258707287,168.05752798190602
good_form,170.76150627808045,173.1336145257279,174.81751008263788,168.16597637981312
good_form,169.21760473442464,172.12637310751916,174.5206121157866,168.40097111644914
good_form,170.31363355304944,171.80469107831985,170.99209465020357,168.25991280070284
good_form,172.2513398786582,172.29372654345994,166.74756378383879,164.91446322068282
good_form,171.7276214450216,171.31694203981093,164.51705429548315,161.99091698551155
good_form,170.12423383674175,169.3474441125192,165.5718552000428,162.81284868618835
good_form,170.05680619236065,168.53850877777347,167.1520714473411,164.14483292093544
good_form,168.57983468629047,167.69864240942402,168.8213633256771,165.97121239548423
good_form,167.32812157938932,165.361841757049,170.22785558861426,170.25516988050683
good_form,160.81277271896028,161.27480750488974,177.12731067888438,174.0402941827071
good_form,148.30069768411724,149.63403087917382,169.9719677252274,173.60687594019683
good_form,138.75253719005718,142.45561502930323,157.09723176470425,164.16411633703225
good_form,128.82105817475875,133.76357456032133,142.73933085586347,154.87189320429536
good_form,124.49263870703527,126.73386635193475,134.59320618981192,139.0592273390531
good_form,115.6955310829195,121.36601740787285,123.15308652090158,125.93194146171194
good_form,105.86386466014038,112.20358479684275,110.50115891512863,113.41248858293241
good_form,101.01936203722498,101.12300105162578,98.93007057779607,98.45841832251341
good_form,93.31979773509197,93.61655951252536,85.82054815781459,86.99335016521906
good_form,86.97881730560749,86.6900872658605,74.49620233541191,75.91761645006738
good_form,79.46970206255236,81.32358561090959,64.04782623383124,65.62478693528698
good_form,72.29029998734262,75.5845456369035,55.94508997364875,57.644697933533735
good_form,67.5179011065609,69.3887981542113,49.167348408718794,49.79401279333291
good_form,65.02692995269244,67.40773069867853,44.37672601913414,45.428638380413815
good_form,61.409337314936195,62.471079494564144,39.21603285222318,40.75916380987093
good_form,56.59759659021673,58.47298454713785,35.090769304653236,37.77562319154049
good_form,54.389984343375524,57.378581228607594,31.634798988008924,33.59144118573789
good_form,51.89294143022902,55.636001283740605,28.677610644436903,30.413038854892257
good_form,48.414766457160226,50.404049488656405,26.188877123274978,28.49872305750086
good_form,45.902059055952265,47.189281691159515,24.660118411381493,26.02781470320585
good_form,43.13397678165118,44.70337782086668,23.782512317754186,25.49975518560988
good_form,40.40198439093331,42.47343865878504,22.650441291662645,24.835685992417556
good_form,39.21898074534027,40.61772629227297,22.183444789470617,24.122959295940788
good_form,39.13273637973206,40.70961451485738,23.252117791327226,23.081641750231466
good_form,39.91607318843687,41.141172398829966,23.98046574153469,23.587788013754086
good_form,41.38450942976157,44.808670730944286,24.193577899923003,23.69321637345083
good_form,42.566124487871676,46.74499585741821,25.32141724758688,24.34506254832259
good_form,42.64315917805359,47.00357976267216,25.763031125387442,24.71374553506944
good_form,45.758395635918575,50.49397200601503,28.73305228183597,29.17399585180024
good_form,49.029342501055865,53.792106683648306,31.67082416929985,32.44692176901383
good_form,53.044908083365165,57.93465376883952,34.81433436741463,36.3057883808512
good_form,56.365764137542264,61.28151680677845,37.75567126797927,39.834824216848574
good_form,61.152419545763614,64.80146403617715,41.22045109963153,43.66671639881827
good_form,66.02156922818595,67.65095010227796,46.08236679133398,47.1183626334755
good_form,70.89815026503734,71.89153337947972,51.64302340030861,50.40334351733094
good_form,76.81095140696192,78.5714627198077,58.83615898990951,56.85519215399364
good_form,81.33177092990736,85.06524238263735,64.80765080658836,63.48417331642338
good_form,86.84486665485765,92.55692360525198,71.53056157628481,72.13352374742601
good_form,93.0537384159548,98.84349095765425,79.35160359656743,82.21675543389347
good_form,100.48666097143074,106.40046254458495,89.91406461124126,93.56900893230016
good_form,107.28526681874239,112.96476094247492,101.7536898818268,105.43370636064626
good_form,125.16502634546895,114.37595451338854,131.54713410720709,88.03479537275831
good_form,124.268094283538,110.52136517041478,129.19214955691348,85.16674740311635
good_form,118.55214785941503,104.86579409629398,120.31635519952462,79.55542145291957
good_form,115.78071226099674,97.68243182556547,115.49826450980495,73.80065558265096
good_form,110.7961468236629,89.82536570740959,108.14425700235273,67.61540240727226
good_form,103.45311798727228,83.34981325440732,99.85484417569359,62.95245380212128
good_form,97.79871739516302,79.41708373981345,93.06024734155983,58.67043760327488
good_form,88.39509652108151,74.13842552312147,83.47312412821037,53.791126308206515
good_form,78.06711677385663,69.6309881859479,73.63413376120411,48.960632480147694
good_form,70.60609537943029,66.29219298606704,65.60658270456338,44.986484494766216
good_form,63.848260683126355,64.07109433865052,59.01612736235876,42.09076322820431
good_form,58.72294540784385,59.53898519485853,53.89699030094811,38.19056818003909
good_form,54.776776211839035,56.95482557541785,51.94329648681924,36.179245570140026
good_form,54.89692089600503,53.42363894793887,53.378913454583135,34.29724995106994
good_form,48.31896098835868,50.465023848811384,51.762825486917514,32.840298103636286
good_form,44.919517420542235,49.258109977844825,49.32665580027915,32.13338250692245
good_form,42.80493537571346,47.714837841881845,47.15055235934096,31.589636199089163
good_form,41.16478884231638,47.28887755701857,44.94687389070745,31.22440472850162
good_form,40.518621432664126,48.2712021024866,45.22242468439334,31.883636104493437
good_form,39.61471824732693,48.3794316860533,46.64485798503442,32.71557945490853
good_form,42.28476004963727,48.83717963532099,48.245129458003696,34.88389713771075
good_form,44.196311005853126,49.422037578641365,48.60432466572364,36.41669300695621
good_form,49.486035258646936,51.51113822163841,54.60479858130833,39.25597559343755
good_form,55.3874303900002,53.73543699834363,60.630545612122376,41.761640233763
good_form,61.3713418039143,57.4071420006414,66.5658488173001,46.11114329905905
good_form,69.0275153991858,61.18693120617069,74.4403011708257,50.10151852984342
good_form,77.94461101679815,66.16193501077159,82.67264106124793,54.53570622993112
good_form,89.09522247466518,72.91392949978635,93.6577766002224,59.688548035564565
good_form,99.99966050951805,77.97337441809904,102.63817882026802,64.24601456855282
good_form,109.40678608181982,83.70930008071545,111.26335377239849,69.08383043479864
good_form,117.46601040396563,89.6939734735433,120.991379858518,75.39303511795538
good_form,123.48816625476917,94.32321174980271,128.73105280851496,82.78262750211479
good_form,129.11520835671328,98.27682192874084,138.41391873519464,90.39593845762857
good_form,135.81421206072434,105.54499383859832,147.20240166988035,98.81813023108288
good_form,149.0072134509576,113.97911727717666,162.6071471993536,108.96777994771591
good_form,157.6673216847669,125.23659594278891,174.86645124935336,118.61386354820263
good_form,161.71548554837867,135.5774143922881,178.93625133616325,125.58652087402919
good_form,165.12280105685377,147.92222736618092,174.1759611748535,136.49009937442028
good_form,168.13399548308453,158.75266139257656,168.41192172338916,147.479039638532
good_form,170.26052262082993,165.06446453769524,165.36489405276686,153.74730401889693
good_form,170.3545725510505,171.345820423759,164.96690585083465,160.20879468235918
good_form,172.02741251488274,176.2508546732899,161.01583345590797,166.24507837412474
good_form,173.12863443600017,178.63307332032375,156.7631824218201,170.41494604979775
good_form,173.58244888155875,177.01192155823392,154.1056085893529,173.28305103926
good_form,173.8026713010618,176.55215993803492,152.99051697447345,175.28016606815777
good_form,172.72895143601033,174.02797591985288,153.68335365516796,174.74239943599832
good_form,172.09025787093148,172.26117645608352,153.19322486271213,173.8411518302715
good_form,172.56598010121084,170.7683125426374,153.12143659630212,172.816927455595
good_form,172.7093209576264,168.6850126574855,152.39513252623235,171.68171939095527
good_form,172.68194249381492,168.10661205422318,151.39388346848335,171.14030117110528
good_form,172.58241371461637,167.20746466481836,151.67252241157945,170.65584142767057
good_form,172.3027978303018,166.22872217055294,151.9430369146046,170.05771837900363
good_form,170.68474769449188,165.03556363827127,152.85765166804944,169.32370308990133
good_form,168.51729461238398,160.04289910836022,155.57128636106506,164.94996188307843
good_form,166.0287389653475,155.31245142170218,159.74629770849575,160.8953367718065
good_form,162.8688129683743,142.8945894233918,165.5279864739648,149.0333142550547
good_form,157.04019903959758,131.27421978664572,173.41316487456604,136.39235127285795
good_form,151.99675891610508,123.03792818805334,177.65924025165958,124.56846569404726
good_form,149.21158155855548,117.74696271857408,168.716507164146,117.22650147358397
good_form,145.92832413924035,114.44103298284202,160.11619315096507,110.1300248393845
good_form,136.48901558364847,107.35801132404634,147.07682716930833,98.12316284242223
good_form,128.038489292029,100.53290419736288,134.45229983724954,86.45729740947377
good_form,115.81063731644744,93.82753987781635,121.53339254050269,77.058136979003
good_form,104.73765610340666,88.01552656427226,109.67273526367816,70.34924927202417
good_form,99.38981631843677,83.46212192093091,102.62052639156582,64.78584902400507
good_form,90.21150274639389,78.98707073152953,92.77074498941886,59.49166649488478
good_form,83.40413249268275,74.97004686983566,83.70519925030129,54.14425969702978
good_form,72.40589045731807,68.9059431346439,72.71913263466007,48.064801840235646
good_form,61.781937476908666,64.17931291151584,62.64892464714376,42.43355250916932
good_form,57.48876775888742,60.47936161197448,56.922534755600054,39.14299322818181
good_form,56.087666223513516,56.62669562514466,55.988567861494914,37.60316400800003
good_form,55.192233938949386,53.75924068493849,57.040734014882446,35.51856212958363
good_form,51.60332505197842,52.30126636612041,53.10295495703492,34.33797480660081
good_form,48.13684792831707,49.66476602073366,51.046092293292254,32.576663991551456
good_form,44.90306633565354,48.38905983811545,48.070478503163976,32.421794261770984
good_form,44.020653870864166,47.59345908133604,47.706014496751315,33.1765461203797
good_form,44.319361744896575,48.76744874957807,47.20927861228459,34.464493380952256
good_form,46.032858707645445,49.46842407751757,49.234667086168756,35.420518130064174
good_form,47.008346350807855,50.39564960656345,50.191758061365654,36.63618216901748
good_form,49.96495002856783,52.086556342375545,52.9695536698196,38.04152798134031
good_form,55.46629749275903,54.6792495195568,59.314287285290845,41.24310720746041
good_form,63.71189626059611,59.249042067245206,67.38120887396155,45.86338916556758
good_form,70.93825139362364,62.71800873201502,74.2987546394142,49.773989893472674
good_form,82.56394819273805,67.17061323932613,84.18464800470468,53.774954389985055
good_form,94.61863971615922,71.78393808970985,94.73609412348162,57.648828817174206
good_form,103.15459970215186,75.79020642521088,103.26414727921815,61.27948483888866
good_form,110.48514970706425,80.40391706338137,111.31984179363693,66.53611190871993
good_form,117.19593262942085,85.4828702078014,121.5795199103213,73.07143979820972
good_form,123.15003911851316,90.85303541036541,131.08584105043096,81.86375988266894
good_form,134.01111753138517,97.31939610544192,144.79933102361963,91.30268083381304
good_form,144.7472816224103,104.62807965574048,157.08762370383252,101.4623260440278
good_form,155.4521942317192,114.8629370742495,172.434042192439,113.71306014353499
good_form,159.13425670280455,126.8042442788043,179.78460287819738,123.44123402559703
good_form,164.3086868538659,136.53091512309976,172.0595468680027,134.0622121213488
good_form,166.41899464329137,152.81673879219474,168.253304979674,146.7176113055295
good_form,168.33464513742953,160.41108332119498,164.809510388685,152.97051657932258
good_form,170.1799079881115,168.10735975058725,162.05878197696276,160.14698956048744
good_form,173.2061864074925,173.0253997756025,156.77758186104535,166.1507411713194
good_form,174.48058541493847,178.51685378323998,154.54330835399017,172.08374622356646
good_form,174.8144125036805,179.0519451877857,152.86440620367958,175.84796303406242
good_form,173.76792141767677,179.0384224405171,152.48879404571986,177.11844690702654
good_form,173.7721339993425,178.66813080209505,153.2544746169478,176.4931136252554
good_form,174.04801678342906,173.55693912229276,152.66473786359066,175.48794386636447
good_form,174.11948717898636,169.00333462393468,152.50666350637263,174.55185543667088
good_form,173.8838025594983,166.92143226155235,152.64823470466428,173.59410507130428
good_form,173.586526053878,164.9720005442905,152.4692462288758,172.39268416536427
good_form,173.3119961944566,164.63326491928063,152.4312689950094,171.73421797617337
good_form,173.23447907744972,164.69295162391913,151.38570570342353,171.30775034890132
good_form,173.08424075169924,164.35043852908458,151.40471361812297,170.32044809195793
good_form,172.7045654274281,164.006664146203,151.78014640709313,169.43762452932845
good_form,172.1217159494561,164.02991227590434,152.88256667490015,169.06779449918088
good_form,170.28062247067353,164.03608517422586,155.25888789822014,168.05283771696713
good_form,168.96412850313934,162.33116553661927,156.7440669767472,165.2879770982566
good_form,167.31426060911159,158.64257846868122,159.71018891360086,159.45339822513958
good_form,164.19771504176435,150.9912883976401,165.30795846125037,150.7675617716372
good_form,161.23479301107727,136.97831663447343,171.44337387210905,138.31076575786153
good_form,155.96906330003065,124.11080504553959,179.36034577019365,126.52168213713682
good_form,152.58544398726656,120.04086236257632,172.81322907035565,119.42945999809265
good_form,150.29475086311004,112.69606350119116,164.0474142266527,107.63902701792969
good_form,146.2540176799271,107.95479316559772,155.97336252048902,97.31570602134218
good_form,138.74521560668842,102.07001488305664,144.98238557241297,88.29712028507942
good_form,129.9340694749983,95.90628441221686,133.4834193977269,81.2440486042675
good_form,115.37533134583946,90.11882097964435,117.34240250041282,74.3063260432533
good_form,101.810839291141,84.06589812385553,104.78927755481544,68.67314482485125
good_form,90.81836239698667,78.34344824805662,93.34940470790042,62.28760515059355
good_form,80.63634799900895,74.33961825455951,82.06068566903872,56.737481657321325
good_form,69.80016162399654,68.07747319146904,72.37639148030809,51.032368516952545
good_form,62.067344023705964,64.25294123266299,64.96140427303033,46.73452502080522
good_form,55.67218078035215,60.68376839389425,58.1012956564686,43.6538634299863
good_form,52.41219528874162,56.655318310299265,56.062221758109914,40.07756343017883
good_form,49.44198000212812,53.36661365277569,54.10128479948622,37.3559394378378
good_form,45.78286295280247,50.543882545095514,49.88098211401929,34.945805256708105
good_form,41.49436569553158,48.21802846048104,45.523168611196425,33.899080022795545
good_form,36.312560315192606,45.26235448012951,40.10037409211024,32.49728790397242
good_form,32.33822291039001,44.43760280015661,34.459425694342045,32.05606702729663
good_form,31.934392291946708,42.88354605374456,32.788259797234026,32.17770788149529
good_form,32.54248936697985,44.21201249783961,33.600091818172785,33.07905608297315
good_form,34.74145484411662,45.44676053398248,36.6074242806753,35.21834750188863
good_form,37.80074810037949,46.33971740663541,39.82198394943004,36.30814402861517
good_form,39.793793990132386,47.58307565463678,41.973922294863776,36.779049837038826
good_form,46.02868730061226,49.40572958984508,48.60853280751128,38.46644544782667
good_form,54.4458535185607,52.37247395960974,58.668119647250855,41.49313177695348
good_form,60.237656119550245,55.394929708596706,66.00364808427076,44.97393548810618
good_form,68.95337529726638,59.21096245813637,74.01354018277067,48.88475431627205
good_form,76.5442488744389,63.69689028591286,81.0065690452962,53.75112273235271
good_form,87.39675445654021,69.70374337614187,90.96686800903524,58.45833343683381
good_form,97.75688404404961,75.65724157326986,100.98689623330091,63.312133226268145
good_form,109.77897327630482,80.66519531825331,110.3596262015785,68.3446831754207
good_form,116.23173053696085,87.36070482532172,118.06330488463257,73.31047614282363
good_form,119.79878408799925,92.59054227550708,124.12857597952762,78.87688968049679
good_form,125.04660339828696,99.5315401185108,131.89155440273916,87.51027829538805
good_form,132.06089123059508,107.25589217230865,141.98918699899656,96.59680190704478
good_form,140.1637350399762,114.80878226903373,153.29898887291895,106.03931838752663
good_form,149.63977595993538,123.80924419265227,167.97184139453765,116.94105757877972
good_form,159.4182003977118,132.23175249969668,179.83866450030385,124.75597935845977
good_form,167.4482755017446,144.35427784226582,170.68048107007158,134.43539710733435
good_form,167.92392482419908,154.52778189577296,167.63342482630884,144.02978299311175
good_form,169.7597229258969,160.15937379935545,162.77508479211915,151.1844482056112
good_form,171.25246906506172,163.39119408478712,161.10771535428205,155.84248319632678
good_form,171.77483450340281,167.36019525226095,158.7220534124325,161.71938954852504
good_form,173.34375195814923,170.7151395351858,155.6891383095945,166.38327005375012
good_form,174.92905552893956,171.34359011555614,153.44623945193769,170.0153481348216
good_form,174.985069992898,172.84405736207944,152.94362154699996,173.04793500156163
good_form,175.36711206502702,172.5752910431452,151.00890338154423,173.8353696982379
good_form,175.450149030388,171.3197656172117,151.1274651123484,173.9823261851595
good_form,175.82066861189776,169.64101426310398,151.18989739272277,174.02279270869582
good_form,175.5128980121498,167.9456391711128,151.51503573035143,174.26516546993608
good_form,176.0182405129814,166.43294228907925,150.07380428064474,173.42298492054175
good_form,177.08100195588068,168.52035689079358,148.97814446422902,174.25807152551585
good_form,178.09080001515238,168.3836374599542,148.76122344136084,174.17867674957904
good_form,178.88841242035681,164.91721661228613,147.90308110695742,172.1452087143875
good_form,178.8664581583842,163.84169630714064,148.18387940736076,170.61003285843407
good_form,177.39327081488798,162.4271210821904,149.97619357104608,168.8414708246404
good_form,175.05990459263325,160.45777530022303,153.10534686006324,165.4701362629644
good_form,172.38247053946407,159.02071922840116,156.60056789765716,161.66900595648082
good_form,171.3871934655374,155.696523413987,158.353526772025,158.2010646621791
good_form,168.81899336429,147.42859852802056,161.88848610181432,151.12165314074915
good_form,164.89513460696944,142.5267223278441,167.53720247614257,144.69663862480843
good_form,160.7154101226396,136.14043635697777,174.55220222113812,134.97718474393412
good_form,156.17690257124866,126.83108760608583,176.73197367757078,123.88688724994637
good_form,152.1303085060971,122.27893057415818,167.91603994902422,113.83921092477308
good_form,145.07106604151778,115.64537746095428,156.71359717587092,102.97373367722491
good_form,135.90201664773053,109.683997783173,145.39686137092573,93.39234550765718
good_form,129.07013423696006,101.77379637958207,134.86690177548388,85.94121143639848
good_form,117.17014252796605,94.59867211803562,121.66900966938564,78.2115571359937
good_form,104.98002291939639,89.53534545333154,108.93291769902419,72.48413964565981
good_form,94.81563656759472,82.69664133318457,98.58266884743102,66.51678716352905
good_form,85.18705565271983,77.41901737662337,87.55442374745792,60.464808840822286
good_form,72.54747084086313,71.88872730636129,75.7438208550243,54.92813943387682
good_form,65.75312223173269,66.68675655213315,66.88115465377268,49.288739632862246
good_form,58.072786247397445,64.22445669005052,59.49837947462747,46.03199516537126
good_form,55.867962082342466,61.495923600680776,58.20691160294426,44.483871487315696
good_form,53.81661747257624,56.55966795236402,56.82317747320549,41.095739990790726
good_form,49.33387641430414,53.10954569602421,52.293014646167585,38.07890928536357
good_form,45.83701001061015,49.90546543233628,47.04395937405654,35.57834410228515
good_form,39.55564528098149,46.87417123584205,39.18267781931891,33.74175380400079
good_form,34.993442492608956,44.558136812707986,33.960432937760395,32.59272917188991
good_form,32.026757435051046,42.9890587220093,30.611017752899915,31.45879683384976
good_form,29.752366996896843,43.0835773252077,30.141522802000395,31.14932300792718
good_form,29.55966763279634,43.25811055878382,30.222819696929964,31.853963523532478
good_form,30.949912391309038,44.064489310981834,31.28580327174741,32.804703659177356
good_form,33.529763917573455,45.0741352781971,33.00348916576765,34.16256200236867
good_form,37.44376931950025,46.642478968054135,37.320139230481885,34.79912353254682
good_form,43.40840870246482,48.60424084780296,44.221955377718295,37.246975047607684
good_form,52.43282088685159,51.7915162521109,53.81511874131333,40.592940926655515
good_form,58.533428978672504,55.4078596646887,61.75907179397913,44.39069103979922
good_form,65.10494795276169,58.77597990387265,68.95287044641327,48.08404020831267
good_form,73.29762658888555,63.11442658525738,78.13906791095366,52.28424228372171
good_form,81.65881036319304,67.82266637160062,86.1655237994421,56.83446468192835
good_form,88.89448811682995,72.41533588474711,94.4615097181362,61.27105114978775
good_form,101.98173592452454,77.93933210539424,105.62814277649892,66.75885990837071
good_form,111.29823222090951,80.91674172374013,113.85988520653811,70.53399919937323
good_form,123.31882938050069,86.37001305640547,125.58621137111729,76.5449956035065
good_form,132.82340807378176,91.31691535281843,138.26948424662226,85.18236534521992
good_form,142.62470582709287,97.49347011837118,153.07205986041598,95.64514446077561
good_form,153.90023831015066,105.9125366100235,168.59318670340645,105.33886233027368
good_form,165.53293678871393,116.28088224911073,177.30180780664028,117.206160585911
good_form,169.6190764804117,124.67659493741212,171.9860488540325,124.23850715525552
good_form,175.22056783952291,132.16098581315484,165.32630950495562,131.4110058466306
good_form,177.28646743612168,145.2523856628381,161.3381193353077,143.40219207118804
good_form,174.12197561023083,153.2171033270232,161.26767076382882,149.80781169974367
good_form,175.39713813463484,159.81820048646384,158.0302588437376,157.30102679971745
good_form,175.95893791748225,166.22153941070835,155.74124468221328,163.1515462070889
good_form,176.26984191004175,172.23604707582547,154.61128841460337,167.7789238879109
good_form,176.44964989383402,173.45978286557292,152.990294955249,170.0907985287543
good_form,176.0645717997628,176.82754923405935,152.98381132541112,173.35526087286465
good_form,175.4566839963759,175.81733476982154,152.46279433434492,173.8208450173239
good_form,174.6560393582928,173.12590294333276,153.3281303914355,172.55778213191297
good_form,174.2930960092386,173.69741338951587,153.59129065529228,173.1315311274078
good_form,173.8852202737627,171.2964716583205,154.213731643506,173.28196107898597
good_form,173.93068285222708,171.22233605466914,154.06310343168917,173.56039173254487
good_form,173.57706542740377,168.88818300117933,153.9390965928817,173.16806355177468
good_form,173.67140612768833,168.62889512128214,153.9328084593055,173.1305566257322
good_form,173.85108084419596,168.42806197075902,152.75913725115217,173.13069902875537
good_form,173.52852515153947,167.58514693433497,152.7607863709705,171.76508568091683
good_form,172.0133267180313,165.9749716178906,153.9506195015229,168.48153157134632
good_form,170.43919805395683,164.14020900138232,155.69319052118206,165.38849405077278
good_form,168.29060847293349,159.25233250434968,159.59405558103043,157.53308052313957
good_form,165.19108101046777,156.2992749365281,165.39829029859027,151.1172274854582
good_form,161.43122416984843,146.1040650178021,173.271756627871,140.8387050275552
good_form,156.06848546641166,139.98378890905002,179.79093845799918,133.31079400024797
good_form,152.2174665330677,130.47971698051103,171.76504407066685,122.62657692624691
good_form,150.1302586528868,123.08778980796706,163.4940899382746,111.77329111311218
good_form,142.74322079867977,115.86371005777342,153.02431892860326,101.29477318738827
good_form,136.26769950662532,108.06813295972123,143.48276255554794,91.77673877817256
good_form,128.68321876523478,103.01187566081984,134.23916884998374,85.8339260180382
good_form,119.48995015589969,96.02606505212144,123.16992285656954,79.32902848253127
good_form,109.53211446386084,89.94325388300582,112.73512497904508,73.10170564309169
good_form,100.78812800339364,84.60710204635734,102.584769754729,67.8188553504005
good_form,94.58962188848355,79.33390372204552,95.57699181079653,62.77584872220024
good_form,81.937488864193,74.4221981839459,83.45567851198592,55.949106817927486
good_form,72.14613447515302,68.7067644484033,74.10873743517925,50.76425621154999
good_form,174.41174914181343,167.7224410816199,165.51019617820907,156.76235577496237
good_form,172.55209686952426,167.75650902694943,164.70921282746704,156.82645159771792
good_form,172.40121390621056,167.59206302166393,165.66893622051117,156.7100676216268
good_form,172.722557967377,167.22035639931624,166.13151806346463,156.93636005871878
good_form,171.95575528150476,167.50376145227494,166.88150840370207,157.42942237487253
good_form,171.40406064939384,169.13577493801264,166.35503617617988,158.18380750984596
good_form,173.30211943449345,169.966588574522,165.85660142429828,159.71088492225803
good_form,173.29904236355932,170.7588153989432,165.31673622717898,161.02061597093964
good_form,173.0050207088801,169.8050702191253,164.85588074822994,162.05545420614686
good_form,173.49930526407016,168.24051976927666,165.04731100502866,161.61517918951995
good_form,172.31547450149915,168.35755040743024,163.83387389756908,162.82547062703443
good_form,171.67542155895774,167.08174877923477,163.41934943239352,162.84417507748617
good_form,171.80500451527405,165.62136095328918,163.41746209645677,162.76336991463614
good_form,172.08123100726985,165.18071535279185,163.55261760161977,162.32691128493278
good_form,171.6733906588657,165.05834200511515,162.58124940414177,162.44979909198278
good_form,171.73163184698004,163.87658862754907,162.15459264082543,162.4026073665601
good_form,171.01009571171682,163.1204227908549,161.54691258758996,162.50958795772465
good_form,170.53349775100136,162.46739093808205,161.19308803225763,163.4857455599775
good_form,170.0894461753166,161.6859012295376,161.60001563233433,161.7867899984546
good_form,169.23957381464194,162.6130105599388,161.29041923854035,162.57226656155115
good_form,168.13758311229506,164.16731782802887,159.66732126377795,164.04472911008193
good_form,166.6258052071139,164.42105478025266,157.95514573138988,164.08347365134992
good_form,167.12499130848104,165.01280006551778,158.64027693379663,163.83070028026106
good_form,167.1450402082527,165.31458420892642,158.9054373237723,163.19224567017145
good_form,167.05519810528324,165.8794519485167,158.70392751108372,163.52235433744644
good_form,166.37321282648804,166.65240864727457,158.52563993848273,163.7715952083528
good_form,165.8051313565804,166.64855154046347,158.13600783648798,164.0788968404468
good_form,165.1816964449658,166.06734735219845,157.83828127531808,163.813143977331
good_form,164.76006461464019,165.4123661691035,157.20316527874184,163.64558832433937
good_form,161.68819696014532,164.0231168586434,155.84265215281448,163.4706358061594
good_form,160.83528307890654,162.89530435711941,155.52048721748443,162.8799375500833
good_form,158.7916331481438,161.9186178211696,154.73997118835115,161.73089359002765
good_form,155.22012391034545,160.6775532554683,152.32273730064125,161.9725145193666
good_form,151.01350262115014,159.1004165462459,149.77394486404913,161.0820594081193
good_form,148.65410009249533,156.60948733151304,148.0150450178854,158.7936661111136
good_form,146.9611173391625,155.6765158853384,146.01152972799886,157.56331273870822
good_form,145.09915420223442,153.02015856840447,144.81869426334322,154.01732891246576
good_form,142.51503016910178,150.66911246092616,142.26524365752198,152.89295801660492
good_form,140.18733133296607,147.65822915826493,140.22947440624444,151.4437346058888
good_form,136.6539083349216,145.99752928057384,136.96346854862634,150.52521637712098
good_form,131.35202840551946,143.64812473668795,133.34488264513763,148.93044155108606
good_form,128.3668858934647,139.60554243568632,130.62543450115746,146.4955954283386
good_form,127.14392098471797,139.17706173562925,128.08035360379358,145.99391342023952
good_form,125.27784078034657,137.692544703218,125.49019023795472,144.4218577503506
good_form,119.98196989695975,134.59626937527014,119.41658451251033,140.30289426687585
good_form,116.0642114223879,134.51754398464647,114.53647118300597,138.5660816085868
good_form,108.73545243341289,129.67466183320698,103.98735218357777,134.3248612328403
good_form,97.80659194743254,127.62895372357002,96.41701481873747,125.35598346390486
good_form,93.30837318364945,119.45570992062665,91.63406277923053,114.47417344748726
good_form,87.47655158531006,103.89166153966335,87.98956111467828,98.83296747012082
good_form,74.97840644711778,80.93671994411574,76.904630574243,77.65357991805791
good_form,66.57277875791176,74.30908326869515,67.82226245286292,71.88561808277069
good_form,64.19018202249079,69.21399137969276,65.09184708663994,67.3575165061048
good_form,62.01015589165372,60.361717432529844,64.740624764618,64.48815948141596
good_form,64.60982876125375,58.867147093786116,68.96572757821959,67.88692528663577
good_form,65.77492819142527,61.62545381729199,69.67627170820576,70.93078920571573
good_form,60.83803087022933,61.59874731962952,65.4217159116507,72.86212577243481
good_form,65.0757086347656,66.81598941184207,69.48741692157182,75.96978630662909
good_form,68.05980906781402,71.42894821857482,71.54341888842933,79.26450647326163
good_form,87.09157866854889,86.99431776555997,87.90481564557545,93.15138513362103
good_form,105.05402313730633,105.74336911243914,104.0744514987478,108.9028642112948
good_form,114.14063721848939,121.35230232574064,113.01167173894025,126.88952112098241
good_form,117.31873334959587,132.6956005842566,115.61146008546696,139.60084747140294
good_form,121.54422995106597,139.3155732948954,119.42648144209188,147.48695842938807
good_form,125.3380585873461,144.51331301938404,122.98268763434359,152.2813715885108
good_form,128.40031666044914,146.03178907212956,125.16023341834261,154.25134228787476
good_form,130.6418701568984,149.08940533914463,127.35218937438644,156.5782671840786
good_form,134.32236274670848,151.34324409814454,129.472357327779,158.39839780565552
good_form,136.6036583713613,153.6235419796199,131.3086093232867,159.46122665776767
good_form,138.9926220020475,155.29094679153155,133.58126802091473,160.7490768826599
good_form,141.2434684844563,155.72650400672885,136.02840208781245,161.53998373165103
good_form,144.81907748957292,158.2833921153028,140.02199895749484,161.29819111694937
good_form,146.33718741605517,160.2751860657394,141.74706382169975,162.46738910907825
good_form,149.52155795523615,158.86544194790127,146.01639242433586,159.95787400389924
good_form,152.05784478529517,158.90589124727938,148.11561973171985,159.62223494534797
good_form,154.4276425740105,160.88399727526098,150.84407612304796,160.02813489032715
good_form,155.48474903467738,161.82058308691174,150.9380414701176,161.2162439540446
good_form,156.48421229438244,161.988861415351,152.29608384905208,161.17300533958658
good_form,157.96570148230776,160.77607781010428,154.37089148171344,160.4918371471671
good_form,158.67345119031464,159.938345397343,156.17011820542018,159.69159442462347
good_form,160.01329564212818,159.5474162987917,157.50342965938697,160.26773893249333
good_form,162.27246345170127,159.82147699315695,159.40767285746523,159.63637624662093
good_form,163.7477044349287,161.35712035826722,161.06578903776332,159.6531758760562
good_form,164.011887468041,161.40485389712265,161.59202909059442,159.90981190385838
good_form,165.15377596364573,161.77093679736765,162.31553446375946,159.84593373330563
good_form,165.3239857452123,161.97329919516434,162.52795157576975,159.68223332606686
good_form,165.74744316802068,161.62286812419893,162.41680201978298,159.5380952915897
good_form,166.25914110001136,161.94053534359512,162.39634009710423,160.04470732136085
good_form,166.47223990165574,162.44579565421512,162.0992762092191,160.4359794446325
good_form,166.90820274006884,162.50848843828592,161.88418167268205,160.87667548388825
good_form,167.23789770579498,162.4965435732129,161.84709424136634,160.7949486737766
good_form,167.29349925173256,162.62025242330193,162.01197458555933,160.92964462638642
good_form,167.5562616049498,162.3580922100012,162.53183192536315,160.76880523065543
good_form,168.22388117084253,162.39848815485504,162.87328286304492,160.5026583331036
good_form,168.72047626675382,162.84406883868843,163.31215485137355,160.54816740804205
good_form,168.79508076973087,163.02404204391723,163.66797751048782,160.39579157560973
good_form,169.03209376678774,163.17767058000874,163.9205986906028,160.29763734903568
good_form,168.97388569690355,163.51001890531683,163.9313413188806,160.55370461392482
good_form,168.17949278091294,164.1914754124271,163.59202154048643,160.78336162494577
good_form,167.5850777979908,164.1785844788608,163.2233767331174,160.9401270545289
good_form,166.89248748422196,164.15252795980922,162.6283589850652,160.71267557509273
good_form,165.76838209529038,163.9919445236446,161.66934764008192,160.63909601982718
good_form,165.44716276784007,163.6691937287485,161.6470907773939,160.39925548536212
good_form,164.38708602217275,162.95903036664754,160.6311804029795,160.1676022669322
good_form,163.85982619012665,162.77355544085398,159.92229981499864,160.13974424787622
good_form,162.02036135878512,161.2906720023516,158.3557834870429,159.93369411372686
good_form,159.5109070372378,158.31196809829478,156.6799624643946,158.90649646926943
good_form,158.13270000155964,155.4243058639883,155.1683874999784,157.9690736129025
good_form,156.62386903840908,154.36142496483558,153.08038155075224,157.81035802857383
good_form,155.3012223895023,154.5952480679367,151.58636755854076,157.87179824295163
good_form,153.27706308949595,154.65928559254903,149.1691149472668,158.88832427023863
good_form,151.36269842946248,154.93642568666908,147.7746962298842,159.85921827585977
good_form,149.79128720000588,154.0393573797661,145.71341756889512,159.4351298971645
good_form,144.34996687335766,152.64380763714306,142.0534963529931,158.57834359157738
good_form,141.1766272744766,150.36682125645603,139.3201886676705,157.886057296579
good_form,138.35408240550268,146.96480995467516,136.1409375835229,156.21421389182854
good_form,134.28762278628463,144.68255794603527,132.5615875201908,153.93715585922547
good_form,128.5942227686701,141.84067642984007,127.40161639606497,152.11661153221178
good_form,125.26367735781352,140.87462969835008,122.54421581620818,151.7866316219503
good_form,121.47017147290441,138.0541704367844,117.88764147912357,151.1485545176662
good_form,116.18681291301681,134.3617981115436,113.5962052453329,148.53934780513308
good_form,112.07671781154502,129.80069514154036,110.58717421117605,144.4999806139299
good_form,105.31007758763408,124.03148062795555,105.39058908602895,138.94719745695247
good_form,100.4801886997621,120.8896913350897,102.94507115633978,134.60301509577744
good_form,94.5255114243908,112.1027341243134,98.08217901938775,124.56813676943958
good_form,85.3396354182234,103.66762738405568,89.47470714196471,114.13215476916247
good_form,77.87544168886672,94.71816794626457,81.08632104445437,104.53488537494414
good_form,67.76050360284415,83.75107979208195,72.2945712063449,91.99695561241612
good_form,62.10503877321143,70.77495227249157,66.75317452057698,80.34899029276666
good_form,55.52985003075085,66.95853011008737,61.553175580183705,75.45909569535864
good_form,52.52375694654725,62.98209221419694,58.04997030762796,71.8823727631084
good_form,50.89404458177137,60.992265931092,56.34695752729529,69.80152124892744
good_form,52.530043903754475,61.423701589139114,57.421178813645795,70.54728518343366
good_form,58.90697609693048,66.19214883502164,64.40151007120383,77.41406859716562
good_form,62.85876751368575,69.59134631928679,68.36883597163609,81.24416898505388
good_form,67.18149285912926,74.1931677170583,72.84823248666804,87.14039181211075
good_form,77.87885081553992,84.05363870257351,82.94030967606044,96.85738222519473
good_form,90.74974630326318,97.49914779178567,94.7629457538713,110.3867828077556
good_form,100.54535670487013,109.36924098858604,103.91129884259453,123.0524908459036
good_form,112.86834926391842,118.68143079298734,112.72717759354836,132.65229270710486
good_form,117.68457728967175,124.61761477782996,116.46717418940347,138.54402373891907
good_form,122.25378112594706,129.03746730011125,120.12079137716394,143.32042764888652
good_form,125.87511826063525,133.06248469476378,124.26127269949514,146.75755526403375
good_form,127.9409894957061,136.8954408465583,125.78034676298954,150.00014842212815
good_form,131.0106703602276,141.05782903737196,126.7502408870721,153.10323504506925
good_form,135.26386090173082,145.89534693590065,129.66194278603297,154.38980441341997
good_form,139.25244568677022,149.44265023193242,132.04106247522037,155.58373655500094
good_form,141.2503299048241,152.38016987082887,134.07993888373286,156.7199315147428
good_form,142.8818606840284,153.44320329525917,136.59100826378477,156.8915227754698
good_form,144.9633045052043,154.56161328627027,138.6360578073902,158.19108500809006
good_form,146.71952675928665,157.10258643961038,140.2285778868464,159.82273604964976
good_form,149.05854097644746,158.15243285989547,141.9814090774186,160.88997736653036
good_form,152.11809250876914,159.09967785162618,144.4997649205724,161.45660888531583
good_form,153.81550939448422,159.63374666295206,146.48147908805666,161.74381257309722
good_form,157.13679136309483,159.08478686131855,148.36532395816428,161.75721700845236
good_form,158.92085491332105,158.80774853308827,150.43364868176067,161.62204893110336
good_form,158.98698628265836,158.21122756317385,151.73950104437415,161.8842710162518
good_form,162.333748850654,158.79594221735684,154.13161794212394,162.16125940011912
good_form,162.9072268946565,158.53600003656206,155.32685212924562,162.09555673457083
good_form,163.45405375151893,158.34280497655982,156.28960899257206,162.45126725826518
good_form,163.94965113927014,159.49556171722674,157.3753356131553,162.78412185551198
good_form,164.42141292938388,159.77335069901977,158.74521552977436,162.49584908062062
good_form,164.3572262802617,159.6464082798278,158.69773317920723,162.4209080264787
good_form,164.5625748738871,159.91334722943103,158.9905184527911,162.6821350826305
good_form,164.25767045047934,160.56713033204474,159.27780111047176,162.57809848832977
good_form,164.49371837774044,161.19272932137375,159.6589033680451,162.61738159044043
good_form,164.651683874661,161.55049867862007,159.79044292608236,162.5971462853801
good_form,165.07486347525116,160.97528134611224,160.59580158679458,161.68528578685627
good_form,165.4640437581004,161.20723066131023,161.30329764481507,161.37497670842006
good_form,165.70120475394566,160.9925752446144,161.69659357166992,161.14984239024875
good_form,165.93061666220822,160.9228332722542,161.7778650280952,161.00602309950355
good_form,166.29533826460096,161.04737970680645,161.83041021854348,160.9866259609308
good_form,166.41244408694627,160.95638774168617,161.87921302467876,161.08834179479626
good_form,166.06096084903007,160.89084416672435,161.9341572962694,160.93889180039156
good_form,166.0133678336632,161.42592154155372,162.82602745486216,160.6932560958526
good_form,165.79264053177715,160.85958782827603,162.63402149839257,160.4556653155106
good_form,164.47371657634565,160.48857115172163,162.0349630125522,160.21461236102073
good_form,163.83642086586212,160.46073858586007,161.25925706888594,160.01785789885088
good_form,163.28517196377166,160.3797406520884,160.51727854846413,159.83417959719532
good_form,162.12164993116127,160.53972172965746,159.52598701897696,159.66835472628253
good_form,161.32133193995745,160.80456697024215,158.8033352583198,159.2031395095429
good_form,159.09866834294502,159.90715018722273,157.64163534151194,158.29617996222603
good_form,157.78093885169486,157.5955048239863,156.14191394097477,157.7127428117563
good_form,155.76365795505606,155.57887841873003,154.47980953627982,156.90330390978335
good_form,153.78982830449854,154.78077171882651,152.88006429930704,156.54726151682922
good_form,150.95076065283567,153.29163223068068,150.74959671197277,156.33577481702937
good_form,147.85411873128393,150.9277333090322,148.27695138035804,156.22418812787404
good_form,144.9415731288876,149.33193254485028,144.31313178880956,155.72181134171308
good_form,141.82695686307736,147.5687863522786,141.53319432761458,154.6225102349894
good_form,137.7800418693366,145.41035196785123,137.30751072037958,153.31653361206742
good_form,133.61536952359677,142.90258380306685,132.77731928010041,152.40308265100873
good_form,129.27138615555936,140.99934437665186,128.96770094654386,150.70776783145286
good_form,125.52360237345195,138.256950912342,124.29347803694583,149.49111038938983
good_form,121.50624593147191,136.41386681771627,120.69043795939659,148.6933383886558
good_form,117.57435757300419,132.58531098771397,117.16055153146173,144.01673982331653
good_form,110.62345989674805,126.8407621174136,113.92500639153738,137.70204815036868
good_form,102.28297780655322,121.12951340487383,107.95950240084937,131.88957143681657
good_form,98.58715702023284,117.7579977100627,105.73216481094256,126.01659611018181
good_form,93.62130012723208,107.68153527951868,100.30343994281654,117.59603656907933
good_form,83.94231639596006,98.43678140494721,91.66711542399368,109.6945091423035
good_form,77.11536950398306,84.7444327823353,83.14185721521301,100.36741139511372
good_form,67.11681702003244,73.24037836129051,74.62961426994096,89.1267547264905
good_form,59.05400381429624,65.41992033535705,67.4912661954991,80.69818229357497
good_form,56.56733072997966,63.99665789335033,64.03349822010398,78.31485293240823
good_form,54.77842583653009,59.963998317069766,60.82035098554331,74.65707747158962
good_form,53.54804032275367,59.192743874419875,59.05226016574752,73.60054229726465
good_form,56.59071554056472,61.82358841197901,61.35392416277465,77.01522503494598
good_form,61.700529907880544,67.42501249717546,66.44076715978548,82.079003502751
good_form,63.644726945179336,70.08434555187935,68.19489665160755,85.29224129190669
good_form,63.40667958426562,70.50657396737168,68.13920956643376,86.26201152537669
good_form,68.4763845759295,74.42752092961815,72.01158057586987,90.83324386075361
good_form,73.58304721079207,78.1365842832962,76.94470299973388,93.83292915287484
good_form,82.61256599938065,85.9004726613846,84.56794826558347,99.68203617166176
good_form,93.362068595756,95.66532696343589,92.27439855558389,110.1808187081026
good_form,105.56976187286895,106.28978011039824,104.09794413798797,120.50751423099251
good_form,114.57329943080211,113.24717835264681,112.47102887488185,127.35234225862615
good_form,118.31520366645921,119.8699417026243,115.37468464436658,134.02977157867417
good_form,121.4096547114496,125.48049405425391,119.58012787713193,139.72115785008458
good_form,122.38539848087709,131.165055671081,120.09001815034574,146.46691363866702
good_form,124.46721853363582,135.1299484565739,122.49038492190982,150.71200103888654
good_form,128.072580368581,138.41422754992104,125.39086474227474,153.34439600258202
good_form,132.97199988251123,141.38174789579548,128.19347402168282,154.9659722665403
good_form,136.27939617473524,144.78994931096977,130.2723331904929,156.81521276056745
good_form,139.79508219783128,146.9267464792371,132.3076522846588,156.86284426261008
good_form,141.3469015864433,147.70154989622833,134.26796060705456,156.49663625341645
good_form,142.9959770995078,149.25360171336249,135.77746398813449,157.8305941902104
good_form,144.51533734003004,149.59798022107861,138.0712138609119,158.2462046460602
good_form,146.84005381020788,151.82538841427245,140.98676741832764,159.35373124628475
good_form,150.19297557370723,152.73911205014377,144.67149263083087,158.09228122220253
good_form,152.05119214150403,155.71592517122554,146.75743784052477,158.8621902009033
good_form,153.9507420933592,157.94986449956636,148.521714820993,159.2016023707226
good_form,155.2042259364575,157.6509090728517,149.6950571337145,159.1231180128408
good_form,156.80022248636269,157.44453398950657,150.50009527074198,159.65384096908159
good_form,156.94097711173637,156.17186725339212,150.57909008862842,159.94797400126419
good_form,157.88173494320966,155.04483186862134,151.51010488203067,160.01421795228322
good_form,158.8604430396356,154.23402077356297,152.33148812294033,159.9410713965796
good_form,160.2313736634837,154.77113902169398,153.66029014713658,160.38764293925962
good_form,162.57125616194872,155.9971113526044,154.98630580892544,160.4401360193112
good_form,163.3751254156194,157.24454752298698,155.8723328396324,160.91423118711742
good_form,163.72491289812754,157.98895059028268,156.6891261338864,160.72733600040226
good_form,163.9005382737044,158.40431812705003,156.88419129566051,160.94788088176057
good_form,164.12107329240774,158.86142921486643,157.9087052636411,161.11766007676766
good_form,164.18600965969068,159.6288881430995,158.2880938916577,161.3701448901106
good_form,164.4067904305324,160.66910114172757,158.95145434362075,161.89173971992457
good_form,165.09456647750778,161.2824482065392,159.8136514548813,161.88437803390113
good_form,165.7246523712434,161.98255589174477,160.49061359260247,161.891479107805
good_form,166.44121796539207,162.38126756534973,161.1106208552134,162.11577685833697
good_form,166.74061385064192,162.55629398583685,161.29289261829715,162.29010744794945
good_form,167.23710874217852,162.8984154070127,161.71797936220713,162.3845799594311
good_form,167.26970154983314,162.79312319728666,161.77571333586593,162.26337221604382
good_form,167.18882932139255,162.83924194171897,162.13919373919086,162.13546665440003
good_form,167.2503818990938,163.4915801327088,162.30495596181515,162.40760586098796
good_form,167.19533898858066,163.08270168728876,162.69990295365977,161.43485048252327
good_form,167.0447138094386,163.24634433195405,163.18290625851577,161.24851093197458
good_form,166.84432095142762,163.21609085592522,163.28893785521947,161.22855225936786
good_form,167.20869055926855,162.8599718584685,163.22412024457537,161.63445842262337
good_form,167.33018469447723,162.74461565407105,163.21888460883167,161.47033812731058
good_form,167.21799785184535,162.50108494986168,163.23293987717625,160.93841514529865
good_form,166.7461570639872,162.6486632117792,162.93439590375394,161.02835230930634
good_form,166.4249691772113,162.24223860150104,162.6738798374605,160.49877690415627
good_form,166.16165440908054,161.8132265497261,162.8700785237817,159.78581329795153
good_form,165.93431084202132,161.64399069059968,162.19819469720224,160.0059439180989
good_form,165.8359584465058,161.76778000621047,161.3625636815297,160.2283607945419
good_form,164.65182273749014,161.2584111826678,160.19031466155195,159.83462078936327
good_form,163.56165847020728,161.58752755871603,158.66510056646723,159.55935240171053
good_form,161.0507332819568,160.37627913364068,156.92117887818387,158.94356799596784
good_form,158.61018884389546,159.30955551530167,155.35795440937906,158.54412640576427
good_form,154.77859424192025,157.82471073364536,152.62839906635378,158.38394096830072
good_form,153.47988238280382,155.38223426489037,151.49901657534232,157.9710569029284
good_form,151.4936311547526,152.42329836403766,150.18567072312234,156.61267056477183
good_form,149.52527255635982,151.99460143075154,146.84519144199834,156.75812702135482
good_form,146.98398244296087,150.37784402508188,143.10688978495173,156.8422709294848
good_form,142.02670107256822,148.98752459471194,138.82079943424668,156.94721788436013
good_form,137.55062261175632,146.73458018206364,134.61952478308282,155.35837552788107
good_form,133.80742654616492,143.63926879847435,130.77464085253322,154.12874210608857
good_form,131.4188143641337,140.5555150088663,128.66460249212477,153.2689386208568
good_form,127.92120569023353,135.9430338966144,125.35322227102733,149.20577585116158
good_form,125.57369571251084,132.78569624507662,122.67661711039368,147.81120905553743
good_form,123.20914646103284,128.69109663959094,119.76393643757969,144.86335686741884
good_form,119.07035625153608,124.33990122349698,115.97281395414291,140.84291258069445
good_form,111.72223095611275,118.17161159728937,110.03684486423448,134.16465575424948
good_form,102.0248208074052,113.829412241455,104.01903037397643,130.68934640616058
good_form,98.30646810289153,108.75488892090334,100.85835470040462,127.75138051089661
good_form,93.38081956352113,99.26464064647203,94.63993512395261,116.85220636649044
good_form,84.58835231328754,87.76524422894232,85.4718437057123,104.43466124560462
good_form,76.44867283920587,77.91452731669499,78.46008040209549,94.95117528709966
good_form,66.42961177243319,69.52219563027285,72.11696021170934,87.61758574567324
good_form,64.11047773345548,67.58065209940168,70.20912334175944,84.41868085546497
good_form,60.095598813672765,63.10418687938104,66.79670810533682,79.54245204810093
good_form,60.17893824994352,62.07266716336401,66.32721992103096,77.86301440273813
good_form,65.13723289312045,66.7396841548268,71.20232248333016,82.52455255740762
good_form,69.47694737084839,69.86097876003531,74.95325834776062,85.52852036676666
good_form,72.06600809859526,71.82310851145267,76.2305840954775,85.52330482634147
good_form,80.60817665677064,81.00142904675863,83.3736792876421,92.64341073458206
good_form,91.73151488364505,97.62518812136574,94.40693744945654,106.60731091108522
good_form,101.56731800520868,113.67513307672759,102.58649901799537,120.22881210931641
good_form,114.5808532336344,126.89980615100484,113.86448382678131,133.27273166028306
good_form,122.52261689691278,132.77763232417195,120.63063322379226,139.40395040839388
good_form,124.6693618900878,137.08979639889046,123.77075901713752,145.26525860116212
good_form,127.59736683509195,140.44008709031252,127.27052887375068,149.27717484630645
good_form,130.47983870875595,142.98914028317077,128.60374772789098,152.53326665550819
good_form,132.62835848874104,145.15040082780342,129.8808252993153,155.07823377327065
good_form,136.8081219916868,147.3535379268234,131.79627323108622,157.90094622516614
good_form,139.76545299523173,148.59104699467846,133.70572050485356,158.2036080986454
good_form,141.98269066151107,149.26674819304802,135.339809642654,158.4539189994986
good_form,144.51496520612136,150.7123232054403,138.21334621240183,158.89535998990007
good_form,146.72349787545946,152.82563522056304,139.90035928060155,160.0169987049559
good_form,149.87251567735908,153.09550319949818,142.85482551942565,159.3167308606648
good_form,151.2459826523851,154.30870624512355,144.94669875865196,159.69893931652743
good_form,154.01236723444762,157.32660415097104,148.2481687602675,160.60405432603005
good_form,156.80746693345762,158.32444931885576,150.76990671091073,160.47587312534262
good_form,157.14183498722898,158.56648874612443,151.11184327769809,160.1955696618294
good_form,156.9264363217944,158.50975133995337,152.54133704329527,160.4066500683701
good_form,158.8341748269431,159.26546406835214,154.48732440452147,160.85991930255014
good_form,159.62382711878922,157.02857056658263,155.41758913463715,160.85986097274943
good_form,162.10465104352062,158.32642417764728,157.08218094329658,161.5019042954881
good_form,163.52166120664748,159.11248446286461,158.53623135115024,161.4983124192164
good_form,163.97637590559341,159.78729524611956,159.59032176325616,162.08713506286875
good_form,164.37652882393738,160.20257816249742,159.63722642884946,161.73592337482623
good_form,164.72399660994958,160.5875250886855,160.14050586189123,161.98293668574354
good_form,165.223493553301,160.8061987436703,160.87204375092332,161.6352340020576
good_form,165.13664061300105,160.85981812670624,160.96570746044176,161.48339366487605
good_form,165.25020069033533,161.2128546477635,161.47343785423888,161.5175239971687
good_form,165.22062500285097,161.84357263628522,161.4565479739905,161.85014993333175
good_form,165.37479486220226,162.18137656902198,161.4726007719037,162.06740458507363
good_form,165.3580616703945,162.34207708033304,161.22207940046312,162.27729236384698
good_form,165.40232866400794,162.58171617628554,160.6853994408985,162.57818608498272
good_form,165.59979235857293,163.17286845464506,160.81345440333055,162.92775333580022
good_form,165.76173684740564,163.98786763190543,160.56586237180605,163.6311638524464
good_form,165.2775723230284,164.70098126304788,160.2287456969637,164.03959129320305
good_form,165.1824841479169,164.56738457542872,160.30218320386004,164.34478079977512
good_form,164.95516533430077,164.63727927782858,160.0784829477998,164.66139595236444
good_form,164.73896800535186,164.6133106032245,159.91861583341196,164.9531843361844
good_form,165.05767074795452,164.57679669957608,160.18936952888419,164.92334412425075
good_form,164.981299015904,164.52850548276763,160.16888680847038,164.79189502434235
good_form,164.98568475520383,164.53829765425633,160.1981446804613,164.75501765530504
good_form,165.07169681609176,164.58779489141412,160.32012339734848,164.67172243011265
good_form,165.1372720850724,164.43345800001865,160.2987553706876,164.30460156481774
good_form,165.4806111084438,164.30843306101113,160.2281549754657,164.22090467150772
good_form,165.74999957239118,163.8131225816392,160.5396962106845,163.78288852152954
good_form,165.5481468840776,163.43143927370238,160.55632950863853,163.48334794072997
good_form,165.27942499337962,163.2351791715696,160.59298548112446,163.1782583710366
good_form,165.10465761994155,162.38667449509586,160.47703726166708,162.88904463063471
good_form,164.96262388829857,161.9080531938417,160.35594373400042,162.6391299684032
good_form,165.06585204894157,161.6802014512118,160.23783286896042,162.3629841500737
good_form,165.42143534308585,161.68441430488735,159.57056612906854,162.08384359359997
good_form,164.84252214394067,161.94540284002832,159.0013676010044,161.71871659243385
good_form,163.66355774717283,160.6305945668499,157.78433105614775,161.9001593084511
good_form,162.74308763387984,160.43587045092764,156.97094729800645,162.61235222802827
good_form,160.13053634186744,159.92823602797716,155.1781057431088,163.08683160653135
good_form,155.63224139047432,156.09396885150377,153.42706509320882,160.8304200544542
good_form,154.1358466683022,153.45137079597848,152.2288021927838,159.8238938018953
good_form,153.2835941704483,151.38769261190689,150.69366895036188,158.6683832427125
good_form,151.73868472709628,149.6815713276182,149.6800187580788,157.55936120459327
good_form,150.781646291123,150.23125302684898,147.8791343831292,157.25842811922874
good_form,148.83715205380167,148.1667201191059,145.7407122152224,155.65362860720225
good_form,144.67351508428996,145.4155122832272,143.29975887145812,153.6120916238447
good_form,137.32229789921496,142.62943232957014,139.06836268006685,152.5944022228787
good_form,133.58895665427713,139.84306245861146,135.6747243759879,151.30716370006184
good_form,129.9520207038163,137.53105551295855,132.85338260099581,148.74744095984363
good_form,125.19193505561987,134.33856158736748,129.80749842902398,146.95357495474465
good_form,123.45503745170222,131.07365153724848,128.2357352820091,144.90107286418245
good_form,119.46190019004064,128.09204399394366,123.20574440681605,142.4743622214381
good_form,115.6178460043516,125.97440761355607,118.16110436339402,141.86925666825675
good_form,111.24516809163981,121.29345777575537,111.9871657752535,136.74389905676085
good_form,103.88679789329348,114.25475865677846,101.66633782706285,129.5790617593733
good_form,98.98541142037095,111.6288059304478,97.30609326952134,126.14315076886339
good_form,93.50747435684832,111.09312347090363,92.829879512355,118.89510335350806
good_form,84.47990331644013,105.73585720722316,84.8246106277649,110.77413992517438
good_form,75.15992038314204,92.42311662209286,76.96650613278439,97.46967009005851
good_form,69.90180766302694,82.79145299202835,73.30674556032078,89.2446805827874
good_form,62.94045370284954,77.38070910050362,71.20048651181655,81.48591490633243
good_form,58.251093548331234,73.36083094708567,72.6366742844054,76.58883646251985
good_form,56.123722912037955,68.89280839151533,71.07584165213605,72.93776352097314
good_form,54.62926729370734,68.81333597061632,69.20469900469992,74.44193979089187
good_form,58.99299035149458,72.33401381226945,73.28607433990938,78.52448448707008
good_form,61.666361842590504,73.6717964000032,75.76255432661243,82.23863812990402
good_form,65.50796971362576,75.75313035686541,77.79326702375305,85.86166206525411
good_form,74.9977811393718,79.66655962737882,84.19339889068289,89.8205180817323
good_form,92.93757848015417,97.75918792851846,99.86291708483672,105.6126622926208
good_form,107.42364524509034,117.20215411804861,110.63818336033272,123.02794179368601
good_form,114.58500489642697,125.46181190593082,115.1541629971679,132.94161044596066
good_form,121.43695667833384,135.32204712402952,119.76880622500033,141.44154702004914
good_form,125.58988424762842,140.14657891544567,124.25388664083427,145.7709044968145
good_form,129.8100680258762,143.02105272357272,128.26984485622012,149.9790585591801
good_form,132.3357849386112,145.13053489809107,130.7071173911161,153.410412714837
good_form,135.8365994608489,146.66689049563038,133.0191474514385,154.19893765321615
good_form,138.94195695270673,149.7333576088102,134.30007152956267,156.74384428602238
good_form,142.39706153530523,151.06730736966293,136.07474030191966,156.01167711340022
good_form,145.1206314441751,151.14589026375634,139.0879473557662,156.01557429596193
good_form,146.525112073373,150.95474996423934,140.5886159739167,156.23271436501813
good_form,148.9707792304374,151.05192748438634,144.83027665443743,156.4207013927477
good_form,149.37455394627733,151.76413364310338,145.6633938837669,157.57353599601285
good_form,151.07713131096165,154.14343945276275,147.67766640751157,158.91788307316367
good_form,152.26102582526124,154.77351243271724,149.2896965294639,157.68729088193828
good_form,152.93450346444448,155.56855396765732,149.6822610960777,158.12700222937727
good_form,154.07521749289927,155.96295286702434,151.0646487705341,157.7011958178715
good_form,155.79542843709828,156.19188205536878,152.5383328037023,158.02822922023643
good_form,157.20216421410055,158.02649070622635,153.71303075289876,158.9681647885057
good_form,157.74923913014766,158.73549070868106,154.2790604266104,159.794352361
good_form,159.4198782303068,159.3575553675823,155.38745876166112,160.46293834340077
good_form,160.7249492172581,159.15789538979288,156.73544148865938,160.25129700476262
good_form,161.95395413013884,159.60918674889984,157.7007678693444,160.31986876057627
good_form,162.7072587409603,160.313553675928,158.28386287793828,160.34338442346967
good_form,162.77593310674993,160.11875096792502,158.9180738455517,160.06085428527652
good_form,162.78580242584823,159.66535914758254,159.3694052912202,159.95844236072872
good_form,162.83800749368203,159.11729532301544,159.5422660729517,159.6966739247187
good_form,163.47122417053524,159.58272338713252,159.83671634364686,159.75608239104827
good_form,164.11754305005562,160.2295593949872,160.12746115790372,159.67619587860338
good_form,164.89757809940585,160.68544053279413,161.40805443379185,158.69410917163196
good_form,165.18201035074478,162.4985461149618,161.34300511375315,159.47974289459802
good_form,165.56746837853288,163.93523528609575,161.4655045575824,159.66044442512938
good_form,166.05954741766527,163.9270711805885,161.26232920127072,158.40529036472685
good_form,166.2925862809245,163.5106465173006,160.3911839471827,156.89899423096176
good_form,166.42770934881213,162.5806062747867,160.3025680335177,155.64629915237583
good_form,165.94072006125984,162.4009256999071,159.51936245811368,154.68461132289764
good_form,163.10190321397957,163.4587952814344,157.77148902651552,154.58116986785132
good_form,162.75135546692903,164.2674467878104,157.81199920026577,154.19928563432865
good_form,161.97693017355869,166.09522314025926,157.12627793505067,155.28581364191942
good_form,161.51050167617117,167.10017272724798,156.12819132152384,156.3540662506225
good_form,160.13503451950828,167.13042809503605,154.14115205997393,157.11232201603778
good_form,161.52778014004107,166.42416130163264,156.50328429054937,156.48769977808226
good_form,160.43213251765744,166.5903920577306,155.4390972052091,157.11214630455024
good_form,158.13551482207345,166.58936112482678,153.0879213553845,157.215436125519
good_form,159.01403211630043,167.9906850576605,153.01204254788126,157.92558829413505
good_form,159.81072005073065,169.78255996567987,152.97089221648852,159.08344095709262
good_form,160.55248202537962,172.03730684212098,153.66899722554228,160.36469139946817
good_form,160.7088660626057,171.64187815297922,153.21359432838344,161.97676603683408
good_form,163.4289382774295,176.6635405992098,172.51233605846636,178.1969314066261
good_form,167.77518005711875,176.87357421979607,177.6627146195634,178.00358279080064
good_form,167.78903091799012,177.2941715536377,177.46060630321313,176.71792178308507
good_form,168.57048012090544,175.83598895092632,178.7188052584179,177.62796602304448
good_form,168.33594143537056,175.09123252173106,177.66042249969277,178.7358764121392
good_form,169.4833537493122,174.56045932582174,177.55647168925728,179.74515111784208
good_form,170.06004268368548,174.0211870156568,176.9598660196766,179.61516262532191
good_form,170.89804201121612,173.2483380602384,175.5352602987177,178.53544716777412
good_form,168.74798833239925,171.82208436259606,171.69247840167097,177.74801219701686
good_form,168.65944209844008,172.04592698992062,172.03523900678428,178.0057264628031
good_form,168.87158121479183,172.20162951979202,171.9903896503652,178.23835145655792
good_form,168.89608925422442,172.54758491467524,172.4154517897263,178.43544589190512
good_form,169.76655833766577,173.42887804899027,173.97989680013077,179.85124466154508
good_form,170.0818136655389,173.0281493486291,175.43544137913315,179.70649314006596
good_form,169.61268017515724,171.31563615718565,175.96244649427268,179.17482137972274
good_form,169.69448912770866,171.25078082728743,176.40265265330325,179.71788024899232
good_form,170.6843174483795,171.58722021404697,178.43919773557863,179.39430313910614
good_form,169.51999065544916,170.6338752889593,177.8439031259019,179.97890106647887
good_form,168.77419950704405,170.48461465071898,176.87361940596583,179.24345238777482
good_form,168.68614567200086,169.86887973461185,174.81921772761015,177.73641572393504
good_form,167.51254570106335,168.59572041285296,171.5669726548224,175.1210792989888
good_form,168.35210575079483,167.70461514591008,170.08575189039007,173.23838710853025
good_form,165.5435043396557,166.1355148760802,165.18977583717782,168.34797598077805
good_form,162.8977603806629,161.70324877929565,159.3778604223188,162.202980525468
good_form,160.965103605484,159.35446238102688,154.72889732934203,156.783850760577
good_form,157.864819553345,157.14485452193372,149.91380241801218,150.92470002265796
good_form,152.79578621669472,153.95341035960357,146.74590578266486,144.49154240152313
good_form,147.3641655021265,145.08628798361065,142.68886435806508,136.23951426701674
good_form,130.47387506280626,129.85192934323436,133.09854367490914,124.09139816661487
good_form,117.17634987929682,114.24455633774517,123.96218293216955,110.17418501998672
good_form,103.2870406899778,102.47459347118917,111.94781687873018,100.30398148353963
good_form,90.16671837681832,94.51907459810235,103.19099196371373,91.1609398609239
good_form,79.80206661233359,85.12233096047049,93.6621505441612,83.32380687774952
good_form,71.6282188427162,78.95055493257877,82.49270320896758,73.02010385148417
good_form,65.3217096270119,71.69365933475223,73.14566676292384,65.11643547530481
good_form,60.36695482583741,65.18403234198541,66.01016439109698,61.05148953784503
good_form,51.81008141817068,59.87687579191294,57.600636879414004,57.62385147702632
good_form,43.53068716733458,52.94054971195385,50.3269449583655,53.96802423252222
good_form,38.66969251854209,48.40342364262733,46.649673306433485,50.27197552812158
good_form,34.26200265974325,43.62436644774408,43.46665335553227,46.52949902477455
good_form,30.136036062716755,39.39013679512941,40.59412341113929,42.65472364520052
good_form,28.057295722625916,37.302244619054854,37.81103012404619,40.61861805222888
good_form,25.76093800335772,34.47860652185445,35.28101646838781,38.723665280943976
good_form,30.341797205835118,32.461668468492086,33.160425071218604,36.70599042913468
good_form,31.72862425016288,32.75172580600118,30.993176500820145,35.60169920279103
good_form,33.174476648816245,31.034558732981278,31.957104814553755,35.359674406104034
good_form,26.6766415441755,30.810389448716524,30.602505603015462,35.29766457884815
good_form,25.828843129188943,30.80675114776617,32.35279924250619,35.76553696488158
good_form,24.745460459393207,31.111066782215076,34.46155050533757,37.83233423570092
good_form,26.001897087104815,31.884791072946214,36.02314713040382,39.32185393973297
good_form,26.170338691239937,31.882464280966992,36.55602956522655,39.8689882072109
good_form,27.210641618146784,33.31842402123523,37.52120861548402,42.31771509628993
good_form,30.005007269434525,35.55137632824225,42.11499859712212,43.90768559924126
good_form,32.73105185010981,37.348804091884766,44.23130470201486,44.694753364397805
good_form,36.55872552195012,40.983100783242435,47.425653848022,46.00950969546284
good_form,40.579746788315276,44.42437336564922,50.30936865060674,48.124580405984105
good_form,44.484759470661515,47.39384823227596,53.558391046676405,50.553076885609606
good_form,47.56279178535635,49.89075831980466,54.879164742846754,52.72123213579124
good_form,50.465830975533606,52.89642646425324,57.98373273788523,55.51097399681198
good_form,52.97526556832764,56.55214076201378,61.298671125779286,58.68756139109888
good_form,56.19087178604161,61.355545550980196,64.53743276364773,62.01080332427158
good_form,60.679725549946,66.46414613982233,69.59190190440796,66.0831531128562
good_form,64.74191781801704,70.26847211527291,76.22433093901843,70.08296452554112
good_form,70.72693150138235,75.90636208610636,82.41097205640129,74.50711951107425
good_form,78.3371867111801,80.9764707357478,88.13389880829952,80.27966363818008
good_form,89.04223188238609,87.3378128352357,94.80302276723594,87.25590627933805
good_form,99.37323062976321,96.73625164206703,101.73266196253965,94.06723107425668
good_form,109.32731830280545,103.77742530254034,106.36768427449678,99.0033981994317
good_form,121.82785836029825,112.47176103911812,114.14397743258975,107.0675940765595
good_form,130.43086563576583,120.9549256162912,120.24136399234138,114.36350683559057
good_form,133.79075037752096,132.04799130709097,123.41827024281181,120.85686255390407
good_form,139.7470538143596,139.0822825591463,128.37956656126175,126.94839021221571
good_form,146.37626001351748,147.75204573357817,135.501904178721,133.69749202705722
good_form,152.01365470075984,153.4873340673177,141.05855043432638,139.38321211626084
good_form,157.87007348695585,155.52875035981307,145.20580433607407,144.5396859681332
good_form,158.82482349626167,159.72427691647744,149.13111127260416,149.7147725685221
good_form,159.39804897464543,161.36146498138342,153.70467819179257,155.7445863116481
good_form,161.3327507935828,162.9738780664991,159.15581315451092,158.0672002289897
good_form,163.60315916953684,168.01970355905172,161.06473436184737,161.7082428352388
good_form,164.86380061372427,169.0253656971779,162.41491944260721,163.0670122062657
good_form,164.527311611132,168.44260278428388,163.2619485078406,164.11921825198462
good_form,165.39806894883117,168.52389588593726,166.526191762518,165.47253945734442
good_form,164.89325236027864,167.80299796601582,165.8306535194794,166.33749814648118
good_form,163.99942076067956,167.63332789650417,165.8094227637554,165.9610465653511
good_form,163.53380766200496,167.81039017031637,165.00615216865262,166.16501844310787
good_form,163.22713991094062,169.2589641606427,164.46704796278968,167.9003587028469
good_form,163.06350369353297,168.8691609535582,163.5327817143865,168.0128922378541
good_form,162.7907851092116,167.5813693732906,161.79252742951738,166.25158200282002
good_form,161.43369586308688,165.89349883825952,157.6216981810432,163.2363906501708
good_form,162.55845529731474,165.48088836747345,156.18037789211738,162.3125555824966
good_form,158.64892165616317,163.6606866476961,149.32660919766425,159.2554191014148
good_form,156.817299521245,163.29170956285873,145.35017204180517,157.92209672994258
good_form,156.9162954959476,161.86023144553673,143.78339126627233,155.83140204546044
good_form,154.92288279998877,158.39072399052773,142.2080064287015,149.6145924331036
good_form,152.87634073188738,155.112975941302,139.2806328559792,145.14560575796062
good_form,147.03781628018115,149.29755328057243,135.60950924119166,138.31806300771322
good_form,138.9496628128819,139.10916719062607,131.40429630448563,129.03373343718505
good_form,129.335387582578,130.57907517679848,125.30338023973606,122.38237551140676
good_form,117.65406633146762,117.94481578777055,117.32873674095968,111.62649643023809
good_form,108.85539981503925,107.46196092659534,111.3342457603115,103.62222736891503
good_form,95.98626121749925,98.92245886400235,102.07145088682715,95.20488564976158
good_form,86.54501768959108,90.47757715772428,92.99366544074006,87.07279529949969
good_form,77.7488281874314,82.63784410242607,84.15376601816929,78.35630924247559
good_form,71.56814693401645,77.09285745462057,75.38249467614784,72.46591143757391
good_form,63.42798346822207,74.29807054637024,65.46583071373436,67.20943722165278
good_form,58.382826756429836,67.5996960370394,58.60904432696315,62.8137998299539
good_form,51.9111065976204,61.9109798265834,53.17921613415112,59.37237895209332
good_form,44.27693095334325,55.02693431426502,46.52966532533433,56.15780543295754
good_form,41.83779163430302,48.67509331964851,42.89069760827788,50.12657553998264
good_form,38.04042502900091,43.59974268925782,40.19941535667555,45.94188231714228
good_form,33.75604852150833,40.60977788750508,37.803821976807086,42.51605631410191
good_form,30.021916075188244,38.442322706481725,33.48193061598243,41.00406443366317
good_form,26.030109131304425,35.09861109734671,32.42419972267535,39.296033176974795
good_form,25.396718064214735,34.08461666787898,31.538187291087166,40.65557281662575
good_form,27.91032078515421,32.87893322632796,30.314686620402522,40.32022466683035
good_form,32.76288986459216,32.44126489505608,28.58651039082075,41.15302863353572
good_form,33.625885728329266,31.001472074174785,33.34887263327931,41.53266912961639
good_form,29.873779159454696,30.171672038231133,31.855836038302307,42.211751003557005
good_form,27.4160435232271,29.907746403253256,32.5309982519369,41.80932726942883
good_form,25.24633926366672,29.430648356356667,32.69239625293652,42.04195404690477
good_form,25.26127687265987,30.140193448219218,34.16513987663517,41.77842178491245
good_form,25.99990437635477,30.971311928216664,35.009709857843845,41.67305248911771
good_form,25.47824940683039,31.545464504784228,33.9831361465603,42.10224675851495
good_form,24.39479730195079,32.70031387306091,34.647241303300675,42.75193014370643
good_form,26.98242718347236,34.36403400113812,38.16840228912151,43.59418568458112
good_form,29.238403159047845,36.672744558645924,42.57299338859152,46.32927910498944
good_form,32.776172202439454,39.30340559615472,45.149614160596265,49.08019135427156
good_form,38.4660403908328,42.52834034826975,49.24363610109415,52.1541968767601
good_form,43.719950357070616,45.996509222692964,51.577118355834685,54.53476002122613
good_form,49.28567713925975,48.89235608472501,54.02835151653284,56.16123130202314
good_form,51.36909425060264,52.75920695403488,55.889378636190976,59.21336921095386
good_form,55.503335161490895,56.77634376934509,60.26013382554832,60.260541847962536
good_form,56.30260378301381,59.688566732801576,62.35820680106213,62.744994672388025
good_form,59.60391228337295,63.44516345405276,65.56757424892196,65.18139799980555
good_form,63.88186277172059,69.6624901239939,71.93229414530964,69.77145864961393
good_form,68.49247924284418,75.25347492797857,77.14055597002104,75.78481670594944
good_form,75.06796916034426,80.55266495429663,82.62156607798337,80.53852981491171
good_form,87.82989374801303,85.64653523850188,89.24250399171466,85.2901694666267
good_form,99.00696417673203,93.41597047304401,96.10859741289939,91.20325440612388
good_form,111.84119117952326,104.43571155293284,103.47397872929173,98.36064196366637
good_form,121.87137993165737,112.20330992575614,109.25844067172716,105.31624308298946
good_form,129.73381941341327,124.86534287259519,116.32924729914933,114.91561987946966
good_form,138.4917638958692,134.09936442413172,124.8875275857012,122.01621401518491
good_form,145.11543908704076,144.22051076715613,130.5854339207623,130.5107689248784
good_form,155.91689530378355,158.44887431189775,138.88551995264004,142.741640861864
good_form,160.13588702552252,156.99567897175046,143.88289297775603,145.07291114360882
good_form,157.88259574201533,160.34186553766656,147.15765155681993,150.04558672788207
good_form,157.72199342273157,160.70019351810583,149.94397477272827,153.0448235919295
good_form,157.16808043672214,163.1586491919775,152.18877628113555,155.79510424053527
good_form,158.45750318936177,165.41974319156287,155.24166186553458,158.41884198100595
good_form,159.05776654094635,166.3389196629487,156.72443694253738,161.63413236776373
good_form,160.03445625824614,168.3124642749543,158.19131542062698,165.16953190676028
good_form,162.4655804186219,167.75924546600515,161.56691318268628,165.74108912489322
good_form,163.9531359824212,169.0270421401887,164.41788449152443,168.6903470430694
good_form,163.64486185974107,169.22702027980293,164.23581280960846,169.77159107777712
good_form,161.98510109399098,170.62509724734207,164.52461423206478,171.38413000232285
good_form,163.1689558446839,169.56369891408534,168.14263877022896,170.96353982421084
good_form,164.05435019496244,169.16544922765786,168.43634833828875,170.81538219280537
good_form,164.5039447223028,169.632334777252,169.3230185380759,171.45062783009254
good_form,164.47384801889757,169.35650625296128,168.9375464038062,172.08533491717105
good_form,163.35592192109533,169.49764759493735,167.59511382066745,171.87701430212232
good_form,160.034601914172,168.43292018467542,164.0582377845127,170.57185922271412
good_form,161.2312488005852,166.6852271703501,163.30968576141612,168.66349972068986
good_form,160.91415749539067,165.3565878566061,162.3566050839238,164.01636710741013
good_form,159.99403959308952,164.27848853092854,159.13014054453134,162.18613172194864
good_form,157.5784403800272,159.25063677455807,155.19141846176106,156.82580789161403
good_form,155.69229494381696,155.28082873938598,150.58401118651338,151.23325957896705
good_form,149.08806900248223,151.590758434939,144.06320624438754,146.7811785628189
good_form,143.9514764536238,147.70635484523226,140.804166211599,140.92868786533103
good_form,139.40169243734303,136.8335224051279,138.13491096196623,132.38634063203833
good_form,126.44559358433372,126.08345504948306,129.45781410666638,121.77239013614633
good_form,116.35473342438135,115.89687809590802,120.51588687439342,111.34617268694478
good_form,107.4667895196757,106.23789000894271,114.07727416581689,104.49400335471222
good_form,91.38419924141698,98.34974681809314,103.24500970217623,97.00884362207086
good_form,83.05754499678216,88.80958239269023,97.22186066564387,89.93558727126151
good_form,74.1143462193088,81.71457766346123,86.99286975634539,79.00751458118042
good_form,69.51809641348711,75.32028759243752,80.7366108979962,71.31603746185735
good_form,62.731729910583965,69.1793501868654,73.1605604693182,65.20451440542065
good_form,55.937307856073744,63.62465329795981,64.50950464253368,61.23332315342824
good_form,51.088232137037096,57.838541036948016,57.39791604685545,57.12647698232255
good_form,45.0614564198238,53.128384737654585,51.95574296054564,53.361592859761984
good_form,39.71345251551003,48.98051485781531,47.086607705075906,50.526718531996664
good_form,36.144025057061526,44.627980457005606,43.483463773338606,47.21167883469846
good_form,32.68532159989903,40.35876190646911,40.419621602450455,43.67456752309264
good_form,28.516513044946336,38.57715425893729,37.195648876684295,40.63609137320962
good_form,27.286024169724637,35.27268884617839,35.211476632531735,37.593983506658915
good_form,24.201306432618125,33.216598689399355,32.5000526827335,36.224438413480435
good_form,28.439915065891253,32.4828778369638,32.389770685326376,36.20577049477088
good_form,24.68222858567451,31.65707447906453,30.668756160655334,35.98868164007265
good_form,23.296501439519105,31.972592193126882,30.306498051583464,36.423753576220136
good_form,21.226862214942837,31.833791305606553,30.157227370822444,37.39822308535285
good_form,20.816634591617294,31.725851909807204,30.61757577076881,37.270989913094155
good_form,21.841877549292132,32.26159345233835,31.50184081584993,37.61631255982587
good_form,22.32173770801357,32.583337357294454,32.31763480364945,37.808221566059814
good_form,22.284643281199738,32.39899179354195,32.70409209329738,38.150755557262116
good_form,20.984490744658952,32.335868462701676,32.62624716964251,38.5554284650691
good_form,21.31625746842421,33.36102813704431,34.36142025440803,39.670864627127834
good_form,25.02757989347785,34.540683472181726,38.115578415432736,41.13425517881087
good_form,28.437915207403144,36.74147033796067,41.71980431037291,41.96975497975436
good_form,33.23389855394703,39.47608146265776,45.2880525275932,45.15516290566068
good_form,38.352619591997666,42.55957485215606,47.158436578158216,47.66468066879059
good_form,42.78251086794285,46.03725003202294,48.748333796187744,50.248178400204615
good_form,48.148540931513025,49.254616689409886,52.450541392694745,53.81067646713526
good_form,50.44642164690754,51.83105463234557,56.40271720159852,56.16623342441942
good_form,54.240122938686625,54.97566712308816,60.69989598587198,59.399240836165156
good_form,57.68436546257533,60.440472894790105,67.06478491809393,63.51657619971853
good_form,61.53104569968633,65.23124348408697,74.24345722914916,66.97687546067084
good_form,68.02834499561834,70.74448927968922,83.10080761074282,72.6803539258143
good_form,74.37484332090122,76.09537184414313,87.92758674806193,77.83557423326226
good_form,84.28455795995495,82.88630147562418,95.14032536354271,86.75076953186111
good_form,94.55911997300393,89.47963271975038,100.62937736607155,92.26532760294923
good_form,104.39571645755876,97.19548125254312,105.70868818758284,99.51281962736189
good_form,118.37658238476894,108.20813680277004,114.83546273796436,107.96887996740095
good_form,125.05965756891416,121.86579523936635,121.49222522377167,118.24026297840231
good_form,133.1839703264182,130.73879663334782,128.6739606176639,125.00327981839898
good_form,141.74318115294204,138.39188713681295,134.03309228574952,131.1146974633245
good_form,147.59212932977815,145.35555429236788,138.64230634457869,138.83479052840923
good_form,151.39936798028006,151.3423160281425,146.93664392664027,145.51897857104197
good_form,152.7092177500237,153.07370994642417,150.49071450156555,147.18797462460878
good_form,157.4370257147314,156.05803444855445,156.1408356692459,151.5813978872549
good_form,158.4232909197149,159.13261073847067,158.17342951618136,155.28269874191565
good_form,157.92437026610517,160.56719953601333,158.0954409387845,156.88769894353817
good_form,158.33490773340043,164.66026517647973,159.96942885178493,160.27517902686444
good_form,158.81776526450565,166.86331721049683,161.13269625232982,162.9117117415498
good_form,159.03311895314238,166.49047459458595,161.53135008658953,164.5097839078721
good_form,159.52267475018027,165.92748836846246,162.0502666457451,164.85252919530538
good_form,159.48141905246433,165.9227023495419,161.62900489547286,164.558747999308
good_form,160.13621709639582,166.30421279113773,161.93192641091844,165.32723857808634
good_form,160.22193574051673,166.5940144566916,161.76472421667253,165.45662454191475
good_form,160.33288123203295,166.54823477396542,160.109575749607,165.58561008587463
good_form,162.6534012999219,166.47829866528488,160.78762730094834,165.92826045340098
good_form,162.471061752571,165.0127722474614,159.43636334523384,163.6460417115169
good_form,163.68517653097635,163.96856119106178,158.35169383327582,160.86598652049867
good_form,163.73596656283397,163.89972205537688,156.66895316346546,160.32357403381164
good_form,163.71894716676013,162.64401822229908,156.26198254185317,158.85084322825497
good_form,159.78905100307762,160.61241833865387,149.7115438694154,155.07665369289774
good_form,156.5677451247024,156.4773559447919,146.9133762931714,150.85718764322766
good_form,153.14664609431637,150.67412513777856,144.16602678924767,144.24190670417593
good_form,143.05574583600244,145.12374075668455,137.49177708021793,138.07866141018957
good_form,140.1202611260473,139.08445328019627,134.8731595247109,131.11750424249774
good_form,134.20122196857463,132.3844845180301,130.98186462298514,125.06470649273592
good_form,125.06183892297855,124.09305933393014,124.71246336824002,117.38559654248414
good_form,116.7307456121242,113.36121293025656,117.81481326680424,107.99175946460514
good_form,106.7596482835776,106.34566949791846,108.31681162230453,101.4984044219178
good_form,101.48863617177864,98.33050162391459,100.22089199921004,94.01516182861911
good_form,87.5726531267266,90.55347406227014,89.6240452395434,85.11125636978328
good_form,78.57792091514705,84.72134994175724,82.44529009571133,76.69999270660072
good_form,73.01002051925417,79.64848521005888,73.60279041598596,71.17535661986061
good_form,67.68634651229775,73.34758924121894,66.30076789203379,65.77328008634339
good_form,61.68770061043,66.16322419133695,58.72433120088294,60.3832564240897
good_form,54.707472737947796,60.36752174260795,53.35835713996786,57.58736650016622
good_form,47.09497327282787,55.13811504295279,48.71961695324503,53.66055962355318
good_form,45.13916379353276,49.74158184700025,45.14634312909679,49.53240093159855
good_form,41.26382984751291,45.092518302713756,40.74822505999721,45.28466023177618
good_form,38.14827715722052,42.21586668849036,39.31175608594031,41.60761940803514
good_form,33.04810818391436,39.44343770665706,36.463919297682345,39.93380925838535
good_form,28.498192959944184,37.38435365934677,32.39095130421644,39.528426297967336
good_form,28.567892268536283,35.38548043020247,29.66082678822723,37.931623960134175
good_form,28.726743373384743,33.43366156790901,29.042988943985268,37.205549026448715
good_form,32.09424920513987,33.904991035848866,27.689159370061596,39.0067976640976
good_form,28.925123964492254,33.261996473544336,27.13200198799329,39.444782935930874
good_form,27.122517914814747,32.387596785907206,27.6700400489414,39.757367255741634
good_form,25.135759785261303,32.223441839949864,27.94760809997807,40.34330350666792
good_form,25.169874287102257,32.24471004778038,29.039359091862757,40.60931552066087
good_form,24.834503106572093,32.76675252886253,29.553164215725026,41.35999516546784
good_form,26.014509623160304,32.77475868600659,31.499658748527434,41.38113435802172
good_form,25.72341920413857,33.169527336030065,31.859630237967146,41.75788200658574
good_form,24.940376249918355,33.16355806449699,32.65782108621799,42.00145683801101
good_form,26.898415789844346,34.887468915607634,35.05494367767084,42.467628728868824
good_form,27.966436751294545,37.439509781728134,38.77196346613831,45.041694857216584
good_form,31.047213961253494,38.82511778391522,42.10587040418203,46.6095700449055
good_form,34.451601022772536,40.69619290455298,44.41277534711619,47.52897432317223
good_form,38.057269596833635,44.47758025243547,46.23452068700809,50.54623233360265
good_form,41.675361670566645,47.50859753815547,47.630578735391715,53.264124023381385
good_form,45.477918354371866,49.57100668151884,51.42741630502032,55.785726636713584
good_form,48.29458255031733,53.15122512290185,54.072375353850745,58.278594250824106
good_form,51.27533813224471,55.55474356309213,56.670566298221715,60.00412437619454
good_form,53.79651172542356,59.75905106304663,60.640876349279274,62.83671488816525
good_form,58.103654078091324,65.58867773598217,64.82731727410848,65.13681526444513
good_form,63.440053108533675,69.8536862915181,69.7963545313425,68.15987053713805
good_form,69.59251822713003,75.5119080577984,76.88139343652205,73.23358717476619
good_form,76.96902937411534,80.01357251132748,81.96938459178881,78.23047140016443
good_form,86.54527832022444,86.65575024445576,89.27054564433226,85.32404906473855
good_form,98.90710123495978,96.06880890604413,97.77153715131436,90.20178107660105
good_form,111.54520954620745,103.18826253636087,105.41849511246649,96.04454522025043
good_form,119.61849463509884,115.73299397222715,111.47415628103104,103.20336090960082
good_form,130.6479148104544,127.18217391356751,119.5023537367382,110.81095630944576
good_form,138.22914816689345,136.74324799624299,125.5377194482838,118.19922574172823
good_form,143.7821273201707,143.5380456182697,131.540973307739,125.46857189162496
good_form,150.85951467738806,151.56012382290527,138.06976575466524,132.3098330806843
good_form,155.60141599694992,154.74314962076707,142.51241858514015,138.0064409785091
good_form,158.75787917908087,157.99705351951778,148.5989204993753,143.14253508169264
good_form,158.00110981828652,155.7875913895087,150.91396510887492,144.47265512699187
good_form,158.8120194897368,160.28179988381373,155.73398565383383,149.90725860509062
good_form,159.249043859008,161.99834540534624,157.1841312600492,152.34090227803839
good_form,158.707569444978,161.99124107401485,159.59468282162422,153.72716999913183
good_form,161.31774286408594,164.38923747395816,161.62500364641357,156.8536217143331
good_form,161.42437601434804,165.82106079738054,164.36909288068898,159.2889795976692
good_form,161.3328277748184,166.23780270465505,164.28052253634817,160.88256997712534
good_form,161.63533211035883,166.0691196368577,162.60628511557485,160.79062617134377
good_form,162.6504234341394,165.9968941562477,162.9419015458091,160.86573189796744
good_form,161.94330267750675,166.6080885873158,161.96203332935704,162.1391990445084
good_form,162.31241166002096,165.9825686330266,161.85080129520153,162.33037509896977
good_form,162.20029940997546,165.53732397915232,157.9417205639346,162.09681545189179
good_form,161.89774871519214,165.24310899200734,156.7577351876111,162.24716497595566
good_form,161.55179876099285,164.86551227485268,155.85032207413641,161.51477843711817
good_form,161.35596070804831,161.7453347342064,155.8534039360163,159.60096204371308
good_form,159.88528852265424,160.2585353105534,152.3072917132231,157.8787655810512
good_form,157.7590437765433,157.57516852403114,147.26513349558908,153.66538208925454
good_form,156.72245227880953,156.85459307292538,143.2507995035512,150.6695220383991
good_form,152.32601789702198,153.56960552762888,139.09562572834812,147.00758419044598
good_form,147.6389340723007,148.4813112756659,136.84629757371098,141.00473738201185
good_form,144.66898342084417,145.10623554699214,134.87775809934016,137.03234292583775
good_form,142.16487214047953,139.8191235540332,132.23072617862047,130.71078600308715
good_form,134.58877301801263,133.26482453989087,128.26009375149738,123.71917735210374
good_form,127.92161952709242,124.12550938764912,122.26570641408298,115.05878387358261
good_form,118.06563265247334,114.76028217775468,114.54416645083062,108.34049976445002
good_form,107.26694624872263,105.99292166849244,107.3423842090873,100.3939425605555
good_form,98.74092716789164,99.5098184114737,98.32970790220195,93.26862656591119
good_form,86.48011031887671,91.35387176668223,86.67993314892766,84.13106810579264
good_form,79.41240913968585,85.47917318537253,78.16277058655926,76.90788391636234
good_form,73.32765320308675,78.3971132555522,70.30897265011383,69.75138285976456
good_form,66.18541114763707,72.68791276811237,63.4062659180116,65.18706718051969
good_form,59.971457098065,65.94189342336114,56.48747786568222,60.960586772423845
good_form,53.61436416340956,60.254246621552454,52.032655209794484,57.06700997838887
good_form,48.81699550029401,56.1068060500815,47.956411373166446,53.93107807703826
good_form,44.93967532907976,49.650784903732756,43.534357239200446,48.10426238334842
good_form,41.85580323589653,46.063436866246434,40.96181222494002,43.43342472292046
good_form,36.58976103255523,42.39020247997906,36.698507970174305,41.92134506817898
good_form,32.49562785791582,39.218860069186505,34.70661154889593,39.62295907690314
good_form,26.967446548801075,36.79788266988229,31.594487539302932,39.396982043769036
good_form,24.116503111163453,34.07698493508435,30.151290383331816,38.36460074990454
good_form,23.608838869667046,32.887762269259774,29.72703567163005,38.6962864630547
good_form,22.18619812622291,33.63940429510866,29.204795794701493,39.95541446962148
good_form,22.48300697780078,32.0998607843988,29.870316981404866,39.936584592552535
good_form,21.91219602009316,31.934597594986013,28.970471149385826,40.52596300715953
good_form,22.980458238375476,31.999789196989155,29.020064893582514,40.70619551359572
good_form,22.7752254241999,31.915617579459887,30.704914573489926,40.287243238227475
good_form,20.848625104503366,32.85070154428211,29.63204587494402,41.05829632092341
good_form,20.711526234141203,33.621919917574864,29.701237134329087,42.154736751511685
good_form,20.945165023538866,33.15452470377698,29.077053861902154,41.89538496178134
good_form,23.428664532194432,34.228486773691635,32.03206555104222,41.51951428285348
good_form,27.566885243445597,36.791415499473544,35.06140330414448,42.47816107935859
good_form,30.36792703768501,39.950411459258206,36.83634549926588,44.51909411788131
good_form,30.601741094149755,43.14443925429144,39.203063330377105,47.04127879298476
good_form,34.64271826308675,44.32822465418161,43.509233740845,47.27664418035462
good_form,39.06611272299,47.80293208022465,46.93080258596708,50.48131959876301
good_form,44.08593386352379,50.24478376281377,50.99242409388208,53.22415650241154
good_form,47.98769887184886,53.05523256053425,55.325384122976246,56.07360789686453
good_form,53.81329242416382,56.66222916591158,59.47139631876552,57.750415599528
good_form,57.03578352475495,60.47773168218464,62.02199667511269,60.53552539649517
good_form,60.1490533123544,64.40896357449185,65.61996104287256,63.51878213249912
good_form,64.0556997065226,68.87726719816811,71.27175979976431,67.32985380861291
good_form,69.60204935836697,73.82615883419504,79.14083282425773,72.40606845863876
good_form,77.15867918917996,78.25379819585783,84.87303356527097,76.84744305919631
good_form,85.98523921478824,83.38846603727092,91.34694725849988,80.92561375294228
good_form,94.34809868235834,90.66433741607608,96.11587015382402,85.14899353811978
good_form,105.18782882003453,98.69688510467103,104.15354167472742,92.07991206962936
good_form,114.13199423209937,106.5376823873612,109.87825837509745,98.60703165694268
good_form,126.0600404782196,118.97176828427843,120.17053269198274,108.94488136267005
good_form,135.85197747858047,130.58649914406215,127.11536309157331,118.97277955595283
good_form,140.6228540944924,136.79146998371115,132.83546205455815,124.82048571757632
good_form,146.59826770785156,143.98917418186232,139.29640283225746,131.94295418763983
good_form,166.68622204574086,174.1024384355682,172.5280625400104,162.35888694183393
good_form,166.1137969315609,173.30322088008805,171.83080958819048,162.51809056761772
good_form,165.65401952532744,172.76391753305828,170.9492205813884,162.73902508570586
good_form,165.51484355409332,172.6012075838055,170.36553621485874,163.16052340059832
good_form,165.4766961041223,172.90243390619816,169.9399051490228,163.77935345555466
good_form,165.04714046695506,173.0656694798268,168.83921507045557,164.98087008763454
good_form,164.26928515772727,173.83639387736721,166.84697660360987,167.135516373928
good_form,164.63607093700318,175.82611203100944,163.49375914749643,170.2718045472779
good_form,163.40669559910398,178.19804527341762,161.1722537077944,173.09726490220626
good_form,161.04105679698978,178.30654149500242,158.12819366853208,177.70107847943217
good_form,153.3424814522949,171.29151772205805,152.28704815491716,176.04890374075373
good_form,144.0953923540313,164.435988016228,144.97082474717942,169.84870724524663
good_form,133.49487200739014,155.14349638155184,135.9667236661856,163.16767722522124
good_form,118.87588525758989,142.09636784825815,122.78371748597199,153.26107387798385
good_form,104.41493803079979,132.39804383535565,109.6139839544454,143.19109801180383
good_form,93.93842304020757,124.91261031591137,98.6212884526767,132.62970452932294
good_form,87.42849991318235,119.35376699676004,91.73534037716836,123.36663241497769
good_form,80.70359533501056,101.78588224403285,82.16532370619421,108.72892501454149
good_form,72.97244883698477,90.56666085229739,73.60789357033323,100.20968782609317
good_form,68.6709412988182,83.30000497113991,68.44742279467357,93.5133186970011
good_form,65.84393721310886,75.42466390461186,62.41913765428992,87.94048474681276
good_form,59.16154508687765,70.17523787290577,57.31390362501479,83.11113160731482
good_form,55.362453315355424,64.4499937645549,53.84054828021379,75.79351536678402
good_form,52.24911418739532,60.917767515659364,51.46993321228584,70.50886020146233
good_form,45.97359343937302,56.6078774713032,47.47387691263878,69.0174164526027
good_form,39.94488609475883,53.24963534427769,43.77595716004015,65.13408858349044
good_form,35.31188135702138,49.93655042332449,41.12187058219748,60.857713436552736
good_form,31.611465513200343,48.43494263019949,36.88453693092699,59.67426985046959
good_form,28.38710413026141,44.34439770552444,35.844889671282814,58.214525305111174
good_form,22.573225567678556,39.72698075460863,34.8172915862361,54.911900914448644
good_form,23.071479092478683,37.59596639113897,33.45310101336637,51.81187523749519
good_form,23.357475097553277,36.953281871222,32.23980346920059,51.760396459161115
good_form,23.688036659929242,36.76418795845213,32.84470190213406,52.66232954875923
good_form,25.520834866525924,37.22309697828275,35.801977275745756,52.101691817802674
good_form,26.91503686082679,38.7702315960633,37.490681188979956,53.46461837343751
good_form,28.019820287256263,40.114873764751906,37.01654325359387,55.107293446237385
good_form,31.288718635625106,43.90603309280584,38.09039675973878,56.3208000092004
good_form,34.95795889458678,48.13836067554848,40.92560150450811,57.37268330822742
good_form,38.21690554638792,51.88527591307269,44.55442721419151,58.51861315728924
good_form,40.9394395381164,55.27404100097584,46.75596118603075,60.94122802553026
good_form,45.86075280279471,59.79011030314996,50.692459673609,65.3438144670206
good_form,49.538812087060876,64.0239087863938,53.036912318892846,69.27794769849002
good_form,54.40037104584235,66.87084971622681,56.46866607207254,70.78434920961286
good_form,59.22809289076855,70.44462486098996,60.17867106232619,71.73741028592946
good_form,62.82228292440698,72.43827562894887,61.43061615016372,75.25042437307748
good_form,65.44314961501772,75.28007165167082,64.29906805671979,78.05395913924073
good_form,70.98395996560606,80.10712738735731,69.71314607966528,82.21277871151119
good_form,78.10200969448067,87.48768973369403,75.88908600055088,86.83388870111322
good_form,83.54722300290365,94.79489064849315,79.04018414671407,92.47860316902018
good_form,88.13004742080716,102.18009589262533,82.09772481849456,97.19870093181173
good_form,92.63009934831518,111.70394491943333,86.86349368763204,104.09334358224918
good_form,102.05839017080916,123.1279950014906,95.357012500501,113.36225628499189
good_form,110.90649621108099,137.2619610463546,102.478922757122,123.21376198592579
good_form,119.84901998358336,150.3098370392489,111.45433013040092,133.26384255644473
good_form,131.86673185892886,159.7775237453409,120.73013126611478,142.84739549628318
good_form,139.56433769668143,166.8973922518506,127.60650532713369,149.94165896042549
good_form,145.28693596753422,171.31741541470433,133.44453403482248,157.9750904241382
good_form,150.8803722668192,174.60989247159517,141.1229300222042,164.07555779044384
good_form,152.77468803097676,175.82356629877057,145.12839657249424,167.34264649442568
good_form,157.2269651174794,179.52197319291037,150.1780284320162,172.75132322900134
good_form,157.0101193867028,179.40803917083107,153.41437173673867,176.34633885735482
good_form,157.21417931376018,177.58475303545725,155.73883030630563,177.52087606369597
good_form,155.9132932271703,176.7523930087355,155.8501921561973,178.89761805529164
good_form,155.20831954255388,176.75509521699632,157.35956276252762,179.67268730102305
good_form,155.91233858884632,176.24436407653113,159.30677931780065,179.06155548165236
good_form,155.8495230043543,176.98044644868435,160.29680066750316,179.18223048724678
good_form,155.6590718125699,177.2294516384543,160.8779024533372,178.6695488227022
good_form,157.00611790684346,177.32444455071175,161.64936005355844,177.97362448478933
good_form,157.4750939360729,179.18731706118325,162.27524966289246,178.84479623428257
good_form,157.37241678838686,178.61795335997107,161.87024131329449,179.78344152144805
good_form,157.19155735621,177.19679928812795,161.54398232696286,179.01710052384632
good_form,156.92687410941247,176.2781991348583,159.01756525323134,178.21755690644693
good_form,151.1936560777445,174.08599096288842,153.76659191436534,175.4910678730115
good_form,143.83840902888699,171.07471902423424,146.96295439656296,171.45485769468405
good_form,134.84849483193244,165.10731106716466,138.80050560475536,165.91052852693326
good_form,126.84589835414394,157.5825519392236,130.45814171085658,159.09911763461977
good_form,117.20281904601319,150.73764492602427,121.12383777792911,152.56178759479548
good_form,109.43457630943689,140.4934214139153,111.44260150422029,142.0728585910976
good_form,99.71257466978096,130.04572145026353,99.67081226329933,130.79591000778623
good_form,91.042799874678,115.62851680551157,89.65114437186435,117.24649873246256
good_form,82.17909287592471,106.63728037159572,79.88967228955985,108.77558751984266
good_form,77.14955395924528,98.0785518317179,72.50330951426152,100.85343141093875
good_form,74.28845147313291,90.38374782583924,68.44619733618994,92.91176540805922
good_form,69.9409825783361,82.34398777595834,64.66500962944257,82.0061319424431
good_form,63.540395590810874,73.2660825363626,59.16737241439412,74.47363028323903
good_form,56.61773500995065,68.29936446021168,55.02238366044164,71.24400902102994
good_form,51.84031046967959,62.49552989575494,50.772565959369494,65.94455490286097
good_form,47.53247041819134,58.93072346960355,46.28857795439496,64.25085986340953
good_form,43.20509567336677,55.60543914394674,44.17101778041917,60.55909325145481
good_form,38.980485031541605,53.337632462357135,40.74347305623576,57.67867710699985
good_form,37.511486855771125,51.49608677531256,38.536187772790825,55.732027290866924
good_form,34.463719779889686,49.45432500334192,36.30293654834475,53.590630038695934
good_form,29.996910166397424,46.851860323637254,35.08947046189944,51.67096018851783
good_form,26.462447826801107,44.611629412024286,35.354206478446926,50.87853761309058
good_form,22.072105212809113,42.1592416418091,39.213482502151834,50.800342325425916
good_form,23.920336733764035,39.31843828401814,38.15432852160269,49.49120154998092
good_form,24.415685230235283,36.312654725547695,37.650164274503155,48.55504105365743
good_form,25.509331660252176,37.03606255326729,34.95816136539615,49.848081470072195
good_form,26.37119483189194,37.332164777224975,35.74168617139593,49.98838610762618
good_form,27.783123700618248,38.5691128855928,34.528381029743976,50.92859314116053
good_form,28.687545590911245,38.43108174782975,34.62496578081294,51.13771148361396
good_form,33.15843039375601,42.87871847252541,37.321193582231864,53.05064375761299
good_form,35.40836294702308,47.09925379760455,41.23820866216363,55.396384131206105
good_form,39.702820315532506,50.157748496019224,46.15458625044191,57.4065638762458
good_form,42.535619695062394,54.55981664577325,49.51206442875154,61.79204739156262
good_form,47.38066054773259,57.45686696905483,53.550638856800724,64.31049426660606
good_form,49.52201267222398,59.80077672369697,56.83290206698229,69.07916577717843
good_form,51.86027024954768,63.808774091915666,59.738582942984536,73.43596707045573
good_form,55.74445478632458,66.4606993598216,63.33784561481456,75.85148683101468
good_form,60.78863857226065,70.38477835850699,68.33680502586674,80.84185626713763
good_form,66.11585506648476,76.40423825265907,73.72542779966707,86.86381906227004
good_form,71.52224326994002,82.04993675978704,77.48538365626369,91.1513834651393
good_form,77.66386586698326,88.85139540975763,82.55364507554827,95.29420608240282
good_form,84.36677345494769,101.11063524360537,87.63449738666488,103.73626900246732
good_form,94.30604477912141,110.69482990536034,97.51822174221671,111.38620553823097
good_form,103.19315861496534,124.30652630842062,104.85459899378661,121.17092507360503
good_form,112.50882016989112,135.78239012959693,113.4675224836035,130.57793827775978
good_form,128.0195543146298,150.3070132903123,125.44255771499306,141.74376260785183
good_form,136.42013857155465,159.79899135453866,131.9176064240719,151.17923235202448
good_form,146.53628393129353,167.93486790092334,139.82115748120074,157.98458850408068
good_form,149.5969700201095,170.57750175655093,144.74887728294502,162.49161004329088
good_form,146.6118109022502,172.1020047558167,146.45904551867952,166.6943187321437
good_form,145.78206640326482,173.89608914497634,149.07733292973523,170.15770739536796
good_form,147.92887496684222,175.45856779813803,151.17259538600197,172.64380247183726
good_form,148.40614494642998,175.6706365485126,153.00641319035563,174.84140201924222
good_form,148.56343547073456,175.1947044617262,155.45710747451852,176.0991776563871
good_form,150.74305079771264,175.6318248586896,157.5521847451863,177.3714278158933
good_form,153.95488612621202,174.87093488631865,160.62648664560425,178.94703366771355
good_form,155.08755338899775,174.46052658931,161.7518826491461,179.56667235851546
good_form,155.25476137762914,173.72531184905603,162.01622288468576,179.64395740586033
good_form,155.27295295195984,173.27582416563172,162.28024314460984,179.60852824015714
good_form,154.758066260129,173.22069735769378,161.75210954400526,179.32841167926333
good_form,154.7602457943144,172.66553189556956,161.90553155472102,178.97291213970465
good_form,154.1040533308175,172.22339278215674,161.2572816838753,178.54497475276654
good_form,152.5977007297964,170.8620876742386,159.42299244751982,176.63789183917606
good_form,152.4759918622008,169.959611915009,158.14377376983842,174.92698507822442
good_form,150.87202352478394,168.838101583444,154.65612027076344,172.15973374312952
good_form,144.37010273494866,166.90853509320056,147.07556560228332,168.6639276171974
good_form,139.56683848083168,164.49242223298768,140.4800315925528,164.65995742178302
good_form,130.32821896938688,155.36033593799058,131.50458737971786,156.31488077223554
good_form,120.50747783841462,149.06826815169237,121.10582629024388,149.28989267465485
good_form,112.14226530038752,140.66348715322277,110.57419009797637,140.37294421019337
good_form,101.50612159966784,132.42080374742517,100.1731341734604,130.7079736817374
good_form,93.99229023728418,124.57139777161271,91.01205453990356,122.2158615881337
good_form,85.25926664474207,107.83572097427188,80.92425131235954,107.89585274865695
good_form,78.33007130878559,100.17441320751578,71.01794777257639,98.69385895850262
good_form,75.69904230164775,92.54287009200294,64.15068569886128,89.43115354951009
good_form,70.58966300521962,84.40247392515732,60.41046445072594,80.155043255365
good_form,62.089658784807796,75.61222932535401,55.05729550140184,74.99072402344285
good_form,57.43072219896095,69.56837167089583,51.02886496412806,69.5919393153438
good_form,51.85106916409973,65.79644140691647,46.8996355785701,65.75236021479746
good_form,47.26820709147228,62.22388340341473,43.0349054679705,63.34395906386531
good_form,41.862846412865395,56.80452670077722,40.37672190300324,58.075018138236956
good_form,39.16436183847884,52.2573140069033,40.2571796728436,54.63462038395024
good_form,37.12275135203339,49.58812875328863,38.116645545316366,51.18082218616549
good_form,32.41518364308246,46.87673056533458,37.35071060943602,48.25289273826075
good_form,24.540518830922792,43.73927038872887,37.64613238978989,47.12675028280235
good_form,20.832314982184926,41.944534533437434,37.35710483432885,44.38524058325472
good_form,21.709583395946936,38.78708423828293,36.98590540142468,42.383403610605136
good_form,21.415091186541794,36.21079971380824,36.37226127255282,41.51357888812803
good_form,23.17694503473434,34.64448680089302,36.902471988741674,41.675017086878164
good_form,24.541772124726222,35.71227774226973,35.908913328909684,42.20708821275923
good_form,25.371608516169623,36.708417483451036,37.17754146217064,43.161314849839926
good_form,25.87436586634218,36.95800075445419,36.64704098108775,43.97249401831282
good_form,30.233235437876907,37.736213849932994,35.208260717062586,44.60932265699772
good_form,33.64520550882971,43.142625922122306,37.096620571780164,50.33065266728303
good_form,37.28454635141031,47.48369939203923,40.38788141160393,54.69221577708912
good_form,39.98513755723394,51.11354915056012,44.338439473643504,59.010773611874775
good_form,43.21940168115117,55.28150832553479,47.687668857058426,63.49743690965631
good_form,46.10985767790544,60.50480548316847,51.25250062272135,69.05289688725985
good_form,49.23927652864609,65.27766641315293,55.63054260360316,73.65288563496527
good_form,53.115256759302156,70.70880890864197,60.208734600372146,77.23336228411469
good_form,60.023661590252914,76.64961820899913,66.16632516382222,82.36220492804077
good_form,67.94904921645252,83.81007808426546,72.62608128054539,87.88754484206282
good_form,73.51976012284149,90.74938168042024,78.239652768304,94.83934286314008
good_form,80.16880876372886,102.7246694052049,83.33588063313802,102.31251970989081
good_form,90.84379745918369,118.92267338810925,92.9531684114233,113.6977661780358
good_form,100.40657084868468,127.91802035869111,101.61285001730522,121.88445686608743
good_form,112.85815516955492,143.08096985681772,113.04530794999808,132.75250437866802
good_form,130.75766125608487,156.79288095009784,126.09255170742698,145.5234760085543
good_form,143.84123082154247,166.79906401799943,136.00365214409942,153.68120398396113
good_form,148.85227298473242,168.31048508056466,141.04598909320717,157.93764783875326
good_form,153.56401611287737,174.86478966229996,146.92572499937742,164.93890430838735
good_form,151.8860513022448,176.51988188343364,150.0013472007014,168.63127913368757
good_form,155.26219397446272,178.74716150044276,154.36465960376793,172.9043333375432
good_form,155.42974973978053,178.4139417809419,156.95151207914435,174.95296975621275
good_form,156.031243540442,178.67598214392484,158.96893389700116,176.92207138221474
good_form,157.01676126863188,179.71237955191486,161.50858391578393,179.3267069841176
good_form,158.01136380547135,179.1145623932676,163.2480762914888,179.60675426316078
good_form,158.4339837695437,178.4838083732011,164.37854734688273,178.32121022381816
good_form,156.73354789238664,177.67766474605926,163.9335858824381,178.0707163525425
good_form,156.63715444283096,177.5898248758553,164.80813149007795,177.62283026130316
good_form,156.46911071810305,177.3006709534903,165.0534472866264,177.4852094303453
good_form,155.75445689071012,176.69929698889172,164.34901868644644,178.13840974653766
good_form,156.80411730829647,176.62847781193653,164.13129222480987,178.2127416360686
good_form,156.44834657303002,176.13033453370667,163.75545742389576,178.68674346516045
good_form,155.8981167614059,175.66225638185713,162.69424913641296,179.142894504234
good_form,155.4480330708522,175.0922410492392,162.0339815033115,179.88836043269833
good_form,155.7100278894134,173.66964214058405,159.47970525521035,177.24405098173804
good_form,153.0594169335181,171.7780087033941,155.69240766399443,174.36653276076038
good_form,149.50449016873074,167.09172700307064,150.59078488103023,169.8958629613785
good_form,145.126626994515,165.28158363876116,145.08484363024158,167.1756724100225
good_form,133.9489880641771,160.02535638333967,134.5847561849721,160.73064229082743
good_form,121.98764226129632,155.2096744363422,124.88833348469258,155.17699554763874
good_form,112.02486407924127,146.51897727052392,114.5933619114634,146.64489756073232
good_form,104.78809377217243,138.83172154940206,107.4953387655552,138.41454787933267
good_form,94.59924158632032,131.3928330512102,97.96147366333484,130.0884890286159
good_form,87.84264721270597,121.5178354646078,87.8365339360722,120.26195423469709
good_form,78.19556254075559,105.06368733028319,77.4131077395691,106.68070601465962
good_form,73.15192452249147,98.34113158362271,70.77580461702516,100.97954661197096
good_form,69.50215244459747,90.80927633198246,63.52785943915663,92.30578545730198
good_form,66.71249657336023,82.65968928435944,60.11354278351787,84.03460135623943
good_form,61.10679267898439,74.71446614042469,56.82269205236064,77.55522841515828
good_form,54.921591108885025,67.67344774701678,52.57741991735797,70.03725119643276
good_form,49.06186563089335,64.58650179565518,48.613513391202325,67.56874814121839
good_form,45.77846348330331,57.82411937858967,46.49642992094988,63.61885340230422
good_form,41.97402916770477,53.396347353031274,42.28789645850617,59.534909278413885
good_form,38.730630466262085,49.403723499255534,39.87332011357399,53.37322086849693
good_form,35.436115030326675,48.256364268293396,35.990400816727195,52.930440802787444
good_form,30.135487292826188,46.20667203225031,35.56515479029352,49.49319515315607
good_form,22.920695651685378,42.685573287378816,37.98052884152414,47.4429112293046
good_form,21.06613609707648,41.04132703743937,36.64909005567272,45.82926461922081
good_form,21.256910709715022,38.26178194189749,34.13111761046884,44.562870114068566
good_form,22.838283090790647,36.574492372826214,33.4287027120981,44.88566080880622
good_form,23.295595245515642,35.617710920081215,38.165011478081965,45.48652867849171
good_form,26.03835723300989,35.7580800766529,41.36923439918727,45.73970567649001
good_form,25.882497585016438,35.89972900025742,41.78142163215186,45.85963469510724
good_form,27.219295502929253,36.964256108850805,36.92210001443307,46.7583682640598
good_form,28.090694852959274,38.20546480291699,36.08694987933241,48.022761737421995
good_form,34.56193625464795,43.88438735698861,40.22725721348686,52.36928466695696
good_form,35.941581944312986,48.15209404665325,41.97464951378201,56.75894176800164
good_form,39.31514600285516,52.154955489370536,46.312523876197,60.24683042474377
good_form,43.51816767688632,56.60958519134982,50.80949417276155,64.04167505939823
good_form,48.85104401554014,60.518137119851474,54.12364163419545,68.67892393079114
good_form,50.32420139001641,65.63026161557434,57.43097564248788,73.70283960916517
good_form,53.786232207479145,70.40941370738312,61.64665220822293,77.07439593547181
good_form,59.78242868553218,75.07455417371199,66.38158161878887,80.27440114628429
good_form,66.47172355310471,80.75354987684835,72.73769578808204,85.91161376410372
good_form,71.17846363502144,88.69200232775688,77.76635903203567,92.79542030650789
good_form,78.12753628857263,96.44229241972391,81.49957892301641,97.6021407355885
good_form,83.67812755797979,105.16284287140508,85.44581305308309,103.85236179706452
good_form,91.62403760333666,112.91740214407304,92.04116984631447,109.0563701920748
good_form,100.41995849098362,126.87407643478795,101.16694348886575,119.91843628338226
good_form,109.6323014758128,136.980164580406,110.15589587149204,128.80999032678255
good_form,120.52133875180402,145.42076562208936,118.6575496195064,135.949016746944
good_form,128.02568720304043,153.22673213485595,123.99320687306574,143.1711974859091
good_form,140.08998984438261,160.1092721854399,132.6980429435781,150.0412918465914
good_form,143.72486625031686,166.73547382369222,136.92305940777845,156.7752807261779
good_form,149.8245966930618,172.39933328355292,143.9519713849524,163.12484793521008
good_form,147.43238240794355,173.94341382244681,145.5658148362068,166.19414737603034
good_form,149.76828038381848,176.20344006817518,150.55091728142668,170.90940895054263
good_form,153.52664422113193,177.92095788639094,154.1076680026872,174.09785922845498
good_form,152.44242661494556,177.45549979329428,155.21913068479034,175.441580485143
good_form,151.8662875725536,178.4724171340399,156.8733902431837,177.92261823699843
good_form,151.96938186202624,179.095245479507,158.09007048223535,179.81366909962725
good_form,152.54382046864717,178.47974394130105,159.15491941134962,179.26387319981288
good_form,152.4962991918572,178.65082633569992,160.04911123812934,177.69056619740806
good_form,152.6021457712377,178.5702702748893,160.81986175004474,176.90549753540216
good_form,155.3487548256665,178.04097389399337,163.026548440208,176.83274089673918
good_form,155.5987601987189,177.69906813191176,163.0789576671644,176.77559218851965
good_form,155.29280072899527,176.66373411881037,162.47404487015447,176.93755260260986
good_form,155.449554799045,176.2257721677821,162.26282721694008,177.38111244232593
good_form,155.55179192759707,175.90906732714785,161.9494438783206,177.92946551653077
good_form,155.5767181707131,176.3089563594657,161.68846711376543,178.4541913544577
good_form,155.15859138935403,174.65154523977682,160.00016651401688,178.9149375255447
good_form,154.44004595980994,172.43538214076116,156.91432208212785,175.67470633096698
good_form,152.20364919228288,168.53213197138945,153.31712360798625,171.44463435575048
good_form,148.4972006792781,166.2085228643119,148.41550131230446,167.87698815893577
good_form,141.4462925400725,162.41559280981224,140.93259700223072,162.90147530133572
good_form,133.35617791153453,157.84817379895748,134.4796381510311,159.2196025516019
good_form,121.90227033339104,151.5215636218285,123.95379179715366,152.41678421397464
good_form,110.33196621925296,145.09485063361979,113.27634409061638,144.65374248053203
good_form,101.71877428085662,141.62819067659558,104.84730296268914,137.22973372923255
good_form,95.45963062540352,129.1678616014053,96.50079106812855,125.27449377753172
good_form,89.96207934756114,121.16527837114964,87.60907799654487,115.72404321613033
good_form,82.2659172950444,107.92292053993913,78.51172817555663,104.91388514054582
good_form,79.48092116671603,101.86095812346917,71.49100740915922,96.53352366543348
good_form,74.01606155313362,95.33644103948103,66.05759561925048,89.8122419756007
good_form,69.32194521698608,86.25042225818879,60.59683955736133,81.7988814237947
good_form,63.403732716881905,80.80715303189822,54.622102602904484,76.03980672219222
good_form,58.29796515011748,76.04858516505254,52.09852730168539,71.90373131946659
good_form,52.92527546376158,72.20620865596504,47.612358645209305,69.6035566977347
good_form,47.86020871805317,65.22536098597527,42.822208047467136,64.73628051080694
good_form,43.366257443598556,60.601506456833704,38.58757031973745,60.079764099613264
good_form,39.73147219724939,55.846901717585695,37.007389027189376,53.66565466911333
good_form,36.74035860841457,53.97439980748317,34.39272303020483,50.60293928842001
good_form,32.79799246387031,51.96932100487635,32.60548848159498,47.89763539128215
good_form,26.085317210328014,49.779964341112475,37.0449478222833,46.193834977890695
good_form,22.164001282532524,45.55407924580901,36.946318617765975,43.00641635713179
good_form,22.784962923038734,42.24264905576893,36.49299416405733,40.879827190438306
good_form,22.133689729384294,40.16765291799782,36.37550555978879,40.15480013093505
good_form,22.145588692061505,35.472998942050204,35.544351040542736,39.95917623638871
good_form,23.1845806516651,35.6025512658384,35.79513413945358,39.91824825886044
good_form,24.306486647398714,36.30501203986434,35.45755365952546,41.510912992408834
good_form,24.02129322182502,36.54652174683388,34.63100932582077,42.601256446193055
good_form,25.559459058343574,36.41488990761117,33.906929094841104,43.326439532271564
good_form,28.35949109005877,37.63447963954286,33.80423284895099,44.36807843503672
good_form,32.75686451570482,41.35517482856676,36.46906361429874,47.171095420423114
good_form,36.37096777084537,45.56072155041181,39.45582669699606,51.06728398743258
good_form,38.17952756389934,48.79228126692908,42.177138262062314,54.43335612820685
good_form,40.12058113380067,51.48947211372973,45.55307827106658,58.91810071941302
good_form,43.71685327652159,56.88274758968254,49.574695622936765,63.14382014185139
good_form,46.618873163466105,60.839380261201825,52.64183118194921,67.17439862988041
good_form,48.966174005621724,65.20851056646774,55.86716118898582,71.72283883573068
good_form,52.49217527331325,69.97377016657242,59.52402557500547,74.7264390561976
good_form,57.677479833895404,73.93302248701906,64.69349417536577,78.50389099464464
good_form,62.82617977419551,78.45492241502626,69.12794392920658,82.7433018247956
good_form,67.70631632749758,85.31498956280439,73.96144288984074,89.35243822594956
good_form,71.73435458674493,89.95191371875228,77.6383393160539,93.55137122923016
good_form,77.72309269866554,98.8224066261725,80.9181683779253,99.0302362894243
good_form,83.24353321972507,104.94481004904279,84.13662677669467,104.5569850598522
good_form,93.50325319724845,115.5634239579008,92.30778948811104,111.73627948596628
good_form,104.56041561090365,127.32923873726878,101.06234262750235,119.55132954387209
good_form,113.99576448687523,139.81921586657145,109.95789610937187,129.36684062540112
good_form,124.20900145409473,147.00140133810743,118.21333504472332,135.3876367570515
good_form,131.11637981588547,152.77268875219391,122.1695298436096,139.48191971179574
good_form,138.32542417722917,160.84121598528031,129.22054498180304,146.51727270724268
good_form,144.67121967232845,165.5193432635967,135.90723566228647,153.49626780978952
good_form,148.1119314567521,166.4364094409519,141.96332123682237,157.30111748634474
good_form,149.27605706486463,170.56160472807497,147.28690482392443,162.39706544064387
good_form,148.31124877780712,173.68186538131502,148.51221193018063,166.3948111853936
good_form,149.04773360890047,174.56172864439273,151.66485379966943,169.67386548514347
good_form,152.83070489832244,175.32414945474247,156.60185652229407,173.40876918450914
good_form,152.5233347644493,175.68812323477005,158.91081991676035,175.77542214268448
good_form,151.99965142970515,175.4445914996609,160.74354898212457,177.27220264545053
good_form,150.67881625440847,176.25353939679349,162.3365754908793,179.9571083259491
good_form,152.1424740699282,177.09716089085592,164.90496808714443,176.0628766482741
good_form,153.06674384597332,177.62361249525668,166.16415519482013,174.26965654600363
good_form,155.70692573933005,178.38700771937346,169.58786799388702,171.98031230062458
